0.0000,0.0000,0.49376,0.48949
0.010000,0.0000,0.49421,0.48904
0.020000,0.0000,0.49414,0.48910
0.030000,0.0000,0.49276,0.49047
0.040000,0.0000,0.49015,0.49311
0.050000,0.0000,0.48665,0.49667
0.060000,0.0000,0.48264,0.50077
0.070000,0.0000,0.47845,0.50504
0.080000,0.0000,0.47434,0.50918
0.090000,0.0000,0.47052,0.51293
0.10000,0.0000,0.46716,0.51608
0.11000,0.0000,0.46440,0.51846
0.12000,0.0000,0.46235,0.51998
0.13000,0.0000,0.46110,0.52057
0.14000,0.0000,0.46069,0.52023
0.15000,0.0000,0.46115,0.51901
0.16000,0.0000,0.46247,0.51698
0.17000,0.0000,0.46457,0.51427
0.18000,0.0000,0.46741,0.51101
0.19000,0.0000,0.47086,0.50733
0.20000,0.0000,0.47482,0.50337
0.21000,0.0000,0.47916,0.49922
0.22000,0.0000,0.48375,0.49501
0.23000,0.0000,0.48846,0.49079
0.24000,0.0000,0.49317,0.48665
0.25000,0.0000,0.49774,0.48263
0.26000,0.0000,0.50205,0.47879
0.27000,0.0000,0.50599,0.47520
0.28000,0.0000,0.50944,0.47192
0.29000,0.0000,0.51230,0.46903
0.30000,0.0000,0.51449,0.46662
0.31000,0.0000,0.51596,0.46478
0.32000,0.0000,0.51666,0.46361
0.33000,0.0000,0.51659,0.46318
0.34000,0.0000,0.51577,0.46355
0.35000,0.0000,0.51422,0.46476
0.36000,0.0000,0.51200,0.46680
0.37000,0.0000,0.50917,0.46964
0.38000,0.0000,0.50578,0.47319
0.39000,0.0000,0.50191,0.47735
0.40000,0.0000,0.49765,0.48197
0.41000,0.0000,0.49309,0.48689
0.42000,0.0000,0.48834,0.49192
0.43000,0.0000,0.48354,0.49689
0.44000,0.0000,0.47884,0.50161
0.45000,0.0000,0.47441,0.50591
0.46000,0.0000,0.47045,0.50965
0.47000,0.0000,0.46713,0.51270
0.48000,0.0000,0.46461,0.51496
0.49000,0.0000,0.46303,0.51635
0.50000,0.0000,0.46247,0.51683
0.51000,0.0000,0.46295,0.51640
0.52000,0.0000,0.46447,0.51505
0.53000,0.0000,0.46692,0.51285
0.54000,0.0000,0.47018,0.50985
0.55000,0.0000,0.47410,0.50616
0.56000,0.0000,0.47848,0.50190
0.57000,0.0000,0.48316,0.49722
0.58000,0.0000,0.48795,0.49229
0.59000,0.0000,0.49270,0.48728
0.60000,0.0000,0.49726,0.48238
0.61000,0.0000,0.50154,0.47776
0.62000,0.0000,0.50543,0.47359
0.63000,0.0000,0.50885,0.47000
0.64000,0.0000,0.51173,0.46711
0.65000,0.0000,0.51400,0.46499
0.66000,0.0000,0.51561,0.46370
0.67000,0.0000,0.51650,0.46323
0.68000,0.0000,0.51665,0.46355
0.69000,0.0000,0.51604,0.46461
0.70000,0.0000,0.51467,0.46633
0.71000,0.0000,0.51258,0.46863
0.72000,0.0000,0.50984,0.47141
0.73000,0.0000,0.50651,0.47459
0.74000,0.0000,0.50269,0.47810
0.75000,0.0000,0.49849,0.48186
0.76000,0.0000,0.49402,0.48582
0.77000,0.0000,0.48940,0.48992
0.78000,0.0000,0.48475,0.49411
0.79000,0.0000,0.48018,0.49833
0.80000,0.0000,0.47583,0.50249
0.81000,0.0000,0.47182,0.50650
0.82000,0.0000,0.46828,0.51025
0.83000,0.0000,0.46532,0.51361
0.84000,0.0000,0.46304,0.51644
0.85000,0.0000,0.46153,0.51861
0.86000,0.0000,0.46085,0.52001
0.87000,0.0000,0.46101,0.52054
0.88000,0.0000,0.46202,0.52016
0.89000,0.0000,0.46383,0.51887
0.90000,0.0000,0.46638,0.51670
0.91000,0.0000,0.46955,0.51376
0.92000,0.0000,0.47322,0.51020
0.93000,0.0000,0.47723,0.50620
0.94000,0.0000,0.48137,0.50201
0.95000,0.0000,0.48540,0.49792
0.96000,0.0000,0.48899,0.49428
0.97000,0.0000,0.49179,0.49146
0.98000,0.0000,0.49345,0.48981
0.99000,0.0000,0.49387,0.48939
1.0000,0.0000,0.49376,0.48949
0.0000,0.010000,0.49421,0.48904
0.010000,0.010000,0.49728,0.48598
0.020000,0.010000,0.49962,0.48363
0.030000,0.010000,0.49931,0.48390
0.040000,0.010000,0.49642,0.48674
0.050000,0.010000,0.49156,0.49159
0.060000,0.010000,0.48543,0.49780
0.070000,0.010000,0.47860,0.50476
0.080000,0.010000,0.47156,0.51195
0.090000,0.010000,0.46468,0.51890
0.10000,0.010000,0.45827,0.52522
0.11000,0.010000,0.45261,0.53060
0.12000,0.010000,0.44792,0.53477
0.13000,0.010000,0.44440,0.53754
0.14000,0.010000,0.44219,0.53881
0.15000,0.010000,0.44138,0.53856
0.16000,0.010000,0.44202,0.53684
0.17000,0.010000,0.44407,0.53378
0.18000,0.010000,0.44747,0.52955
0.19000,0.010000,0.45208,0.52435
0.20000,0.010000,0.45776,0.51840
0.21000,0.010000,0.46430,0.51190
0.22000,0.010000,0.47150,0.50503
0.23000,0.010000,0.47916,0.49796
0.24000,0.010000,0.48705,0.49082
0.25000,0.010000,0.49494,0.48376
0.26000,0.010000,0.50261,0.47690
0.27000,0.010000,0.50982,0.47039
0.28000,0.010000,0.51635,0.46437
0.29000,0.010000,0.52198,0.45902
0.30000,0.010000,0.52650,0.45450
0.31000,0.010000,0.52975,0.45098
0.32000,0.010000,0.53164,0.44862
0.33000,0.010000,0.53210,0.44754
0.34000,0.010000,0.53116,0.44783
0.35000,0.010000,0.52888,0.44950
0.36000,0.010000,0.52540,0.45252
0.37000,0.010000,0.52089,0.45679
0.38000,0.010000,0.51552,0.46215
0.39000,0.010000,0.50951,0.46838
0.40000,0.010000,0.50306,0.47524
0.41000,0.010000,0.49637,0.48245
0.42000,0.010000,0.48964,0.48972
0.43000,0.010000,0.48310,0.49674
0.44000,0.010000,0.47695,0.50325
0.45000,0.010000,0.47139,0.50899
0.46000,0.010000,0.46664,0.51376
0.47000,0.010000,0.46288,0.51738
0.48000,0.010000,0.46026,0.51977
0.49000,0.010000,0.45888,0.52087
0.50000,0.010000,0.45880,0.52072
0.51000,0.010000,0.45998,0.51939
0.52000,0.010000,0.46234,0.51701
0.53000,0.010000,0.46572,0.51374
0.54000,0.010000,0.46991,0.50976
0.55000,0.010000,0.47466,0.50528
0.56000,0.010000,0.47972,0.50050
0.57000,0.010000,0.48483,0.49562
0.58000,0.010000,0.48974,0.49085
0.59000,0.010000,0.49426,0.48636
0.60000,0.010000,0.49823,0.48230
0.61000,0.010000,0.50156,0.47882
0.62000,0.010000,0.50418,0.47600
0.63000,0.010000,0.50608,0.47392
0.64000,0.010000,0.50729,0.47259
0.65000,0.010000,0.50786,0.47201
0.66000,0.010000,0.50784,0.47211
0.67000,0.010000,0.50732,0.47283
0.68000,0.010000,0.50637,0.47405
0.69000,0.010000,0.50508,0.47565
0.70000,0.010000,0.50351,0.47751
0.71000,0.010000,0.50173,0.47954
0.72000,0.010000,0.49979,0.48163
0.73000,0.010000,0.49775,0.48372
0.74000,0.010000,0.49563,0.48576
0.75000,0.010000,0.49348,0.48775
0.76000,0.010000,0.49131,0.48967
0.77000,0.010000,0.48916,0.49153
0.78000,0.010000,0.48705,0.49336
0.79000,0.010000,0.48500,0.49515
0.80000,0.010000,0.48305,0.49692
0.81000,0.010000,0.48125,0.49864
0.82000,0.010000,0.47964,0.50029
0.83000,0.010000,0.47826,0.50181
0.84000,0.010000,0.47718,0.50315
0.85000,0.010000,0.47643,0.50424
0.86000,0.010000,0.47606,0.50501
0.87000,0.010000,0.47610,0.50540
0.88000,0.010000,0.47654,0.50538
0.89000,0.010000,0.47740,0.50491
0.90000,0.010000,0.47863,0.50401
0.91000,0.010000,0.48021,0.50269
0.92000,0.010000,0.48205,0.50103
0.93000,0.010000,0.48409,0.49910
0.94000,0.010000,0.48622,0.49703
0.95000,0.010000,0.48829,0.49498
0.96000,0.010000,0.49017,0.49311
0.97000,0.010000,0.49167,0.49161
0.98000,0.010000,0.49267,0.49060
0.99000,0.010000,0.49328,0.48998
1.0000,0.010000,0.49421,0.48904
0.0000,0.020000,0.49414,0.48910
0.010000,0.020000,0.49962,0.48363
0.020000,0.020000,0.50641,0.47687
0.030000,0.020000,0.51017,0.47305
0.040000,0.020000,0.51004,0.47300
0.050000,0.020000,0.50647,0.47636
0.060000,0.020000,0.50030,0.48239
0.070000,0.020000,0.49231,0.49033
0.080000,0.020000,0.48321,0.49947
0.090000,0.020000,0.47357,0.50917
0.10000,0.020000,0.46388,0.51886
0.11000,0.020000,0.45455,0.52801
0.12000,0.020000,0.44598,0.53618
0.13000,0.020000,0.43851,0.54296
0.14000,0.020000,0.43246,0.54806
0.15000,0.020000,0.42808,0.55128
0.16000,0.020000,0.42554,0.55252
0.17000,0.020000,0.42493,0.55180
0.18000,0.020000,0.42628,0.54923
0.19000,0.020000,0.42950,0.54502
0.20000,0.020000,0.43447,0.53938
0.21000,0.020000,0.44099,0.53257
0.22000,0.020000,0.44884,0.52483
0.23000,0.020000,0.45777,0.51638
0.24000,0.020000,0.46751,0.50740
0.25000,0.020000,0.47778,0.49810
0.26000,0.020000,0.48829,0.48864
0.27000,0.020000,0.49874,0.47922
0.28000,0.020000,0.50881,0.47003
0.29000,0.020000,0.51817,0.46133
0.30000,0.020000,0.52649,0.45337
0.31000,0.020000,0.53346,0.44645
0.32000,0.020000,0.53882,0.44082
0.33000,0.020000,0.54238,0.43676
0.34000,0.020000,0.54403,0.43444
0.35000,0.020000,0.54375,0.43400
0.36000,0.020000,0.54161,0.43548
0.37000,0.020000,0.53776,0.43882
0.38000,0.020000,0.53242,0.44390
0.39000,0.020000,0.52585,0.45049
0.40000,0.020000,0.51831,0.45831
0.41000,0.020000,0.51009,0.46703
0.42000,0.020000,0.50148,0.47629
0.43000,0.020000,0.49277,0.48568
0.44000,0.020000,0.48426,0.49484
0.45000,0.020000,0.47624,0.50338
0.46000,0.020000,0.46901,0.51096
0.47000,0.020000,0.46284,0.51730
0.48000,0.020000,0.45798,0.52215
0.49000,0.020000,0.45462,0.52538
0.50000,0.020000,0.45287,0.52692
0.51000,0.020000,0.45278,0.52681
0.52000,0.020000,0.45430,0.52515
0.53000,0.020000,0.45729,0.52213
0.54000,0.020000,0.46152,0.51798
0.55000,0.020000,0.46672,0.51298
0.56000,0.020000,0.47256,0.50741
0.57000,0.020000,0.47871,0.50156
0.58000,0.020000,0.48481,0.49573
0.59000,0.020000,0.49059,0.49017
0.60000,0.020000,0.49577,0.48512
0.61000,0.020000,0.50016,0.48077
0.62000,0.020000,0.50363,0.47726
0.63000,0.020000,0.50613,0.47469
0.64000,0.020000,0.50765,0.47308
0.65000,0.020000,0.50826,0.47243
0.66000,0.020000,0.50805,0.47266
0.67000,0.020000,0.50715,0.47365
0.68000,0.020000,0.50571,0.47525
0.69000,0.020000,0.50387,0.47728
0.70000,0.020000,0.50180,0.47959
0.71000,0.020000,0.49960,0.48199
0.72000,0.020000,0.49739,0.48437
0.73000,0.020000,0.49526,0.48660
0.74000,0.020000,0.49326,0.48863
0.75000,0.020000,0.49142,0.49041
0.76000,0.020000,0.48977,0.49194
0.77000,0.020000,0.48830,0.49326
0.78000,0.020000,0.48701,0.49438
0.79000,0.020000,0.48587,0.49535
0.80000,0.020000,0.48488,0.49622
0.81000,0.020000,0.48403,0.49700
0.82000,0.020000,0.48331,0.49772
0.83000,0.020000,0.48273,0.49836
0.84000,0.020000,0.48231,0.49892
0.85000,0.020000,0.48206,0.49937
0.86000,0.020000,0.48202,0.49966
0.87000,0.020000,0.48218,0.49976
0.88000,0.020000,0.48258,0.49964
0.89000,0.020000,0.48322,0.49927
0.90000,0.020000,0.48408,0.49864
0.91000,0.020000,0.48515,0.49776
0.92000,0.020000,0.48639,0.49667
0.93000,0.020000,0.48774,0.49541
0.94000,0.020000,0.48914,0.49409
0.95000,0.020000,0.49048,0.49278
0.96000,0.020000,0.49165,0.49162
0.97000,0.020000,0.49255,0.49072
0.98000,0.020000,0.49310,0.49017
0.99000,0.020000,0.49338,0.48988
1.0000,0.020000,0.49414,0.48910
0.0000,0.030000,0.49276,0.49047
0.010000,0.030000,0.49931,0.48390
0.020000,0.030000,0.51017,0.47305
0.030000,0.030000,0.51894,0.46420
0.040000,0.030000,0.52336,0.45950
0.050000,0.030000,0.52320,0.45924
0.060000,0.030000,0.51904,0.46296
0.070000,0.030000,0.51174,0.46993
0.080000,0.030000,0.50212,0.47938
0.090000,0.030000,0.49091,0.49056
0.10000,0.030000,0.47875,0.50273
0.11000,0.030000,0.46620,0.51522
0.12000,0.030000,0.45380,0.52738
0.13000,0.030000,0.44206,0.53861
0.14000,0.030000,0.43147,0.54836
0.15000,0.030000,0.42246,0.55620
0.16000,0.030000,0.41542,0.56181
0.17000,0.030000,0.41061,0.56503
0.18000,0.030000,0.40822,0.56581
0.19000,0.030000,0.40828,0.56425
0.20000,0.030000,0.41077,0.56056
0.21000,0.030000,0.41554,0.55498
0.22000,0.030000,0.42240,0.54779
0.23000,0.030000,0.43109,0.53926
0.24000,0.030000,0.44134,0.52962
0.25000,0.030000,0.45284,0.51911
0.26000,0.030000,0.46526,0.50793
0.27000,0.030000,0.47826,0.49628
0.28000,0.030000,0.49146,0.48439
0.29000,0.030000,0.50444,0.47255
0.30000,0.030000,0.51679,0.46107
0.31000,0.030000,0.52805,0.45033
0.32000,0.030000,0.53781,0.44071
0.33000,0.030000,0.54567,0.43261
0.34000,0.030000,0.55136,0.42639
0.35000,0.030000,0.55469,0.42232
0.36000,0.030000,0.55558,0.42061
0.37000,0.030000,0.55409,0.42133
0.38000,0.030000,0.55040,0.42445
0.39000,0.030000,0.54473,0.42980
0.40000,0.030000,0.53739,0.43716
0.41000,0.030000,0.52870,0.44619
0.42000,0.030000,0.51900,0.45650
0.43000,0.030000,0.50865,0.46764
0.44000,0.030000,0.49802,0.47915
0.45000,0.030000,0.48749,0.49055
0.46000,0.030000,0.47743,0.50136
0.47000,0.030000,0.46823,0.51112
0.48000,0.030000,0.46026,0.51944
0.49000,0.030000,0.45384,0.52601
0.50000,0.030000,0.44922,0.53060
0.51000,0.030000,0.44657,0.53311
0.52000,0.030000,0.44597,0.53354
0.53000,0.030000,0.44735,0.53202
0.54000,0.030000,0.45056,0.52875
0.55000,0.030000,0.45534,0.52403
0.56000,0.030000,0.46136,0.51819
0.57000,0.030000,0.46822,0.51161
0.58000,0.030000,0.47550,0.50466
0.59000,0.030000,0.48279,0.49770
0.60000,0.030000,0.48972,0.49107
0.61000,0.030000,0.49595,0.48507
0.62000,0.030000,0.50122,0.47995
0.63000,0.030000,0.50536,0.47589
0.64000,0.030000,0.50827,0.47299
0.65000,0.030000,0.50996,0.47130
0.66000,0.030000,0.51049,0.47078
0.67000,0.030000,0.50999,0.47132
0.68000,0.030000,0.50862,0.47277
0.69000,0.030000,0.50659,0.47493
0.70000,0.030000,0.50410,0.47758
0.71000,0.030000,0.50135,0.48050
0.72000,0.030000,0.49853,0.48348
0.73000,0.030000,0.49577,0.48636
0.74000,0.030000,0.49321,0.48900
0.75000,0.030000,0.49092,0.49130
0.76000,0.030000,0.48895,0.49324
0.77000,0.030000,0.48733,0.49479
0.78000,0.030000,0.48604,0.49598
0.79000,0.030000,0.48506,0.49686
0.80000,0.030000,0.48436,0.49747
0.81000,0.030000,0.48390,0.49787
0.82000,0.030000,0.48365,0.49811
0.83000,0.030000,0.48358,0.49822
0.84000,0.030000,0.48366,0.49822
0.85000,0.030000,0.48389,0.49813
0.86000,0.030000,0.48425,0.49792
0.87000,0.030000,0.48475,0.49760
0.88000,0.030000,0.48539,0.49714
0.89000,0.030000,0.48616,0.49654
0.90000,0.030000,0.48706,0.49580
0.91000,0.030000,0.48807,0.49492
0.92000,0.030000,0.48915,0.49394
0.93000,0.030000,0.49026,0.49291
0.94000,0.030000,0.49134,0.49189
0.95000,0.030000,0.49229,0.49097
0.96000,0.030000,0.49302,0.49025
0.97000,0.030000,0.49343,0.48985
0.98000,0.030000,0.49342,0.48986
0.99000,0.030000,0.49299,0.49027
1.0000,0.030000,0.49276,0.49047
0.0000,0.040000,0.49015,0.49311
0.010000,0.040000,0.49642,0.48674
0.020000,0.040000,0.51004,0.47300
0.030000,0.040000,0.52336,0.45950
0.040000,0.040000,0.53290,0.44958
0.050000,0.040000,0.53743,0.44443
0.060000,0.040000,0.53699,0.44414
0.070000,0.040000,0.53219,0.44828
0.080000,0.040000,0.52382,0.45619
0.090000,0.040000,0.51267,0.46713
0.10000,0.040000,0.49946,0.48031
0.11000,0.040000,0.48485,0.49496
0.12000,0.040000,0.46950,0.51029
0.13000,0.040000,0.45402,0.52552
0.14000,0.040000,0.43906,0.53988
0.15000,0.040000,0.42525,0.55269
0.16000,0.040000,0.41316,0.56336
0.17000,0.040000,0.40330,0.57145
0.18000,0.040000,0.39606,0.57672
0.19000,0.040000,0.39167,0.57908
0.20000,0.040000,0.39025,0.57863
0.21000,0.040000,0.39179,0.57557
0.22000,0.040000,0.39615,0.57019
0.23000,0.040000,0.40314,0.56278
0.24000,0.040000,0.41248,0.55365
0.25000,0.040000,0.42387,0.54305
0.26000,0.040000,0.43698,0.53122
0.27000,0.040000,0.45143,0.51837
0.28000,0.040000,0.46683,0.50472
0.29000,0.040000,0.48272,0.49054
0.30000,0.040000,0.49862,0.47616
0.31000,0.040000,0.51399,0.46197
0.32000,0.040000,0.52825,0.44845
0.33000,0.040000,0.54087,0.43609
0.34000,0.040000,0.55134,0.42542
0.35000,0.040000,0.55927,0.41690
0.36000,0.040000,0.56439,0.41091
0.37000,0.040000,0.56660,0.40772
0.38000,0.040000,0.56594,0.40744
0.39000,0.040000,0.56258,0.41007
0.40000,0.040000,0.55678,0.41546
0.41000,0.040000,0.54888,0.42335
0.42000,0.040000,0.53925,0.43338
0.43000,0.040000,0.52827,0.44511
0.44000,0.040000,0.51636,0.45803
0.45000,0.040000,0.50394,0.47159
0.46000,0.040000,0.49146,0.48523
0.47000,0.040000,0.47938,0.49834
0.48000,0.040000,0.46818,0.51036
0.49000,0.040000,0.45832,0.52080
0.50000,0.040000,0.45020,0.52922
0.51000,0.040000,0.44417,0.53533
0.52000,0.040000,0.44045,0.53896
0.53000,0.040000,0.43914,0.54009
0.54000,0.040000,0.44021,0.53885
0.55000,0.040000,0.44349,0.53548
0.56000,0.040000,0.44870,0.53031
0.57000,0.040000,0.45544,0.52374
0.58000,0.040000,0.46327,0.51621
0.59000,0.040000,0.47169,0.50818
0.60000,0.040000,0.48020,0.50008
0.61000,0.040000,0.48835,0.49233
0.62000,0.040000,0.49571,0.48530
0.63000,0.040000,0.50198,0.47929
0.64000,0.040000,0.50691,0.47452
0.65000,0.040000,0.51038,0.47115
0.66000,0.040000,0.51237,0.46921
0.67000,0.040000,0.51295,0.46867
0.68000,0.040000,0.51227,0.46941
0.69000,0.040000,0.51053,0.47123
0.70000,0.040000,0.50798,0.47389
0.71000,0.040000,0.50487,0.47714
0.72000,0.040000,0.50146,0.48070
0.73000,0.040000,0.49798,0.48432
0.74000,0.040000,0.49462,0.48778
0.75000,0.040000,0.49154,0.49092
0.76000,0.040000,0.48887,0.49362
0.77000,0.040000,0.48666,0.49581
0.78000,0.040000,0.48494,0.49747
0.79000,0.040000,0.48373,0.49862
0.80000,0.040000,0.48298,0.49932
0.81000,0.040000,0.48264,0.49962
0.82000,0.040000,0.48266,0.49959
0.83000,0.040000,0.48297,0.49930
0.84000,0.040000,0.48351,0.49881
0.85000,0.040000,0.48424,0.49817
0.86000,0.040000,0.48510,0.49742
0.87000,0.040000,0.48606,0.49657
0.88000,0.040000,0.48710,0.49566
0.89000,0.040000,0.48819,0.49469
0.90000,0.040000,0.48930,0.49368
0.91000,0.040000,0.49040,0.49266
0.92000,0.040000,0.49146,0.49167
0.93000,0.040000,0.49243,0.49075
0.94000,0.040000,0.49325,0.48997
0.95000,0.040000,0.49385,0.48940
0.96000,0.040000,0.49413,0.48914
0.97000,0.040000,0.49399,0.48929
0.98000,0.040000,0.49329,0.49000
0.99000,0.040000,0.49194,0.49134
1.0000,0.040000,0.49015,0.49311
0.0000,0.050000,0.48665,0.49667
0.010000,0.050000,0.49156,0.49159
0.020000,0.050000,0.50647,0.47636
0.030000,0.050000,0.52320,0.45924
0.040000,0.050000,0.53743,0.44443
0.050000,0.050000,0.54705,0.43394
0.060000,0.050000,0.55137,0.42858
0.070000,0.050000,0.55052,0.42841
0.080000,0.050000,0.54506,0.43305
0.090000,0.050000,0.53568,0.44193
0.10000,0.050000,0.52311,0.45435
0.11000,0.050000,0.50803,0.46954
0.12000,0.050000,0.49112,0.48665
0.13000,0.050000,0.47307,0.50479
0.14000,0.050000,0.45460,0.52306
0.15000,0.050000,0.43648,0.54054
0.16000,0.050000,0.41947,0.55636
0.17000,0.050000,0.40431,0.56979
0.18000,0.050000,0.39163,0.58030
0.19000,0.050000,0.38192,0.58755
0.20000,0.050000,0.37550,0.59143
0.21000,0.050000,0.37253,0.59204
0.22000,0.050000,0.37302,0.58962
0.23000,0.050000,0.37685,0.58448
0.24000,0.050000,0.38382,0.57696
0.25000,0.050000,0.39365,0.56738
0.26000,0.050000,0.40602,0.55601
0.27000,0.050000,0.42058,0.54309
0.28000,0.050000,0.43691,0.52881
0.29000,0.050000,0.45459,0.51341
0.30000,0.050000,0.47308,0.49716
0.31000,0.050000,0.49182,0.48042
0.32000,0.050000,0.51016,0.46365
0.33000,0.050000,0.52740,0.44744
0.34000,0.050000,0.54286,0.43238
0.35000,0.050000,0.55594,0.41913
0.36000,0.050000,0.56612,0.40826
0.37000,0.050000,0.57307,0.40026
0.38000,0.050000,0.57666,0.39545
0.39000,0.050000,0.57690,0.39402
0.40000,0.050000,0.57399,0.39599
0.41000,0.050000,0.56822,0.40122
0.42000,0.050000,0.55995,0.40944
0.43000,0.050000,0.54958,0.42028
0.44000,0.050000,0.53753,0.43326
0.45000,0.050000,0.52425,0.44782
0.46000,0.050000,0.51021,0.46333
0.47000,0.050000,0.49592,0.47912
0.48000,0.050000,0.48192,0.49450
0.49000,0.050000,0.46876,0.50878
0.50000,0.050000,0.45702,0.52134
0.51000,0.050000,0.44719,0.53165
0.52000,0.050000,0.43968,0.53933
0.53000,0.050000,0.43481,0.54415
0.54000,0.050000,0.43270,0.54607
0.55000,0.050000,0.43336,0.54520
0.56000,0.050000,0.43660,0.54183
0.57000,0.050000,0.44213,0.53632
0.58000,0.050000,0.44950,0.52912
0.59000,0.050000,0.45821,0.52075
0.60000,0.050000,0.46768,0.51173
0.61000,0.050000,0.47735,0.50257
0.62000,0.050000,0.48667,0.49376
0.63000,0.050000,0.49514,0.48573
0.64000,0.050000,0.50236,0.47885
0.65000,0.050000,0.50807,0.47341
0.66000,0.050000,0.51208,0.46956
0.67000,0.050000,0.51437,0.46738
0.68000,0.050000,0.51500,0.46682
0.69000,0.050000,0.51414,0.46775
0.70000,0.050000,0.51204,0.46994
0.71000,0.050000,0.50897,0.47312
0.72000,0.050000,0.50526,0.47696
0.73000,0.050000,0.50121,0.48115
0.74000,0.050000,0.49710,0.48539
0.75000,0.050000,0.49318,0.48941
0.76000,0.050000,0.48966,0.49299
0.77000,0.050000,0.48667,0.49600
0.78000,0.050000,0.48431,0.49835
0.79000,0.050000,0.48262,0.50001
0.80000,0.050000,0.48159,0.50100
0.81000,0.050000,0.48119,0.50137
0.82000,0.050000,0.48134,0.50122
0.83000,0.050000,0.48194,0.50062
0.84000,0.050000,0.48291,0.49969
0.85000,0.050000,0.48414,0.49852
0.86000,0.050000,0.48555,0.49719
0.87000,0.050000,0.48704,0.49578
0.88000,0.050000,0.48855,0.49435
0.89000,0.050000,0.49002,0.49297
0.90000,0.050000,0.49139,0.49166
0.91000,0.050000,0.49262,0.49049
0.92000,0.050000,0.49366,0.48950
0.93000,0.050000,0.49446,0.48874
0.94000,0.050000,0.49498,0.48825
0.95000,0.050000,0.49515,0.48810
0.96000,0.050000,0.49490,0.48836
0.97000,0.050000,0.49414,0.48914
0.98000,0.050000,0.49270,0.49058
0.99000,0.050000,0.49034,0.49295
1.0000,0.050000,0.48665,0.49667
0.0000,0.060000,0.48264,0.50077
0.010000,0.060000,0.48543,0.49780
0.020000,0.060000,0.50030,0.48239
0.030000,0.060000,0.51904,0.46296
0.040000,0.060000,0.53699,0.44414
0.050000,0.060000,0.55137,0.42858
0.060000,0.060000,0.56079,0.41776
0.070000,0.060000,0.56477,0.41231
0.080000,0.060000,0.56347,0.41232
0.090000,0.060000,0.55737,0.41751
0.10000,0.060000,0.54708,0.42738
0.11000,0.060000,0.53323,0.44127
0.12000,0.060000,0.51644,0.45842
0.13000,0.060000,0.49739,0.47793
0.14000,0.060000,0.47680,0.49884
0.15000,0.060000,0.45547,0.52007
0.16000,0.060000,0.43429,0.54057
0.17000,0.060000,0.41418,0.55931
0.18000,0.060000,0.39602,0.57541
0.19000,0.060000,0.38056,0.58822
0.20000,0.060000,0.36840,0.59734
0.21000,0.060000,0.35993,0.60266
0.22000,0.060000,0.35536,0.60429
0.23000,0.060000,0.35471,0.60252
0.24000,0.060000,0.35788,0.59769
0.25000,0.060000,0.36467,0.59019
0.26000,0.060000,0.37479,0.58036
0.27000,0.060000,0.38793,0.56845
0.28000,0.060000,0.40373,0.55470
0.29000,0.060000,0.42176,0.53927
0.30000,0.060000,0.44155,0.52237
0.31000,0.060000,0.46252,0.50427
0.32000,0.060000,0.48401,0.48535
0.33000,0.060000,0.50526,0.46616
0.34000,0.060000,0.52545,0.44733
0.35000,0.060000,0.54376,0.42961
0.36000,0.060000,0.55945,0.41377
0.37000,0.060000,0.57191,0.40049
0.38000,0.060000,0.58075,0.39037
0.39000,0.060000,0.58577,0.38383
0.40000,0.060000,0.58702,0.38109
0.41000,0.060000,0.58469,0.38221
0.42000,0.060000,0.57911,0.38707
0.43000,0.060000,0.57066,0.39542
0.44000,0.060000,0.55975,0.40687
0.45000,0.060000,0.54684,0.42091
0.46000,0.060000,0.53239,0.43695
0.47000,0.060000,0.51689,0.45429
0.48000,0.060000,0.50092,0.47216
0.49000,0.060000,0.48509,0.48977
0.50000,0.060000,0.47004,0.50630
0.51000,0.060000,0.45643,0.52101
0.52000,0.060000,0.44486,0.53325
0.53000,0.060000,0.43584,0.54255
0.54000,0.060000,0.42974,0.54863
0.55000,0.060000,0.42675,0.55141
0.56000,0.060000,0.42689,0.55102
0.57000,0.060000,0.42998,0.54775
0.58000,0.060000,0.43570,0.54201
0.59000,0.060000,0.44358,0.53432
0.60000,0.060000,0.45304,0.52523
0.61000,0.060000,0.46345,0.51534
0.62000,0.060000,0.47417,0.50523
0.63000,0.060000,0.48455,0.49546
0.64000,0.060000,0.49402,0.48654
0.65000,0.060000,0.50214,0.47888
0.66000,0.060000,0.50854,0.47282
0.67000,0.060000,0.51305,0.46857
0.68000,0.060000,0.51559,0.46619
0.69000,0.060000,0.51624,0.46565
0.70000,0.060000,0.51521,0.46679
0.71000,0.060000,0.51276,0.46935
0.72000,0.060000,0.50923,0.47300
0.73000,0.060000,0.50498,0.47738
0.74000,0.060000,0.50039,0.48212
0.75000,0.060000,0.49578,0.48684
0.76000,0.060000,0.49146,0.49126
0.77000,0.060000,0.48766,0.49511
0.78000,0.060000,0.48456,0.49824
0.79000,0.060000,0.48226,0.50053
0.80000,0.060000,0.48081,0.50196
0.81000,0.060000,0.48019,0.50257
0.82000,0.060000,0.48033,0.50242
0.83000,0.060000,0.48112,0.50164
0.84000,0.060000,0.48243,0.50035
0.85000,0.060000,0.48412,0.49871
0.86000,0.060000,0.48604,0.49685
0.87000,0.060000,0.48805,0.49490
0.88000,0.060000,0.49003,0.49298
0.89000,0.060000,0.49186,0.49119
0.90000,0.060000,0.49348,0.48963
0.91000,0.060000,0.49479,0.48835
0.92000,0.060000,0.49575,0.48742
0.93000,0.060000,0.49631,0.48689
0.94000,0.060000,0.49645,0.48677
0.95000,0.060000,0.49612,0.48711
0.96000,0.060000,0.49530,0.48795
0.97000,0.060000,0.49391,0.48935
0.98000,0.060000,0.49177,0.49150
0.99000,0.060000,0.48840,0.49490
1.0000,0.060000,0.48264,0.50077
0.0000,0.070000,0.47845,0.50504
0.010000,0.070000,0.47860,0.50476
0.020000,0.070000,0.49231,0.49033
0.030000,0.070000,0.51174,0.46993
0.040000,0.070000,0.53219,0.44828
0.050000,0.070000,0.55052,0.42841
0.060000,0.070000,0.56477,0.41231
0.070000,0.070000,0.57387,0.40122
0.080000,0.070000,0.57749,0.39572
0.090000,0.070000,0.57578,0.39594
0.10000,0.070000,0.56913,0.40168
0.11000,0.070000,0.55805,0.41251
0.12000,0.070000,0.54308,0.42783
0.13000,0.070000,0.52477,0.44686
0.14000,0.070000,0.50376,0.46870
0.15000,0.070000,0.48079,0.49227
0.16000,0.070000,0.45676,0.51639
0.17000,0.070000,0.43265,0.53983
0.18000,0.070000,0.40954,0.56139
0.19000,0.070000,0.38844,0.58007
0.20000,0.070000,0.37024,0.59509
0.21000,0.070000,0.35563,0.60603
0.22000,0.070000,0.34507,0.61276
0.23000,0.070000,0.33881,0.61542
0.24000,0.070000,0.33689,0.61435
0.25000,0.070000,0.33922,0.60996
0.26000,0.070000,0.34561,0.60265
0.27000,0.070000,0.35580,0.59278
0.28000,0.070000,0.36947,0.58059
0.29000,0.070000,0.38629,0.56626
0.30000,0.070000,0.40582,0.54994
0.31000,0.070000,0.42756,0.53178
0.32000,0.070000,0.45089,0.51203
0.33000,0.070000,0.47507,0.49110
0.34000,0.070000,0.49922,0.46956
0.35000,0.070000,0.52238,0.44816
0.36000,0.070000,0.54359,0.42777
0.37000,0.070000,0.56196,0.40927
0.38000,0.070000,0.57678,0.39349
0.39000,0.070000,0.58757,0.38112
0.40000,0.070000,0.59414,0.37268
0.41000,0.070000,0.59652,0.36845
0.42000,0.070000,0.59492,0.36852
0.43000,0.070000,0.58968,0.37282
0.44000,0.070000,0.58123,0.38109
0.45000,0.070000,0.56997,0.39296
0.46000,0.070000,0.55637,0.40790
0.47000,0.070000,0.54090,0.42529
0.48000,0.070000,0.52409,0.44438
0.49000,0.070000,0.50654,0.46429
0.50000,0.070000,0.48893,0.48413
0.51000,0.070000,0.47201,0.50294
0.52000,0.070000,0.45652,0.51985
0.53000,0.070000,0.44317,0.53409
0.54000,0.070000,0.43257,0.54510
0.55000,0.070000,0.42516,0.55252
0.56000,0.070000,0.42118,0.55627
0.57000,0.070000,0.42068,0.55645
0.58000,0.070000,0.42349,0.55339
0.59000,0.070000,0.42926,0.54755
0.60000,0.070000,0.43750,0.53948
0.61000,0.070000,0.44758,0.52980
0.62000,0.070000,0.45880,0.51918
0.63000,0.070000,0.47043,0.50825
0.64000,0.070000,0.48177,0.49764
0.65000,0.070000,0.49216,0.48793
0.66000,0.070000,0.50108,0.47960
0.67000,0.070000,0.50813,0.47301
0.68000,0.070000,0.51308,0.46840
0.69000,0.070000,0.51585,0.46586
0.70000,0.070000,0.51654,0.46535
0.71000,0.070000,0.51537,0.46667
0.72000,0.070000,0.51264,0.46953
0.73000,0.070000,0.50876,0.47355
0.74000,0.070000,0.50413,0.47832
0.75000,0.070000,0.49918,0.48340
0.76000,0.070000,0.49430,0.48840
0.77000,0.070000,0.48982,0.49297
0.78000,0.070000,0.48602,0.49683
0.79000,0.070000,0.48308,0.49980
0.80000,0.070000,0.48111,0.50177
0.81000,0.070000,0.48013,0.50274
0.82000,0.070000,0.48011,0.50276
0.83000,0.070000,0.48093,0.50195
0.84000,0.070000,0.48244,0.50046
0.85000,0.070000,0.48445,0.49848
0.86000,0.070000,0.48677,0.49620
0.87000,0.070000,0.48920,0.49381
0.88000,0.070000,0.49156,0.49150
0.89000,0.070000,0.49369,0.48940
0.90000,0.070000,0.49546,0.48766
0.91000,0.070000,0.49678,0.48636
0.92000,0.070000,0.49759,0.48558
0.93000,0.070000,0.49785,0.48534
0.94000,0.070000,0.49755,0.48565
0.95000,0.070000,0.49672,0.48650
0.96000,0.070000,0.49534,0.48788
0.97000,0.070000,0.49338,0.48984
0.98000,0.070000,0.49061,0.49263
0.99000,0.070000,0.48628,0.49700
1.0000,0.070000,0.47845,0.50504
0.0000,0.080000,0.47434,0.50918
0.010000,0.080000,0.47156,0.51195
0.020000,0.080000,0.48321,0.49947
0.030000,0.080000,0.50212,0.47938
0.040000,0.080000,0.52382,0.45619
0.050000,0.080000,0.54506,0.43305
0.060000,0.080000,0.56347,0.41232
0.070000,0.080000,0.57749,0.39572
0.080000,0.080000,0.58628,0.38435
0.090000,0.080000,0.58959,0.37879
0.10000,0.080000,0.58754,0.37919
0.11000,0.080000,0.58046,0.38544
0.12000,0.080000,0.56875,0.39717
0.13000,0.080000,0.55284,0.41383
0.14000,0.080000,0.53320,0.43467
0.15000,0.080000,0.51042,0.45874
0.16000,0.080000,0.48526,0.48490
0.17000,0.080000,0.45866,0.51183
0.18000,0.080000,0.43173,0.53815
0.19000,0.080000,0.40568,0.56249
0.20000,0.080000,0.38167,0.58371
0.21000,0.080000,0.36072,0.60094
0.22000,0.080000,0.34360,0.61370
0.23000,0.080000,0.33086,0.62187
0.24000,0.080000,0.32277,0.62564
0.25000,0.080000,0.31940,0.62539
0.26000,0.080000,0.32069,0.62158
0.27000,0.080000,0.32645,0.61466
0.28000,0.080000,0.33646,0.60496
0.29000,0.080000,0.35045,0.59272
0.30000,0.080000,0.36807,0.57806
0.31000,0.080000,0.38892,0.56105
0.32000,0.080000,0.41250,0.54182
0.33000,0.080000,0.43814,0.52056
0.34000,0.080000,0.46500,0.49769
0.35000,0.080000,0.49209,0.47384
0.36000,0.080000,0.51831,0.44985
0.37000,0.080000,0.54251,0.42670
0.38000,0.080000,0.56368,0.40543
0.39000,0.080000,0.58097,0.38701
0.40000,0.080000,0.59385,0.37225
0.41000,0.080000,0.60207,0.36173
0.42000,0.080000,0.60569,0.35582
0.43000,0.080000,0.60495,0.35467
0.44000,0.080000,0.60021,0.35821
0.45000,0.080000,0.59189,0.36624
0.46000,0.080000,0.58042,0.37838
0.47000,0.080000,0.56626,0.39412
0.48000,0.080000,0.54988,0.41279
0.49000,0.080000,0.53183,0.43358
0.50000,0.080000,0.51275,0.45556
0.51000,0.080000,0.49338,0.47767
0.52000,0.080000,0.47456,0.49885
0.53000,0.080000,0.45714,0.51805
0.54000,0.080000,0.44195,0.53439
0.55000,0.080000,0.42968,0.54719
0.56000,0.080000,0.42085,0.55606
0.57000,0.080000,0.41576,0.56086
0.58000,0.080000,0.41450,0.56172
0.59000,0.080000,0.41689,0.55898
0.60000,0.080000,0.42258,0.55315
0.61000,0.080000,0.43104,0.54482
0.62000,0.080000,0.44159,0.53468
0.63000,0.080000,0.45349,0.52344
0.64000,0.080000,0.46594,0.51180
0.65000,0.080000,0.47814,0.50047
0.66000,0.080000,0.48937,0.49007
0.67000,0.080000,0.49905,0.48113
0.68000,0.080000,0.50672,0.47406
0.69000,0.080000,0.51212,0.46912
0.70000,0.080000,0.51517,0.46641
0.71000,0.080000,0.51597,0.46586
0.72000,0.080000,0.51477,0.46725
0.73000,0.080000,0.51193,0.47026
0.74000,0.080000,0.50789,0.47446
0.75000,0.080000,0.50311,0.47938
0.76000,0.080000,0.49808,0.48455
0.77000,0.080000,0.49320,0.48953
0.78000,0.080000,0.48886,0.49395
0.79000,0.080000,0.48534,0.49753
0.80000,0.080000,0.48282,0.50008
0.81000,0.080000,0.48139,0.50152
0.82000,0.080000,0.48105,0.50187
0.83000,0.080000,0.48170,0.50122
0.84000,0.080000,0.48320,0.49974
0.85000,0.080000,0.48533,0.49764
0.86000,0.080000,0.48785,0.49515
0.87000,0.080000,0.49051,0.49251
0.88000,0.080000,0.49309,0.48997
0.89000,0.080000,0.49537,0.48772
0.90000,0.080000,0.49720,0.48592
0.91000,0.080000,0.49843,0.48470
0.92000,0.080000,0.49902,0.48413
0.93000,0.080000,0.49894,0.48423
0.94000,0.080000,0.49821,0.48497
0.95000,0.080000,0.49689,0.48629
0.96000,0.080000,0.49504,0.48814
0.97000,0.080000,0.49261,0.49056
0.98000,0.080000,0.48932,0.49384
0.99000,0.080000,0.48413,0.49907
1.0000,0.080000,0.47434,0.50918
0.0000,0.090000,0.47052,0.51293
0.010000,0.090000,0.46468,0.51890
0.020000,0.090000,0.47357,0.50917
0.030000,0.090000,0.49091,0.49056
0.040000,0.090000,0.51267,0.46713
0.050000,0.090000,0.53568,0.44193
0.060000,0.090000,0.55737,0.41751
0.070000,0.090000,0.57578,0.39594
0.080000,0.090000,0.58959,0.37879
0.090000,0.090000,0.59813,0.36707
0.10000,0.090000,0.60121,0.36138
0.11000,0.090000,0.59894,0.36191
0.12000,0.090000,0.59157,0.36860
0.13000,0.090000,0.57940,0.38115
0.14000,0.090000,0.56274,0.39906
0.15000,0.090000,0.54196,0.42162
0.16000,0.090000,0.51759,0.44786
0.17000,0.090000,0.49037,0.47656
0.18000,0.090000,0.46130,0.50628
0.19000,0.090000,0.43160,0.53549
0.20000,0.090000,0.40261,0.56265
0.21000,0.090000,0.37565,0.58645
0.22000,0.090000,0.35186,0.60594
0.23000,0.090000,0.33214,0.62059
0.24000,0.090000,0.31708,0.63029
0.25000,0.090000,0.30699,0.63527
0.26000,0.090000,0.30200,0.63598
0.27000,0.090000,0.30204,0.63292
0.28000,0.090000,0.30698,0.62655
0.29000,0.090000,0.31662,0.61721
0.30000,0.090000,0.33073,0.60510
0.31000,0.090000,0.34901,0.59027
0.32000,0.090000,0.37108,0.57273
0.33000,0.090000,0.39644,0.55253
0.34000,0.090000,0.42437,0.52983
0.35000,0.090000,0.45397,0.50504
0.36000,0.090000,0.48410,0.47884
0.37000,0.090000,0.51350,0.45216
0.38000,0.090000,0.54084,0.42615
0.39000,0.090000,0.56494,0.40197
0.40000,0.090000,0.58483,0.38075
0.41000,0.090000,0.59990,0.36342
0.42000,0.090000,0.60989,0.35067
0.43000,0.090000,0.61485,0.34294
0.44000,0.090000,0.61505,0.34041
0.45000,0.090000,0.61089,0.34308
0.46000,0.090000,0.60279,0.35076
0.47000,0.090000,0.59120,0.36309
0.48000,0.090000,0.57654,0.37958
0.49000,0.090000,0.55930,0.39952
0.50000,0.090000,0.54003,0.42206
0.51000,0.090000,0.51940,0.44616
0.52000,0.090000,0.49824,0.47065
0.53000,0.090000,0.47747,0.49428
0.54000,0.090000,0.45806,0.51589
0.55000,0.090000,0.44093,0.53443
0.56000,0.090000,0.42689,0.54913
0.57000,0.090000,0.41654,0.55952
0.58000,0.090000,0.41023,0.56546
0.59000,0.090000,0.40807,0.56708
0.60000,0.090000,0.40991,0.56475
0.61000,0.090000,0.41538,0.55902
0.62000,0.090000,0.42393,0.55054
0.63000,0.090000,0.43486,0.54003
0.64000,0.090000,0.44734,0.52827
0.65000,0.090000,0.46052,0.51603
0.66000,0.090000,0.47354,0.50404
0.67000,0.090000,0.48561,0.49300
0.68000,0.090000,0.49606,0.48349
0.69000,0.090000,0.50439,0.47593
0.70000,0.090000,0.51032,0.47061
0.71000,0.090000,0.51377,0.46763
0.72000,0.090000,0.51483,0.46690
0.73000,0.090000,0.51380,0.46818
0.74000,0.090000,0.51108,0.47110
0.75000,0.090000,0.50714,0.47519
0.76000,0.090000,0.50251,0.47997
0.77000,0.090000,0.49768,0.48492
0.78000,0.090000,0.49312,0.48958
0.79000,0.090000,0.48918,0.49359
0.80000,0.090000,0.48616,0.49666
0.81000,0.090000,0.48422,0.49864
0.82000,0.090000,0.48342,0.49946
0.83000,0.090000,0.48370,0.49919
0.84000,0.090000,0.48494,0.49798
0.85000,0.090000,0.48691,0.49603
0.86000,0.090000,0.48935,0.49361
0.87000,0.090000,0.49199,0.49100
0.88000,0.090000,0.49456,0.48847
0.89000,0.090000,0.49680,0.48626
0.90000,0.090000,0.49852,0.48457
0.91000,0.090000,0.49957,0.48354
0.92000,0.090000,0.49989,0.48324
0.93000,0.090000,0.49946,0.48368
0.94000,0.090000,0.49835,0.48480
0.95000,0.090000,0.49664,0.48650
0.96000,0.090000,0.49443,0.48869
0.97000,0.090000,0.49168,0.49141
0.98000,0.090000,0.48799,0.49505
0.99000,0.090000,0.48209,0.50096
1.0000,0.090000,0.47052,0.51293
0.0000,0.10000,0.46716,0.51608
0.010000,0.10000,0.45827,0.52522
0.020000,0.10000,0.46388,0.51886
0.030000,0.10000,0.47875,0.50273
0.040000,0.10000,0.49946,0.48031
0.050000,0.10000,0.52311,0.45435
0.060000,0.10000,0.54708,0.42738
0.070000,0.10000,0.56913,0.40168
0.080000,0.10000,0.58754,0.37919
0.090000,0.10000,0.60121,0.36138
0.10000,0.10000,0.60960,0.34923
0.11000,0.10000,0.61257,0.34332
0.12000,0.10000,0.61021,0.34390
0.13000,0.10000,0.60271,0.35095
0.14000,0.10000,0.59024,0.36425
0.15000,0.10000,0.57299,0.38336
0.16000,0.10000,0.55123,0.40759
0.17000,0.10000,0.52539,0.43597
0.18000,0.10000,0.49619,0.46723
0.19000,0.10000,0.46468,0.49980
0.20000,0.10000,0.43218,0.53197
0.21000,0.10000,0.40018,0.56204
0.22000,0.10000,0.37016,0.58854
0.23000,0.10000,0.34342,0.61040
0.24000,0.10000,0.32095,0.62704
0.25000,0.10000,0.30342,0.63838
0.26000,0.10000,0.29120,0.64470
0.27000,0.10000,0.28443,0.64648
0.28000,0.10000,0.28310,0.64429
0.29000,0.10000,0.28708,0.63860
0.30000,0.10000,0.29624,0.62974
0.31000,0.10000,0.31038,0.61786
0.32000,0.10000,0.32925,0.60295
0.33000,0.10000,0.35251,0.58494
0.34000,0.10000,0.37964,0.56380
0.35000,0.10000,0.40991,0.53965
0.36000,0.10000,0.44233,0.51289
0.37000,0.10000,0.47563,0.48425
0.38000,0.10000,0.50835,0.45478
0.39000,0.10000,0.53897,0.42575
0.40000,0.10000,0.56612,0.39852
0.41000,0.10000,0.58871,0.37436
0.42000,0.10000,0.60605,0.35434
0.43000,0.10000,0.61785,0.33926
0.44000,0.10000,0.62419,0.32961
0.45000,0.10000,0.62538,0.32565
0.46000,0.10000,0.62182,0.32739
0.47000,0.10000,0.61397,0.33470
0.48000,0.10000,0.60225,0.34723
0.49000,0.10000,0.58711,0.36448
0.50000,0.10000,0.56900,0.38575
0.51000,0.10000,0.54848,0.41012
0.52000,0.10000,0.52627,0.43644
0.53000,0.10000,0.50326,0.46340
0.54000,0.10000,0.48047,0.48962
0.55000,0.10000,0.45897,0.51372
0.56000,0.10000,0.43981,0.53455
0.57000,0.10000,0.42391,0.55122
0.58000,0.10000,0.41192,0.56320
0.59000,0.10000,0.40428,0.57033
0.60000,0.10000,0.40111,0.57276
0.61000,0.10000,0.40229,0.57091
0.62000,0.10000,0.40745,0.56534
0.63000,0.10000,0.41601,0.55677
0.64000,0.10000,0.42723,0.54597
0.65000,0.10000,0.44027,0.53376
0.66000,0.10000,0.45418,0.52094
0.67000,0.10000,0.46805,0.50833
0.68000,0.10000,0.48100,0.49664
0.69000,0.10000,0.49231,0.48650
0.70000,0.10000,0.50144,0.47837
0.71000,0.10000,0.50806,0.47254
0.72000,0.10000,0.51209,0.46910
0.73000,0.10000,0.51365,0.46797
0.74000,0.10000,0.51304,0.46887
0.75000,0.10000,0.51071,0.47141
0.76000,0.10000,0.50717,0.47510
0.77000,0.10000,0.50296,0.47944
0.78000,0.10000,0.49861,0.48389
0.79000,0.10000,0.49456,0.48802
0.80000,0.10000,0.49119,0.49146
0.81000,0.10000,0.48875,0.49394
0.82000,0.10000,0.48738,0.49535
0.83000,0.10000,0.48709,0.49567
0.84000,0.10000,0.48779,0.49501
0.85000,0.10000,0.48929,0.49354
0.86000,0.10000,0.49134,0.49154
0.87000,0.10000,0.49364,0.48927
0.88000,0.10000,0.49591,0.48705
0.89000,0.10000,0.49787,0.48513
0.90000,0.10000,0.49931,0.48373
0.91000,0.10000,0.50008,0.48300
0.92000,0.10000,0.50008,0.48301
0.93000,0.10000,0.49935,0.48376
0.94000,0.10000,0.49794,0.48517
0.95000,0.10000,0.49598,0.48711
0.96000,0.10000,0.49356,0.48948
0.97000,0.10000,0.49064,0.49233
0.98000,0.10000,0.48671,0.49615
0.99000,0.10000,0.48024,0.50257
1.0000,0.10000,0.46716,0.51608
0.0000,0.11000,0.46440,0.51846
0.010000,0.11000,0.45261,0.53060
0.020000,0.11000,0.45455,0.52801
0.030000,0.11000,0.46620,0.51522
0.040000,0.11000,0.48485,0.49496
0.050000,0.11000,0.50803,0.46954
0.060000,0.11000,0.53323,0.44127
0.070000,0.11000,0.55805,0.41251
0.080000,0.11000,0.58046,0.38544
0.090000,0.11000,0.59894,0.36191
0.10000,0.11000,0.61257,0.34332
0.11000,0.11000,0.62091,0.33064
0.12000,0.11000,0.62390,0.32445
0.13000,0.11000,0.62159,0.32501
0.14000,0.11000,0.61409,0.33237
0.15000,0.11000,0.60145,0.34639
0.16000,0.11000,0.58374,0.36668
0.17000,0.11000,0.56108,0.39260
0.18000,0.11000,0.53381,0.42318
0.19000,0.11000,0.50264,0.45707
0.20000,0.11000,0.46863,0.49261
0.21000,0.11000,0.43324,0.52789
0.22000,0.11000,0.39811,0.56102
0.23000,0.11000,0.36489,0.59035
0.24000,0.11000,0.33505,0.61470
0.25000,0.11000,0.30971,0.63345
0.26000,0.11000,0.28961,0.64652
0.27000,0.11000,0.27519,0.65425
0.28000,0.11000,0.26660,0.65718
0.29000,0.11000,0.26385,0.65592
0.30000,0.11000,0.26686,0.65096
0.31000,0.11000,0.27552,0.64261
0.32000,0.11000,0.28969,0.63098
0.33000,0.11000,0.30915,0.61599
0.34000,0.11000,0.33360,0.59749
0.35000,0.11000,0.36256,0.57538
0.36000,0.11000,0.39524,0.54972
0.37000,0.11000,0.43057,0.52091
0.38000,0.11000,0.46714,0.48973
0.39000,0.11000,0.50328,0.45734
0.40000,0.11000,0.53729,0.42517
0.41000,0.11000,0.56757,0.39477
0.42000,0.11000,0.59290,0.36758
0.43000,0.11000,0.61251,0.34481
0.44000,0.11000,0.62612,0.32735
0.45000,0.11000,0.63382,0.31579
0.46000,0.11000,0.63596,0.31042
0.47000,0.11000,0.63297,0.31129
0.48000,0.11000,0.62532,0.31828
0.49000,0.11000,0.61345,0.33108
0.50000,0.11000,0.59777,0.34920
0.51000,0.11000,0.57873,0.37189
0.52000,0.11000,0.55691,0.39818
0.53000,0.11000,0.53306,0.42683
0.54000,0.11000,0.50812,0.45637
0.55000,0.11000,0.48322,0.48525
0.56000,0.11000,0.45956,0.51193
0.57000,0.11000,0.43829,0.53509
0.58000,0.11000,0.42042,0.55375
0.59000,0.11000,0.40672,0.56734
0.60000,0.11000,0.39766,0.57567
0.61000,0.11000,0.39341,0.57894
0.62000,0.11000,0.39386,0.57758
0.63000,0.11000,0.39865,0.57221
0.64000,0.11000,0.40720,0.56358
0.65000,0.11000,0.41874,0.55250
0.66000,0.11000,0.43237,0.53982
0.67000,0.11000,0.44710,0.52641
0.68000,0.11000,0.46192,0.51311
0.69000,0.11000,0.47591,0.50069
0.70000,0.11000,0.48826,0.48979
0.71000,0.11000,0.49838,0.48092
0.72000,0.11000,0.50591,0.47436
0.73000,0.11000,0.51077,0.47023
0.74000,0.11000,0.51308,0.46842
0.75000,0.11000,0.51317,0.46866
0.76000,0.11000,0.51148,0.47054
0.77000,0.11000,0.50857,0.47357
0.78000,0.11000,0.50498,0.47725
0.79000,0.11000,0.50123,0.48106
0.80000,0.11000,0.49776,0.48459
0.81000,0.11000,0.49493,0.48747
0.82000,0.11000,0.49295,0.48950
0.83000,0.11000,0.49193,0.49058
0.84000,0.11000,0.49184,0.49073
0.85000,0.11000,0.49255,0.49009
0.86000,0.11000,0.49385,0.48886
0.87000,0.11000,0.49547,0.48731
0.88000,0.11000,0.49713,0.48572
0.89000,0.11000,0.49856,0.48436
0.90000,0.11000,0.49953,0.48344
0.91000,0.11000,0.49990,0.48312
0.92000,0.11000,0.49958,0.48347
0.93000,0.11000,0.49859,0.48448
0.94000,0.11000,0.49700,0.48606
0.95000,0.11000,0.49494,0.48809
0.96000,0.11000,0.49248,0.49047
0.97000,0.11000,0.48954,0.49328
0.98000,0.11000,0.48553,0.49711
0.99000,0.11000,0.47867,0.50381
1.0000,0.11000,0.46440,0.51846
0.0000,0.12000,0.46235,0.51998
0.010000,0.12000,0.44792,0.53477
0.020000,0.12000,0.44598,0.53618
0.030000,0.12000,0.45380,0.52738
0.040000,0.12000,0.46950,0.51029
0.050000,0.12000,0.49112,0.48665
0.060000,0.12000,0.51644,0.45842
0.070000,0.12000,0.54308,0.42783
0.080000,0.12000,0.56875,0.39717
0.090000,0.12000,0.59157,0.36860
0.10000,0.12000,0.61021,0.34390
0.11000,0.12000,0.62390,0.32445
0.12000,0.12000,0.63232,0.31117
0.13000,0.12000,0.63542,0.30465
0.14000,0.12000,0.63326,0.30520
0.15000,0.12000,0.62585,0.31290
0.16000,0.12000,0.61312,0.32767
0.17000,0.12000,0.59497,0.34920
0.18000,0.12000,0.57141,0.37689
0.19000,0.12000,0.54270,0.40977
0.20000,0.12000,0.50947,0.44644
0.21000,0.12000,0.47286,0.48509
0.22000,0.12000,0.43443,0.52364
0.23000,0.12000,0.39602,0.55998
0.24000,0.12000,0.35948,0.59228
0.25000,0.12000,0.32644,0.61922
0.26000,0.12000,0.29818,0.64014
0.27000,0.12000,0.27551,0.65498
0.28000,0.12000,0.25891,0.66413
0.29000,0.12000,0.24857,0.66821
0.30000,0.12000,0.24449,0.66786
0.31000,0.12000,0.24662,0.66360
0.32000,0.12000,0.25487,0.65572
0.33000,0.12000,0.26913,0.64428
0.34000,0.12000,0.28924,0.62914
0.35000,0.12000,0.31494,0.61009
0.36000,0.12000,0.34575,0.58693
0.37000,0.12000,0.38089,0.55968
0.38000,0.12000,0.41919,0.52873
0.39000,0.12000,0.45908,0.49491
0.40000,0.12000,0.49870,0.45951
0.41000,0.12000,0.53611,0.42413
0.42000,0.12000,0.56951,0.39050
0.43000,0.12000,0.59755,0.36025
0.44000,0.12000,0.61939,0.33475
0.45000,0.12000,0.63473,0.31500
0.46000,0.12000,0.64371,0.30162
0.47000,0.12000,0.64670,0.29496
0.48000,0.12000,0.64419,0.29509
0.49000,0.12000,0.63667,0.30191
0.50000,0.12000,0.62455,0.31512
0.51000,0.12000,0.60825,0.33421
0.52000,0.12000,0.58821,0.35844
0.53000,0.12000,0.56501,0.38676
0.54000,0.12000,0.53944,0.41782
0.55000,0.12000,0.51250,0.45001
0.56000,0.12000,0.48542,0.48159
0.57000,0.12000,0.45952,0.51085
0.58000,0.12000,0.43607,0.53634
0.59000,0.12000,0.41619,0.55697
0.60000,0.12000,0.40072,0.57213
0.61000,0.12000,0.39020,0.58164
0.62000,0.12000,0.38485,0.58571
0.63000,0.12000,0.38459,0.58481
0.64000,0.12000,0.38905,0.57961
0.65000,0.12000,0.39766,0.57087
0.66000,0.12000,0.40962,0.55945
0.67000,0.12000,0.42399,0.54624
0.68000,0.12000,0.43970,0.53213
0.69000,0.12000,0.45569,0.51800
0.70000,0.12000,0.47093,0.50467
0.71000,0.12000,0.48455,0.49281
0.72000,0.12000,0.49590,0.48296
0.73000,0.12000,0.50460,0.47544
0.74000,0.12000,0.51052,0.47035
0.75000,0.12000,0.51380,0.46760
0.76000,0.12000,0.51476,0.46693
0.77000,0.12000,0.51389,0.46796
0.78000,0.12000,0.51170,0.47021
0.79000,0.12000,0.50875,0.47318
0.80000,0.12000,0.50555,0.47640
0.81000,0.12000,0.50252,0.47946
0.82000,0.12000,0.49999,0.48206
0.83000,0.12000,0.49814,0.48398
0.84000,0.12000,0.49706,0.48516
0.85000,0.12000,0.49669,0.48564
0.86000,0.12000,0.49691,0.48554
0.87000,0.12000,0.49751,0.48506
0.88000,0.12000,0.49825,0.48444
0.89000,0.12000,0.49888,0.48391
0.90000,0.12000,0.49921,0.48368
0.91000,0.12000,0.49908,0.48388
0.92000,0.12000,0.49842,0.48459
0.93000,0.12000,0.49723,0.48580
0.94000,0.12000,0.49558,0.48744
0.95000,0.12000,0.49356,0.48940
0.96000,0.12000,0.49123,0.49161
0.97000,0.12000,0.48843,0.49422
0.98000,0.12000,0.48448,0.49789
0.99000,0.12000,0.47745,0.50464
1.0000,0.12000,0.46235,0.51998
0.0000,0.13000,0.46110,0.52057
0.010000,0.13000,0.44440,0.53754
0.020000,0.13000,0.43851,0.54296
0.030000,0.13000,0.44206,0.53861
0.040000,0.13000,0.45402,0.52552
0.050000,0.13000,0.47307,0.50479
0.060000,0.13000,0.49739,0.47793
0.070000,0.13000,0.52477,0.44686
0.080000,0.13000,0.55284,0.41383
0.090000,0.13000,0.57940,0.38115
0.10000,0.13000,0.60271,0.35095
0.11000,0.13000,0.62159,0.32501
0.12000,0.13000,0.63542,0.30465
0.13000,0.13000,0.64399,0.29080
0.14000,0.13000,0.64729,0.28402
0.15000,0.13000,0.64531,0.28463
0.16000,0.13000,0.63800,0.29278
0.17000,0.13000,0.62514,0.30842
0.18000,0.13000,0.60653,0.33130
0.19000,0.13000,0.58201,0.36089
0.20000,0.13000,0.55174,0.39620
0.21000,0.13000,0.51634,0.43580
0.22000,0.13000,0.47700,0.47771
0.23000,0.13000,0.43540,0.51967
0.24000,0.13000,0.39360,0.55933
0.25000,0.13000,0.35366,0.59466
0.26000,0.13000,0.31741,0.62421
0.27000,0.13000,0.28627,0.64730
0.28000,0.13000,0.26115,0.66387
0.29000,0.13000,0.24254,0.67440
0.30000,0.13000,0.23062,0.67954
0.31000,0.13000,0.22541,0.68002
0.32000,0.13000,0.22684,0.67634
0.33000,0.13000,0.23482,0.66881
0.34000,0.13000,0.24928,0.65746
0.35000,0.13000,0.27012,0.64208
0.36000,0.13000,0.29710,0.62237
0.37000,0.13000,0.32979,0.59808
0.38000,0.13000,0.36739,0.56917
0.39000,0.13000,0.40864,0.53602
0.40000,0.13000,0.45183,0.49951
0.41000,0.13000,0.49488,0.46106
0.42000,0.13000,0.53563,0.42245
0.43000,0.13000,0.57207,0.38562
0.44000,0.13000,0.60271,0.35240
0.45000,0.13000,0.62665,0.32429
0.46000,0.13000,0.64359,0.30240
0.47000,0.13000,0.65370,0.28740
0.48000,0.13000,0.65741,0.27966
0.49000,0.13000,0.65525,0.27925
0.50000,0.13000,0.64773,0.28609
0.51000,0.13000,0.63525,0.29986
0.52000,0.13000,0.61824,0.32007
0.53000,0.13000,0.59711,0.34594
0.54000,0.13000,0.57245,0.37636
0.55000,0.13000,0.54509,0.40987
0.56000,0.13000,0.51609,0.44472
0.57000,0.13000,0.48679,0.47897
0.58000,0.13000,0.45861,0.51077
0.59000,0.13000,0.43295,0.53850
0.60000,0.13000,0.41104,0.56102
0.61000,0.13000,0.39382,0.57765
0.62000,0.13000,0.38189,0.58825
0.63000,0.13000,0.37551,0.59303
0.64000,0.13000,0.37464,0.59250
0.65000,0.13000,0.37892,0.58735
0.66000,0.13000,0.38778,0.57840
0.67000,0.13000,0.40037,0.56650
0.68000,0.13000,0.41571,0.55259
0.69000,0.13000,0.43267,0.53759
0.70000,0.13000,0.45009,0.52243
0.71000,0.13000,0.46684,0.50796
0.72000,0.13000,0.48197,0.49491
0.73000,0.13000,0.49477,0.48385
0.74000,0.13000,0.50480,0.47511
0.75000,0.13000,0.51193,0.46885
0.76000,0.13000,0.51628,0.46500
0.77000,0.13000,0.51817,0.46333
0.78000,0.13000,0.51808,0.46348
0.79000,0.13000,0.51652,0.46501
0.80000,0.13000,0.51403,0.46745
0.81000,0.13000,0.51111,0.47036
0.82000,0.13000,0.50817,0.47334
0.83000,0.13000,0.50551,0.47609
0.84000,0.13000,0.50332,0.47842
0.85000,0.13000,0.50168,0.48024
0.86000,0.13000,0.50055,0.48156
0.87000,0.13000,0.49983,0.48247
0.88000,0.13000,0.49936,0.48313
0.89000,0.13000,0.49896,0.48370
0.90000,0.13000,0.49846,0.48433
0.91000,0.13000,0.49773,0.48517
0.92000,0.13000,0.49671,0.48626
0.93000,0.13000,0.49537,0.48762
0.94000,0.13000,0.49376,0.48921
0.95000,0.13000,0.49192,0.49096
0.96000,0.13000,0.48985,0.49287
0.97000,0.13000,0.48734,0.49512
0.98000,0.13000,0.48362,0.49846
0.99000,0.13000,0.47660,0.50503
1.0000,0.13000,0.46110,0.52057
0.0000,0.14000,0.46069,0.52023
0.010000,0.14000,0.44219,0.53881
0.020000,0.14000,0.43246,0.54806
0.030000,0.14000,0.43147,0.54836
0.040000,0.14000,0.43906,0.53988
0.050000,0.14000,0.45460,0.52306
0.060000,0.14000,0.47680,0.49884
0.070000,0.14000,0.50376,0.46870
0.080000,0.14000,0.53320,0.43467
0.090000,0.14000,0.56274,0.39906
0.10000,0.14000,0.59024,0.36425
0.11000,0.14000,0.61409,0.33237
0.12000,0.14000,0.63326,0.30520
0.13000,0.14000,0.64729,0.28402
0.14000,0.14000,0.65603,0.26972
0.15000,0.14000,0.65950,0.26284
0.16000,0.14000,0.65767,0.26371
0.17000,0.14000,0.65038,0.27248
0.18000,0.14000,0.63732,0.28915
0.19000,0.14000,0.61812,0.31354
0.20000,0.14000,0.59252,0.34515
0.21000,0.14000,0.56058,0.38302
0.22000,0.14000,0.52290,0.42564
0.23000,0.14000,0.48070,0.47091
0.24000,0.14000,0.43585,0.51634
0.25000,0.14000,0.39061,0.55935
0.26000,0.14000,0.34729,0.59769
0.27000,0.14000,0.30794,0.62981
0.28000,0.14000,0.27410,0.65497
0.29000,0.14000,0.24675,0.67317
0.30000,0.14000,0.22640,0.68493
0.31000,0.14000,0.21320,0.69100
0.32000,0.14000,0.20711,0.69214
0.33000,0.14000,0.20806,0.68890
0.34000,0.14000,0.21595,0.68158
0.35000,0.14000,0.23073,0.67017
0.36000,0.14000,0.25235,0.65443
0.37000,0.14000,0.28062,0.63399
0.38000,0.14000,0.31515,0.60851
0.39000,0.14000,0.35513,0.57791
0.40000,0.14000,0.39924,0.54254
0.41000,0.14000,0.44561,0.50335
0.42000,0.14000,0.49196,0.46189
0.43000,0.14000,0.53589,0.42013
0.44000,0.14000,0.57520,0.38022
0.45000,0.14000,0.60826,0.34419
0.46000,0.14000,0.63411,0.31370
0.47000,0.14000,0.65247,0.28991
0.48000,0.14000,0.66354,0.27357
0.49000,0.14000,0.66781,0.26501
0.50000,0.14000,0.66586,0.26431
0.51000,0.14000,0.65818,0.27136
0.52000,0.14000,0.64524,0.28587
0.53000,0.14000,0.62740,0.30731
0.54000,0.14000,0.60510,0.33489
0.55000,0.14000,0.57893,0.36744
0.56000,0.14000,0.54973,0.40338
0.57000,0.14000,0.51865,0.44081
0.58000,0.14000,0.48711,0.47764
0.59000,0.14000,0.45665,0.51184
0.60000,0.14000,0.42882,0.54167
0.61000,0.14000,0.40495,0.56590
0.62000,0.14000,0.38608,0.58385
0.63000,0.14000,0.37289,0.59536
0.64000,0.14000,0.36568,0.60069
0.65000,0.14000,0.36443,0.60036
0.66000,0.14000,0.36880,0.59509
0.67000,0.14000,0.37819,0.58572
0.68000,0.14000,0.39173,0.57314
0.69000,0.14000,0.40835,0.55830
0.70000,0.14000,0.42685,0.54218
0.71000,0.14000,0.44594,0.52575
0.72000,0.14000,0.46442,0.50992
0.73000,0.14000,0.48123,0.49546
0.74000,0.14000,0.49559,0.48299
0.75000,0.14000,0.50701,0.47291
0.76000,0.14000,0.51533,0.46541
0.77000,0.14000,0.52066,0.46047
0.78000,0.14000,0.52332,0.45790
0.79000,0.14000,0.52377,0.45738
0.80000,0.14000,0.52252,0.45850
0.81000,0.14000,0.52011,0.46081
0.82000,0.14000,0.51703,0.46388
0.83000,0.14000,0.51369,0.46732
0.84000,0.14000,0.51040,0.47078
0.85000,0.14000,0.50737,0.47404
0.86000,0.14000,0.50473,0.47697
0.87000,0.14000,0.50248,0.47951
0.88000,0.14000,0.50058,0.48168
0.89000,0.14000,0.49894,0.48356
0.90000,0.14000,0.49746,0.48523
0.91000,0.14000,0.49604,0.48680
0.92000,0.14000,0.49461,0.48830
0.93000,0.14000,0.49315,0.48979
0.94000,0.14000,0.49165,0.49126
0.95000,0.14000,0.49009,0.49271
0.96000,0.14000,0.48841,0.49419
0.97000,0.14000,0.48631,0.49597
0.98000,0.14000,0.48295,0.49884
0.99000,0.14000,0.47617,0.50500
1.0000,0.14000,0.46069,0.52023
0.0000,0.15000,0.46115,0.51901
0.010000,0.15000,0.44138,0.53856
0.020000,0.15000,0.42808,0.55128
0.030000,0.15000,0.42246,0.55620
0.040000,0.15000,0.42525,0.55269
0.050000,0.15000,0.43648,0.54054
0.060000,0.15000,0.45547,0.52007
0.070000,0.15000,0.48079,0.49227
0.080000,0.15000,0.51042,0.45874
0.090000,0.15000,0.54196,0.42162
0.10000,0.15000,0.57299,0.38336
0.11000,0.15000,0.60145,0.34639
0.12000,0.15000,0.62585,0.31290
0.13000,0.15000,0.64531,0.28463
0.14000,0.15000,0.65950,0.26284
0.15000,0.15000,0.66836,0.24834
0.16000,0.15000,0.67192,0.24163
0.17000,0.15000,0.67012,0.24300
0.18000,0.15000,0.66272,0.25260
0.19000,0.15000,0.64931,0.27048
0.20000,0.15000,0.62940,0.29650
0.21000,0.15000,0.60260,0.33022
0.22000,0.15000,0.56889,0.37071
0.23000,0.15000,0.52882,0.41639
0.24000,0.15000,0.48372,0.46502
0.25000,0.15000,0.43561,0.51388
0.26000,0.15000,0.38699,0.56016
0.27000,0.15000,0.34043,0.60142
0.28000,0.15000,0.29819,0.63596
0.29000,0.15000,0.26194,0.66304
0.30000,0.15000,0.23270,0.68268
0.31000,0.15000,0.21095,0.69549
0.32000,0.15000,0.19678,0.70229
0.33000,0.15000,0.19011,0.70391
0.34000,0.15000,0.19080,0.70094
0.35000,0.15000,0.19875,0.69367
0.36000,0.15000,0.21394,0.68209
0.37000,0.15000,0.23634,0.66590
0.38000,0.15000,0.26586,0.64467
0.39000,0.15000,0.30213,0.61799
0.40000,0.15000,0.34434,0.58571
0.41000,0.15000,0.39112,0.54818
0.42000,0.15000,0.44047,0.50641
0.43000,0.15000,0.48990,0.46205
0.44000,0.15000,0.53678,0.41730
0.45000,0.15000,0.57873,0.37453
0.46000,0.15000,0.61399,0.33595
0.47000,0.15000,0.64154,0.30336
0.48000,0.15000,0.66111,0.27801
0.49000,0.15000,0.67295,0.26062
0.50000,0.15000,0.67760,0.25153
0.51000,0.15000,0.67568,0.25078
0.52000,0.15000,0.66773,0.25825
0.53000,0.15000,0.65420,0.27363
0.54000,0.15000,0.63546,0.29638
0.55000,0.15000,0.61194,0.32569
0.56000,0.15000,0.58422,0.36031
0.57000,0.15000,0.55317,0.39859
0.58000,0.15000,0.52003,0.43846
0.59000,0.15000,0.48629,0.47768
0.60000,0.15000,0.45365,0.51405
0.61000,0.15000,0.42377,0.54575
0.62000,0.15000,0.39812,0.57146
0.63000,0.15000,0.37783,0.59049
0.64000,0.15000,0.36365,0.60268
0.65000,0.15000,0.35592,0.60832
0.66000,0.15000,0.35464,0.60795
0.67000,0.15000,0.35946,0.60232
0.68000,0.15000,0.36974,0.59227
0.69000,0.15000,0.38456,0.57875
0.70000,0.15000,0.40278,0.56274
0.71000,0.15000,0.42306,0.54526
0.72000,0.15000,0.44402,0.52736
0.73000,0.15000,0.46432,0.50999
0.74000,0.15000,0.48282,0.49401
0.75000,0.15000,0.49865,0.48010
0.76000,0.15000,0.51130,0.46871
0.77000,0.15000,0.52058,0.46010
0.78000,0.15000,0.52659,0.45430
0.79000,0.15000,0.52964,0.45117
0.80000,0.15000,0.53020,0.45042
0.81000,0.15000,0.52878,0.45164
0.82000,0.15000,0.52594,0.45439
0.83000,0.15000,0.52218,0.45820
0.84000,0.15000,0.51794,0.46263
0.85000,0.15000,0.51358,0.46729
0.86000,0.15000,0.50938,0.47186
0.87000,0.15000,0.50549,0.47613
0.88000,0.15000,0.50203,0.47997
0.89000,0.15000,0.49902,0.48331
0.90000,0.15000,0.49643,0.48615
0.91000,0.15000,0.49422,0.48854
0.92000,0.15000,0.49235,0.49051
0.93000,0.15000,0.49077,0.49214
0.94000,0.15000,0.48940,0.49346
0.95000,0.15000,0.48818,0.49454
0.96000,0.15000,0.48696,0.49553
0.97000,0.15000,0.48535,0.49674
0.98000,0.15000,0.48248,0.49903
0.99000,0.15000,0.47616,0.50457
1.0000,0.15000,0.46115,0.51901
0.0000,0.16000,0.46247,0.51698
0.010000,0.16000,0.44202,0.53684
0.020000,0.16000,0.42554,0.55252
0.030000,0.16000,0.41542,0.56181
0.040000,0.16000,0.41316,0.56336
0.050000,0.16000,0.41947,0.55636
0.060000,0.16000,0.43429,0.54057
0.070000,0.16000,0.45676,0.51639
0.080000,0.16000,0.48526,0.48490
0.090000,0.16000,0.51759,0.44786
0.10000,0.16000,0.55123,0.40759
0.11000,0.16000,0.58374,0.36668
0.12000,0.16000,0.61312,0.32767
0.13000,0.16000,0.63800,0.29278
0.14000,0.16000,0.65767,0.26371
0.15000,0.16000,0.67192,0.24163
0.16000,0.16000,0.68076,0.22727
0.17000,0.16000,0.68426,0.22104
0.18000,0.16000,0.68233,0.22316
0.19000,0.16000,0.67467,0.23378
0.20000,0.16000,0.66077,0.25299
0.21000,0.16000,0.64003,0.28071
0.22000,0.16000,0.61194,0.31656
0.23000,0.16000,0.57640,0.35963
0.24000,0.16000,0.53395,0.40830
0.25000,0.16000,0.48598,0.46018
0.26000,0.16000,0.43471,0.51234
0.27000,0.16000,0.38288,0.56173
0.28000,0.16000,0.33332,0.60570
0.29000,0.16000,0.28850,0.64246
0.30000,0.16000,0.25020,0.67123
0.31000,0.16000,0.21944,0.69210
0.32000,0.16000,0.19665,0.70574
0.33000,0.16000,0.18184,0.71308
0.34000,0.16000,0.17483,0.71500
0.35000,0.16000,0.17543,0.71213
0.36000,0.16000,0.18355,0.70479
0.37000,0.16000,0.19916,0.69294
0.38000,0.16000,0.22232,0.67626
0.39000,0.16000,0.25297,0.65425
0.40000,0.16000,0.29081,0.62642
0.41000,0.16000,0.33504,0.59256
0.42000,0.16000,0.38424,0.55300
0.43000,0.16000,0.43629,0.50879
0.44000,0.16000,0.48851,0.46175
0.45000,0.16000,0.53806,0.41425
0.46000,0.16000,0.58239,0.36890
0.47000,0.16000,0.61959,0.32809
0.48000,0.16000,0.64860,0.29375
0.49000,0.16000,0.66917,0.26716
0.50000,0.16000,0.68159,0.24905
0.51000,0.16000,0.68646,0.23969
0.52000,0.16000,0.68443,0.23912
0.53000,0.16000,0.67609,0.24715
0.54000,0.16000,0.66188,0.26348
0.55000,0.16000,0.64219,0.28756
0.56000,0.16000,0.61742,0.31854
0.57000,0.16000,0.58816,0.35513
0.58000,0.16000,0.55533,0.39556
0.59000,0.16000,0.52021,0.43763
0.60000,0.16000,0.48441,0.47895
0.61000,0.16000,0.44978,0.51720
0.62000,0.16000,0.41810,0.55044
0.63000,0.16000,0.39096,0.57732
0.64000,0.16000,0.36960,0.59713
0.65000,0.16000,0.35481,0.60972
0.66000,0.16000,0.34698,0.61538
0.67000,0.16000,0.34608,0.61469
0.68000,0.16000,0.35176,0.60841
0.69000,0.16000,0.36330,0.59743
0.70000,0.16000,0.37972,0.58271
0.71000,0.16000,0.39975,0.56531
0.72000,0.16000,0.42194,0.54631
0.73000,0.16000,0.44478,0.52683
0.74000,0.16000,0.46680,0.50790
0.75000,0.16000,0.48678,0.49045
0.76000,0.16000,0.50379,0.47525
0.77000,0.16000,0.51729,0.46282
0.78000,0.16000,0.52709,0.45347
0.79000,0.16000,0.53327,0.44729
0.80000,0.16000,0.53619,0.44415
0.81000,0.16000,0.53630,0.44375
0.82000,0.16000,0.53417,0.44569
0.83000,0.16000,0.53038,0.44946
0.84000,0.16000,0.52549,0.45452
0.85000,0.16000,0.52001,0.46033
0.86000,0.16000,0.51435,0.46643
0.87000,0.16000,0.50888,0.47239
0.88000,0.16000,0.50383,0.47790
0.89000,0.16000,0.49938,0.48276
0.90000,0.16000,0.49562,0.48685
0.91000,0.16000,0.49256,0.49013
0.92000,0.16000,0.49019,0.49264
0.93000,0.16000,0.48843,0.49443
0.94000,0.16000,0.48719,0.49562
0.95000,0.16000,0.48631,0.49635
0.96000,0.16000,0.48557,0.49682
0.97000,0.16000,0.48451,0.49743
0.98000,0.16000,0.48222,0.49905
0.99000,0.16000,0.47655,0.50379
1.0000,0.16000,0.46247,0.51698
0.0000,0.17000,0.46457,0.51427
0.010000,0.17000,0.44407,0.53378
0.020000,0.17000,0.42493,0.55180
0.030000,0.17000,0.41061,0.56503
0.040000,0.17000,0.40330,0.57145
0.050000,0.17000,0.40431,0.56979
0.060000,0.17000,0.41418,0.55931
0.070000,0.17000,0.43265,0.53983
0.080000,0.17000,0.45866,0.51183
0.090000,0.17000,0.49037,0.47656
0.10000,0.17000,0.52539,0.43597
0.11000,0.17000,0.56108,0.39260
0.12000,0.17000,0.59497,0.34920
0.13000,0.17000,0.62514,0.30842
0.14000,0.17000,0.65038,0.27248
0.15000,0.17000,0.67012,0.24300
0.16000,0.17000,0.68426,0.22104
0.17000,0.17000,0.69292,0.20717
0.18000,0.17000,0.69620,0.20169
0.19000,0.17000,0.69398,0.20476
0.20000,0.17000,0.68592,0.21653
0.21000,0.17000,0.67142,0.23712
0.22000,0.17000,0.64978,0.26651
0.23000,0.17000,0.62038,0.30442
0.24000,0.17000,0.58304,0.34994
0.25000,0.17000,0.53828,0.40142
0.26000,0.17000,0.48757,0.45635
0.27000,0.17000,0.43332,0.51158
0.28000,0.17000,0.37854,0.56383
0.29000,0.17000,0.32631,0.61027
0.30000,0.17000,0.27928,0.64900
0.31000,0.17000,0.23931,0.67922
0.32000,0.17000,0.20741,0.70109
0.33000,0.17000,0.18389,0.71537
0.34000,0.17000,0.16868,0.72306
0.35000,0.17000,0.16151,0.72512
0.36000,0.17000,0.16214,0.72223
0.37000,0.17000,0.17045,0.71474
0.38000,0.17000,0.18647,0.70260
0.39000,0.17000,0.21027,0.68544
0.40000,0.17000,0.24190,0.66271
0.41000,0.17000,0.28108,0.63384
0.42000,0.17000,0.32707,0.59855
0.43000,0.17000,0.37838,0.55716
0.44000,0.17000,0.43280,0.51076
0.45000,0.17000,0.48749,0.46130
0.46000,0.17000,0.53941,0.41136
0.47000,0.17000,0.58582,0.36376
0.48000,0.17000,0.62471,0.32108
0.49000,0.17000,0.65497,0.28533
0.50000,0.17000,0.67634,0.25783
0.51000,0.17000,0.68917,0.23926
0.52000,0.17000,0.69411,0.22986
0.53000,0.17000,0.69186,0.22960
0.54000,0.17000,0.68304,0.23829
0.55000,0.17000,0.66812,0.25559
0.56000,0.17000,0.64746,0.28094
0.57000,0.17000,0.62148,0.31347
0.58000,0.17000,0.59077,0.35182
0.59000,0.17000,0.55628,0.39411
0.60000,0.17000,0.51936,0.43805
0.61000,0.17000,0.48176,0.48111
0.62000,0.17000,0.44543,0.52085
0.63000,0.17000,0.41231,0.55527
0.64000,0.17000,0.38410,0.58297
0.65000,0.17000,0.36212,0.60323
0.66000,0.17000,0.34720,0.61589
0.67000,0.17000,0.33972,0.62126
0.68000,0.17000,0.33964,0.61995
0.69000,0.17000,0.34654,0.61275
0.70000,0.17000,0.35964,0.60060
0.71000,0.17000,0.37784,0.58451
0.72000,0.17000,0.39974,0.56562
0.73000,0.17000,0.42376,0.54507
0.74000,0.17000,0.44824,0.52407
0.75000,0.17000,0.47165,0.50375
0.76000,0.17000,0.49266,0.48512
0.77000,0.17000,0.51034,0.46902
0.78000,0.17000,0.52412,0.45605
0.79000,0.17000,0.53383,0.44654
0.80000,0.17000,0.53959,0.44060
0.81000,0.17000,0.54178,0.43808
0.82000,0.17000,0.54092,0.43866
0.83000,0.17000,0.53762,0.44186
0.84000,0.17000,0.53252,0.44706
0.85000,0.17000,0.52627,0.45363
0.86000,0.17000,0.51945,0.46093
0.87000,0.17000,0.51257,0.46836
0.88000,0.17000,0.50605,0.47543
0.89000,0.17000,0.50022,0.48176
0.90000,0.17000,0.49527,0.48710
0.91000,0.17000,0.49131,0.49133
0.92000,0.17000,0.48837,0.49442
0.93000,0.17000,0.48637,0.49646
0.94000,0.17000,0.48519,0.49759
0.95000,0.17000,0.48460,0.49801
0.96000,0.17000,0.48432,0.49800
0.97000,0.17000,0.48382,0.49801
0.98000,0.17000,0.48217,0.49892
0.99000,0.17000,0.47732,0.50272
1.0000,0.17000,0.46457,0.51427
0.0000,0.18000,0.46741,0.51101
0.010000,0.18000,0.44747,0.52955
0.020000,0.18000,0.42628,0.54923
0.030000,0.18000,0.40822,0.56581
0.040000,0.18000,0.39606,0.57672
0.050000,0.18000,0.39163,0.58030
0.060000,0.18000,0.39602,0.57541
0.070000,0.18000,0.40954,0.56139
0.080000,0.18000,0.43173,0.53815
0.090000,0.18000,0.46130,0.50628
0.10000,0.18000,0.49619,0.46723
0.11000,0.18000,0.53381,0.42318
0.12000,0.18000,0.57141,0.37689
0.13000,0.18000,0.60653,0.33130
0.14000,0.18000,0.63732,0.28915
0.15000,0.18000,0.66272,0.25260
0.16000,0.18000,0.68233,0.22316
0.17000,0.18000,0.69620,0.20169
0.18000,0.18000,0.70451,0.18860
0.19000,0.18000,0.70740,0.18408
0.20000,0.18000,0.70477,0.18822
0.21000,0.18000,0.69621,0.20116
0.22000,0.18000,0.68108,0.22308
0.23000,0.18000,0.65854,0.25404
0.24000,0.18000,0.62790,0.29382
0.25000,0.18000,0.58886,0.34158
0.26000,0.18000,0.54195,0.39562
0.27000,0.18000,0.48872,0.45331
0.28000,0.18000,0.43177,0.51132
0.29000,0.18000,0.37435,0.56615
0.30000,0.18000,0.31981,0.61478
0.31000,0.18000,0.27094,0.65523
0.32000,0.18000,0.22965,0.68668
0.33000,0.18000,0.19690,0.70935
0.34000,0.18000,0.17290,0.72409
0.35000,0.18000,0.15745,0.73199
0.36000,0.18000,0.15021,0.73408
0.37000,0.18000,0.15089,0.73111
0.38000,0.18000,0.15938,0.72345
0.39000,0.18000,0.17571,0.71104
0.40000,0.18000,0.20003,0.69350
0.41000,0.18000,0.23242,0.67017
0.42000,0.18000,0.27270,0.64043
0.43000,0.18000,0.32013,0.60393
0.44000,0.18000,0.37321,0.56095
0.45000,0.18000,0.42965,0.51263
0.46000,0.18000,0.48646,0.46107
0.47000,0.18000,0.54043,0.40904
0.48000,0.18000,0.58866,0.35955
0.49000,0.18000,0.62902,0.31534
0.50000,0.18000,0.66033,0.27849
0.51000,0.18000,0.68235,0.25033
0.52000,0.18000,0.69545,0.23151
0.53000,0.18000,0.70035,0.22221
0.54000,0.18000,0.69781,0.22235
0.55000,0.18000,0.68848,0.23169
0.56000,0.18000,0.67285,0.24990
0.57000,0.18000,0.65129,0.27638
0.58000,0.18000,0.62420,0.31022
0.59000,0.18000,0.59220,0.35001
0.60000,0.18000,0.55627,0.39381
0.61000,0.18000,0.51786,0.43921
0.62000,0.18000,0.47880,0.48357
0.63000,0.18000,0.44120,0.52440
0.64000,0.18000,0.40710,0.55961
0.65000,0.18000,0.37832,0.58776
0.66000,0.18000,0.35621,0.60812
0.67000,0.18000,0.34162,0.62054
0.68000,0.18000,0.33493,0.62534
0.69000,0.18000,0.33601,0.62317
0.70000,0.18000,0.34439,0.61487
0.71000,0.18000,0.35916,0.60142
0.72000,0.18000,0.37911,0.58393
0.73000,0.18000,0.40270,0.56360
0.74000,0.18000,0.42822,0.54167
0.75000,0.18000,0.45390,0.51944
0.76000,0.18000,0.47812,0.49812
0.77000,0.18000,0.49954,0.47882
0.78000,0.18000,0.51721,0.46241
0.79000,0.18000,0.53061,0.44953
0.80000,0.18000,0.53961,0.44053
0.81000,0.18000,0.54438,0.43548
0.82000,0.18000,0.54535,0.43418
0.83000,0.18000,0.54313,0.43620
0.84000,0.18000,0.53841,0.44095
0.85000,0.18000,0.53191,0.44771
0.86000,0.18000,0.52436,0.45573
0.87000,0.18000,0.51643,0.46424
0.88000,0.18000,0.50869,0.47258
0.89000,0.18000,0.50162,0.48020
0.90000,0.18000,0.49556,0.48671
0.91000,0.18000,0.49070,0.49188
0.92000,0.18000,0.48714,0.49562
0.93000,0.18000,0.48482,0.49799
0.94000,0.18000,0.48359,0.49916
0.95000,0.18000,0.48320,0.49938
0.96000,0.18000,0.48329,0.49898
0.97000,0.18000,0.48331,0.49845
0.98000,0.18000,0.48233,0.49866
0.99000,0.18000,0.47844,0.50142
1.0000,0.18000,0.46741,0.51101
0.0000,0.19000,0.47086,0.50733
0.010000,0.19000,0.45208,0.52435
0.020000,0.19000,0.42950,0.54502
0.030000,0.19000,0.40828,0.56425
0.040000,0.19000,0.39167,0.57908
0.050000,0.19000,0.38192,0.58755
0.060000,0.19000,0.38056,0.58822
0.070000,0.19000,0.38844,0.58007
0.080000,0.19000,0.40568,0.56249
0.090000,0.19000,0.43160,0.53549
0.10000,0.19000,0.46468,0.49980
0.11000,0.19000,0.50264,0.45707
0.12000,0.19000,0.54270,0.40977
0.13000,0.19000,0.58201,0.36089
0.14000,0.19000,0.61812,0.31354
0.15000,0.19000,0.64931,0.27048
0.16000,0.19000,0.67467,0.23378
0.17000,0.19000,0.69398,0.20476
0.18000,0.19000,0.70740,0.18408
0.19000,0.19000,0.71523,0.17197
0.20000,0.19000,0.71764,0.16850
0.21000,0.19000,0.71453,0.17371
0.22000,0.19000,0.70548,0.18775
0.23000,0.19000,0.68973,0.21086
0.24000,0.19000,0.66639,0.24319
0.25000,0.19000,0.63463,0.28461
0.26000,0.19000,0.59409,0.33431
0.27000,0.19000,0.54526,0.39060
0.28000,0.19000,0.48978,0.45074
0.29000,0.19000,0.43043,0.51121
0.30000,0.19000,0.37072,0.56832
0.31000,0.19000,0.31420,0.61889
0.32000,0.19000,0.26381,0.66083
0.33000,0.19000,0.22147,0.69333
0.34000,0.19000,0.18807,0.71665
0.35000,0.19000,0.16371,0.73172
0.36000,0.19000,0.14810,0.73974
0.37000,0.19000,0.14080,0.74183
0.38000,0.19000,0.14150,0.73878
0.39000,0.19000,0.15008,0.73100
0.40000,0.19000,0.16661,0.71843
0.41000,0.19000,0.19128,0.70062
0.42000,0.19000,0.22423,0.67688
0.43000,0.19000,0.26530,0.64648
0.44000,0.19000,0.31383,0.60900
0.45000,0.19000,0.36832,0.56471
0.46000,0.19000,0.42641,0.51480
0.47000,0.19000,0.48501,0.46148
0.48000,0.19000,0.54076,0.40770
0.49000,0.19000,0.59059,0.35665
0.50000,0.19000,0.63223,0.31119
0.51000,0.19000,0.66445,0.27349
0.52000,0.19000,0.68700,0.24485
0.53000,0.19000,0.70029,0.22589
0.54000,0.19000,0.70509,0.21673
0.55000,0.19000,0.70224,0.21724
0.56000,0.19000,0.69243,0.22716
0.57000,0.19000,0.67616,0.24610
0.58000,0.19000,0.65382,0.27345
0.59000,0.19000,0.62582,0.30828
0.60000,0.19000,0.59280,0.34913
0.61000,0.19000,0.55578,0.39400
0.62000,0.19000,0.51626,0.44040
0.63000,0.19000,0.47620,0.48564
0.64000,0.19000,0.43781,0.52714
0.65000,0.19000,0.40324,0.56276
0.66000,0.19000,0.37438,0.59103
0.67000,0.19000,0.35261,0.61119
0.68000,0.19000,0.33877,0.62312
0.69000,0.19000,0.33315,0.62716
0.70000,0.19000,0.33559,0.62400
0.71000,0.19000,0.34548,0.61454
0.72000,0.19000,0.36181,0.59986
0.73000,0.19000,0.38323,0.58112
0.74000,0.19000,0.40808,0.55962
0.75000,0.19000,0.43453,0.53669
0.76000,0.19000,0.46074,0.51372
0.77000,0.19000,0.48506,0.49199
0.78000,0.19000,0.50617,0.47266
0.79000,0.19000,0.52316,0.45663
0.80000,0.19000,0.53557,0.44452
0.81000,0.19000,0.54333,0.43664
0.82000,0.19000,0.54670,0.43298
0.83000,0.19000,0.54620,0.43324
0.84000,0.19000,0.54250,0.43687
0.85000,0.19000,0.53640,0.44315
0.86000,0.19000,0.52871,0.45124
0.87000,0.19000,0.52022,0.46029
0.88000,0.19000,0.51165,0.46947
0.89000,0.19000,0.50363,0.47808
0.90000,0.19000,0.49661,0.48557
0.91000,0.19000,0.49092,0.49161
0.92000,0.19000,0.48671,0.49603
0.93000,0.19000,0.48397,0.49883
0.94000,0.19000,0.48257,0.50017
0.95000,0.19000,0.48224,0.50033
0.96000,0.19000,0.48258,0.49968
0.97000,0.19000,0.48303,0.49872
0.98000,0.19000,0.48269,0.49828
0.99000,0.19000,0.47985,0.49995
1.0000,0.19000,0.47086,0.50733
0.0000,0.20000,0.47482,0.50337
0.010000,0.20000,0.45776,0.51840
0.020000,0.20000,0.43447,0.53938
0.030000,0.20000,0.41077,0.56056
0.040000,0.20000,0.39025,0.57863
0.050000,0.20000,0.37550,0.59143
0.060000,0.20000,0.36840,0.59734
0.070000,0.20000,0.37024,0.59509
0.080000,0.20000,0.38167,0.58371
0.090000,0.20000,0.40261,0.56265
0.10000,0.20000,0.43218,0.53197
0.11000,0.20000,0.46863,0.49261
0.12000,0.20000,0.50947,0.44644
0.13000,0.20000,0.55174,0.39620
0.14000,0.20000,0.59252,0.34515
0.15000,0.20000,0.62940,0.29650
0.16000,0.20000,0.66077,0.25299
0.17000,0.20000,0.68592,0.21653
0.18000,0.20000,0.70477,0.18822
0.19000,0.20000,0.71764,0.16850
0.20000,0.20000,0.72492,0.15744
0.21000,0.20000,0.72683,0.15499
0.22000,0.20000,0.72327,0.16117
0.23000,0.20000,0.71377,0.17616
0.24000,0.20000,0.69753,0.20026
0.25000,0.20000,0.67353,0.23372
0.26000,0.20000,0.64084,0.27647
0.27000,0.20000,0.59902,0.32780
0.28000,0.20000,0.54853,0.38599
0.29000,0.20000,0.49110,0.44825
0.30000,0.20000,0.42967,0.51089
0.31000,0.20000,0.36797,0.57003
0.32000,0.20000,0.30976,0.62232
0.33000,0.20000,0.25808,0.66559
0.34000,0.20000,0.21486,0.69899
0.35000,0.20000,0.18091,0.72286
0.36000,0.20000,0.15623,0.73821
0.37000,0.20000,0.14043,0.74634
0.38000,0.20000,0.13303,0.74845
0.39000,0.20000,0.13368,0.74540
0.40000,0.20000,0.14226,0.73761
0.41000,0.20000,0.15885,0.72502
0.42000,0.20000,0.18367,0.70713
0.43000,0.20000,0.21689,0.68315
0.44000,0.20000,0.25845,0.65230
0.45000,0.20000,0.30772,0.61411
0.46000,0.20000,0.36326,0.56881
0.47000,0.20000,0.42268,0.51763
0.48000,0.20000,0.48281,0.46287
0.49000,0.20000,0.54011,0.40764
0.50000,0.20000,0.59136,0.35529
0.51000,0.20000,0.63416,0.30880
0.52000,0.20000,0.66719,0.27039
0.53000,0.20000,0.69020,0.24135
0.54000,0.20000,0.70363,0.22226
0.55000,0.20000,0.70835,0.21319
0.56000,0.20000,0.70523,0.21394
0.57000,0.20000,0.69502,0.22423
0.58000,0.20000,0.67827,0.24362
0.59000,0.20000,0.65538,0.27150
0.60000,0.20000,0.62678,0.30693
0.61000,0.20000,0.59311,0.34841
0.62000,0.20000,0.55541,0.39390
0.63000,0.20000,0.51525,0.44088
0.64000,0.20000,0.47467,0.48657
0.65000,0.20000,0.43599,0.52837
0.66000,0.20000,0.40143,0.56408
0.67000,0.20000,0.37292,0.59220
0.68000,0.20000,0.35184,0.61198
0.69000,0.20000,0.33896,0.62329
0.70000,0.20000,0.33452,0.62652
0.71000,0.20000,0.33825,0.62242
0.72000,0.20000,0.34944,0.61196
0.73000,0.20000,0.36697,0.59628
0.74000,0.20000,0.38935,0.57666
0.75000,0.20000,0.41481,0.55445
0.76000,0.20000,0.44147,0.53109
0.77000,0.20000,0.46746,0.50801
0.78000,0.20000,0.49116,0.48655
0.79000,0.20000,0.51130,0.46786
0.80000,0.20000,0.52705,0.45283
0.81000,0.20000,0.53803,0.44202
0.82000,0.20000,0.54427,0.43566
0.83000,0.20000,0.54611,0.43361
0.84000,0.20000,0.54416,0.43545
0.85000,0.20000,0.53919,0.44051
0.86000,0.20000,0.53205,0.44795
0.87000,0.20000,0.52363,0.45686
0.88000,0.20000,0.51475,0.46631
0.89000,0.20000,0.50616,0.47547
0.90000,0.20000,0.49845,0.48367
0.91000,0.20000,0.49205,0.49043
0.92000,0.20000,0.48721,0.49550
0.93000,0.20000,0.48399,0.49881
0.94000,0.20000,0.48228,0.50047
0.95000,0.20000,0.48184,0.50074
0.96000,0.20000,0.48228,0.50001
0.97000,0.20000,0.48303,0.49877
0.98000,0.20000,0.48327,0.49777
0.99000,0.20000,0.48152,0.49835
1.0000,0.20000,0.47482,0.50337
0.0000,0.21000,0.47916,0.49922
0.010000,0.21000,0.46430,0.51190
0.020000,0.21000,0.44099,0.53257
0.030000,0.21000,0.41554,0.55498
0.040000,0.21000,0.39179,0.57557
0.050000,0.21000,0.37253,0.59204
0.060000,0.21000,0.35993,0.60266
0.070000,0.21000,0.35563,0.60603
0.080000,0.21000,0.36072,0.60094
0.090000,0.21000,0.37565,0.58645
0.10000,0.21000,0.40018,0.56204
0.11000,0.21000,0.43324,0.52789
0.12000,0.21000,0.47286,0.48509
0.13000,0.21000,0.51634,0.43580
0.14000,0.21000,0.56058,0.38302
0.15000,0.21000,0.60260,0.33022
0.16000,0.21000,0.64003,0.28071
0.17000,0.21000,0.67142,0.23712
0.18000,0.21000,0.69621,0.20116
0.19000,0.21000,0.71453,0.17371
0.20000,0.21000,0.72683,0.15499
0.21000,0.21000,0.73358,0.14491
0.22000,0.21000,0.73504,0.14337
0.23000,0.21000,0.73111,0.15037
0.24000,0.21000,0.72130,0.16611
0.25000,0.21000,0.70471,0.19096
0.26000,0.21000,0.68024,0.22526
0.27000,0.21000,0.64685,0.26904
0.28000,0.21000,0.60399,0.32167
0.29000,0.21000,0.55212,0.38144
0.30000,0.21000,0.49300,0.44551
0.31000,0.21000,0.42976,0.51006
0.32000,0.21000,0.36632,0.57102
0.33000,0.21000,0.30662,0.62488
0.34000,0.21000,0.25379,0.66937
0.35000,0.21000,0.20974,0.70362
0.36000,0.21000,0.17524,0.72800
0.37000,0.21000,0.15020,0.74365
0.38000,0.21000,0.13416,0.75194
0.39000,0.21000,0.12658,0.75417
0.40000,0.21000,0.12710,0.75126
0.41000,0.21000,0.13556,0.74362
0.42000,0.21000,0.15203,0.73116
0.43000,0.21000,0.17674,0.71333
0.44000,0.21000,0.20995,0.68930
0.45000,0.21000,0.25167,0.65823
0.46000,0.21000,0.30138,0.61958
0.47000,0.21000,0.35768,0.57355
0.48000,0.21000,0.41817,0.52139
0.49000,0.21000,0.47960,0.46547
0.50000,0.21000,0.53829,0.40904
0.51000,0.21000,0.59085,0.35557
0.52000,0.21000,0.63473,0.30817
0.53000,0.21000,0.66853,0.26908
0.54000,0.21000,0.69197,0.23961
0.55000,0.21000,0.70557,0.22027
0.56000,0.21000,0.71024,0.21109
0.57000,0.21000,0.70695,0.21184
0.58000,0.21000,0.69654,0.22218
0.59000,0.21000,0.67958,0.24169
0.60000,0.21000,0.65650,0.26975
0.61000,0.21000,0.62770,0.30537
0.62000,0.21000,0.59379,0.34706
0.63000,0.21000,0.55585,0.39274
0.64000,0.21000,0.51550,0.43987
0.65000,0.21000,0.47487,0.48567
0.66000,0.21000,0.43633,0.52748
0.67000,0.21000,0.40215,0.56309
0.68000,0.21000,0.37425,0.59097
0.69000,0.21000,0.35398,0.61033
0.70000,0.21000,0.34206,0.62108
0.71000,0.21000,0.33865,0.62365
0.72000,0.21000,0.34338,0.61884
0.73000,0.21000,0.35543,0.60770
0.74000,0.21000,0.37356,0.59147
0.75000,0.21000,0.39621,0.57148
0.76000,0.21000,0.42155,0.54916
0.77000,0.21000,0.44767,0.52601
0.78000,0.21000,0.47275,0.50347
0.79000,0.21000,0.49524,0.48289
0.80000,0.21000,0.51395,0.46539
0.81000,0.21000,0.52815,0.45178
0.82000,0.21000,0.53755,0.44254
0.83000,0.21000,0.54228,0.43776
0.84000,0.21000,0.54276,0.43720
0.85000,0.21000,0.53968,0.44031
0.86000,0.21000,0.53388,0.44633
0.87000,0.21000,0.52624,0.45434
0.88000,0.21000,0.51769,0.46339
0.89000,0.21000,0.50903,0.47257
0.90000,0.21000,0.50099,0.48108
0.91000,0.21000,0.49409,0.48834
0.92000,0.21000,0.48870,0.49398
0.93000,0.21000,0.48496,0.49782
0.94000,0.21000,0.48283,0.49993
0.95000,0.21000,0.48212,0.50050
0.96000,0.21000,0.48246,0.49988
0.97000,0.21000,0.48335,0.49854
0.98000,0.21000,0.48405,0.49712
0.99000,0.21000,0.48340,0.49666
1.0000,0.21000,0.47916,0.49922
0.0000,0.22000,0.48375,0.49501
0.010000,0.22000,0.47150,0.50503
0.020000,0.22000,0.44884,0.52483
0.030000,0.22000,0.42240,0.54779
0.040000,0.22000,0.39615,0.57019
0.050000,0.22000,0.37302,0.58962
0.060000,0.22000,0.35536,0.60429
0.070000,0.22000,0.34507,0.61276
0.080000,0.22000,0.34360,0.61370
0.090000,0.22000,0.35186,0.60594
0.10000,0.22000,0.37016,0.58854
0.11000,0.22000,0.39811,0.56102
0.12000,0.22000,0.43443,0.52364
0.13000,0.22000,0.47700,0.47771
0.14000,0.22000,0.52290,0.42564
0.15000,0.22000,0.56889,0.37071
0.16000,0.22000,0.61194,0.31656
0.17000,0.22000,0.64978,0.26651
0.18000,0.22000,0.68108,0.22308
0.19000,0.22000,0.70548,0.18775
0.20000,0.22000,0.72327,0.16117
0.21000,0.22000,0.73504,0.14337
0.22000,0.22000,0.74134,0.13416
0.23000,0.22000,0.74247,0.13335
0.24000,0.22000,0.73833,0.14096
0.25000,0.22000,0.72836,0.15723
0.26000,0.22000,0.71161,0.18258
0.27000,0.22000,0.68686,0.21745
0.28000,0.22000,0.65297,0.26197
0.29000,0.22000,0.60930,0.31558
0.30000,0.22000,0.55627,0.37665
0.31000,0.22000,0.49571,0.44227
0.32000,0.22000,0.43086,0.50854
0.33000,0.22000,0.36584,0.57119
0.34000,0.22000,0.30474,0.62654
0.35000,0.22000,0.25079,0.67220
0.36000,0.22000,0.20591,0.70730
0.37000,0.22000,0.17080,0.73224
0.38000,0.22000,0.14534,0.74826
0.39000,0.22000,0.12898,0.75685
0.40000,0.22000,0.12115,0.75935
0.41000,0.22000,0.12140,0.75670
0.42000,0.22000,0.12955,0.74934
0.43000,0.22000,0.14566,0.73713
0.44000,0.22000,0.17003,0.71951
0.45000,0.22000,0.20298,0.69563
0.46000,0.22000,0.24463,0.66455
0.47000,0.22000,0.29453,0.62569
0.48000,0.22000,0.35134,0.57917
0.49000,0.22000,0.41270,0.52625
0.50000,0.22000,0.47527,0.46937
0.51000,0.22000,0.53525,0.41188
0.52000,0.22000,0.58906,0.35738
0.53000,0.22000,0.63399,0.30907
0.54000,0.22000,0.66855,0.26921
0.55000,0.22000,0.69244,0.23912
0.56000,0.22000,0.70626,0.21929
0.57000,0.22000,0.71102,0.20972
0.58000,0.22000,0.70782,0.21016
0.59000,0.22000,0.69754,0.22026
0.60000,0.22000,0.68078,0.23957
0.61000,0.22000,0.65790,0.26744
0.62000,0.22000,0.62927,0.30285
0.63000,0.22000,0.59550,0.34433
0.64000,0.22000,0.55771,0.38981
0.65000,0.22000,0.51757,0.43678
0.66000,0.22000,0.47723,0.48246
0.67000,0.22000,0.43910,0.52417
0.68000,0.22000,0.40547,0.55967
0.69000,0.22000,0.37822,0.58737
0.70000,0.22000,0.35866,0.60649
0.71000,0.22000,0.34746,0.61692
0.72000,0.22000,0.34469,0.61914
0.73000,0.22000,0.34990,0.61403
0.74000,0.22000,0.36218,0.60270
0.75000,0.22000,0.38023,0.58646
0.76000,0.22000,0.40242,0.56669
0.77000,0.22000,0.42694,0.54488
0.78000,0.22000,0.45191,0.52252
0.79000,0.22000,0.47560,0.50105
0.80000,0.22000,0.49654,0.48177
0.81000,0.22000,0.51365,0.46574
0.82000,0.22000,0.52629,0.45366
0.83000,0.22000,0.53428,0.44591
0.84000,0.22000,0.53780,0.44247
0.85000,0.22000,0.53736,0.44298
0.86000,0.22000,0.53367,0.44683
0.87000,0.22000,0.52761,0.45318
0.88000,0.22000,0.52008,0.46110
0.89000,0.22000,0.51195,0.46966
0.90000,0.22000,0.50403,0.47801
0.91000,0.22000,0.49694,0.48545
0.92000,0.22000,0.49114,0.49149
0.93000,0.22000,0.48690,0.49586
0.94000,0.22000,0.48428,0.49849
0.95000,0.22000,0.48314,0.49951
0.96000,0.22000,0.48320,0.49921
0.97000,0.22000,0.48404,0.49796
0.98000,0.22000,0.48506,0.49628
0.99000,0.22000,0.48544,0.49490
1.0000,0.22000,0.48375,0.49501
0.0000,0.23000,0.48846,0.49079
0.010000,0.23000,0.47916,0.49796
0.020000,0.23000,0.45777,0.51638
0.030000,0.23000,0.43109,0.53926
0.040000,0.23000,0.40314,0.56278
0.050000,0.23000,0.37685,0.58448
0.060000,0.23000,0.35471,0.60252
0.070000,0.23000,0.33881,0.61542
0.080000,0.23000,0.33086,0.62187
0.090000,0.23000,0.33214,0.62059
0.10000,0.23000,0.34342,0.61040
0.11000,0.23000,0.36489,0.59035
0.12000,0.23000,0.39602,0.55998
0.13000,0.23000,0.43540,0.51967
0.14000,0.23000,0.48070,0.47091
0.15000,0.23000,0.52882,0.41639
0.16000,0.23000,0.57640,0.35963
0.17000,0.23000,0.62038,0.30442
0.18000,0.23000,0.65854,0.25404
0.19000,0.23000,0.68973,0.21086
0.20000,0.23000,0.71377,0.17616
0.21000,0.23000,0.73111,0.15037
0.22000,0.23000,0.74247,0.13335
0.23000,0.23000,0.74846,0.12483
0.24000,0.23000,0.74942,0.12457
0.25000,0.23000,0.74523,0.13259
0.26000,0.23000,0.73527,0.14917
0.27000,0.23000,0.71852,0.17479
0.28000,0.23000,0.69366,0.20998
0.29000,0.23000,0.65945,0.25497
0.30000,0.23000,0.61515,0.30931
0.31000,0.23000,0.56114,0.37144
0.32000,0.23000,0.49929,0.43844
0.33000,0.23000,0.43296,0.50629
0.34000,0.23000,0.36643,0.57056
0.35000,0.23000,0.30396,0.62739
0.36000,0.23000,0.24885,0.67425
0.37000,0.23000,0.20306,0.71025
0.38000,0.23000,0.16728,0.73587
0.39000,0.23000,0.14131,0.75239
0.40000,0.23000,0.12455,0.76140
0.41000,0.23000,0.11632,0.76429
0.42000,0.23000,0.11613,0.76203
0.43000,0.23000,0.12378,0.75504
0.44000,0.23000,0.13937,0.74323
0.45000,0.23000,0.16324,0.72600
0.46000,0.23000,0.19577,0.70242
0.47000,0.23000,0.23715,0.67152
0.48000,0.23000,0.28703,0.63259
0.49000,0.23000,0.34418,0.58574
0.50000,0.23000,0.40625,0.53220
0.51000,0.23000,0.46987,0.47447
0.52000,0.23000,0.53111,0.41596
0.53000,0.23000,0.58617,0.36039
0.54000,0.23000,0.63216,0.31102
0.55000,0.23000,0.66750,0.27019
0.56000,0.23000,0.69193,0.23921
0.57000,0.23000,0.70614,0.21859
0.58000,0.23000,0.71130,0.20836
0.59000,0.23000,0.70859,0.20824
0.60000,0.23000,0.69887,0.21783
0.61000,0.23000,0.68265,0.23661
0.62000,0.23000,0.66027,0.26390
0.63000,0.23000,0.63209,0.29871
0.64000,0.23000,0.59875,0.33961
0.65000,0.23000,0.56139,0.38463
0.66000,0.23000,0.52169,0.43129
0.67000,0.23000,0.48182,0.47684
0.68000,0.23000,0.44416,0.51856
0.69000,0.23000,0.41100,0.55412
0.70000,0.23000,0.38420,0.58192
0.71000,0.23000,0.36502,0.60110
0.72000,0.23000,0.35408,0.61160
0.73000,0.23000,0.35140,0.61393
0.74000,0.23000,0.35647,0.60902
0.75000,0.23000,0.36831,0.59804
0.76000,0.23000,0.38561,0.58234
0.77000,0.23000,0.40675,0.56334
0.78000,0.23000,0.42994,0.54251
0.79000,0.23000,0.45341,0.52134
0.80000,0.23000,0.47551,0.50121
0.81000,0.23000,0.49489,0.48337
0.82000,0.23000,0.51054,0.46876
0.83000,0.23000,0.52193,0.45802
0.84000,0.23000,0.52892,0.45140
0.85000,0.23000,0.53174,0.44880
0.86000,0.23000,0.53093,0.44982
0.87000,0.23000,0.52722,0.45378
0.88000,0.23000,0.52146,0.45985
0.89000,0.23000,0.51453,0.46714
0.90000,0.23000,0.50726,0.47477
0.91000,0.23000,0.50036,0.48198
0.92000,0.23000,0.49441,0.48818
0.93000,0.23000,0.48976,0.49296
0.94000,0.23000,0.48660,0.49615
0.95000,0.23000,0.48492,0.49776
0.96000,0.23000,0.48453,0.49794
0.97000,0.23000,0.48513,0.49699
0.98000,0.23000,0.48631,0.49524
0.99000,0.23000,0.48759,0.49306
1.0000,0.23000,0.48846,0.49079
0.0000,0.24000,0.49317,0.48665
0.010000,0.24000,0.48705,0.49082
0.020000,0.24000,0.46751,0.50740
0.030000,0.24000,0.44134,0.52962
0.040000,0.24000,0.41248,0.55365
0.050000,0.24000,0.38382,0.57696
0.060000,0.24000,0.35788,0.59769
0.070000,0.24000,0.33689,0.61435
0.080000,0.24000,0.32277,0.62564
0.090000,0.24000,0.31708,0.63029
0.10000,0.24000,0.32095,0.62704
0.11000,0.24000,0.33505,0.61470
0.12000,0.24000,0.35948,0.59228
0.13000,0.24000,0.39360,0.55933
0.14000,0.24000,0.43585,0.51634
0.15000,0.24000,0.48372,0.46502
0.16000,0.24000,0.53395,0.40830
0.17000,0.24000,0.58304,0.34994
0.18000,0.24000,0.62790,0.29382
0.19000,0.24000,0.66639,0.24319
0.20000,0.24000,0.69753,0.20026
0.21000,0.24000,0.72130,0.16611
0.22000,0.24000,0.73833,0.14096
0.23000,0.24000,0.74942,0.12457
0.24000,0.24000,0.75528,0.11657
0.25000,0.24000,0.75623,0.11670
0.26000,0.24000,0.75213,0.12496
0.27000,0.24000,0.74232,0.14165
0.28000,0.24000,0.72570,0.16734
0.29000,0.24000,0.70085,0.20262
0.30000,0.24000,0.66642,0.24786
0.31000,0.24000,0.62160,0.30275
0.32000,0.24000,0.56672,0.36578
0.33000,0.24000,0.50366,0.43405
0.34000,0.24000,0.43589,0.50344
0.35000,0.24000,0.36786,0.56933
0.36000,0.24000,0.30396,0.62766
0.37000,0.24000,0.24763,0.67581
0.38000,0.24000,0.20086,0.71282
0.39000,0.24000,0.16431,0.73922
0.40000,0.24000,0.13773,0.75637
0.41000,0.24000,0.12041,0.76591
0.42000,0.24000,0.11165,0.76929
0.43000,0.24000,0.11091,0.76752
0.44000,0.24000,0.11798,0.76105
0.45000,0.24000,0.13297,0.74977
0.46000,0.24000,0.15624,0.73304
0.47000,0.24000,0.18821,0.70987
0.48000,0.24000,0.22917,0.67921
0.49000,0.24000,0.27889,0.64030
0.50000,0.24000,0.33626,0.59318
0.51000,0.24000,0.39900,0.53905
0.52000,0.24000,0.46367,0.48044
0.53000,0.24000,0.52618,0.42084
0.54000,0.24000,0.58253,0.36404
0.55000,0.24000,0.62965,0.31338
0.56000,0.24000,0.66590,0.27129
0.57000,0.24000,0.69110,0.23916
0.58000,0.24000,0.70609,0.21756
0.59000,0.24000,0.71210,0.20648
0.60000,0.24000,0.71025,0.20557
0.61000,0.24000,0.70132,0.21433
0.62000,0.24000,0.68581,0.23221
0.63000,0.24000,0.66407,0.25856
0.64000,0.24000,0.63649,0.29247
0.65000,0.24000,0.60374,0.33264
0.66000,0.24000,0.56693,0.37715
0.67000,0.24000,0.52771,0.42360
0.68000,0.24000,0.48824,0.46922
0.69000,0.24000,0.45088,0.51121
0.70000,0.24000,0.41790,0.54720
0.71000,0.24000,0.39115,0.57548
0.72000,0.24000,0.37187,0.59518
0.73000,0.24000,0.36064,0.60621
0.74000,0.24000,0.35746,0.60913
0.75000,0.24000,0.36178,0.60490
0.76000,0.24000,0.37262,0.59475
0.77000,0.24000,0.38868,0.58001
0.78000,0.24000,0.40839,0.56212
0.79000,0.24000,0.43006,0.54251
0.80000,0.24000,0.45199,0.52264
0.81000,0.24000,0.47265,0.50383
0.82000,0.24000,0.49074,0.48723
0.83000,0.24000,0.50536,0.47374
0.84000,0.24000,0.51599,0.46389
0.85000,0.24000,0.52254,0.45788
0.86000,0.24000,0.52523,0.45557
0.87000,0.24000,0.52460,0.45651
0.88000,0.24000,0.52135,0.46006
0.89000,0.24000,0.51630,0.46541
0.90000,0.24000,0.51028,0.47174
0.91000,0.24000,0.50404,0.47826
0.92000,0.24000,0.49824,0.48428
0.93000,0.24000,0.49337,0.48930
0.94000,0.24000,0.48972,0.49300
0.95000,0.24000,0.48743,0.49524
0.96000,0.24000,0.48646,0.49606
0.97000,0.24000,0.48664,0.49557
0.98000,0.24000,0.48779,0.49394
0.99000,0.24000,0.48984,0.49114
1.0000,0.24000,0.49317,0.48665
0.0000,0.25000,0.49774,0.48263
0.010000,0.25000,0.49494,0.48376
0.020000,0.25000,0.47778,0.49810
0.030000,0.25000,0.45284,0.51911
0.040000,0.25000,0.42387,0.54305
0.050000,0.25000,0.39365,0.56738
0.060000,0.25000,0.36467,0.59019
0.070000,0.25000,0.33922,0.60996
0.080000,0.25000,0.31940,0.62539
0.090000,0.25000,0.30699,0.63527
0.10000,0.25000,0.30342,0.63838
0.11000,0.25000,0.30971,0.63345
0.12000,0.25000,0.32644,0.61922
0.13000,0.25000,0.35366,0.59466
0.14000,0.25000,0.39061,0.55935
0.15000,0.25000,0.43561,0.51388
0.16000,0.25000,0.48598,0.46018
0.17000,0.25000,0.53828,0.40142
0.18000,0.25000,0.58886,0.34158
0.19000,0.25000,0.63463,0.28461
0.20000,0.25000,0.67353,0.23372
0.21000,0.25000,0.70471,0.19096
0.22000,0.25000,0.72836,0.15723
0.23000,0.25000,0.74523,0.13259
0.24000,0.25000,0.75623,0.11670
0.25000,0.25000,0.76210,0.10908
0.26000,0.25000,0.76317,0.10944
0.27000,0.25000,0.75928,0.11779
0.28000,0.25000,0.74970,0.13445
0.29000,0.25000,0.73326,0.16004
0.30000,0.25000,0.70847,0.19527
0.31000,0.25000,0.67388,0.24063
0.32000,0.25000,0.62859,0.29594
0.33000,0.25000,0.57286,0.35979
0.34000,0.25000,0.50860,0.42930
0.35000,0.25000,0.43938,0.50023
0.36000,0.25000,0.36978,0.56778
0.37000,0.25000,0.30438,0.62770
0.38000,0.25000,0.24673,0.67721
0.39000,0.25000,0.19888,0.71534
0.40000,0.25000,0.16146,0.74262
0.41000,0.25000,0.13415,0.76048
0.42000,0.25000,0.11622,0.77065
0.43000,0.25000,0.10689,0.77464
0.44000,0.25000,0.10560,0.77348
0.45000,0.25000,0.11208,0.76763
0.46000,0.25000,0.12642,0.75694
0.47000,0.25000,0.14900,0.74073
0.48000,0.25000,0.18032,0.71798
0.49000,0.25000,0.22079,0.68755
0.50000,0.25000,0.27031,0.64863
0.51000,0.25000,0.32790,0.60119
0.52000,0.25000,0.39133,0.54640
0.53000,0.25000,0.45711,0.48679
0.54000,0.25000,0.52099,0.42589
0.55000,0.25000,0.57874,0.36761
0.56000,0.25000,0.62717,0.31543
0.57000,0.25000,0.66464,0.27188
0.58000,0.25000,0.69103,0.23846
0.59000,0.25000,0.70720,0.21573
0.60000,0.25000,0.71430,0.20358
0.61000,0.25000,0.71339,0.20159
0.62000,0.25000,0.70526,0.20920
0.63000,0.25000,0.69047,0.22592
0.64000,0.25000,0.66941,0.25116
0.65000,0.25000,0.64248,0.28415
0.66000,0.25000,0.61031,0.32366
0.67000,0.25000,0.57396,0.36787
0.68000,0.25000,0.53505,0.41440
0.69000,0.25000,0.49570,0.46044
0.70000,0.25000,0.45827,0.50314
0.71000,0.25000,0.42504,0.53999
0.72000,0.25000,0.39784,0.56920
0.73000,0.25000,0.37793,0.58984
0.74000,0.25000,0.36588,0.60183
0.75000,0.25000,0.36169,0.60574
0.76000,0.25000,0.36482,0.60255
0.77000,0.25000,0.37432,0.59349
0.78000,0.25000,0.38894,0.57990
0.79000,0.25000,0.40718,0.56318
0.80000,0.25000,0.42744,0.54475
0.81000,0.25000,0.44812,0.52600
0.82000,0.25000,0.46773,0.50820
0.83000,0.25000,0.48506,0.49246
0.84000,0.25000,0.49919,0.47960
0.85000,0.25000,0.50964,0.47012
0.86000,0.25000,0.51627,0.46419
0.87000,0.25000,0.51932,0.46167
0.88000,0.25000,0.51926,0.46212
0.89000,0.25000,0.51678,0.46493
0.90000,0.25000,0.51262,0.46938
0.91000,0.25000,0.50757,0.47468
0.92000,0.25000,0.50232,0.48013
0.93000,0.25000,0.49748,0.48511
0.94000,0.25000,0.49348,0.48918
0.95000,0.25000,0.49060,0.49205
0.96000,0.25000,0.48896,0.49357
0.97000,0.25000,0.48858,0.49370
0.98000,0.25000,0.48952,0.49237
0.99000,0.25000,0.49213,0.48914
1.0000,0.25000,0.49774,0.48263
0.0000,0.26000,0.50205,0.47879
0.010000,0.26000,0.50261,0.47690
0.020000,0.26000,0.48829,0.48864
0.030000,0.26000,0.46526,0.50793
0.040000,0.26000,0.43698,0.53122
0.050000,0.26000,0.40602,0.55601
0.060000,0.26000,0.37479,0.58036
0.070000,0.26000,0.34561,0.60265
0.080000,0.26000,0.32069,0.62158
0.090000,0.26000,0.30200,0.63598
0.10000,0.26000,0.29120,0.64470
0.11000,0.26000,0.28961,0.64652
0.12000,0.26000,0.29818,0.64014
0.13000,0.26000,0.31741,0.62421
0.14000,0.26000,0.34729,0.59769
0.15000,0.26000,0.38699,0.56016
0.16000,0.26000,0.43471,0.51234
0.17000,0.26000,0.48757,0.45635
0.18000,0.26000,0.54195,0.39562
0.19000,0.26000,0.59409,0.33431
0.20000,0.26000,0.64084,0.27647
0.21000,0.26000,0.68024,0.22526
0.22000,0.26000,0.71161,0.18258
0.23000,0.26000,0.73527,0.14917
0.24000,0.26000,0.75213,0.12496
0.25000,0.26000,0.76317,0.10944
0.26000,0.26000,0.76917,0.10211
0.27000,0.26000,0.77044,0.10261
0.28000,0.26000,0.76679,0.11094
0.29000,0.26000,0.75747,0.12747
0.30000,0.26000,0.74121,0.15287
0.31000,0.26000,0.71647,0.18797
0.32000,0.26000,0.68170,0.23339
0.33000,0.26000,0.63591,0.28907
0.34000,0.26000,0.57930,0.35373
0.35000,0.26000,0.51379,0.42449
0.36000,0.26000,0.44303,0.49700
0.37000,0.26000,0.37177,0.56628
0.38000,0.26000,0.30478,0.62787
0.39000,0.26000,0.24572,0.67882
0.40000,0.26000,0.19670,0.71812
0.41000,0.26000,0.15836,0.74635
0.42000,0.26000,0.13034,0.76503
0.43000,0.26000,0.11184,0.77593
0.44000,0.26000,0.10199,0.78061
0.45000,0.26000,0.10016,0.78012
0.46000,0.26000,0.10605,0.77488
0.47000,0.26000,0.11973,0.76474
0.48000,0.26000,0.14160,0.74900
0.49000,0.26000,0.17229,0.72657
0.50000,0.26000,0.21229,0.69627
0.51000,0.26000,0.26167,0.65722
0.52000,0.26000,0.31957,0.60931
0.53000,0.26000,0.38381,0.55368
0.54000,0.26000,0.45085,0.49283
0.55000,0.26000,0.51625,0.43041
0.56000,0.26000,0.57565,0.37044
0.57000,0.26000,0.62571,0.31656
0.58000,0.26000,0.66475,0.27144
0.59000,0.26000,0.69261,0.23661
0.60000,0.26000,0.71005,0.21256
0.61000,0.26000,0.71818,0.19913
0.62000,0.26000,0.71809,0.19584
0.63000,0.26000,0.71067,0.20219
0.64000,0.26000,0.69654,0.21775
0.65000,0.26000,0.67610,0.24201
0.66000,0.26000,0.64970,0.27430
0.67000,0.26000,0.61790,0.31345
0.68000,0.26000,0.58172,0.35774
0.69000,0.26000,0.54275,0.40478
0.70000,0.26000,0.50310,0.45172
0.71000,0.26000,0.46515,0.49558
0.72000,0.26000,0.43118,0.53373
0.73000,0.26000,0.40307,0.56425
0.74000,0.26000,0.38208,0.58616
0.75000,0.26000,0.36884,0.59937
0.76000,0.26000,0.36335,0.60445
0.77000,0.26000,0.36511,0.60240
0.78000,0.26000,0.37323,0.59444
0.79000,0.26000,0.38652,0.58190
0.80000,0.26000,0.40357,0.56614
0.81000,0.26000,0.42283,0.54857
0.82000,0.26000,0.44276,0.53054
0.83000,0.26000,0.46191,0.51330
0.84000,0.26000,0.47904,0.49792
0.85000,0.26000,0.49324,0.48519
0.86000,0.26000,0.50398,0.47562
0.87000,0.26000,0.51109,0.46938
0.88000,0.26000,0.51477,0.46634
0.89000,0.26000,0.51546,0.46611
0.90000,0.26000,0.51379,0.46812
0.91000,0.26000,0.51047,0.47169
0.92000,0.26000,0.50625,0.47612
0.93000,0.26000,0.50179,0.48072
0.94000,0.26000,0.49765,0.48493
0.95000,0.26000,0.49428,0.48831
0.96000,0.26000,0.49196,0.49054
0.97000,0.26000,0.49092,0.49138
0.98000,0.26000,0.49148,0.49049
0.99000,0.26000,0.49444,0.48704
1.0000,0.26000,0.50205,0.47879
0.0000,0.27000,0.50599,0.47520
0.010000,0.27000,0.50982,0.47039
0.020000,0.27000,0.49874,0.47922
0.030000,0.27000,0.47826,0.49628
0.040000,0.27000,0.45143,0.51837
0.050000,0.27000,0.42058,0.54309
0.060000,0.27000,0.38793,0.56845
0.070000,0.27000,0.35580,0.59278
0.080000,0.27000,0.32645,0.61466
0.090000,0.27000,0.30204,0.63292
0.10000,0.27000,0.28443,0.64648
0.11000,0.27000,0.27519,0.65425
0.12000,0.27000,0.27551,0.65498
0.13000,0.27000,0.28627,0.64730
0.14000,0.27000,0.30794,0.62981
0.15000,0.27000,0.34043,0.60142
0.16000,0.27000,0.38288,0.56173
0.17000,0.27000,0.43332,0.51158
0.18000,0.27000,0.48872,0.45331
0.19000,0.27000,0.54526,0.39060
0.20000,0.27000,0.59902,0.32780
0.21000,0.27000,0.64685,0.26904
0.22000,0.27000,0.68686,0.21745
0.23000,0.27000,0.71852,0.17479
0.24000,0.27000,0.74232,0.14165
0.25000,0.27000,0.75928,0.11779
0.26000,0.27000,0.77044,0.10261
0.27000,0.27000,0.77660,0.095499
0.28000,0.27000,0.77809,0.096086
0.29000,0.27000,0.77468,0.10436
0.30000,0.27000,0.76556,0.12072
0.31000,0.27000,0.74944,0.14591
0.32000,0.27000,0.72468,0.18086
0.33000,0.27000,0.68964,0.22633
0.34000,0.27000,0.64326,0.28242
0.35000,0.27000,0.58568,0.34793
0.36000,0.27000,0.51881,0.42000
0.37000,0.27000,0.44640,0.49417
0.38000,0.27000,0.37339,0.56524
0.39000,0.27000,0.30471,0.62853
0.40000,0.27000,0.24419,0.68096
0.41000,0.27000,0.19402,0.72148
0.42000,0.27000,0.15483,0.75072
0.43000,0.27000,0.12619,0.77026
0.44000,0.27000,0.10721,0.78192
0.45000,0.27000,0.096920,0.78728
0.46000,0.27000,0.094613,0.78739
0.47000,0.27000,0.099954,0.78269
0.48000,0.27000,0.11303,0.77299
0.49000,0.27000,0.13429,0.75757
0.50000,0.27000,0.16443,0.73531
0.51000,0.27000,0.20410,0.70496
0.52000,0.27000,0.25350,0.66557
0.53000,0.27000,0.31189,0.61696
0.54000,0.27000,0.37714,0.56022
0.55000,0.27000,0.44564,0.49790
0.56000,0.27000,0.51282,0.43373
0.57000,0.27000,0.57412,0.37190
0.58000,0.27000,0.62604,0.31620
0.59000,0.27000,0.66679,0.26941
0.60000,0.27000,0.69605,0.23306
0.61000,0.27000,0.71458,0.20759
0.62000,0.27000,0.72353,0.19283
0.63000,0.27000,0.72412,0.18832
0.64000,0.27000,0.71730,0.19360
0.65000,0.27000,0.70369,0.20827
0.66000,0.27000,0.68365,0.23191
0.67000,0.27000,0.65746,0.26389
0.68000,0.27000,0.62566,0.30315
0.69000,0.27000,0.58921,0.34802
0.70000,0.27000,0.54972,0.39608
0.71000,0.27000,0.50930,0.44439
0.72000,0.27000,0.47038,0.48980
0.73000,0.27000,0.43527,0.52953
0.74000,0.27000,0.40592,0.56156
0.75000,0.27000,0.38363,0.58484
0.76000,0.27000,0.36905,0.59927
0.77000,0.27000,0.36226,0.60544
0.78000,0.27000,0.36278,0.60435
0.79000,0.27000,0.36980,0.59721
0.80000,0.27000,0.38218,0.58535
0.81000,0.27000,0.39854,0.57014
0.82000,0.27000,0.41739,0.55297
0.83000,0.27000,0.43717,0.53518
0.84000,0.27000,0.45642,0.51801
0.85000,0.27000,0.47386,0.50255
0.86000,0.27000,0.48852,0.48958
0.87000,0.27000,0.49983,0.47964
0.88000,0.27000,0.50759,0.47291
0.89000,0.27000,0.51193,0.46928
0.90000,0.27000,0.51329,0.46841
0.91000,0.27000,0.51227,0.46977
0.92000,0.27000,0.50956,0.47269
0.93000,0.27000,0.50590,0.47650
0.94000,0.27000,0.50193,0.48055
0.95000,0.27000,0.49825,0.48424
0.96000,0.27000,0.49532,0.48710
0.97000,0.27000,0.49360,0.48867
0.98000,0.27000,0.49365,0.48833
0.99000,0.27000,0.49673,0.48485
1.0000,0.27000,0.50599,0.47520
0.0000,0.28000,0.50944,0.47192
0.010000,0.28000,0.51635,0.46437
0.020000,0.28000,0.50881,0.47003
0.030000,0.28000,0.49146,0.48439
0.040000,0.28000,0.46683,0.50472
0.050000,0.28000,0.43691,0.52881
0.060000,0.28000,0.40373,0.55470
0.070000,0.28000,0.36947,0.58059
0.080000,0.28000,0.33646,0.60496
0.090000,0.28000,0.30698,0.62655
0.10000,0.28000,0.28310,0.64429
0.11000,0.28000,0.26660,0.65718
0.12000,0.28000,0.25891,0.66413
0.13000,0.28000,0.26115,0.66387
0.14000,0.28000,0.27410,0.65497
0.15000,0.28000,0.29819,0.63596
0.16000,0.28000,0.33332,0.60570
0.17000,0.28000,0.37854,0.56383
0.18000,0.28000,0.43177,0.51132
0.19000,0.28000,0.48978,0.45074
0.20000,0.28000,0.54853,0.38599
0.21000,0.28000,0.60399,0.32167
0.22000,0.28000,0.65297,0.26197
0.23000,0.28000,0.69366,0.20998
0.24000,0.28000,0.72570,0.16734
0.25000,0.28000,0.74970,0.13445
0.26000,0.28000,0.76679,0.11094
0.27000,0.28000,0.77809,0.096086
0.28000,0.28000,0.78441,0.089199
0.29000,0.28000,0.78607,0.089873
0.30000,0.28000,0.78281,0.098097
0.31000,0.28000,0.77382,0.11430
0.32000,0.28000,0.75772,0.13931
0.33000,0.28000,0.73281,0.17416
0.34000,0.28000,0.69739,0.21975
0.35000,0.28000,0.65028,0.27631
0.36000,0.28000,0.59159,0.34277
0.37000,0.28000,0.52324,0.41623
0.38000,0.28000,0.44908,0.49212
0.39000,0.28000,0.37423,0.56500
0.40000,0.28000,0.30385,0.63000
0.41000,0.28000,0.24193,0.68390
0.42000,0.28000,0.19071,0.72564
0.43000,0.28000,0.15081,0.75588
0.44000,0.28000,0.12169,0.77623
0.45000,0.28000,0.10235,0.78859
0.46000,0.28000,0.091729,0.79453
0.47000,0.28000,0.089062,0.79512
0.48000,0.28000,0.093984,0.79080
0.49000,0.28000,0.10659,0.78137
0.50000,0.28000,0.12740,0.76607
0.51000,0.28000,0.15718,0.74374
0.52000,0.28000,0.19673,0.71309
0.53000,0.28000,0.24638,0.67309
0.54000,0.28000,0.30552,0.62350
0.55000,0.28000,0.37204,0.56540
0.56000,0.28000,0.44225,0.50136
0.57000,0.28000,0.51140,0.43524
0.58000,0.28000,0.57470,0.37141
0.59000,0.28000,0.62846,0.31383
0.60000,0.28000,0.67071,0.26535
0.61000,0.28000,0.70111,0.22751
0.62000,0.28000,0.72046,0.20078
0.63000,0.28000,0.73003,0.18496
0.64000,0.28000,0.73111,0.17958
0.65000,0.28000,0.72466,0.18421
0.66000,0.28000,0.71127,0.19845
0.67000,0.28000,0.69124,0.22195
0.68000,0.28000,0.66482,0.25416
0.69000,0.28000,0.63253,0.29408
0.70000,0.28000,0.59535,0.34005
0.71000,0.28000,0.55488,0.38959
0.72000,0.28000,0.51331,0.43961
0.73000,0.28000,0.47310,0.48679
0.74000,0.28000,0.43665,0.52815
0.75000,0.28000,0.40596,0.56159
0.76000,0.28000,0.38239,0.58605
0.77000,0.28000,0.36665,0.60142
0.78000,0.28000,0.35884,0.60832
0.79000,0.28000,0.35855,0.60776
0.80000,0.28000,0.36499,0.60097
0.81000,0.28000,0.37704,0.58930
0.82000,0.28000,0.39335,0.57413
0.83000,0.28000,0.41240,0.55687
0.84000,0.28000,0.43258,0.53888
0.85000,0.28000,0.45236,0.52143
0.86000,0.28000,0.47041,0.50560
0.87000,0.28000,0.48570,0.49223
0.88000,0.28000,0.49760,0.48185
0.89000,0.28000,0.50590,0.47467
0.90000,0.28000,0.51072,0.47060
0.91000,0.28000,0.51249,0.46932
0.92000,0.28000,0.51181,0.47030
0.93000,0.28000,0.50940,0.47288
0.94000,0.28000,0.50599,0.47638
0.95000,0.28000,0.50227,0.48011
0.96000,0.28000,0.49890,0.48342
0.97000,0.28000,0.49651,0.48565
0.98000,0.28000,0.49598,0.48592
0.99000,0.28000,0.49896,0.48260
1.0000,0.28000,0.50944,0.47192
0.0000,0.29000,0.51230,0.46903
0.010000,0.29000,0.52198,0.45902
0.020000,0.29000,0.51817,0.46133
0.030000,0.29000,0.50444,0.47255
0.040000,0.29000,0.48272,0.49054
0.050000,0.29000,0.45459,0.51341
0.060000,0.29000,0.42176,0.53927
0.070000,0.29000,0.38629,0.56626
0.080000,0.29000,0.35045,0.59272
0.090000,0.29000,0.31662,0.61721
0.10000,0.29000,0.28708,0.63860
0.11000,0.29000,0.26385,0.65592
0.12000,0.29000,0.24857,0.66821
0.13000,0.29000,0.24254,0.67440
0.14000,0.29000,0.24675,0.67317
0.15000,0.29000,0.26194,0.66304
0.16000,0.29000,0.28850,0.64246
0.17000,0.29000,0.32631,0.61027
0.18000,0.29000,0.37435,0.56615
0.19000,0.29000,0.43043,0.51121
0.20000,0.29000,0.49110,0.44825
0.21000,0.29000,0.55212,0.38144
0.22000,0.29000,0.60930,0.31558
0.23000,0.29000,0.65945,0.25497
0.24000,0.29000,0.70085,0.20262
0.25000,0.29000,0.73326,0.16004
0.26000,0.29000,0.75747,0.12747
0.27000,0.29000,0.77468,0.10436
0.28000,0.29000,0.78607,0.089873
0.29000,0.29000,0.79247,0.083251
0.30000,0.29000,0.79420,0.084051
0.31000,0.29000,0.79099,0.092271
0.32000,0.29000,0.78197,0.10838
0.33000,0.29000,0.76574,0.13328
0.34000,0.29000,0.74054,0.16811
0.35000,0.29000,0.70457,0.21393
0.36000,0.29000,0.65659,0.27109
0.37000,0.29000,0.59665,0.33859
0.38000,0.29000,0.52669,0.41353
0.39000,0.29000,0.45070,0.49116
0.40000,0.29000,0.37401,0.56585
0.41000,0.29000,0.30200,0.63250
0.42000,0.29000,0.23882,0.68780
0.43000,0.29000,0.18674,0.73066
0.44000,0.29000,0.14631,0.76178
0.45000,0.29000,0.11690,0.78283
0.46000,0.29000,0.097376,0.79573
0.47000,0.29000,0.086603,0.80210
0.48000,0.29000,0.083743,0.80299
0.49000,0.29000,0.088417,0.79884
0.50000,0.29000,0.10075,0.78943
0.51000,0.29000,0.12130,0.77399
0.52000,0.29000,0.15098,0.75133
0.53000,0.29000,0.19068,0.72009
0.54000,0.29000,0.24089,0.67920
0.55000,0.29000,0.30107,0.62835
0.56000,0.29000,0.36911,0.56862
0.57000,0.29000,0.44120,0.50265
0.58000,0.29000,0.51234,0.43446
0.59000,0.29000,0.57750,0.36860
0.60000,0.29000,0.63280,0.30920
0.61000,0.29000,0.67620,0.25923
0.62000,0.29000,0.70741,0.22023
0.63000,0.29000,0.72729,0.19266
0.64000,0.29000,0.73722,0.17627
0.65000,0.29000,0.73848,0.17055
0.66000,0.29000,0.73202,0.17506
0.67000,0.29000,0.71840,0.18942
0.68000,0.29000,0.69790,0.21334
0.69000,0.29000,0.67077,0.24633
0.70000,0.29000,0.63753,0.28745
0.71000,0.29000,0.59920,0.33498
0.72000,0.29000,0.55743,0.38633
0.73000,0.29000,0.51448,0.43819
0.74000,0.29000,0.47289,0.48703
0.75000,0.29000,0.43515,0.52978
0.76000,0.29000,0.40330,0.56425
0.77000,0.29000,0.37878,0.58941
0.78000,0.29000,0.36231,0.60520
0.79000,0.29000,0.35403,0.61226
0.80000,0.29000,0.35353,0.61167
0.81000,0.29000,0.36004,0.60468
0.82000,0.29000,0.37241,0.59269
0.83000,0.29000,0.38926,0.57711
0.84000,0.29000,0.40900,0.55938
0.85000,0.29000,0.42993,0.54091
0.86000,0.29000,0.45045,0.52299
0.87000,0.29000,0.46914,0.50674
0.88000,0.29000,0.48496,0.49300
0.89000,0.29000,0.49724,0.48233
0.90000,0.29000,0.50579,0.47493
0.91000,0.29000,0.51074,0.47072
0.92000,0.29000,0.51255,0.46935
0.93000,0.29000,0.51187,0.47027
0.94000,0.29000,0.50944,0.47281
0.95000,0.29000,0.50604,0.47621
0.96000,0.29000,0.50246,0.47972
0.97000,0.29000,0.49954,0.48247
0.98000,0.29000,0.49840,0.48335
0.99000,0.29000,0.50108,0.48033
1.0000,0.29000,0.51230,0.46903
0.0000,0.30000,0.51449,0.46662
0.010000,0.30000,0.52650,0.45450
0.020000,0.30000,0.52649,0.45337
0.030000,0.30000,0.51679,0.46107
0.040000,0.30000,0.49862,0.47616
0.050000,0.30000,0.47308,0.49716
0.060000,0.30000,0.44155,0.52237
0.070000,0.30000,0.40582,0.54994
0.080000,0.30000,0.36807,0.57806
0.090000,0.30000,0.33073,0.60510
0.10000,0.30000,0.29624,0.62974
0.11000,0.30000,0.26686,0.65096
0.12000,0.30000,0.24449,0.66786
0.13000,0.30000,0.23062,0.67954
0.14000,0.30000,0.22640,0.68493
0.15000,0.30000,0.23270,0.68268
0.16000,0.30000,0.25020,0.67123
0.17000,0.30000,0.27928,0.64900
0.18000,0.30000,0.31981,0.61478
0.19000,0.30000,0.37072,0.56832
0.20000,0.30000,0.42967,0.51089
0.21000,0.30000,0.49300,0.44551
0.22000,0.30000,0.55627,0.37665
0.23000,0.30000,0.61515,0.30931
0.24000,0.30000,0.66642,0.24786
0.25000,0.30000,0.70847,0.19527
0.26000,0.30000,0.74121,0.15287
0.27000,0.30000,0.76556,0.12072
0.28000,0.30000,0.78281,0.098097
0.29000,0.30000,0.79420,0.084051
0.30000,0.30000,0.80057,0.077756
0.31000,0.30000,0.80223,0.078743
0.32000,0.30000,0.79891,0.087024
0.33000,0.30000,0.78971,0.10312
0.34000,0.30000,0.77318,0.12801
0.35000,0.30000,0.74752,0.16296
0.36000,0.30000,0.71084,0.20914
0.37000,0.30000,0.66184,0.26703
0.38000,0.30000,0.60052,0.33569
0.39000,0.30000,0.52888,0.41214
0.40000,0.30000,0.45106,0.49150
0.41000,0.30000,0.37261,0.56791
0.42000,0.30000,0.29913,0.63607
0.43000,0.30000,0.23490,0.69260
0.44000,0.30000,0.18220,0.73641
0.45000,0.30000,0.14150,0.76823
0.46000,0.30000,0.11203,0.78980
0.47000,0.30000,0.092544,0.80305
0.48000,0.30000,0.081807,0.80961
0.49000,0.30000,0.078938,0.81056
0.50000,0.30000,0.083554,0.80632
0.51000,0.30000,0.095813,0.79667
0.52000,0.30000,0.11637,0.78082
0.53000,0.30000,0.14621,0.75754
0.54000,0.30000,0.18638,0.72544
0.55000,0.30000,0.23747,0.68337
0.56000,0.30000,0.29898,0.63102
0.57000,0.30000,0.36872,0.56946
0.58000,0.30000,0.44268,0.50145
0.59000,0.30000,0.51563,0.43119
0.60000,0.30000,0.58230,0.36347
0.61000,0.30000,0.63871,0.30259
0.62000,0.30000,0.68283,0.25157
0.63000,0.30000,0.71444,0.21197
0.64000,0.30000,0.73449,0.18414
0.65000,0.30000,0.74438,0.16776
0.66000,0.30000,0.74539,0.16228
0.67000,0.30000,0.73846,0.16722
0.68000,0.30000,0.72413,0.18226
0.69000,0.30000,0.70270,0.20714
0.70000,0.30000,0.67444,0.24145
0.71000,0.30000,0.63991,0.28420
0.72000,0.30000,0.60018,0.33357
0.73000,0.30000,0.55699,0.38679
0.74000,0.30000,0.51267,0.44030
0.75000,0.30000,0.46988,0.49044
0.76000,0.30000,0.43115,0.53401
0.77000,0.30000,0.39859,0.56888
0.78000,0.30000,0.37366,0.59407
0.79000,0.30000,0.35709,0.60961
0.80000,0.30000,0.34900,0.61622
0.81000,0.30000,0.34898,0.61503
0.82000,0.30000,0.35619,0.60737
0.83000,0.30000,0.36944,0.59464
0.84000,0.30000,0.38727,0.57835
0.85000,0.30000,0.40796,0.55995
0.86000,0.30000,0.42975,0.54092
0.87000,0.30000,0.45093,0.52256
0.88000,0.30000,0.47006,0.50602
0.89000,0.30000,0.48608,0.49215
0.90000,0.30000,0.49836,0.48147
0.91000,0.30000,0.50674,0.47419
0.92000,0.30000,0.51142,0.47018
0.93000,0.30000,0.51291,0.46905
0.94000,0.30000,0.51191,0.47020
0.95000,0.30000,0.50924,0.47289
0.96000,0.30000,0.50578,0.47626
0.97000,0.30000,0.50253,0.47932
0.98000,0.30000,0.50082,0.48071
0.99000,0.30000,0.50304,0.47812
1.0000,0.30000,0.51449,0.46662
0.0000,0.31000,0.51596,0.46478
0.010000,0.31000,0.52975,0.45098
0.020000,0.31000,0.53346,0.44645
0.030000,0.31000,0.52805,0.45033
0.040000,0.31000,0.51399,0.46197
0.050000,0.31000,0.49182,0.48042
0.060000,0.31000,0.46252,0.50427
0.070000,0.31000,0.42756,0.53178
0.080000,0.31000,0.38892,0.56105
0.090000,0.31000,0.34901,0.59027
0.10000,0.31000,0.31038,0.61786
0.11000,0.31000,0.27552,0.64261
0.12000,0.31000,0.24662,0.66360
0.13000,0.31000,0.22541,0.68002
0.14000,0.31000,0.21320,0.69100
0.15000,0.31000,0.21095,0.69549
0.16000,0.31000,0.21944,0.69210
0.17000,0.31000,0.23931,0.67922
0.18000,0.31000,0.27094,0.65523
0.19000,0.31000,0.31420,0.61889
0.20000,0.31000,0.36797,0.57003
0.21000,0.31000,0.42976,0.51006
0.22000,0.31000,0.49571,0.44227
0.23000,0.31000,0.56114,0.37144
0.24000,0.31000,0.62160,0.30275
0.25000,0.31000,0.67388,0.24063
0.26000,0.31000,0.71647,0.18797
0.27000,0.31000,0.74944,0.14591
0.28000,0.31000,0.77382,0.11430
0.29000,0.31000,0.79099,0.092271
0.30000,0.31000,0.80223,0.078743
0.31000,0.31000,0.80841,0.072837
0.32000,0.31000,0.80985,0.074075
0.33000,0.31000,0.80625,0.082492
0.34000,0.31000,0.79669,0.098669
0.35000,0.31000,0.77971,0.12367
0.36000,0.31000,0.75343,0.15887
0.37000,0.31000,0.71590,0.20556
0.38000,0.31000,0.66577,0.26431
0.39000,0.31000,0.60301,0.33420
0.40000,0.31000,0.52967,0.41218
0.41000,0.31000,0.45009,0.49318
0.42000,0.31000,0.37005,0.57112
0.43000,0.31000,0.29535,0.64058
0.44000,0.31000,0.23037,0.69811
0.45000,0.31000,0.17737,0.74262
0.46000,0.31000,0.13668,0.77491
0.47000,0.31000,0.10740,0.79675
0.48000,0.31000,0.088148,0.81010
0.49000,0.31000,0.077627,0.81661
0.50000,0.31000,0.074922,0.81734
0.51000,0.31000,0.079666,0.81274
0.52000,0.31000,0.092072,0.80257
0.53000,0.31000,0.11288,0.78604
0.54000,0.31000,0.14319,0.76189
0.55000,0.31000,0.18414,0.72869
0.56000,0.31000,0.23640,0.68524
0.57000,0.31000,0.29942,0.63123
0.58000,0.31000,0.37088,0.56777
0.59000,0.31000,0.44655,0.49779
0.60000,0.31000,0.52093,0.42571
0.61000,0.31000,0.58862,0.35654
0.62000,0.31000,0.64562,0.29473
0.63000,0.31000,0.68996,0.24330
0.64000,0.31000,0.72151,0.20372
0.65000,0.31000,0.74126,0.17625
0.66000,0.31000,0.75064,0.16046
0.67000,0.31000,0.75094,0.15574
0.68000,0.31000,0.74308,0.16162
0.69000,0.31000,0.72764,0.17782
0.70000,0.31000,0.70494,0.20413
0.71000,0.31000,0.67528,0.24013
0.72000,0.31000,0.63930,0.28476
0.73000,0.31000,0.59814,0.33601
0.74000,0.31000,0.55364,0.39086
0.75000,0.31000,0.50824,0.44556
0.76000,0.31000,0.46465,0.49631
0.77000,0.31000,0.42548,0.53996
0.78000,0.31000,0.39284,0.57445
0.79000,0.31000,0.36818,0.59895
0.80000,0.31000,0.35220,0.61360
0.81000,0.31000,0.34498,0.61921
0.82000,0.31000,0.34603,0.61697
0.83000,0.31000,0.35445,0.60827
0.84000,0.31000,0.36895,0.59460
0.85000,0.31000,0.38793,0.57747
0.86000,0.31000,0.40959,0.55842
0.87000,0.31000,0.43206,0.53893
0.88000,0.31000,0.45361,0.52035
0.89000,0.31000,0.47278,0.50381
0.90000,0.31000,0.48855,0.49013
0.91000,0.31000,0.50038,0.47982
0.92000,0.31000,0.50816,0.47301
0.93000,0.31000,0.51219,0.46952
0.94000,0.31000,0.51306,0.46891
0.95000,0.31000,0.51154,0.47046
0.96000,0.31000,0.50858,0.47332
0.97000,0.31000,0.50527,0.47640
0.98000,0.31000,0.50312,0.47817
0.99000,0.31000,0.50478,0.47607
1.0000,0.31000,0.51596,0.46478
0.0000,0.32000,0.51666,0.46361
0.010000,0.32000,0.53164,0.44862
0.020000,0.32000,0.53882,0.44082
0.030000,0.32000,0.53781,0.44071
0.040000,0.32000,0.52825,0.44845
0.050000,0.32000,0.51016,0.46365
0.060000,0.32000,0.48401,0.48535
0.070000,0.32000,0.45089,0.51203
0.080000,0.32000,0.41250,0.54182
0.090000,0.32000,0.37108,0.57273
0.10000,0.32000,0.32925,0.60295
0.11000,0.32000,0.28969,0.63098
0.12000,0.32000,0.25487,0.65572
0.13000,0.32000,0.22684,0.67634
0.14000,0.32000,0.20711,0.69214
0.15000,0.32000,0.19678,0.70229
0.16000,0.32000,0.19665,0.70574
0.17000,0.32000,0.20741,0.70109
0.18000,0.32000,0.22965,0.68668
0.19000,0.32000,0.26381,0.66083
0.20000,0.32000,0.30976,0.62232
0.21000,0.32000,0.36632,0.57102
0.22000,0.32000,0.43086,0.50854
0.23000,0.32000,0.49929,0.43844
0.24000,0.32000,0.56672,0.36578
0.25000,0.32000,0.62859,0.29594
0.26000,0.32000,0.68170,0.23339
0.27000,0.32000,0.72468,0.18086
0.28000,0.32000,0.75772,0.13931
0.29000,0.32000,0.78197,0.10838
0.30000,0.32000,0.79891,0.087024
0.31000,0.32000,0.80985,0.074075
0.32000,0.32000,0.81568,0.068608
0.33000,0.32000,0.81672,0.070151
0.34000,0.32000,0.81268,0.078778
0.35000,0.32000,0.80263,0.095133
0.36000,0.32000,0.78506,0.12037
0.37000,0.32000,0.75804,0.15596
0.38000,0.32000,0.71958,0.20329
0.39000,0.32000,0.66826,0.26299
0.40000,0.32000,0.60404,0.33413
0.41000,0.32000,0.52910,0.41355
0.42000,0.32000,0.44793,0.49601
0.43000,0.32000,0.36657,0.57525
0.44000,0.32000,0.29098,0.64572
0.45000,0.32000,0.22561,0.70395
0.46000,0.32000,0.17262,0.74889
0.47000,0.32000,0.13221,0.78138
0.48000,0.32000,0.10333,0.80322
0.49000,0.32000,0.084484,0.81641
0.50000,0.32000,0.074322,0.82258
0.51000,0.32000,0.071924,0.82284
0.52000,0.32000,0.076961,0.81761
0.53000,0.32000,0.089715,0.80669
0.54000,0.32000,0.11102,0.78926
0.55000,0.32000,0.14206,0.76405
0.56000,0.32000,0.18406,0.72959
0.57000,0.32000,0.23767,0.68468
0.58000,0.32000,0.30225,0.62901
0.59000,0.32000,0.37529,0.56379
0.60000,0.32000,0.45229,0.49215
0.61000,0.32000,0.52759,0.41872
0.62000,0.32000,0.59572,0.34871
0.63000,0.32000,0.65273,0.28662
0.64000,0.32000,0.69675,0.23545
0.65000,0.32000,0.72773,0.19652
0.66000,0.32000,0.74672,0.16995
0.67000,0.32000,0.75516,0.15521
0.68000,0.32000,0.75435,0.15168
0.69000,0.32000,0.74523,0.15890
0.70000,0.32000,0.72842,0.17663
0.71000,0.32000,0.70426,0.20469
0.72000,0.32000,0.67315,0.24258
0.73000,0.32000,0.63579,0.28907
0.74000,0.32000,0.59341,0.34193
0.75000,0.32000,0.54797,0.39788
0.76000,0.32000,0.50196,0.45304
0.77000,0.32000,0.45817,0.50359
0.78000,0.32000,0.41922,0.54648
0.79000,0.32000,0.38720,0.57984
0.80000,0.32000,0.36351,0.60301
0.81000,0.32000,0.34876,0.61624
0.82000,0.32000,0.34296,0.62046
0.83000,0.32000,0.34552,0.61691
0.84000,0.32000,0.35543,0.60703
0.85000,0.32000,0.37127,0.59237
0.86000,0.32000,0.39133,0.57449
0.87000,0.32000,0.41371,0.55496
0.88000,0.32000,0.43650,0.53529
0.89000,0.32000,0.45796,0.51681
0.90000,0.32000,0.47668,0.50063
0.91000,0.32000,0.49173,0.48752
0.92000,0.32000,0.50266,0.47792
0.93000,0.32000,0.50948,0.47190
0.94000,0.32000,0.51258,0.46920
0.95000,0.32000,0.51265,0.46924
0.96000,0.32000,0.51059,0.47119
0.97000,0.32000,0.50756,0.47395
0.98000,0.32000,0.50518,0.47589
0.99000,0.32000,0.50623,0.47428
1.0000,0.32000,0.51666,0.46361
0.0000,0.33000,0.51659,0.46318
0.010000,0.33000,0.53210,0.44754
0.020000,0.33000,0.54238,0.43676
0.030000,0.33000,0.54567,0.43261
0.040000,0.33000,0.54087,0.43609
0.050000,0.33000,0.52740,0.44744
0.060000,0.33000,0.50526,0.46616
0.070000,0.33000,0.47507,0.49110
0.080000,0.33000,0.43814,0.52056
0.090000,0.33000,0.39644,0.55253
0.10000,0.33000,0.35251,0.58494
0.11000,0.33000,0.30915,0.61599
0.12000,0.33000,0.26913,0.64428
0.13000,0.33000,0.23482,0.66881
0.14000,0.33000,0.20806,0.68890
0.15000,0.33000,0.19011,0.70391
0.16000,0.33000,0.18184,0.71308
0.17000,0.33000,0.18389,0.71537
0.18000,0.33000,0.19690,0.70935
0.19000,0.33000,0.22147,0.69333
0.20000,0.33000,0.25808,0.66559
0.21000,0.33000,0.30662,0.62488
0.22000,0.33000,0.36584,0.57119
0.23000,0.33000,0.43296,0.50629
0.24000,0.33000,0.50366,0.43405
0.25000,0.33000,0.57286,0.35979
0.26000,0.33000,0.63591,0.28907
0.27000,0.33000,0.68964,0.22633
0.28000,0.33000,0.73281,0.17416
0.29000,0.33000,0.76574,0.13328
0.30000,0.33000,0.78971,0.10312
0.31000,0.33000,0.80625,0.082492
0.32000,0.33000,0.81672,0.070151
0.33000,0.33000,0.82205,0.065149
0.34000,0.33000,0.82256,0.067035
0.35000,0.33000,0.81796,0.075930
0.36000,0.33000,0.80730,0.092546
0.37000,0.33000,0.78905,0.11812
0.38000,0.33000,0.76124,0.15420
0.39000,0.33000,0.72181,0.20226
0.40000,0.33000,0.66931,0.26294
0.41000,0.33000,0.60375,0.33527
0.42000,0.33000,0.52738,0.41598
0.43000,0.33000,0.44491,0.49965
0.44000,0.33000,0.36257,0.57986
0.45000,0.33000,0.28649,0.65102
0.46000,0.33000,0.22108,0.70964
0.47000,0.33000,0.16840,0.75472
0.48000,0.33000,0.12848,0.78713
0.49000,0.33000,0.10013,0.80871
0.50000,0.33000,0.081801,0.82146
0.51000,0.33000,0.072085,0.82706
0.52000,0.33000,0.070095,0.82660
0.53000,0.33000,0.075555,0.82056
0.54000,0.33000,0.088827,0.80871
0.55000,0.33000,0.11082,0.79026
0.56000,0.33000,0.14280,0.76392
0.57000,0.33000,0.18600,0.72821
0.58000,0.33000,0.24100,0.68192
0.59000,0.33000,0.30700,0.62479
0.60000,0.33000,0.38126,0.55817
0.61000,0.33000,0.45909,0.48536
0.62000,0.33000,0.53470,0.41121
0.63000,0.33000,0.60265,0.34105
0.64000,0.33000,0.65909,0.27937
0.65000,0.33000,0.70229,0.22906
0.66000,0.33000,0.73226,0.19127
0.67000,0.33000,0.75011,0.16599
0.68000,0.33000,0.75729,0.15263
0.69000,0.33000,0.75511,0.15057
0.70000,0.33000,0.74457,0.15938
0.71000,0.33000,0.72631,0.17885
0.72000,0.33000,0.70076,0.20876
0.73000,0.33000,0.66836,0.24846
0.74000,0.33000,0.62990,0.29653
0.75000,0.33000,0.58673,0.35045
0.76000,0.33000,0.54085,0.40677
0.77000,0.33000,0.49486,0.46153
0.78000,0.33000,0.45154,0.51103
0.79000,0.33000,0.41350,0.55243
0.80000,0.33000,0.38276,0.58406
0.81000,0.33000,0.36062,0.60543
0.82000,0.33000,0.34759,0.61694
0.83000,0.33000,0.34355,0.61957
0.84000,0.33000,0.34782,0.61463
0.85000,0.33000,0.35924,0.60363
0.86000,0.33000,0.37628,0.58812
0.87000,0.33000,0.39713,0.56972
0.88000,0.33000,0.41983,0.55002
0.89000,0.33000,0.44245,0.53051
0.90000,0.33000,0.46330,0.51250
0.91000,0.33000,0.48108,0.49704
0.92000,0.33000,0.49498,0.48484
0.93000,0.33000,0.50467,0.47626
0.94000,0.33000,0.51028,0.47125
0.95000,0.33000,0.51230,0.46945
0.96000,0.33000,0.51156,0.47012
0.97000,0.33000,0.50919,0.47220
0.98000,0.33000,0.50683,0.47405
0.99000,0.33000,0.50732,0.47289
1.0000,0.33000,0.51659,0.46318
0.0000,0.34000,0.51577,0.46355
0.010000,0.34000,0.53116,0.44783
0.020000,0.34000,0.54403,0.43444
0.030000,0.34000,0.55136,0.42639
0.040000,0.34000,0.55134,0.42542
0.050000,0.34000,0.54286,0.43238
0.060000,0.34000,0.52545,0.44733
0.070000,0.34000,0.49922,0.46956
0.080000,0.34000,0.46500,0.49769
0.090000,0.34000,0.42437,0.52983
0.10000,0.34000,0.37964,0.56380
0.11000,0.34000,0.33360,0.59749
0.12000,0.34000,0.28924,0.62914
0.13000,0.34000,0.24928,0.65746
0.14000,0.34000,0.21595,0.68158
0.15000,0.34000,0.19080,0.70094
0.16000,0.34000,0.17483,0.71500
0.17000,0.34000,0.16868,0.72306
0.18000,0.34000,0.17290,0.72409
0.19000,0.34000,0.18807,0.71665
0.20000,0.34000,0.21486,0.69899
0.21000,0.34000,0.25379,0.66937
0.22000,0.34000,0.30474,0.62654
0.23000,0.34000,0.36643,0.57056
0.24000,0.34000,0.43589,0.50344
0.25000,0.34000,0.50860,0.42930
0.26000,0.34000,0.57930,0.35373
0.27000,0.34000,0.64326,0.28242
0.28000,0.34000,0.69739,0.21975
0.29000,0.34000,0.74054,0.16811
0.30000,0.34000,0.77318,0.12801
0.31000,0.34000,0.79669,0.098669
0.32000,0.34000,0.81268,0.078778
0.33000,0.34000,0.82256,0.067035
0.34000,0.34000,0.82727,0.062493
0.35000,0.34000,0.82714,0.064733
0.36000,0.34000,0.82190,0.073929
0.37000,0.34000,0.81058,0.090860
0.38000,0.34000,0.79161,0.11683
0.39000,0.34000,0.76300,0.15347
0.40000,0.34000,0.72266,0.20226
0.41000,0.34000,0.66912,0.26388
0.42000,0.34000,0.60240,0.33727
0.43000,0.34000,0.52491,0.41903
0.44000,0.34000,0.44151,0.50358
0.45000,0.34000,0.35863,0.58444
0.46000,0.34000,0.28243,0.65595
0.47000,0.34000,0.21729,0.71466
0.48000,0.34000,0.16512,0.75960
0.49000,0.34000,0.12582,0.79167
0.50000,0.34000,0.098075,0.81275
0.51000,0.34000,0.080274,0.82484
0.52000,0.34000,0.071031,0.82966
0.53000,0.34000,0.069497,0.82834
0.54000,0.34000,0.075463,0.82137
0.55000,0.34000,0.089365,0.80855
0.56000,0.34000,0.11218,0.78909
0.57000,0.34000,0.14518,0.76170
0.58000,0.34000,0.18957,0.72491
0.59000,0.34000,0.24581,0.67752
0.60000,0.34000,0.31290,0.61932
0.61000,0.34000,0.38789,0.55181
0.62000,0.34000,0.46593,0.47846
0.63000,0.34000,0.54122,0.40428
0.64000,0.34000,0.60842,0.33464
0.65000,0.34000,0.66382,0.27396
0.66000,0.34000,0.70580,0.22494
0.67000,0.34000,0.73446,0.18861
0.68000,0.34000,0.75094,0.16483
0.69000,0.34000,0.75670,0.15301
0.70000,0.34000,0.75311,0.15253
0.71000,0.34000,0.74119,0.16302
0.72000,0.34000,0.72162,0.18423
0.73000,0.34000,0.69491,0.21585
0.74000,0.34000,0.66158,0.25705
0.75000,0.34000,0.62248,0.30613
0.76000,0.34000,0.57904,0.36039
0.77000,0.34000,0.53334,0.41624
0.78000,0.34000,0.48800,0.46981
0.79000,0.34000,0.44580,0.51756
0.80000,0.34000,0.40927,0.55690
0.81000,0.34000,0.38032,0.58642
0.82000,0.34000,0.36012,0.60576
0.83000,0.34000,0.34908,0.61543
0.84000,0.34000,0.34692,0.61649
0.85000,0.34000,0.35285,0.61029
0.86000,0.34000,0.36558,0.59835
0.87000,0.34000,0.38349,0.58227
0.88000,0.34000,0.40470,0.56367
0.89000,0.34000,0.42721,0.54414
0.90000,0.34000,0.44916,0.52515
0.91000,0.34000,0.46895,0.50796
0.92000,0.34000,0.48540,0.49354
0.93000,0.34000,0.49783,0.48252
0.94000,0.34000,0.50605,0.47515
0.95000,0.34000,0.51032,0.47126
0.96000,0.34000,0.51127,0.47031
0.97000,0.34000,0.50994,0.47136
0.98000,0.34000,0.50792,0.47283
0.99000,0.34000,0.50797,0.47202
1.0000,0.34000,0.51577,0.46355
0.0000,0.35000,0.51422,0.46476
0.010000,0.35000,0.52888,0.44950
0.020000,0.35000,0.54375,0.43400
0.030000,0.35000,0.55469,0.42232
0.040000,0.35000,0.55927,0.41690
0.050000,0.35000,0.55594,0.41913
0.060000,0.35000,0.54376,0.42961
0.070000,0.35000,0.52238,0.44816
0.080000,0.35000,0.49209,0.47384
0.090000,0.35000,0.45397,0.50504
0.10000,0.35000,0.40991,0.53965
0.11000,0.35000,0.36256,0.57538
0.12000,0.35000,0.31494,0.61009
0.13000,0.35000,0.27012,0.64208
0.14000,0.35000,0.23073,0.67017
0.15000,0.35000,0.19875,0.69367
0.16000,0.35000,0.17543,0.71213
0.17000,0.35000,0.16151,0.72512
0.18000,0.35000,0.15745,0.73199
0.19000,0.35000,0.16371,0.73172
0.20000,0.35000,0.18091,0.72286
0.21000,0.35000,0.20974,0.70362
0.22000,0.35000,0.25079,0.67220
0.23000,0.35000,0.30396,0.62739
0.24000,0.35000,0.36786,0.56933
0.25000,0.35000,0.43938,0.50023
0.26000,0.35000,0.51379,0.42449
0.27000,0.35000,0.58568,0.34793
0.28000,0.35000,0.65028,0.27631
0.29000,0.35000,0.70457,0.21393
0.30000,0.35000,0.74752,0.16296
0.31000,0.35000,0.77971,0.12367
0.32000,0.35000,0.80263,0.095133
0.33000,0.35000,0.81796,0.075930
0.34000,0.35000,0.82714,0.064733
0.35000,0.35000,0.83115,0.060609
0.36000,0.35000,0.83035,0.063178
0.37000,0.35000,0.82443,0.072668
0.38000,0.35000,0.81244,0.089917
0.39000,0.35000,0.79279,0.11629
0.40000,0.35000,0.76347,0.15346
0.41000,0.35000,0.72237,0.20296
0.42000,0.35000,0.66802,0.26539
0.43000,0.35000,0.60049,0.33963
0.44000,0.35000,0.52227,0.42214
0.45000,0.35000,0.43838,0.50725
0.46000,0.35000,0.35535,0.58840
0.47000,0.35000,0.27937,0.65995
0.48000,0.35000,0.21471,0.71848
0.49000,0.35000,0.16317,0.76303
0.50000,0.35000,0.12449,0.79456
0.51000,0.35000,0.097300,0.81495
0.52000,0.35000,0.079980,0.82625
0.53000,0.35000,0.071172,0.83020
0.54000,0.35000,0.070084,0.82798
0.55000,0.35000,0.076575,0.82010
0.56000,0.35000,0.091137,0.80640
0.57000,0.35000,0.11477,0.78609
0.58000,0.35000,0.14875,0.75791
0.59000,0.35000,0.19417,0.72036
0.60000,0.35000,0.25132,0.67228
0.61000,0.35000,0.31902,0.61354
0.62000,0.35000,0.39414,0.54575
0.63000,0.35000,0.47178,0.47252
0.64000,0.35000,0.54620,0.39896
0.65000,0.35000,0.61220,0.33039
0.66000,0.35000,0.66623,0.27111
0.67000,0.35000,0.70678,0.22363
0.68000,0.35000,0.73401,0.18886
0.69000,0.35000,0.74908,0.16662
0.70000,0.35000,0.75348,0.15631
0.71000,0.35000,0.74861,0.15737
0.72000,0.35000,0.73553,0.16942
0.73000,0.35000,0.71499,0.19217
0.74000,0.35000,0.68752,0.22514
0.75000,0.35000,0.65371,0.26728
0.76000,0.35000,0.61450,0.31669
0.77000,0.35000,0.57135,0.37050
0.78000,0.35000,0.52642,0.42513
0.79000,0.35000,0.48230,0.47684
0.80000,0.35000,0.44173,0.52237
0.81000,0.35000,0.40713,0.55937
0.82000,0.35000,0.38028,0.58662
0.83000,0.35000,0.36222,0.60391
0.84000,0.35000,0.35319,0.61185
0.85000,0.35000,0.35281,0.61150
0.86000,0.35000,0.36016,0.60426
0.87000,0.35000,0.37386,0.59167
0.88000,0.35000,0.39221,0.57534
0.89000,0.35000,0.41329,0.55688
0.90000,0.35000,0.43514,0.53787
0.91000,0.35000,0.45598,0.51971
0.92000,0.35000,0.47434,0.50362
0.93000,0.35000,0.48917,0.49048
0.94000,0.35000,0.49995,0.48081
0.95000,0.35000,0.50662,0.47473
0.96000,0.35000,0.50957,0.47191
0.97000,0.35000,0.50965,0.47160
0.98000,0.35000,0.50831,0.47239
0.99000,0.35000,0.50810,0.47177
1.0000,0.35000,0.51422,0.46476
0.0000,0.36000,0.51200,0.46680
0.010000,0.36000,0.52540,0.45252
0.020000,0.36000,0.54161,0.43548
0.030000,0.36000,0.55558,0.42061
0.040000,0.36000,0.56439,0.41091
0.050000,0.36000,0.56612,0.40826
0.060000,0.36000,0.55945,0.41377
0.070000,0.36000,0.54359,0.42777
0.080000,0.36000,0.51831,0.44985
0.090000,0.36000,0.48410,0.47884
0.10000,0.36000,0.44233,0.51289
0.11000,0.36000,0.39524,0.54972
0.12000,0.36000,0.34575,0.58693
0.13000,0.36000,0.29710,0.62237
0.14000,0.36000,0.25235,0.65443
0.15000,0.36000,0.21394,0.68209
0.16000,0.36000,0.18355,0.70479
0.17000,0.36000,0.16214,0.72223
0.18000,0.36000,0.15021,0.73408
0.19000,0.36000,0.14810,0.73974
0.20000,0.36000,0.15623,0.73821
0.21000,0.36000,0.17524,0.72800
0.22000,0.36000,0.20591,0.70730
0.23000,0.36000,0.24885,0.67425
0.24000,0.36000,0.30396,0.62766
0.25000,0.36000,0.36978,0.56778
0.26000,0.36000,0.44303,0.49700
0.27000,0.36000,0.51881,0.42000
0.28000,0.36000,0.59159,0.34277
0.29000,0.36000,0.65659,0.27109
0.30000,0.36000,0.71084,0.20914
0.31000,0.36000,0.75343,0.15887
0.32000,0.36000,0.78506,0.12037
0.33000,0.36000,0.80730,0.092546
0.34000,0.36000,0.82190,0.073929
0.35000,0.36000,0.83035,0.063178
0.36000,0.36000,0.83364,0.059383
0.37000,0.36000,0.83214,0.062205
0.38000,0.36000,0.82557,0.071925
0.39000,0.36000,0.81297,0.089439
0.40000,0.36000,0.79277,0.11617
0.41000,0.36000,0.76294,0.15384
0.42000,0.36000,0.72138,0.20394
0.43000,0.36000,0.66658,0.26702
0.44000,0.36000,0.59865,0.34183
0.45000,0.36000,0.52014,0.42475
0.46000,0.36000,0.43617,0.51005
0.47000,0.36000,0.35334,0.59117
0.48000,0.36000,0.27780,0.66249
0.49000,0.36000,0.21372,0.72061
0.50000,0.36000,0.16277,0.76463
0.51000,0.36000,0.12460,0.79551
0.52000,0.36000,0.097845,0.81514
0.53000,0.36000,0.080879,0.82562
0.54000,0.36000,0.072405,0.82874
0.55000,0.36000,0.071689,0.82571
0.56000,0.36000,0.078645,0.81708
0.57000,0.36000,0.093802,0.80273
0.58000,0.36000,0.11816,0.78189
0.59000,0.36000,0.15291,0.75328
0.60000,0.36000,0.19903,0.71543
0.61000,0.36000,0.25663,0.66717
0.62000,0.36000,0.32437,0.60845
0.63000,0.36000,0.39903,0.54097
0.64000,0.36000,0.47574,0.46847
0.65000,0.36000,0.54890,0.39603
0.66000,0.36000,0.61345,0.32890
0.67000,0.36000,0.66600,0.27119
0.68000,0.36000,0.70511,0.22528
0.69000,0.36000,0.73098,0.19199
0.70000,0.36000,0.74479,0.17114
0.71000,0.36000,0.74807,0.16218
0.72000,0.36000,0.74222,0.16457
0.73000,0.36000,0.72836,0.17790
0.74000,0.36000,0.70726,0.20178
0.75000,0.36000,0.67949,0.23556
0.76000,0.36000,0.64571,0.27800
0.77000,0.36000,0.60688,0.32702
0.78000,0.36000,0.56453,0.37969
0.79000,0.36000,0.52082,0.43253
0.80000,0.36000,0.47834,0.48200
0.81000,0.36000,0.43973,0.52509
0.82000,0.36000,0.40729,0.55969
0.83000,0.36000,0.38264,0.58473
0.84000,0.36000,0.36667,0.60014
0.85000,0.36000,0.35951,0.60655
0.86000,0.36000,0.36065,0.60506
0.87000,0.36000,0.36908,0.59708
0.88000,0.36000,0.38333,0.58415
0.89000,0.36000,0.40167,0.56788
0.90000,0.36000,0.42219,0.54987
0.91000,0.36000,0.44299,0.53165
0.92000,0.36000,0.46241,0.51458
0.93000,0.36000,0.47909,0.49979
0.94000,0.36000,0.49216,0.48807
0.95000,0.36000,0.50123,0.47981
0.96000,0.36000,0.50637,0.47497
0.97000,0.36000,0.50818,0.47304
0.98000,0.36000,0.50786,0.47286
0.99000,0.36000,0.50763,0.47223
1.0000,0.36000,0.51200,0.46680
0.0000,0.37000,0.50917,0.46964
0.010000,0.37000,0.52089,0.45679
0.020000,0.37000,0.53776,0.43882
0.030000,0.37000,0.55409,0.42133
0.040000,0.37000,0.56660,0.40772
0.050000,0.37000,0.57307,0.40026
0.060000,0.37000,0.57191,0.40049
0.070000,0.37000,0.56196,0.40927
0.080000,0.37000,0.54251,0.42670
0.090000,0.37000,0.51350,0.45216
0.10000,0.37000,0.47563,0.48425
0.11000,0.37000,0.43057,0.52091
0.12000,0.37000,0.38089,0.55968
0.13000,0.37000,0.32979,0.59808
0.14000,0.37000,0.28062,0.63399
0.15000,0.37000,0.23634,0.66590
0.16000,0.37000,0.19916,0.69294
0.17000,0.37000,0.17045,0.71474
0.18000,0.37000,0.15089,0.73111
0.19000,0.37000,0.14080,0.74183
0.20000,0.37000,0.14043,0.74634
0.21000,0.37000,0.15020,0.74365
0.22000,0.37000,0.17080,0.73224
0.23000,0.37000,0.20306,0.71025
0.24000,0.37000,0.24763,0.67581
0.25000,0.37000,0.30438,0.62770
0.26000,0.37000,0.37177,0.56628
0.27000,0.37000,0.44640,0.49417
0.28000,0.37000,0.52324,0.41623
0.29000,0.37000,0.59665,0.33859
0.30000,0.37000,0.66184,0.26703
0.31000,0.37000,0.71590,0.20556
0.32000,0.37000,0.75804,0.15596
0.33000,0.37000,0.78905,0.11812
0.34000,0.37000,0.81058,0.090860
0.35000,0.37000,0.82443,0.072668
0.36000,0.37000,0.83214,0.062205
0.37000,0.37000,0.83473,0.058593
0.38000,0.37000,0.83260,0.061541
0.39000,0.37000,0.82548,0.071394
0.40000,0.37000,0.81245,0.089120
0.41000,0.37000,0.79195,0.11619
0.42000,0.37000,0.76197,0.15430
0.43000,0.37000,0.72034,0.20488
0.44000,0.37000,0.66552,0.26836
0.45000,0.37000,0.59759,0.34339
0.46000,0.37000,0.51917,0.42632
0.47000,0.37000,0.43547,0.51144
0.48000,0.37000,0.35307,0.59224
0.49000,0.37000,0.27807,0.66314
0.50000,0.37000,0.21451,0.72077
0.51000,0.37000,0.16399,0.76421
0.52000,0.37000,0.12615,0.79444
0.53000,0.37000,0.099604,0.81338
0.54000,0.37000,0.082802,0.82315
0.55000,0.37000,0.074498,0.82560
0.56000,0.37000,0.074016,0.82198
0.57000,0.37000,0.081309,0.81290
0.58000,0.37000,0.096912,0.79826
0.59000,0.37000,0.12178,0.77729
0.60000,0.37000,0.15700,0.74871
0.61000,0.37000,0.20338,0.71102
0.62000,0.37000,0.26090,0.66308
0.63000,0.37000,0.32812,0.60489
0.64000,0.37000,0.40183,0.53824
0.65000,0.37000,0.47725,0.46690
0.66000,0.37000,0.54894,0.39590
0.67000,0.37000,0.61202,0.33033
0.68000,0.37000,0.66318,0.27415
0.69000,0.37000,0.70104,0.22965
0.70000,0.37000,0.72581,0.19760
0.71000,0.37000,0.73868,0.17788
0.72000,0.37000,0.74119,0.16997
0.73000,0.37000,0.73477,0.17334
0.74000,0.37000,0.72055,0.18754
0.75000,0.37000,0.69933,0.21204
0.76000,0.37000,0.67171,0.24604
0.77000,0.37000,0.63837,0.28814
0.78000,0.37000,0.60032,0.33617
0.79000,0.37000,0.55913,0.38722
0.80000,0.37000,0.51695,0.43796
0.81000,0.37000,0.47634,0.48507
0.82000,0.37000,0.43982,0.52575
0.83000,0.37000,0.40955,0.55807
0.84000,0.37000,0.38702,0.58113
0.85000,0.37000,0.37297,0.59491
0.86000,0.37000,0.36740,0.60006
0.87000,0.37000,0.36974,0.59772
0.88000,0.37000,0.37885,0.58929
0.89000,0.37000,0.39326,0.57631
0.90000,0.37000,0.41121,0.56036
0.91000,0.37000,0.43083,0.54303
0.92000,0.37000,0.45032,0.52580
0.93000,0.37000,0.46812,0.50998
0.94000,0.37000,0.48303,0.49660
0.95000,0.37000,0.49431,0.48633
0.96000,0.37000,0.50170,0.47945
0.97000,0.37000,0.50546,0.47571
0.98000,0.37000,0.50648,0.47430
0.99000,0.37000,0.50650,0.47347
1.0000,0.37000,0.50917,0.46964
0.0000,0.38000,0.50578,0.47319
0.010000,0.38000,0.51552,0.46215
0.020000,0.38000,0.53242,0.44390
0.030000,0.38000,0.55040,0.42445
0.040000,0.38000,0.56594,0.40744
0.050000,0.38000,0.57666,0.39545
0.060000,0.38000,0.58075,0.39037
0.070000,0.38000,0.57678,0.39349
0.080000,0.38000,0.56368,0.40543
0.090000,0.38000,0.54084,0.42615
0.10000,0.38000,0.50835,0.45478
0.11000,0.38000,0.46714,0.48973
0.12000,0.38000,0.41919,0.52873
0.13000,0.38000,0.36739,0.56917
0.14000,0.38000,0.31515,0.60851
0.15000,0.38000,0.26586,0.64467
0.16000,0.38000,0.22232,0.67626
0.17000,0.38000,0.18647,0.70260
0.18000,0.38000,0.15938,0.72345
0.19000,0.38000,0.14150,0.73878
0.20000,0.38000,0.13303,0.74845
0.21000,0.38000,0.13416,0.75194
0.22000,0.38000,0.14534,0.74826
0.23000,0.38000,0.16728,0.73587
0.24000,0.38000,0.20086,0.71282
0.25000,0.38000,0.24673,0.67721
0.26000,0.38000,0.30478,0.62787
0.27000,0.38000,0.37339,0.56524
0.28000,0.38000,0.44908,0.49212
0.29000,0.38000,0.52669,0.41353
0.30000,0.38000,0.60052,0.33569
0.31000,0.38000,0.66577,0.26431
0.32000,0.38000,0.71958,0.20329
0.33000,0.38000,0.76124,0.15420
0.34000,0.38000,0.79161,0.11683
0.35000,0.38000,0.81244,0.089917
0.36000,0.38000,0.82557,0.071925
0.37000,0.38000,0.83260,0.061541
0.38000,0.38000,0.83458,0.057940
0.39000,0.38000,0.83197,0.060907
0.40000,0.38000,0.82456,0.070870
0.41000,0.38000,0.81144,0.088839
0.42000,0.38000,0.79108,0.11626
0.43000,0.38000,0.76135,0.15471
0.44000,0.38000,0.72002,0.20550
0.45000,0.38000,0.66549,0.26897
0.46000,0.38000,0.59788,0.34377
0.47000,0.38000,0.51987,0.42630
0.48000,0.38000,0.43667,0.51095
0.49000,0.38000,0.35481,0.59127
0.50000,0.38000,0.28028,0.66171
0.51000,0.38000,0.21707,0.71888
0.52000,0.38000,0.16672,0.76185
0.53000,0.38000,0.12891,0.79157
0.54000,0.38000,0.10232,0.81000
0.55000,0.38000,0.085443,0.81930
0.56000,0.38000,0.077110,0.82136
0.57000,0.38000,0.076689,0.81749
0.58000,0.38000,0.084150,0.80835
0.59000,0.38000,0.099993,0.79384
0.60000,0.38000,0.12508,0.77319
0.61000,0.38000,0.16036,0.74505
0.62000,0.38000,0.20651,0.70792
0.63000,0.38000,0.26343,0.66069
0.64000,0.38000,0.32968,0.60341
0.65000,0.38000,0.40212,0.53794
0.66000,0.38000,0.47613,0.46799
0.67000,0.38000,0.54641,0.39851
0.68000,0.38000,0.60819,0.33442
0.69000,0.38000,0.65824,0.27955
0.70000,0.38000,0.69518,0.23615
0.71000,0.38000,0.71922,0.20502
0.72000,0.38000,0.73155,0.18607
0.73000,0.38000,0.73370,0.17884
0.74000,0.38000,0.72712,0.18278
0.75000,0.38000,0.71295,0.19737
0.76000,0.38000,0.69198,0.22197
0.77000,0.38000,0.66484,0.25566
0.78000,0.38000,0.63223,0.29693
0.79000,0.38000,0.59519,0.34359
0.80000,0.38000,0.55534,0.39281
0.81000,0.38000,0.51482,0.44140
0.82000,0.38000,0.47611,0.48623
0.83000,0.38000,0.44164,0.52469
0.84000,0.38000,0.41343,0.55500
0.85000,0.38000,0.39282,0.57635
0.86000,0.38000,0.38042,0.58877
0.87000,0.38000,0.37615,0.59295
0.88000,0.38000,0.37934,0.59002
0.89000,0.38000,0.38881,0.58138
0.90000,0.38000,0.40306,0.56855
0.91000,0.38000,0.42034,0.55311
0.92000,0.38000,0.43885,0.53661
0.93000,0.38000,0.45689,0.52049
0.94000,0.38000,0.47301,0.50599
0.95000,0.38000,0.48614,0.49404
0.96000,0.38000,0.49567,0.48521
0.97000,0.38000,0.50150,0.47959
0.98000,0.38000,0.50409,0.47676
0.99000,0.38000,0.50466,0.47548
1.0000,0.38000,0.50578,0.47319
0.0000,0.39000,0.50191,0.47735
0.010000,0.39000,0.50951,0.46838
0.020000,0.39000,0.52585,0.45049
0.030000,0.39000,0.54473,0.42980
0.040000,0.39000,0.56258,0.41007
0.050000,0.39000,0.57690,0.39402
0.060000,0.39000,0.58577,0.38383
0.070000,0.39000,0.58757,0.38112
0.080000,0.39000,0.58097,0.38701
0.090000,0.39000,0.56494,0.40197
0.10000,0.39000,0.53897,0.42575
0.11000,0.39000,0.50328,0.45734
0.12000,0.39000,0.45908,0.49491
0.13000,0.39000,0.40864,0.53602
0.14000,0.39000,0.35513,0.57791
0.15000,0.39000,0.30213,0.61799
0.16000,0.39000,0.25297,0.65425
0.17000,0.39000,0.21027,0.68544
0.18000,0.39000,0.17571,0.71104
0.19000,0.39000,0.15008,0.73100
0.20000,0.39000,0.13368,0.74540
0.21000,0.39000,0.12658,0.75417
0.22000,0.39000,0.12898,0.75685
0.23000,0.39000,0.14131,0.75239
0.24000,0.39000,0.16431,0.73922
0.25000,0.39000,0.19888,0.71534
0.26000,0.39000,0.24572,0.67882
0.27000,0.39000,0.30471,0.62853
0.28000,0.39000,0.37423,0.56500
0.29000,0.39000,0.45070,0.49116
0.30000,0.39000,0.52888,0.41214
0.31000,0.39000,0.60301,0.33420
0.32000,0.39000,0.66826,0.26299
0.33000,0.39000,0.72181,0.20226
0.34000,0.39000,0.76300,0.15347
0.35000,0.39000,0.79279,0.11629
0.36000,0.39000,0.81297,0.089439
0.37000,0.39000,0.82548,0.071394
0.38000,0.39000,0.83197,0.060907
0.39000,0.39000,0.83360,0.057243
0.40000,0.39000,0.83086,0.060270
0.41000,0.39000,0.82359,0.070438
0.42000,0.39000,0.81084,0.088694
0.43000,0.39000,0.79098,0.11635
0.44000,0.39000,0.76179,0.15484
0.45000,0.39000,0.72097,0.20539
0.46000,0.39000,0.66695,0.26837
0.47000,0.39000,0.59989,0.34251
0.48000,0.39000,0.52249,0.42434
0.49000,0.39000,0.43989,0.50836
0.50000,0.39000,0.35852,0.58820
0.51000,0.39000,0.28428,0.65828
0.52000,0.39000,0.22113,0.71518
0.53000,0.39000,0.17063,0.75791
0.54000,0.39000,0.13252,0.78739
0.55000,0.39000,0.10559,0.80559
0.56000,0.39000,0.088403,0.81474
0.57000,0.39000,0.079850,0.81678
0.58000,0.39000,0.079322,0.81309
0.59000,0.39000,0.086761,0.80431
0.60000,0.39000,0.10258,0.79033
0.61000,0.39000,0.12752,0.77032
0.62000,0.39000,0.16242,0.74291
0.63000,0.39000,0.20791,0.70659
0.64000,0.39000,0.26385,0.66030
0.65000,0.39000,0.32888,0.60416
0.66000,0.39000,0.39998,0.53999
0.67000,0.39000,0.47267,0.47146
0.68000,0.39000,0.54177,0.40336
0.69000,0.39000,0.60260,0.34049
0.70000,0.39000,0.65192,0.28661
0.71000,0.39000,0.68835,0.24394
0.72000,0.39000,0.71207,0.21336
0.73000,0.39000,0.72425,0.19481
0.74000,0.39000,0.72643,0.18787
0.75000,0.39000,0.72003,0.19197
0.76000,0.39000,0.70620,0.20652
0.77000,0.39000,0.68572,0.23082
0.78000,0.39000,0.65923,0.26382
0.79000,0.39000,0.62747,0.30400
0.80000,0.39000,0.59152,0.34917
0.81000,0.39000,0.55303,0.39658
0.82000,0.39000,0.51413,0.44318
0.83000,0.39000,0.47723,0.48597
0.84000,0.39000,0.44466,0.52249
0.85000,0.39000,0.41830,0.55107
0.86000,0.39000,0.39936,0.57098
0.87000,0.39000,0.38835,0.58230
0.88000,0.39000,0.38509,0.58572
0.89000,0.39000,0.38885,0.58239
0.90000,0.39000,0.39844,0.57369
0.91000,0.39000,0.41232,0.56114
0.92000,0.39000,0.42879,0.54631
0.93000,0.39000,0.44611,0.53071
0.94000,0.39000,0.46267,0.51575
0.95000,0.39000,0.47712,0.50257
0.96000,0.39000,0.48852,0.49202
0.97000,0.39000,0.49638,0.48457
0.98000,0.39000,0.50070,0.48018
0.99000,0.39000,0.50208,0.47826
1.0000,0.39000,0.50191,0.47735
0.0000,0.40000,0.49765,0.48197
0.010000,0.40000,0.50306,0.47524
0.020000,0.40000,0.51831,0.45831
0.030000,0.40000,0.53739,0.43716
0.040000,0.40000,0.55678,0.41546
0.050000,0.40000,0.57399,0.39599
0.060000,0.40000,0.58702,0.38109
0.070000,0.40000,0.59414,0.37268
0.080000,0.40000,0.59385,0.37225
0.090000,0.40000,0.58483,0.38075
0.10000,0.40000,0.56612,0.39852
0.11000,0.40000,0.53729,0.42517
0.12000,0.40000,0.49870,0.45951
0.13000,0.40000,0.45183,0.49951
0.14000,0.40000,0.39924,0.54254
0.15000,0.40000,0.34434,0.58571
0.16000,0.40000,0.29081,0.62642
0.17000,0.40000,0.24190,0.66271
0.18000,0.40000,0.20003,0.69350
0.19000,0.40000,0.16661,0.71843
0.20000,0.40000,0.14226,0.73761
0.21000,0.40000,0.12710,0.75126
0.22000,0.40000,0.12115,0.75935
0.23000,0.40000,0.12455,0.76140
0.24000,0.40000,0.13773,0.75637
0.25000,0.40000,0.16146,0.74262
0.26000,0.40000,0.19670,0.71812
0.27000,0.40000,0.24419,0.68096
0.28000,0.40000,0.30385,0.63000
0.29000,0.40000,0.37401,0.56585
0.30000,0.40000,0.45106,0.49150
0.31000,0.40000,0.52967,0.41218
0.32000,0.40000,0.60404,0.33413
0.33000,0.40000,0.66931,0.26294
0.34000,0.40000,0.72266,0.20226
0.35000,0.40000,0.76347,0.15346
0.36000,0.40000,0.79277,0.11617
0.37000,0.40000,0.81245,0.089120
0.38000,0.40000,0.82456,0.070870
0.39000,0.40000,0.83086,0.060270
0.40000,0.40000,0.83257,0.056653
0.41000,0.40000,0.83019,0.059874
0.42000,0.40000,0.82348,0.070280
0.43000,0.40000,0.81140,0.088666
0.44000,0.40000,0.79221,0.11620
0.45000,0.40000,0.76364,0.15426
0.46000,0.40000,0.72344,0.20410
0.47000,0.40000,0.67006,0.26618
0.48000,0.40000,0.60370,0.33939
0.49000,0.40000,0.52699,0.42039
0.50000,0.40000,0.44496,0.50381
0.51000,0.40000,0.36390,0.58332
0.52000,0.40000,0.28966,0.65330
0.53000,0.40000,0.22620,0.71021
0.54000,0.40000,0.17518,0.75300
0.55000,0.40000,0.13647,0.78257
0.56000,0.40000,0.10895,0.80090
0.57000,0.40000,0.091267,0.81029
0.58000,0.40000,0.082343,0.81273
0.59000,0.40000,0.081542,0.80959
0.60000,0.40000,0.088729,0.80150
0.61000,0.40000,0.10422,0.78829
0.62000,0.40000,0.12865,0.76908
0.63000,0.40000,0.16283,0.74253
0.64000,0.40000,0.20737,0.70713
0.65000,0.40000,0.26218,0.66187
0.66000,0.40000,0.32598,0.60687
0.67000,0.40000,0.39589,0.54393
0.68000,0.40000,0.46753,0.47663
0.69000,0.40000,0.53582,0.40962
0.70000,0.40000,0.59611,0.34763
0.71000,0.40000,0.64513,0.29436
0.72000,0.40000,0.68144,0.25207
0.73000,0.40000,0.70520,0.22168
0.74000,0.40000,0.71755,0.20321
0.75000,0.40000,0.72001,0.19624
0.76000,0.40000,0.71400,0.20019
0.77000,0.40000,0.70064,0.21443
0.78000,0.40000,0.68072,0.23817
0.79000,0.40000,0.65490,0.27035
0.80000,0.40000,0.62395,0.30941
0.81000,0.40000,0.58902,0.35320
0.82000,0.40000,0.55177,0.39901
0.83000,0.40000,0.51435,0.44387
0.84000,0.40000,0.47909,0.48491
0.85000,0.40000,0.44822,0.51977
0.86000,0.40000,0.42349,0.54688
0.87000,0.40000,0.40600,0.56557
0.88000,0.40000,0.39616,0.57594
0.89000,0.40000,0.39371,0.57874
0.90000,0.40000,0.39788,0.57510
0.91000,0.40000,0.40744,0.56642
0.92000,0.40000,0.42087,0.55420
0.93000,0.40000,0.43649,0.54001
0.94000,0.40000,0.45262,0.52532
0.95000,0.40000,0.46773,0.51148
0.96000,0.40000,0.48057,0.49960
0.97000,0.40000,0.49028,0.49046
0.98000,0.40000,0.49638,0.48449
0.99000,0.40000,0.49878,0.48174
1.0000,0.40000,0.49765,0.48197
0.0000,0.41000,0.49309,0.48689
0.010000,0.41000,0.49637,0.48245
0.020000,0.41000,0.51009,0.46703
0.030000,0.41000,0.52870,0.44619
0.040000,0.41000,0.54888,0.42335
0.050000,0.41000,0.56822,0.40122
0.060000,0.41000,0.58469,0.38221
0.070000,0.41000,0.59652,0.36845
0.080000,0.41000,0.60207,0.36173
0.090000,0.41000,0.59990,0.36342
0.10000,0.41000,0.58871,0.37436
0.11000,0.41000,0.56757,0.39477
0.12000,0.41000,0.53611,0.42413
0.13000,0.41000,0.49488,0.46106
0.14000,0.41000,0.44561,0.50335
0.15000,0.41000,0.39112,0.54818
0.16000,0.41000,0.33504,0.59256
0.17000,0.41000,0.28108,0.63384
0.18000,0.41000,0.23242,0.67017
0.19000,0.41000,0.19128,0.70062
0.20000,0.41000,0.15885,0.72502
0.21000,0.41000,0.13556,0.74362
0.22000,0.41000,0.12140,0.75670
0.23000,0.41000,0.11632,0.76429
0.24000,0.41000,0.12041,0.76591
0.25000,0.41000,0.13415,0.76048
0.26000,0.41000,0.15836,0.74635
0.27000,0.41000,0.19402,0.72148
0.28000,0.41000,0.24193,0.68390
0.29000,0.41000,0.30200,0.63250
0.30000,0.41000,0.37261,0.56791
0.31000,0.41000,0.45009,0.49318
0.32000,0.41000,0.52910,0.41355
0.33000,0.41000,0.60375,0.33527
0.34000,0.41000,0.66912,0.26388
0.35000,0.41000,0.72237,0.20296
0.36000,0.41000,0.76294,0.15384
0.37000,0.41000,0.79195,0.11619
0.38000,0.41000,0.81144,0.088839
0.39000,0.41000,0.82359,0.070438
0.40000,0.41000,0.83019,0.059874
0.41000,0.41000,0.83244,0.056425
0.42000,0.41000,0.83076,0.059817
0.43000,0.41000,0.82479,0.070242
0.44000,0.41000,0.81342,0.088377
0.45000,0.41000,0.79489,0.11535
0.46000,0.41000,0.76696,0.15257
0.47000,0.41000,0.72741,0.20137
0.48000,0.41000,0.67475,0.26234
0.49000,0.41000,0.60912,0.33453
0.50000,0.41000,0.53305,0.41477
0.51000,0.41000,0.45139,0.49777
0.52000,0.41000,0.37035,0.57722
0.53000,0.41000,0.29574,0.64742
0.54000,0.41000,0.23161,0.70471
0.55000,0.41000,0.17977,0.74792
0.56000,0.41000,0.14022,0.77794
0.57000,0.41000,0.11194,0.79678
0.58000,0.41000,0.093635,0.80678
0.59000,0.41000,0.084207,0.80992
0.60000,0.41000,0.082955,0.80757
0.61000,0.41000,0.089660,0.80031
0.62000,0.41000,0.10456,0.78793
0.63000,0.41000,0.12828,0.76956
0.64000,0.41000,0.16159,0.74385
0.65000,0.41000,0.20512,0.70932
0.66000,0.41000,0.25887,0.66497
0.67000,0.41000,0.32164,0.61093
0.68000,0.41000,0.39064,0.54896
0.69000,0.41000,0.46163,0.48255
0.70000,0.41000,0.52954,0.41629
0.71000,0.41000,0.58968,0.35481
0.72000,0.41000,0.63875,0.30182
0.73000,0.41000,0.67523,0.25962
0.74000,0.41000,0.69926,0.22918
0.75000,0.41000,0.71195,0.21057
0.76000,0.41000,0.71480,0.20339
0.77000,0.41000,0.70922,0.20704
0.78000,0.41000,0.69630,0.22086
0.79000,0.41000,0.67685,0.24405
0.80000,0.41000,0.65157,0.27549
0.81000,0.41000,0.62128,0.31360
0.82000,0.41000,0.58719,0.35624
0.83000,0.41000,0.55102,0.40074
0.84000,0.41000,0.51489,0.44417
0.85000,0.41000,0.48109,0.48373
0.86000,0.41000,0.45173,0.51714
0.87000,0.41000,0.42846,0.54294
0.88000,0.41000,0.41226,0.56052
0.89000,0.41000,0.40345,0.57003
0.90000,0.41000,0.40171,0.57224
0.91000,0.41000,0.40622,0.56831
0.92000,0.41000,0.41572,0.55963
0.93000,0.41000,0.42870,0.54772
0.94000,0.41000,0.44351,0.53411
0.95000,0.41000,0.45852,0.52029
0.96000,0.41000,0.47223,0.50755
0.97000,0.41000,0.48345,0.49701
0.98000,0.41000,0.49124,0.48951
0.99000,0.41000,0.49482,0.48580
1.0000,0.41000,0.49309,0.48689
0.0000,0.42000,0.48834,0.49192
0.010000,0.42000,0.48964,0.48972
0.020000,0.42000,0.50148,0.47629
0.030000,0.42000,0.51900,0.45650
0.040000,0.42000,0.53925,0.43338
0.050000,0.42000,0.55995,0.40944
0.060000,0.42000,0.57911,0.38707
0.070000,0.42000,0.59492,0.36852
0.080000,0.42000,0.60569,0.35582
0.090000,0.42000,0.60989,0.35067
0.10000,0.42000,0.60605,0.35434
0.11000,0.42000,0.59290,0.36758
0.12000,0.42000,0.56951,0.39050
0.13000,0.42000,0.53563,0.42245
0.14000,0.42000,0.49196,0.46189
0.15000,0.42000,0.44047,0.50641
0.16000,0.42000,0.38424,0.55300
0.17000,0.42000,0.32707,0.59855
0.18000,0.42000,0.27270,0.64043
0.19000,0.42000,0.22423,0.67688
0.20000,0.42000,0.18367,0.70713
0.21000,0.42000,0.15203,0.73116
0.22000,0.42000,0.12955,0.74934
0.23000,0.42000,0.11613,0.76203
0.24000,0.42000,0.11165,0.76929
0.25000,0.42000,0.11622,0.77065
0.26000,0.42000,0.13034,0.76503
0.27000,0.42000,0.15483,0.75072
0.28000,0.42000,0.19071,0.72564
0.29000,0.42000,0.23882,0.68780
0.30000,0.42000,0.29913,0.63607
0.31000,0.42000,0.37005,0.57112
0.32000,0.42000,0.44793,0.49601
0.33000,0.42000,0.52738,0.41598
0.34000,0.42000,0.60240,0.33727
0.35000,0.42000,0.66802,0.26539
0.36000,0.42000,0.72138,0.20394
0.37000,0.42000,0.76197,0.15430
0.38000,0.42000,0.79108,0.11626
0.39000,0.42000,0.81084,0.088694
0.40000,0.42000,0.82348,0.070280
0.41000,0.42000,0.83076,0.059817
0.42000,0.42000,0.83376,0.056443
0.43000,0.42000,0.83284,0.059746
0.44000,0.42000,0.82757,0.069830
0.45000,0.42000,0.81684,0.087347
0.46000,0.42000,0.79891,0.11345
0.47000,0.42000,0.77159,0.14962
0.48000,0.42000,0.73269,0.19727
0.49000,0.42000,0.68071,0.25714
0.50000,0.42000,0.61570,0.32842
0.51000,0.42000,0.54004,0.40809
0.52000,0.42000,0.45846,0.49098
0.53000,0.42000,0.37707,0.57073
0.54000,0.42000,0.30173,0.64152
0.55000,0.42000,0.23663,0.69953
0.56000,0.42000,0.18375,0.74350
0.57000,0.42000,0.14322,0.77429
0.58000,0.42000,0.11410,0.79394
0.59000,0.42000,0.095106,0.80476
0.60000,0.42000,0.085074,0.80876
0.61000,0.42000,0.083248,0.80725
0.62000,0.42000,0.089354,0.80080
0.63000,0.42000,0.10360,0.78919
0.64000,0.42000,0.12657,0.77154
0.65000,0.42000,0.15907,0.74650
0.66000,0.42000,0.20174,0.71261
0.67000,0.42000,0.25466,0.66889
0.68000,0.42000,0.31671,0.61546
0.69000,0.42000,0.38522,0.55410
0.70000,0.42000,0.45596,0.48822
0.71000,0.42000,0.52386,0.42235
0.72000,0.42000,0.58417,0.36109
0.73000,0.42000,0.63349,0.30815
0.74000,0.42000,0.67028,0.26588
0.75000,0.42000,0.69463,0.23528
0.76000,0.42000,0.70766,0.21648
0.77000,0.42000,0.71083,0.20908
0.78000,0.42000,0.70555,0.21249
0.79000,0.42000,0.69291,0.22601
0.80000,0.42000,0.67374,0.24881
0.81000,0.42000,0.64877,0.27975
0.82000,0.42000,0.61892,0.31721
0.83000,0.42000,0.58547,0.35902
0.84000,0.42000,0.55019,0.40249
0.85000,0.42000,0.51518,0.44473
0.86000,0.42000,0.48270,0.48298
0.87000,0.42000,0.45473,0.51507
0.88000,0.42000,0.43281,0.53962
0.89000,0.42000,0.41783,0.55609
0.90000,0.42000,0.41002,0.56471
0.91000,0.42000,0.40898,0.56629
0.92000,0.42000,0.41385,0.56199
0.93000,0.42000,0.42336,0.55324
0.94000,0.42000,0.43597,0.54156
0.95000,0.42000,0.45005,0.52848
0.96000,0.42000,0.46397,0.51548
0.97000,0.42000,0.47624,0.50392
0.98000,0.42000,0.48550,0.49507
0.99000,0.42000,0.49029,0.49032
1.0000,0.42000,0.48834,0.49192
0.0000,0.43000,0.48354,0.49689
0.010000,0.43000,0.48310,0.49674
0.020000,0.43000,0.49277,0.48568
0.030000,0.43000,0.50865,0.46764
0.040000,0.43000,0.52827,0.44511
0.050000,0.43000,0.54958,0.42028
0.060000,0.43000,0.57066,0.39542
0.070000,0.43000,0.58968,0.37282
0.080000,0.43000,0.60495,0.35467
0.090000,0.43000,0.61485,0.34294
0.10000,0.43000,0.61785,0.33926
0.11000,0.43000,0.61251,0.34481
0.12000,0.43000,0.59755,0.36025
0.13000,0.43000,0.57207,0.38562
0.14000,0.43000,0.53589,0.42013
0.15000,0.43000,0.48990,0.46205
0.16000,0.43000,0.43629,0.50879
0.17000,0.43000,0.37838,0.55716
0.18000,0.43000,0.32013,0.60393
0.19000,0.43000,0.26530,0.64648
0.20000,0.43000,0.21689,0.68315
0.21000,0.43000,0.17674,0.71333
0.22000,0.43000,0.14566,0.73713
0.23000,0.43000,0.12378,0.75504
0.24000,0.43000,0.11091,0.76752
0.25000,0.43000,0.10689,0.77464
0.26000,0.43000,0.11184,0.77593
0.27000,0.43000,0.12619,0.77026
0.28000,0.43000,0.15081,0.75588
0.29000,0.43000,0.18674,0.73066
0.30000,0.43000,0.23490,0.69260
0.31000,0.43000,0.29535,0.64058
0.32000,0.43000,0.36657,0.57525
0.33000,0.43000,0.44491,0.49965
0.34000,0.43000,0.52491,0.41903
0.35000,0.43000,0.60049,0.33963
0.36000,0.43000,0.66658,0.26702
0.37000,0.43000,0.72034,0.20488
0.38000,0.43000,0.76135,0.15471
0.39000,0.43000,0.79098,0.11635
0.40000,0.43000,0.81140,0.088666
0.41000,0.43000,0.82479,0.070242
0.42000,0.43000,0.83284,0.059746
0.43000,0.43000,0.83657,0.056201
0.44000,0.43000,0.83631,0.059131
0.45000,0.43000,0.83163,0.068628
0.46000,0.43000,0.82145,0.085362
0.47000,0.43000,0.80404,0.11052
0.48000,0.43000,0.77725,0.14564
0.49000,0.43000,0.73889,0.19224
0.50000,0.43000,0.68740,0.25116
0.51000,0.43000,0.62274,0.32176
0.52000,0.43000,0.54716,0.40120
0.53000,0.43000,0.46527,0.48434
0.54000,0.43000,0.38317,0.56476
0.55000,0.43000,0.30681,0.63647
0.56000,0.43000,0.24055,0.69549
0.57000,0.43000,0.18654,0.74047
0.58000,0.43000,0.14501,0.77222
0.59000,0.43000,0.11506,0.79277
0.60000,0.43000,0.095374,0.80447
0.61000,0.43000,0.084752,0.80928
0.62000,0.43000,0.082386,0.80853
0.63000,0.43000,0.087961,0.80276
0.64000,0.43000,0.10165,0.79173
0.65000,0.43000,0.12403,0.77454
0.66000,0.43000,0.15590,0.74986
0.67000,0.43000,0.19798,0.71624
0.68000,0.43000,0.25040,0.67275
0.69000,0.43000,0.31215,0.61956
0.70000,0.43000,0.38057,0.55841
0.71000,0.43000,0.45143,0.49273
0.72000,0.43000,0.51958,0.42699
0.73000,0.43000,0.58018,0.36578
0.74000,0.43000,0.62978,0.31281
0.75000,0.43000,0.66682,0.27047
0.76000,0.43000,0.69138,0.23980
0.77000,0.43000,0.70457,0.22093
0.78000,0.43000,0.70787,0.21348
0.79000,0.43000,0.70265,0.21685
0.80000,0.43000,0.69002,0.23033
0.81000,0.43000,0.67085,0.25305
0.82000,0.43000,0.64595,0.28382
0.83000,0.43000,0.61633,0.32096
0.84000,0.43000,0.58334,0.36223
0.85000,0.43000,0.54879,0.40490
0.86000,0.43000,0.51481,0.44608
0.87000,0.43000,0.48355,0.48310
0.88000,0.43000,0.45693,0.51386
0.89000,0.43000,0.43636,0.53709
0.90000,0.43000,0.42263,0.55236
0.91000,0.43000,0.41586,0.55999
0.92000,0.43000,0.41560,0.56080
0.93000,0.43000,0.42094,0.55603
0.94000,0.43000,0.43055,0.54709
0.95000,0.43000,0.44288,0.53553
0.96000,0.43000,0.45627,0.52292
0.97000,0.43000,0.46901,0.51085
0.98000,0.43000,0.47940,0.50092
0.99000,0.43000,0.48537,0.49513
1.0000,0.43000,0.48354,0.49689
0.0000,0.44000,0.47884,0.50161
0.010000,0.44000,0.47695,0.50325
0.020000,0.44000,0.48426,0.49484
0.030000,0.44000,0.49802,0.47915
0.040000,0.44000,0.51636,0.45803
0.050000,0.44000,0.53753,0.43326
0.060000,0.44000,0.55975,0.40687
0.070000,0.44000,0.58123,0.38109
0.080000,0.44000,0.60021,0.35821
0.090000,0.44000,0.61505,0.34041
0.10000,0.44000,0.62419,0.32961
0.11000,0.44000,0.62612,0.32735
0.12000,0.44000,0.61939,0.33475
0.13000,0.44000,0.60271,0.35240
0.14000,0.44000,0.57520,0.38022
0.15000,0.44000,0.53678,0.41730
0.16000,0.44000,0.48851,0.46175
0.17000,0.44000,0.43280,0.51076
0.18000,0.44000,0.37321,0.56095
0.19000,0.44000,0.31383,0.60900
0.20000,0.44000,0.25845,0.65230
0.21000,0.44000,0.20995,0.68930
0.22000,0.44000,0.17003,0.71951
0.23000,0.44000,0.13937,0.74323
0.24000,0.44000,0.11798,0.76105
0.25000,0.44000,0.10560,0.77348
0.26000,0.44000,0.10199,0.78061
0.27000,0.44000,0.10721,0.78192
0.28000,0.44000,0.12169,0.77623
0.29000,0.44000,0.14631,0.76178
0.30000,0.44000,0.18220,0.73641
0.31000,0.44000,0.23037,0.69811
0.32000,0.44000,0.29098,0.64572
0.33000,0.44000,0.36257,0.57986
0.34000,0.44000,0.44151,0.50358
0.35000,0.44000,0.52227,0.42214
0.36000,0.44000,0.59865,0.34183
0.37000,0.44000,0.66552,0.26836
0.38000,0.44000,0.72002,0.20550
0.39000,0.44000,0.76179,0.15484
0.40000,0.44000,0.79221,0.11620
0.41000,0.44000,0.81342,0.088377
0.42000,0.44000,0.82757,0.069830
0.43000,0.44000,0.83631,0.059131
0.44000,0.44000,0.84065,0.055253
0.45000,0.44000,0.84092,0.057706
0.46000,0.44000,0.83672,0.066588
0.47000,0.44000,0.82696,0.082580
0.48000,0.44000,0.80994,0.10690
0.49000,0.44000,0.78349,0.14112
0.50000,0.44000,0.74541,0.18686
0.51000,0.44000,0.69409,0.24511
0.52000,0.44000,0.62941,0.31540
0.53000,0.44000,0.55350,0.39499
0.54000,0.44000,0.47093,0.47877
0.55000,0.44000,0.38782,0.56018
0.56000,0.44000,0.31027,0.63304
0.57000,0.44000,0.24279,0.69322
0.58000,0.44000,0.18769,0.73926
0.59000,0.44000,0.14527,0.77195
0.60000,0.44000,0.11462,0.79336
0.61000,0.44000,0.094410,0.80581
0.62000,0.44000,0.083378,0.81129
0.63000,0.44000,0.080665,0.81110
0.64000,0.44000,0.085907,0.80575
0.65000,0.44000,0.099246,0.79498
0.66000,0.44000,0.12126,0.77788
0.67000,0.44000,0.15278,0.75313
0.68000,0.44000,0.19460,0.71937
0.69000,0.44000,0.24693,0.67571
0.70000,0.44000,0.30877,0.62237
0.71000,0.44000,0.37747,0.56113
0.72000,0.44000,0.44869,0.49541
0.73000,0.44000,0.51718,0.42968
0.74000,0.44000,0.57803,0.36851
0.75000,0.44000,0.62775,0.31561
0.76000,0.44000,0.66479,0.27338
0.77000,0.44000,0.68929,0.24286
0.78000,0.44000,0.70235,0.22420
0.79000,0.44000,0.70545,0.21702
0.80000,0.44000,0.69999,0.22069
0.81000,0.44000,0.68708,0.23449
0.82000,0.44000,0.66765,0.25749
0.83000,0.44000,0.64260,0.28843
0.84000,0.44000,0.61302,0.32554
0.85000,0.44000,0.58037,0.36646
0.86000,0.44000,0.54649,0.40844
0.87000,0.44000,0.51349,0.44859
0.88000,0.44000,0.48348,0.48429
0.89000,0.44000,0.45825,0.51360
0.90000,0.44000,0.43910,0.53536
0.91000,0.44000,0.42670,0.54928
0.92000,0.44000,0.42110,0.55572
0.93000,0.44000,0.42177,0.55561
0.94000,0.44000,0.42770,0.55019
0.95000,0.44000,0.43752,0.54093
0.96000,0.44000,0.44961,0.52944
0.97000,0.44000,0.46219,0.51743
0.98000,0.44000,0.47325,0.50679
0.99000,0.44000,0.48023,0.50005
1.0000,0.44000,0.47884,0.50161
0.0000,0.45000,0.47441,0.50591
0.010000,0.45000,0.47139,0.50899
0.020000,0.45000,0.47624,0.50338
0.030000,0.45000,0.48749,0.49055
0.040000,0.45000,0.50394,0.47159
0.050000,0.45000,0.52425,0.44782
0.060000,0.45000,0.54684,0.42091
0.070000,0.45000,0.56997,0.39296
0.080000,0.45000,0.59189,0.36624
0.090000,0.45000,0.61089,0.34308
0.10000,0.45000,0.62538,0.32565
0.11000,0.45000,0.63382,0.31579
0.12000,0.45000,0.63473,0.31500
0.13000,0.45000,0.62665,0.32429
0.14000,0.45000,0.60826,0.34419
0.15000,0.45000,0.57873,0.37453
0.16000,0.45000,0.53806,0.41425
0.17000,0.45000,0.48749,0.46130
0.18000,0.45000,0.42965,0.51263
0.19000,0.45000,0.36832,0.56471
0.20000,0.45000,0.30772,0.61411
0.21000,0.45000,0.25167,0.65823
0.22000,0.45000,0.20298,0.69563
0.23000,0.45000,0.16324,0.72600
0.24000,0.45000,0.13297,0.74977
0.25000,0.45000,0.11208,0.76763
0.26000,0.45000,0.10016,0.78012
0.27000,0.45000,0.096920,0.78728
0.28000,0.45000,0.10235,0.78859
0.29000,0.45000,0.11690,0.78283
0.30000,0.45000,0.14150,0.76823
0.31000,0.45000,0.17737,0.74262
0.32000,0.45000,0.22561,0.70395
0.33000,0.45000,0.28649,0.65102
0.34000,0.45000,0.35863,0.58444
0.35000,0.45000,0.43838,0.50725
0.36000,0.45000,0.52014,0.42475
0.37000,0.45000,0.59759,0.34339
0.38000,0.45000,0.66549,0.26897
0.39000,0.45000,0.72097,0.20539
0.40000,0.45000,0.76364,0.15426
0.41000,0.45000,0.79489,0.11535
0.42000,0.45000,0.81684,0.087347
0.43000,0.45000,0.83163,0.068628
0.44000,0.45000,0.84092,0.057706
0.45000,0.45000,0.84574,0.053526
0.46000,0.45000,0.84641,0.055586
0.47000,0.45000,0.84251,0.063975
0.48000,0.45000,0.83297,0.079381
0.49000,0.45000,0.81607,0.10304
0.50000,0.45000,0.78965,0.13661
0.51000,0.45000,0.75150,0.18181
0.52000,0.45000,0.69997,0.23977
0.53000,0.45000,0.63486,0.31016
0.54000,0.45000,0.55825,0.39031
0.55000,0.45000,0.47469,0.47504
0.56000,0.45000,0.39039,0.55764
0.57000,0.45000,0.31160,0.63172
0.58000,0.45000,0.24302,0.69300
0.59000,0.45000,0.18703,0.73997
0.60000,0.45000,0.14398,0.77344
0.61000,0.45000,0.11294,0.79549
0.62000,0.45000,0.092507,0.80848
0.63000,0.45000,0.081352,0.81437
0.64000,0.45000,0.078551,0.81442
0.65000,0.45000,0.083694,0.80911
0.66000,0.45000,0.096915,0.79818
0.67000,0.45000,0.11882,0.78074
0.68000,0.45000,0.15033,0.75552
0.69000,0.45000,0.19227,0.72123
0.70000,0.45000,0.24491,0.67706
0.71000,0.45000,0.30722,0.62330
0.72000,0.45000,0.37645,0.56179
0.73000,0.45000,0.44810,0.49595
0.74000,0.45000,0.51683,0.43026
0.75000,0.45000,0.57766,0.36929
0.76000,0.45000,0.62716,0.31673
0.77000,0.45000,0.66385,0.27492
0.78000,0.45000,0.68791,0.24493
0.79000,0.45000,0.70048,0.22686
0.80000,0.45000,0.70306,0.22032
0.81000,0.45000,0.69704,0.22469
0.82000,0.45000,0.68358,0.23918
0.83000,0.45000,0.66367,0.26282
0.84000,0.45000,0.63830,0.29421
0.85000,0.45000,0.60866,0.33146
0.86000,0.45000,0.57630,0.37212
0.87000,0.45000,0.54310,0.41338
0.88000,0.45000,0.51115,0.45236
0.89000,0.45000,0.48246,0.48658
0.90000,0.45000,0.45874,0.51422
0.91000,0.45000,0.44116,0.53429
0.92000,0.45000,0.43027,0.54662
0.93000,0.45000,0.42601,0.55168
0.94000,0.45000,0.42774,0.55045
0.95000,0.45000,0.43439,0.54423
0.96000,0.45000,0.44446,0.53459
0.97000,0.45000,0.45618,0.52328
0.98000,0.45000,0.46738,0.51241
0.99000,0.45000,0.47513,0.50489
1.0000,0.45000,0.47441,0.50591
0.0000,0.46000,0.47045,0.50965
0.010000,0.46000,0.46664,0.51376
0.020000,0.46000,0.46901,0.51096
0.030000,0.46000,0.47743,0.50136
0.040000,0.46000,0.49146,0.48523
0.050000,0.46000,0.51021,0.46333
0.060000,0.46000,0.53239,0.43695
0.070000,0.46000,0.55637,0.40790
0.080000,0.46000,0.58042,0.37838
0.090000,0.46000,0.60279,0.35076
0.10000,0.46000,0.62182,0.32739
0.11000,0.46000,0.63596,0.31042
0.12000,0.46000,0.64371,0.30162
0.13000,0.46000,0.64359,0.30240
0.14000,0.46000,0.63411,0.31370
0.15000,0.46000,0.61399,0.33595
0.16000,0.46000,0.58239,0.36890
0.17000,0.46000,0.53941,0.41136
0.18000,0.46000,0.48646,0.46107
0.19000,0.46000,0.42641,0.51480
0.20000,0.46000,0.36326,0.56881
0.21000,0.46000,0.30138,0.61958
0.22000,0.46000,0.24463,0.66455
0.23000,0.46000,0.19577,0.70242
0.24000,0.46000,0.15624,0.73304
0.25000,0.46000,0.12642,0.75694
0.26000,0.46000,0.10605,0.77488
0.27000,0.46000,0.094613,0.78739
0.28000,0.46000,0.091729,0.79453
0.29000,0.46000,0.097376,0.79573
0.30000,0.46000,0.11203,0.78980
0.31000,0.46000,0.13668,0.77491
0.32000,0.46000,0.17262,0.74889
0.33000,0.46000,0.22108,0.70964
0.34000,0.46000,0.28243,0.65595
0.35000,0.46000,0.35535,0.58840
0.36000,0.46000,0.43617,0.51005
0.37000,0.46000,0.51917,0.42632
0.38000,0.46000,0.59788,0.34377
0.39000,0.46000,0.66695,0.26837
0.40000,0.46000,0.72344,0.20410
0.41000,0.46000,0.76696,0.15257
0.42000,0.46000,0.79891,0.11345
0.43000,0.46000,0.82145,0.085362
0.44000,0.46000,0.83672,0.066588
0.45000,0.46000,0.84641,0.055586
0.46000,0.46000,0.85151,0.051267
0.47000,0.46000,0.85235,0.053105
0.48000,0.46000,0.84850,0.061184
0.49000,0.46000,0.83888,0.076204
0.50000,0.46000,0.82177,0.099456
0.51000,0.46000,0.79504,0.13267
0.52000,0.46000,0.75644,0.17770
0.53000,0.46000,0.70431,0.23579
0.54000,0.46000,0.63840,0.30671
0.55000,0.46000,0.56078,0.38777
0.56000,0.46000,0.47603,0.47367
0.57000,0.46000,0.39051,0.55749
0.58000,0.46000,0.31064,0.63265
0.59000,0.46000,0.24123,0.69478
0.60000,0.46000,0.18474,0.74239
0.61000,0.46000,0.14148,0.77634
0.62000,0.46000,0.11044,0.79873
0.63000,0.46000,0.090130,0.81192
0.64000,0.46000,0.079144,0.81784
0.65000,0.46000,0.076496,0.81772
0.66000,0.46000,0.081765,0.81205
0.67000,0.46000,0.095117,0.80055
0.68000,0.46000,0.11722,0.78239
0.69000,0.46000,0.14906,0.75637
0.70000,0.46000,0.19151,0.72126
0.71000,0.46000,0.24482,0.67637
0.72000,0.46000,0.30786,0.62206
0.73000,0.46000,0.37769,0.56023
0.74000,0.46000,0.44967,0.49436
0.75000,0.46000,0.51835,0.42893
0.76000,0.46000,0.57877,0.36846
0.77000,0.46000,0.62761,0.31661
0.78000,0.46000,0.66350,0.27565
0.79000,0.46000,0.68671,0.24660
0.80000,0.46000,0.69843,0.22954
0.81000,0.46000,0.70016,0.22407
0.82000,0.46000,0.69332,0.22951
0.83000,0.46000,0.67910,0.24504
0.84000,0.46000,0.65856,0.26957
0.85000,0.46000,0.63279,0.30159
0.86000,0.46000,0.60308,0.33905
0.87000,0.46000,0.57106,0.37939
0.88000,0.46000,0.53863,0.41975
0.89000,0.46000,0.50784,0.45734
0.90000,0.46000,0.48065,0.48980
0.91000,0.46000,0.45862,0.51550
0.92000,0.46000,0.44280,0.53362
0.93000,0.46000,0.43360,0.54412
0.94000,0.46000,0.43085,0.54758
0.95000,0.46000,0.43379,0.54506
0.96000,0.46000,0.44119,0.53796
0.97000,0.46000,0.45138,0.52803
0.98000,0.46000,0.46214,0.51746
0.99000,0.46000,0.47033,0.50943
1.0000,0.46000,0.47045,0.50965
0.0000,0.47000,0.46713,0.51270
0.010000,0.47000,0.46288,0.51738
0.020000,0.47000,0.46284,0.51730
0.030000,0.47000,0.46823,0.51112
0.040000,0.47000,0.47938,0.49834
0.050000,0.47000,0.49592,0.47912
0.060000,0.47000,0.51689,0.45429
0.070000,0.47000,0.54090,0.42529
0.080000,0.47000,0.56626,0.39412
0.090000,0.47000,0.59120,0.36309
0.10000,0.47000,0.61397,0.33470
0.11000,0.47000,0.63297,0.31129
0.12000,0.47000,0.64670,0.29496
0.13000,0.47000,0.65370,0.28740
0.14000,0.47000,0.65247,0.28991
0.15000,0.47000,0.64154,0.30336
0.16000,0.47000,0.61959,0.32809
0.17000,0.47000,0.58582,0.36376
0.18000,0.47000,0.54043,0.40904
0.19000,0.47000,0.48501,0.46148
0.20000,0.47000,0.42268,0.51763
0.21000,0.47000,0.35768,0.57355
0.22000,0.47000,0.29453,0.62569
0.23000,0.47000,0.23715,0.67152
0.24000,0.47000,0.18821,0.70987
0.25000,0.47000,0.14900,0.74073
0.26000,0.47000,0.11973,0.76474
0.27000,0.47000,0.099954,0.78269
0.28000,0.47000,0.089062,0.79512
0.29000,0.47000,0.086603,0.80210
0.30000,0.47000,0.092544,0.80305
0.31000,0.47000,0.10740,0.79675
0.32000,0.47000,0.13221,0.78138
0.33000,0.47000,0.16840,0.75472
0.34000,0.47000,0.21729,0.71466
0.35000,0.47000,0.27937,0.65995
0.36000,0.47000,0.35334,0.59117
0.37000,0.47000,0.43547,0.51144
0.38000,0.47000,0.51987,0.42630
0.39000,0.47000,0.59989,0.34251
0.40000,0.47000,0.67006,0.26618
0.41000,0.47000,0.72741,0.20137
0.42000,0.47000,0.77159,0.14962
0.43000,0.47000,0.80404,0.11052
0.44000,0.47000,0.82696,0.082580
0.45000,0.47000,0.84251,0.063975
0.46000,0.47000,0.85235,0.053105
0.47000,0.47000,0.85748,0.048839
0.48000,0.47000,0.85819,0.050637
0.49000,0.47000,0.85406,0.058594
0.50000,0.47000,0.84402,0.073452
0.51000,0.47000,0.82637,0.096569
0.52000,0.47000,0.79897,0.12978
0.53000,0.47000,0.75959,0.17503
0.54000,0.47000,0.70654,0.23367
0.55000,0.47000,0.63957,0.30549
0.56000,0.47000,0.56075,0.38770
0.57000,0.47000,0.47480,0.47480
0.58000,0.47000,0.38823,0.55967
0.59000,0.47000,0.30760,0.63559
0.60000,0.47000,0.23781,0.69819
0.61000,0.47000,0.18130,0.74604
0.62000,0.47000,0.13828,0.78007
0.63000,0.47000,0.10763,0.80241
0.64000,0.47000,0.087749,0.81539
0.65000,0.47000,0.077165,0.82094
0.66000,0.47000,0.074874,0.82026
0.67000,0.47000,0.080484,0.81383
0.68000,0.47000,0.094220,0.80144
0.69000,0.47000,0.11682,0.78229
0.70000,0.47000,0.14933,0.75525
0.71000,0.47000,0.19262,0.71919
0.72000,0.47000,0.24685,0.67351
0.73000,0.47000,0.31072,0.61866
0.74000,0.47000,0.38108,0.55663
0.75000,0.47000,0.45310,0.49096
0.76000,0.47000,0.52130,0.42612
0.77000,0.47000,0.58082,0.36657
0.78000,0.47000,0.62851,0.31587
0.79000,0.47000,0.66317,0.27622
0.80000,0.47000,0.68516,0.24855
0.81000,0.47000,0.69571,0.23292
0.82000,0.47000,0.69634,0.22887
0.83000,0.47000,0.68847,0.23572
0.84000,0.47000,0.67336,0.25254
0.85000,0.47000,0.65214,0.27813
0.86000,0.47000,0.62597,0.31082
0.87000,0.47000,0.59626,0.34839
0.88000,0.47000,0.56469,0.38821
0.89000,0.47000,0.53320,0.42740
0.90000,0.47000,0.50378,0.46328
0.91000,0.47000,0.47829,0.49366
0.92000,0.47000,0.45817,0.51711
0.93000,0.47000,0.44431,0.53301
0.94000,0.47000,0.43700,0.54145
0.95000,0.47000,0.43590,0.54313
0.96000,0.47000,0.44010,0.53923
0.97000,0.47000,0.44812,0.53135
0.98000,0.47000,0.45784,0.52167
0.99000,0.47000,0.46607,0.51346
1.0000,0.47000,0.46713,0.51270
0.0000,0.48000,0.46461,0.51496
0.010000,0.48000,0.46026,0.51977
0.020000,0.48000,0.45798,0.52215
0.030000,0.48000,0.46026,0.51944
0.040000,0.48000,0.46818,0.51036
0.050000,0.48000,0.48192,0.49450
0.060000,0.48000,0.50092,0.47216
0.070000,0.48000,0.52409,0.44438
0.080000,0.48000,0.54988,0.41279
0.090000,0.48000,0.57654,0.37958
0.10000,0.48000,0.60225,0.34723
0.11000,0.48000,0.62532,0.31828
0.12000,0.48000,0.64419,0.29509
0.13000,0.48000,0.65741,0.27966
0.14000,0.48000,0.66354,0.27357
0.15000,0.48000,0.66111,0.27801
0.16000,0.48000,0.64860,0.29375
0.17000,0.48000,0.62471,0.32108
0.18000,0.48000,0.58866,0.35955
0.19000,0.48000,0.54076,0.40770
0.20000,0.48000,0.48281,0.46287
0.21000,0.48000,0.41817,0.52139
0.22000,0.48000,0.35134,0.57917
0.23000,0.48000,0.28703,0.63259
0.24000,0.48000,0.22917,0.67921
0.25000,0.48000,0.18032,0.71798
0.26000,0.48000,0.14160,0.74900
0.27000,0.48000,0.11303,0.77299
0.28000,0.48000,0.093984,0.79080
0.29000,0.48000,0.083743,0.80299
0.30000,0.48000,0.081807,0.80961
0.31000,0.48000,0.088148,0.81010
0.32000,0.48000,0.10333,0.80322
0.33000,0.48000,0.12848,0.78713
0.34000,0.48000,0.16512,0.75960
0.35000,0.48000,0.21471,0.71848
0.36000,0.48000,0.27780,0.66249
0.37000,0.48000,0.35307,0.59224
0.38000,0.48000,0.43667,0.51095
0.39000,0.48000,0.52249,0.42434
0.40000,0.48000,0.60370,0.33939
0.41000,0.48000,0.67475,0.26234
0.42000,0.48000,0.73269,0.19727
0.43000,0.48000,0.77725,0.14564
0.44000,0.48000,0.80994,0.10690
0.45000,0.48000,0.83297,0.079381
0.46000,0.48000,0.84850,0.061184
0.47000,0.48000,0.85819,0.050637
0.48000,0.48000,0.86301,0.046587
0.49000,0.48000,0.86326,0.048505
0.50000,0.48000,0.85854,0.056522
0.51000,0.48000,0.84777,0.071444
0.52000,0.48000,0.82928,0.094713
0.53000,0.48000,0.80096,0.12826
0.54000,0.48000,0.76056,0.17411
0.55000,0.48000,0.70639,0.23367
0.56000,0.48000,0.63822,0.30663
0.57000,0.48000,0.55822,0.39006
0.58000,0.48000,0.47123,0.47822
0.59000,0.48000,0.38394,0.56378
0.60000,0.48000,0.30302,0.64001
0.61000,0.48000,0.23338,0.70260
0.62000,0.48000,0.17733,0.75022
0.63000,0.48000,0.13495,0.78389
0.64000,0.48000,0.10499,0.80576
0.65000,0.48000,0.085760,0.81814
0.66000,0.48000,0.075750,0.82294
0.67000,0.48000,0.073986,0.82138
0.68000,0.48000,0.080134,0.81395
0.69000,0.48000,0.094494,0.80045
0.70000,0.48000,0.11788,0.78017
0.71000,0.48000,0.15133,0.75204
0.72000,0.48000,0.19570,0.71503
0.73000,0.48000,0.25097,0.66862
0.74000,0.48000,0.31561,0.61339
0.75000,0.48000,0.38623,0.55142
0.76000,0.48000,0.45789,0.48630
0.77000,0.48000,0.52511,0.42246
0.78000,0.48000,0.58323,0.36429
0.79000,0.48000,0.62931,0.31520
0.80000,0.48000,0.66235,0.27728
0.81000,0.48000,0.68280,0.25139
0.82000,0.48000,0.69194,0.23754
0.83000,0.48000,0.69130,0.23523
0.84000,0.48000,0.68230,0.24371
0.85000,0.48000,0.66626,0.26197
0.86000,0.48000,0.64437,0.28864
0.87000,0.48000,0.61790,0.32188
0.88000,0.48000,0.58833,0.35935
0.89000,0.48000,0.55741,0.39833
0.90000,0.48000,0.52706,0.43599
0.91000,0.48000,0.49925,0.46979
0.92000,0.48000,0.47570,0.49777
0.93000,0.48000,0.45771,0.51870
0.94000,0.48000,0.44602,0.53213
0.95000,0.48000,0.44074,0.53833
0.96000,0.48000,0.44134,0.53814
0.97000,0.48000,0.44666,0.53293
0.98000,0.48000,0.45478,0.52475
0.99000,0.48000,0.46262,0.51680
1.0000,0.48000,0.46461,0.51496
0.0000,0.49000,0.46303,0.51635
0.010000,0.49000,0.45888,0.52087
0.020000,0.49000,0.45462,0.52538
0.030000,0.49000,0.45384,0.52601
0.040000,0.49000,0.45832,0.52080
0.050000,0.49000,0.46876,0.50878
0.060000,0.49000,0.48509,0.48977
0.070000,0.49000,0.50654,0.46429
0.080000,0.49000,0.53183,0.43358
0.090000,0.49000,0.55930,0.39952
0.10000,0.49000,0.58711,0.36448
0.11000,0.49000,0.61345,0.33108
0.12000,0.49000,0.63667,0.30191
0.13000,0.49000,0.65525,0.27925
0.14000,0.49000,0.66781,0.26501
0.15000,0.49000,0.67295,0.26062
0.16000,0.49000,0.66917,0.26716
0.17000,0.49000,0.65497,0.28533
0.18000,0.49000,0.62902,0.31534
0.19000,0.49000,0.59059,0.35665
0.20000,0.49000,0.54011,0.40764
0.21000,0.49000,0.47960,0.46547
0.22000,0.49000,0.41270,0.52625
0.23000,0.49000,0.34418,0.58574
0.24000,0.49000,0.27889,0.64030
0.25000,0.49000,0.22079,0.68755
0.26000,0.49000,0.17229,0.72657
0.27000,0.49000,0.13429,0.75757
0.28000,0.49000,0.10659,0.78137
0.29000,0.49000,0.088417,0.79884
0.30000,0.49000,0.078938,0.81056
0.31000,0.49000,0.077627,0.81661
0.32000,0.49000,0.084484,0.81641
0.33000,0.49000,0.10013,0.80871
0.34000,0.49000,0.12582,0.79167
0.35000,0.49000,0.16317,0.76303
0.36000,0.49000,0.21372,0.72061
0.37000,0.49000,0.27807,0.66314
0.38000,0.49000,0.35481,0.59127
0.39000,0.49000,0.43989,0.50836
0.40000,0.49000,0.52699,0.42039
0.41000,0.49000,0.60912,0.33453
0.42000,0.49000,0.68071,0.25714
0.43000,0.49000,0.73889,0.19224
0.44000,0.49000,0.78349,0.14112
0.45000,0.49000,0.81607,0.10304
0.46000,0.49000,0.83888,0.076204
0.47000,0.49000,0.85406,0.058594
0.48000,0.49000,0.86326,0.048505
0.49000,0.49000,0.86747,0.044790
0.50000,0.49000,0.86696,0.046956
0.51000,0.49000,0.86137,0.055198
0.52000,0.49000,0.84964,0.070399
0.53000,0.49000,0.83014,0.094089
0.54000,0.49000,0.80073,0.12828
0.55000,0.49000,0.75921,0.17504
0.56000,0.49000,0.70388,0.23574
0.57000,0.49000,0.63456,0.30995
0.58000,0.49000,0.55355,0.39447
0.59000,0.49000,0.46586,0.48336
0.60000,0.49000,0.37832,0.56915
0.61000,0.49000,0.29764,0.64516
0.62000,0.49000,0.22863,0.70722
0.63000,0.49000,0.17346,0.75416
0.64000,0.49000,0.13202,0.78706
0.65000,0.49000,0.10294,0.80808
0.66000,0.49000,0.084484,0.81955
0.67000,0.49000,0.075163,0.82335
0.68000,0.49000,0.074057,0.82070
0.69000,0.49000,0.080910,0.81211
0.70000,0.49000,0.096099,0.79746
0.71000,0.49000,0.12048,0.77604
0.72000,0.49000,0.15508,0.74689
0.73000,0.49000,0.20062,0.70904
0.74000,0.49000,0.25689,0.66209
0.75000,0.49000,0.32209,0.60674
0.76000,0.49000,0.39261,0.54517
0.77000,0.49000,0.46342,0.48099
0.78000,0.49000,0.52916,0.41860
0.79000,0.49000,0.58542,0.36224
0.80000,0.49000,0.62952,0.31519
0.81000,0.49000,0.66064,0.27939
0.82000,0.49000,0.67934,0.25561
0.83000,0.49000,0.68692,0.24381
0.84000,0.49000,0.68491,0.24343
0.85000,0.49000,0.67477,0.25366
0.86000,0.49000,0.65783,0.27336
0.87000,0.49000,0.63537,0.30100
0.88000,0.49000,0.60875,0.33457
0.89000,0.49000,0.57952,0.37160
0.90000,0.49000,0.54948,0.40935
0.91000,0.49000,0.52054,0.44509
0.92000,0.49000,0.49457,0.47647
0.93000,0.49000,0.47319,0.50174
0.94000,0.49000,0.45754,0.51990
0.95000,0.49000,0.44816,0.53070
0.96000,0.49000,0.44497,0.53457
0.97000,0.49000,0.44717,0.53257
0.98000,0.49000,0.45317,0.52648
0.99000,0.49000,0.46018,0.51924
1.0000,0.49000,0.46303,0.51635
0.0000,0.50000,0.46247,0.51683
0.010000,0.50000,0.45880,0.52072
0.020000,0.50000,0.45287,0.52692
0.030000,0.50000,0.44922,0.53060
0.040000,0.50000,0.45020,0.52922
0.050000,0.50000,0.45702,0.52134
0.060000,0.50000,0.47004,0.50630
0.070000,0.50000,0.48893,0.48413
0.080000,0.50000,0.51275,0.45556
0.090000,0.50000,0.54003,0.42206
0.10000,0.50000,0.56900,0.38575
0.11000,0.50000,0.59777,0.34920
0.12000,0.50000,0.62455,0.31512
0.13000,0.50000,0.64773,0.28609
0.14000,0.50000,0.66586,0.26431
0.15000,0.50000,0.67760,0.25153
0.16000,0.50000,0.68159,0.24905
0.17000,0.50000,0.67634,0.25783
0.18000,0.50000,0.66033,0.27849
0.19000,0.50000,0.63223,0.31119
0.20000,0.50000,0.59136,0.35529
0.21000,0.50000,0.53829,0.40904
0.22000,0.50000,0.47527,0.46937
0.23000,0.50000,0.40625,0.53220
0.24000,0.50000,0.33626,0.59318
0.25000,0.50000,0.27031,0.64863
0.26000,0.50000,0.21229,0.69627
0.27000,0.50000,0.16443,0.73531
0.28000,0.50000,0.12740,0.76607
0.29000,0.50000,0.10075,0.78943
0.30000,0.50000,0.083554,0.80632
0.31000,0.50000,0.074922,0.81734
0.32000,0.50000,0.074322,0.82258
0.33000,0.50000,0.081801,0.82146
0.34000,0.50000,0.098075,0.81275
0.35000,0.50000,0.12449,0.79456
0.36000,0.50000,0.16277,0.76463
0.37000,0.50000,0.21451,0.72077
0.38000,0.50000,0.28028,0.66171
0.39000,0.50000,0.35852,0.58820
0.40000,0.50000,0.44496,0.50381
0.41000,0.50000,0.53305,0.41477
0.42000,0.50000,0.61570,0.32842
0.43000,0.50000,0.68740,0.25116
0.44000,0.50000,0.74541,0.18686
0.45000,0.50000,0.78965,0.13661
0.46000,0.50000,0.82177,0.099456
0.47000,0.50000,0.84402,0.073452
0.48000,0.50000,0.85854,0.056522
0.49000,0.50000,0.86696,0.046956
0.50000,0.50000,0.87028,0.043643
0.51000,0.50000,0.86881,0.046154
0.52000,0.50000,0.86219,0.054758
0.53000,0.50000,0.84940,0.070423
0.54000,0.50000,0.82882,0.094759
0.55000,0.50000,0.79834,0.12983
0.56000,0.50000,0.75574,0.17769
0.57000,0.50000,0.69936,0.23962
0.58000,0.50000,0.62912,0.31497
0.59000,0.50000,0.54743,0.40029
0.60000,0.50000,0.45949,0.48944
0.61000,0.50000,0.37219,0.57493
0.62000,0.50000,0.29224,0.65020
0.63000,0.50000,0.22427,0.71127
0.64000,0.50000,0.17024,0.75713
0.65000,0.50000,0.12990,0.78894
0.66000,0.50000,0.10179,0.80886
0.67000,0.50000,0.084160,0.81922
0.68000,0.50000,0.075587,0.82188
0.69000,0.50000,0.075227,0.81807
0.70000,0.50000,0.082910,0.80834
0.71000,0.50000,0.099073,0.79258
0.72000,0.50000,0.12458,0.77014
0.73000,0.50000,0.16040,0.74012
0.74000,0.50000,0.20710,0.70164
0.75000,0.50000,0.26420,0.65442
0.76000,0.50000,0.32964,0.59927
0.77000,0.50000,0.39961,0.53847
0.78000,0.50000,0.46909,0.47565
0.79000,0.50000,0.53291,0.41513
0.80000,0.50000,0.58693,0.36099
0.81000,0.50000,0.62877,0.31633
0.82000,0.50000,0.65779,0.28294
0.83000,0.50000,0.67461,0.26151
0.84000,0.50000,0.68057,0.25192
0.85000,0.50000,0.67720,0.25357
0.86000,0.50000,0.66596,0.26555
0.87000,0.50000,0.64824,0.28657
0.88000,0.50000,0.62537,0.31493
0.89000,0.50000,0.59880,0.34849
0.90000,0.50000,0.57015,0.38468
0.91000,0.50000,0.54123,0.42080
0.92000,0.50000,0.51395,0.45425
0.93000,0.50000,0.49007,0.48289
0.94000,0.50000,0.47106,0.50522
0.95000,0.50000,0.45788,0.52045
0.96000,0.50000,0.45088,0.52855
0.97000,0.50000,0.44970,0.53015
0.98000,0.50000,0.45316,0.52666
0.99000,0.50000,0.45891,0.52062
1.0000,0.50000,0.46247,0.51683
0.0000,0.51000,0.46295,0.51640
0.010000,0.51000,0.45998,0.51939
0.020000,0.51000,0.45278,0.52681
0.030000,0.51000,0.44657,0.53311
0.040000,0.51000,0.44417,0.53533
0.050000,0.51000,0.44719,0.53165
0.060000,0.51000,0.45643,0.52101
0.070000,0.51000,0.47201,0.50294
0.080000,0.51000,0.49338,0.47767
0.090000,0.51000,0.51940,0.44616
0.10000,0.51000,0.54848,0.41012
0.11000,0.51000,0.57873,0.37189
0.12000,0.51000,0.60825,0.33421
0.13000,0.51000,0.63525,0.29986
0.14000,0.51000,0.65818,0.27136
0.15000,0.51000,0.67568,0.25078
0.16000,0.51000,0.68646,0.23969
0.17000,0.51000,0.68917,0.23926
0.18000,0.51000,0.68235,0.25033
0.19000,0.51000,0.66445,0.27349
0.20000,0.51000,0.63416,0.30880
0.21000,0.51000,0.59085,0.35557
0.22000,0.51000,0.53525,0.41188
0.23000,0.51000,0.46987,0.47447
0.24000,0.51000,0.39900,0.53905
0.25000,0.51000,0.32790,0.60119
0.26000,0.51000,0.26167,0.65722
0.27000,0.51000,0.20410,0.70496
0.28000,0.51000,0.15718,0.74374
0.29000,0.51000,0.12130,0.77399
0.30000,0.51000,0.095813,0.79667
0.31000,0.51000,0.079666,0.81274
0.32000,0.51000,0.071924,0.82284
0.33000,0.51000,0.072085,0.82706
0.34000,0.51000,0.080274,0.82484
0.35000,0.51000,0.097300,0.81495
0.36000,0.51000,0.12460,0.79551
0.37000,0.51000,0.16399,0.76421
0.38000,0.51000,0.21707,0.71888
0.39000,0.51000,0.28428,0.65828
0.40000,0.51000,0.36390,0.58332
0.41000,0.51000,0.45139,0.49777
0.42000,0.51000,0.54004,0.40809
0.43000,0.51000,0.62274,0.32176
0.44000,0.51000,0.69409,0.24511
0.45000,0.51000,0.75150,0.18181
0.46000,0.51000,0.79504,0.13267
0.47000,0.51000,0.82637,0.096569
0.48000,0.51000,0.84777,0.071444
0.49000,0.51000,0.86137,0.055198
0.50000,0.51000,0.86881,0.046154
0.51000,0.51000,0.87110,0.043264
0.52000,0.51000,0.86857,0.046177
0.53000,0.51000,0.86090,0.055244
0.54000,0.51000,0.84708,0.071511
0.55000,0.51000,0.82551,0.096642
0.56000,0.51000,0.79408,0.13271
0.57000,0.51000,0.75060,0.18173
0.58000,0.51000,0.69344,0.24479
0.59000,0.51000,0.62261,0.32101
0.60000,0.51000,0.54067,0.40671
0.61000,0.51000,0.45295,0.49561
0.62000,0.51000,0.36638,0.58028
0.63000,0.51000,0.28754,0.65436
0.64000,0.51000,0.22087,0.71409
0.65000,0.51000,0.16812,0.75862
0.66000,0.51000,0.12890,0.78914
0.67000,0.51000,0.10174,0.80784
0.68000,0.51000,0.084926,0.81702
0.69000,0.51000,0.077111,0.81854
0.70000,0.51000,0.077542,0.81363
0.71000,0.51000,0.086125,0.80286
0.72000,0.51000,0.10334,0.78613
0.73000,0.51000,0.13002,0.76286
0.74000,0.51000,0.16704,0.73219
0.75000,0.51000,0.21474,0.69335
0.76000,0.51000,0.27239,0.64616
0.77000,0.51000,0.33768,0.59155
0.78000,0.51000,0.40667,0.53189
0.79000,0.51000,0.47441,0.47081
0.80000,0.51000,0.53595,0.41252
0.81000,0.51000,0.58749,0.36092
0.82000,0.51000,0.62690,0.31890
0.83000,0.51000,0.65371,0.28813
0.84000,0.51000,0.66863,0.26917
0.85000,0.51000,0.67299,0.26186
0.86000,0.51000,0.66832,0.26552
0.87000,0.51000,0.65610,0.27912
0.88000,0.51000,0.63774,0.30123
0.89000,0.51000,0.61466,0.33000
0.90000,0.51000,0.58837,0.36314
0.91000,0.51000,0.56054,0.39809
0.92000,0.51000,0.53300,0.43220
0.93000,0.51000,0.50759,0.46305
0.94000,0.51000,0.48600,0.48873
0.95000,0.51000,0.46950,0.50796
0.96000,0.51000,0.45887,0.52021
0.97000,0.51000,0.45420,0.52564
0.98000,0.51000,0.45480,0.52519
0.99000,0.51000,0.45892,0.52083
1.0000,0.51000,0.46295,0.51640
0.0000,0.52000,0.46447,0.51505
0.010000,0.52000,0.46234,0.51701
0.020000,0.52000,0.45430,0.52515
0.030000,0.52000,0.44597,0.53354
0.040000,0.52000,0.44045,0.53896
0.050000,0.52000,0.43968,0.53933
0.060000,0.52000,0.44486,0.53325
0.070000,0.52000,0.45652,0.51985
0.080000,0.52000,0.47456,0.49885
0.090000,0.52000,0.49824,0.47065
0.10000,0.52000,0.52627,0.43644
0.11000,0.52000,0.55691,0.39818
0.12000,0.52000,0.58821,0.35844
0.13000,0.52000,0.61824,0.32007
0.14000,0.52000,0.64524,0.28587
0.15000,0.52000,0.66773,0.25825
0.16000,0.52000,0.68443,0.23912
0.17000,0.52000,0.69411,0.22986
0.18000,0.52000,0.69545,0.23151
0.19000,0.52000,0.68700,0.24485
0.20000,0.52000,0.66719,0.27039
0.21000,0.52000,0.63473,0.30817
0.22000,0.52000,0.58906,0.35738
0.23000,0.52000,0.53111,0.41596
0.24000,0.52000,0.46367,0.48044
0.25000,0.52000,0.39133,0.54640
0.26000,0.52000,0.31957,0.60931
0.27000,0.52000,0.25350,0.66557
0.28000,0.52000,0.19673,0.71309
0.29000,0.52000,0.15098,0.75133
0.30000,0.52000,0.11637,0.78082
0.31000,0.52000,0.092072,0.80257
0.32000,0.52000,0.076961,0.81761
0.33000,0.52000,0.070095,0.82660
0.34000,0.52000,0.071031,0.82966
0.35000,0.52000,0.079980,0.82625
0.36000,0.52000,0.097845,0.81514
0.37000,0.52000,0.12615,0.79444
0.38000,0.52000,0.16672,0.76185
0.39000,0.52000,0.22113,0.71518
0.40000,0.52000,0.28966,0.65330
0.41000,0.52000,0.37035,0.57722
0.42000,0.52000,0.45846,0.49098
0.43000,0.52000,0.54716,0.40120
0.44000,0.52000,0.62941,0.31540
0.45000,0.52000,0.69997,0.23977
0.46000,0.52000,0.75644,0.17770
0.47000,0.52000,0.79897,0.12978
0.48000,0.52000,0.82928,0.094713
0.49000,0.52000,0.84964,0.070399
0.50000,0.52000,0.86219,0.054758
0.51000,0.52000,0.86857,0.046177
0.52000,0.52000,0.86981,0.043688
0.53000,0.52000,0.86628,0.047021
0.54000,0.52000,0.85766,0.056606
0.55000,0.52000,0.84297,0.073544
0.56000,0.52000,0.82062,0.099528
0.57000,0.52000,0.78851,0.13660
0.58000,0.52000,0.74444,0.18666
0.59000,0.52000,0.68685,0.25060
0.60000,0.52000,0.61583,0.32730
0.61000,0.52000,0.53409,0.41289
0.62000,0.52000,0.44703,0.50105
0.63000,0.52000,0.36157,0.58448
0.64000,0.52000,0.28410,0.65706
0.65000,0.52000,0.21883,0.71526
0.66000,0.52000,0.16734,0.75833
0.67000,0.52000,0.12918,0.78751
0.68000,0.52000,0.10288,0.80500
0.69000,0.52000,0.086817,0.81306
0.70000,0.52000,0.079727,0.81354
0.71000,0.52000,0.080951,0.80768
0.72000,0.52000,0.090452,0.79604
0.73000,0.52000,0.10872,0.77856
0.74000,0.52000,0.13654,0.75469
0.75000,0.52000,0.17462,0.72363
0.76000,0.52000,0.22310,0.68469
0.77000,0.52000,0.28099,0.63781
0.78000,0.52000,0.34574,0.58405
0.79000,0.52000,0.41336,0.52586
0.80000,0.52000,0.47902,0.46683
0.81000,0.52000,0.53805,0.41105
0.82000,0.52000,0.58696,0.36221
0.83000,0.52000,0.62388,0.32301
0.84000,0.52000,0.64848,0.29495
0.85000,0.52000,0.66153,0.27851
0.86000,0.52000,0.66437,0.27344
0.87000,0.52000,0.65851,0.27898
0.88000,0.52000,0.64546,0.29399
0.89000,0.52000,0.62665,0.31688
0.90000,0.52000,0.60356,0.34568
0.91000,0.52000,0.57777,0.37803
0.92000,0.52000,0.55099,0.41136
0.93000,0.52000,0.52504,0.44314
0.94000,0.52000,0.50170,0.47118
0.95000,0.52000,0.48251,0.49376
0.96000,0.52000,0.46860,0.50987
0.97000,0.52000,0.46050,0.51916
0.98000,0.52000,0.45807,0.52203
0.99000,0.52000,0.46022,0.51978
1.0000,0.52000,0.46447,0.51505
0.0000,0.53000,0.46692,0.51285
0.010000,0.53000,0.46572,0.51374
0.020000,0.53000,0.45729,0.52213
0.030000,0.53000,0.44735,0.53202
0.040000,0.53000,0.43914,0.54009
0.050000,0.53000,0.43481,0.54415
0.060000,0.53000,0.43584,0.54255
0.070000,0.53000,0.44317,0.53409
0.080000,0.53000,0.45714,0.51805
0.090000,0.53000,0.47747,0.49428
0.10000,0.53000,0.50326,0.46340
0.11000,0.53000,0.53306,0.42683
0.12000,0.53000,0.56501,0.38676
0.13000,0.53000,0.59711,0.34594
0.14000,0.53000,0.62740,0.30731
0.15000,0.53000,0.65420,0.27363
0.16000,0.53000,0.67609,0.24715
0.17000,0.53000,0.69186,0.22960
0.18000,0.53000,0.70035,0.22221
0.19000,0.53000,0.70029,0.22589
0.20000,0.53000,0.69020,0.24135
0.21000,0.53000,0.66853,0.26908
0.22000,0.53000,0.63399,0.30907
0.23000,0.53000,0.58617,0.36039
0.24000,0.53000,0.52618,0.42084
0.25000,0.53000,0.45711,0.48679
0.26000,0.53000,0.38381,0.55368
0.27000,0.53000,0.31189,0.61696
0.28000,0.53000,0.24638,0.67309
0.29000,0.53000,0.19068,0.72009
0.30000,0.53000,0.14621,0.75754
0.31000,0.53000,0.11288,0.78604
0.32000,0.53000,0.089715,0.80669
0.33000,0.53000,0.075555,0.82056
0.34000,0.53000,0.069497,0.82834
0.35000,0.53000,0.071172,0.83020
0.36000,0.53000,0.080879,0.82562
0.37000,0.53000,0.099604,0.81338
0.38000,0.53000,0.12891,0.79157
0.39000,0.53000,0.17063,0.75791
0.40000,0.53000,0.22620,0.71021
0.41000,0.53000,0.29574,0.64742
0.42000,0.53000,0.37707,0.57073
0.43000,0.53000,0.46527,0.48434
0.44000,0.53000,0.55350,0.39499
0.45000,0.53000,0.63486,0.31016
0.46000,0.53000,0.70431,0.23579
0.47000,0.53000,0.75959,0.17503
0.48000,0.53000,0.80096,0.12826
0.49000,0.53000,0.83014,0.094089
0.50000,0.53000,0.84940,0.070423
0.51000,0.53000,0.86090,0.055244
0.52000,0.53000,0.86628,0.047021
0.53000,0.53000,0.86659,0.044872
0.54000,0.53000,0.86222,0.048604
0.55000,0.53000,0.85288,0.058705
0.56000,0.53000,0.83760,0.076309
0.57000,0.53000,0.81477,0.10310
0.58000,0.53000,0.78229,0.14104
0.59000,0.53000,0.73799,0.19190
0.60000,0.53000,0.68033,0.25636
0.61000,0.53000,0.60954,0.33310
0.62000,0.53000,0.52841,0.41812
0.63000,0.53000,0.44238,0.50514
0.64000,0.53000,0.35826,0.58707
0.65000,0.53000,0.28224,0.65800
0.66000,0.53000,0.21834,0.71461
0.67000,0.53000,0.16799,0.75624
0.68000,0.53000,0.13075,0.78417
0.69000,0.53000,0.10518,0.80056
0.70000,0.53000,0.089765,0.80764
0.71000,0.53000,0.083340,0.80725
0.72000,0.53000,0.085320,0.80064
0.73000,0.53000,0.095709,0.78835
0.74000,0.53000,0.11498,0.77034
0.75000,0.53000,0.14382,0.74610
0.76000,0.53000,0.18279,0.71488
0.77000,0.53000,0.23179,0.67608
0.78000,0.53000,0.28957,0.62977
0.79000,0.53000,0.35345,0.57712
0.80000,0.53000,0.41941,0.52065
0.81000,0.53000,0.48277,0.46390
0.82000,0.53000,0.53917,0.41081
0.83000,0.53000,0.58540,0.36486
0.84000,0.53000,0.61984,0.32854
0.85000,0.53000,0.64229,0.30320
0.86000,0.53000,0.65356,0.28923
0.87000,0.53000,0.65499,0.28628
0.88000,0.53000,0.64809,0.29352
0.89000,0.53000,0.63436,0.30966
0.90000,0.53000,0.61528,0.33301
0.91000,0.53000,0.59238,0.36148
0.92000,0.53000,0.56728,0.39268
0.93000,0.53000,0.54174,0.42411
0.94000,0.53000,0.51754,0.45337
0.95000,0.53000,0.49638,0.47847
0.96000,0.53000,0.47967,0.49794
0.97000,0.53000,0.46836,0.51092
0.98000,0.53000,0.46284,0.51725
0.99000,0.53000,0.46277,0.51745
1.0000,0.53000,0.46692,0.51285
0.0000,0.54000,0.47018,0.50985
0.010000,0.54000,0.46991,0.50976
0.020000,0.54000,0.46152,0.51798
0.030000,0.54000,0.45056,0.52875
0.040000,0.54000,0.44021,0.53885
0.050000,0.54000,0.43270,0.54607
0.060000,0.54000,0.42974,0.54863
0.070000,0.54000,0.43257,0.54510
0.080000,0.54000,0.44195,0.53439
0.090000,0.54000,0.45806,0.51589
0.10000,0.54000,0.48047,0.48962
0.11000,0.54000,0.50812,0.45637
0.12000,0.54000,0.53944,0.41782
0.13000,0.54000,0.57245,0.37636
0.14000,0.54000,0.60510,0.33489
0.15000,0.54000,0.63546,0.29638
0.16000,0.54000,0.66188,0.26348
0.17000,0.54000,0.68304,0.23829
0.18000,0.54000,0.69781,0.22235
0.19000,0.54000,0.70509,0.21673
0.20000,0.54000,0.70363,0.22226
0.21000,0.54000,0.69197,0.23961
0.22000,0.54000,0.66855,0.26921
0.23000,0.54000,0.63216,0.31102
0.24000,0.54000,0.58253,0.36404
0.25000,0.54000,0.52099,0.42589
0.26000,0.54000,0.45085,0.49283
0.27000,0.54000,0.37714,0.56022
0.28000,0.54000,0.30552,0.62350
0.29000,0.54000,0.24089,0.67920
0.30000,0.54000,0.18638,0.72544
0.31000,0.54000,0.14319,0.76189
0.32000,0.54000,0.11102,0.78926
0.33000,0.54000,0.088827,0.80871
0.34000,0.54000,0.075463,0.82137
0.35000,0.54000,0.070084,0.82798
0.36000,0.54000,0.072405,0.82874
0.37000,0.54000,0.082802,0.82315
0.38000,0.54000,0.10232,0.81000
0.39000,0.54000,0.13252,0.78739
0.40000,0.54000,0.17518,0.75300
0.41000,0.54000,0.23161,0.70471
0.42000,0.54000,0.30173,0.64152
0.43000,0.54000,0.38317,0.56476
0.44000,0.54000,0.47093,0.47877
0.45000,0.54000,0.55825,0.39031
0.46000,0.54000,0.63840,0.30671
0.47000,0.54000,0.70654,0.23367
0.48000,0.54000,0.76056,0.17411
0.49000,0.54000,0.80073,0.12828
0.50000,0.54000,0.82882,0.094759
0.51000,0.54000,0.84708,0.071511
0.52000,0.54000,0.85766,0.056606
0.53000,0.54000,0.86222,0.048604
0.54000,0.54000,0.86184,0.046704
0.55000,0.54000,0.85691,0.050771
0.56000,0.54000,0.84716,0.061328
0.57000,0.54000,0.83160,0.079513
0.58000,0.54000,0.80862,0.10696
0.59000,0.54000,0.77611,0.14555
0.60000,0.54000,0.73191,0.19688
0.61000,0.54000,0.67455,0.26146
0.62000,0.54000,0.60433,0.33781
0.63000,0.54000,0.52412,0.42190
0.64000,0.54000,0.43934,0.50754
0.65000,0.54000,0.35666,0.58783
0.66000,0.54000,0.28206,0.65713
0.67000,0.54000,0.21938,0.71224
0.68000,0.54000,0.17000,0.75257
0.69000,0.54000,0.13348,0.77941
0.70000,0.54000,0.10850,0.79487
0.71000,0.54000,0.093618,0.80117
0.72000,0.54000,0.087780,0.80013
0.73000,0.54000,0.090457,0.79297
0.74000,0.54000,0.10167,0.78025
0.75000,0.54000,0.12185,0.76193
0.76000,0.54000,0.15157,0.73751
0.77000,0.54000,0.19122,0.70631
0.78000,0.54000,0.24047,0.66783
0.79000,0.54000,0.29788,0.62227
0.80000,0.54000,0.36063,0.57092
0.81000,0.54000,0.42473,0.51634
0.82000,0.54000,0.48568,0.46202
0.83000,0.54000,0.53941,0.41172
0.84000,0.54000,0.58299,0.36869
0.85000,0.54000,0.61502,0.33524
0.86000,0.54000,0.63541,0.31256
0.87000,0.54000,0.64502,0.30094
0.88000,0.54000,0.64517,0.29995
0.89000,0.54000,0.63735,0.30865
0.90000,0.54000,0.62309,0.32565
0.91000,0.54000,0.60390,0.34915
0.92000,0.54000,0.58134,0.37699
0.93000,0.54000,0.55709,0.40679
0.94000,0.54000,0.53290,0.43613
0.95000,0.54000,0.51054,0.46278
0.96000,0.54000,0.49162,0.48492
0.97000,0.54000,0.47746,0.50124
0.98000,0.54000,0.46893,0.51098
0.99000,0.54000,0.46647,0.51387
1.0000,0.54000,0.47018,0.50985
0.0000,0.55000,0.47410,0.50616
0.010000,0.55000,0.47466,0.50528
0.020000,0.55000,0.46672,0.51298
0.030000,0.55000,0.45534,0.52403
0.040000,0.55000,0.44349,0.53548
0.050000,0.55000,0.43336,0.54520
0.060000,0.55000,0.42675,0.55141
0.070000,0.55000,0.42516,0.55252
0.080000,0.55000,0.42968,0.54719
0.090000,0.55000,0.44093,0.53443
0.10000,0.55000,0.45897,0.51372
0.11000,0.55000,0.48322,0.48525
0.12000,0.55000,0.51250,0.45001
0.13000,0.55000,0.54509,0.40987
0.14000,0.55000,0.57893,0.36744
0.15000,0.55000,0.61194,0.32569
0.16000,0.55000,0.64219,0.28756
0.17000,0.55000,0.66812,0.25559
0.18000,0.55000,0.68848,0.23169
0.19000,0.55000,0.70224,0.21724
0.20000,0.55000,0.70835,0.21319
0.21000,0.55000,0.70557,0.22027
0.22000,0.55000,0.69244,0.23912
0.23000,0.55000,0.66750,0.27019
0.24000,0.55000,0.62965,0.31338
0.25000,0.55000,0.57874,0.36761
0.26000,0.55000,0.51625,0.43041
0.27000,0.55000,0.44564,0.49790
0.28000,0.55000,0.37204,0.56540
0.29000,0.55000,0.30107,0.62835
0.30000,0.55000,0.23747,0.68337
0.31000,0.55000,0.18414,0.72869
0.32000,0.55000,0.14206,0.76405
0.33000,0.55000,0.11082,0.79026
0.34000,0.55000,0.089365,0.80855
0.35000,0.55000,0.076575,0.82010
0.36000,0.55000,0.071689,0.82571
0.37000,0.55000,0.074498,0.82560
0.38000,0.55000,0.085443,0.81930
0.39000,0.55000,0.10559,0.80559
0.40000,0.55000,0.13647,0.78257
0.41000,0.55000,0.17977,0.74792
0.42000,0.55000,0.23663,0.69953
0.43000,0.55000,0.30681,0.63647
0.44000,0.55000,0.38782,0.56018
0.45000,0.55000,0.47469,0.47504
0.46000,0.55000,0.56078,0.38777
0.47000,0.55000,0.63957,0.30549
0.48000,0.55000,0.70639,0.23367
0.49000,0.55000,0.75921,0.17504
0.50000,0.55000,0.79834,0.12983
0.51000,0.55000,0.82551,0.096642
0.52000,0.55000,0.84297,0.073544
0.53000,0.55000,0.85288,0.058705
0.54000,0.55000,0.85691,0.050771
0.55000,0.55000,0.85614,0.049003
0.56000,0.55000,0.85098,0.053305
0.57000,0.55000,0.84113,0.064208
0.58000,0.55000,0.82562,0.082824
0.59000,0.55000,0.80280,0.11072
0.60000,0.55000,0.77056,0.14967
0.61000,0.55000,0.72675,0.20112
0.62000,0.55000,0.66996,0.26545
0.63000,0.55000,0.60055,0.34109
0.64000,0.55000,0.52145,0.42401
0.65000,0.55000,0.43801,0.50817
0.66000,0.55000,0.35674,0.58687
0.67000,0.55000,0.28341,0.65466
0.68000,0.55000,0.22176,0.70845
0.69000,0.55000,0.17313,0.74769
0.70000,0.55000,0.13716,0.77364
0.71000,0.55000,0.11261,0.78839
0.72000,0.55000,0.098161,0.79412
0.73000,0.55000,0.092834,0.79264
0.74000,0.55000,0.096141,0.78513
0.75000,0.55000,0.10810,0.77215
0.76000,0.55000,0.12907,0.75367
0.77000,0.55000,0.15953,0.72921
0.78000,0.55000,0.19967,0.69815
0.79000,0.55000,0.24898,0.66010
0.80000,0.55000,0.30581,0.61540
0.81000,0.55000,0.36727,0.56545
0.82000,0.55000,0.42941,0.51285
0.83000,0.55000,0.48794,0.46101
0.84000,0.55000,0.53902,0.41351
0.85000,0.55000,0.58002,0.37339
0.86000,0.55000,0.60973,0.34273
0.87000,0.55000,0.62817,0.32261
0.88000,0.55000,0.63622,0.31320
0.89000,0.55000,0.63519,0.31398
0.90000,0.55000,0.62658,0.32392
0.91000,0.55000,0.61189,0.34154
0.92000,0.55000,0.59268,0.36494
0.93000,0.55000,0.57056,0.39195
0.94000,0.55000,0.54722,0.42020
0.95000,0.55000,0.52446,0.44737
0.96000,0.55000,0.50400,0.47138
0.97000,0.55000,0.48743,0.49051
0.98000,0.55000,0.47609,0.50346
0.99000,0.55000,0.47117,0.50916
1.0000,0.55000,0.47410,0.50616
0.0000,0.56000,0.47848,0.50190
0.010000,0.56000,0.47972,0.50050
0.020000,0.56000,0.47256,0.50741
0.030000,0.56000,0.46136,0.51819
0.040000,0.56000,0.44870,0.53031
0.050000,0.56000,0.43660,0.54183
0.060000,0.56000,0.42689,0.55102
0.070000,0.56000,0.42118,0.55627
0.080000,0.56000,0.42085,0.55606
0.090000,0.56000,0.42689,0.54913
0.10000,0.56000,0.43981,0.53455
0.11000,0.56000,0.45956,0.51193
0.12000,0.56000,0.48542,0.48159
0.13000,0.56000,0.51609,0.44472
0.14000,0.56000,0.54973,0.40338
0.15000,0.56000,0.58422,0.36031
0.16000,0.56000,0.61742,0.31854
0.17000,0.56000,0.64746,0.28094
0.18000,0.56000,0.67285,0.24990
0.19000,0.56000,0.69243,0.22716
0.20000,0.56000,0.70523,0.21394
0.21000,0.56000,0.71024,0.21109
0.22000,0.56000,0.70626,0.21929
0.23000,0.56000,0.69193,0.23921
0.24000,0.56000,0.66590,0.27129
0.25000,0.56000,0.62717,0.31543
0.26000,0.56000,0.57565,0.37044
0.27000,0.56000,0.51282,0.43373
0.28000,0.56000,0.44225,0.50136
0.29000,0.56000,0.36911,0.56862
0.30000,0.56000,0.29898,0.63102
0.31000,0.56000,0.23640,0.68524
0.32000,0.56000,0.18406,0.72959
0.33000,0.56000,0.14280,0.76392
0.34000,0.56000,0.11218,0.78909
0.35000,0.56000,0.091137,0.80640
0.36000,0.56000,0.078645,0.81708
0.37000,0.56000,0.074016,0.82198
0.38000,0.56000,0.077110,0.82136
0.39000,0.56000,0.088403,0.81474
0.40000,0.56000,0.10895,0.80090
0.41000,0.56000,0.14022,0.77794
0.42000,0.56000,0.18375,0.74350
0.43000,0.56000,0.24055,0.69549
0.44000,0.56000,0.31027,0.63304
0.45000,0.56000,0.39039,0.55764
0.46000,0.56000,0.47603,0.47367
0.47000,0.56000,0.56075,0.38770
0.48000,0.56000,0.63822,0.30663
0.49000,0.56000,0.70388,0.23574
0.50000,0.56000,0.75574,0.17769
0.51000,0.56000,0.79408,0.13271
0.52000,0.56000,0.82062,0.099528
0.53000,0.56000,0.83760,0.076309
0.54000,0.56000,0.84716,0.061328
0.55000,0.56000,0.85098,0.053305
0.56000,0.56000,0.85015,0.051541
0.57000,0.56000,0.84507,0.055954
0.58000,0.56000,0.83543,0.067059
0.59000,0.56000,0.82024,0.085919
0.60000,0.56000,0.79782,0.11403
0.61000,0.56000,0.76605,0.15305
0.62000,0.56000,0.72281,0.20432
0.63000,0.56000,0.66674,0.26811
0.64000,0.56000,0.59828,0.34283
0.65000,0.56000,0.52035,0.42451
0.66000,0.56000,0.43822,0.50723
0.67000,0.56000,0.35822,0.58450
0.68000,0.56000,0.28598,0.65098
0.69000,0.56000,0.22514,0.70368
0.70000,0.56000,0.17707,0.74205
0.71000,0.56000,0.14148,0.76733
0.72000,0.56000,0.11725,0.78158
0.73000,0.56000,0.10316,0.78693
0.74000,0.56000,0.098280,0.78517
0.75000,0.56000,0.10216,0.77746
0.76000,0.56000,0.11479,0.76434
0.77000,0.56000,0.13648,0.74578
0.78000,0.56000,0.16756,0.72133
0.79000,0.56000,0.20806,0.69045
0.80000,0.56000,0.25728,0.65287
0.81000,0.56000,0.31344,0.60906
0.82000,0.56000,0.37354,0.56055
0.83000,0.56000,0.43371,0.50996
0.84000,0.56000,0.48982,0.46059
0.85000,0.56000,0.53832,0.41585
0.86000,0.56000,0.57682,0.37856
0.87000,0.56000,0.60430,0.35061
0.88000,0.56000,0.62087,0.33293
0.89000,0.56000,0.62743,0.32558
0.90000,0.56000,0.62530,0.32798
0.91000,0.56000,0.61594,0.33899
0.92000,0.56000,0.60087,0.35705
0.93000,0.56000,0.58168,0.38022
0.94000,0.56000,0.56001,0.40629
0.95000,0.56000,0.53763,0.43293
0.96000,0.56000,0.51633,0.45791
0.97000,0.56000,0.49789,0.47918
0.98000,0.56000,0.48406,0.49497
0.99000,0.56000,0.47669,0.50346
1.0000,0.56000,0.47848,0.50190
0.0000,0.57000,0.48316,0.49722
0.010000,0.57000,0.48483,0.49562
0.020000,0.57000,0.47871,0.50156
0.030000,0.57000,0.46822,0.51161
0.040000,0.57000,0.45544,0.52374
0.050000,0.57000,0.44213,0.53632
0.060000,0.57000,0.42998,0.54775
0.070000,0.57000,0.42068,0.55645
0.080000,0.57000,0.41576,0.56086
0.090000,0.57000,0.41654,0.55952
0.10000,0.57000,0.42391,0.55122
0.11000,0.57000,0.43829,0.53509
0.12000,0.57000,0.45952,0.51085
0.13000,0.57000,0.48679,0.47897
0.14000,0.57000,0.51865,0.44081
0.15000,0.57000,0.55317,0.39859
0.16000,0.57000,0.58816,0.35513
0.17000,0.57000,0.62148,0.31347
0.18000,0.57000,0.65129,0.27638
0.19000,0.57000,0.67616,0.24610
0.20000,0.57000,0.69502,0.22423
0.21000,0.57000,0.70695,0.21184
0.22000,0.57000,0.71102,0.20972
0.23000,0.57000,0.70614,0.21859
0.24000,0.57000,0.69110,0.23916
0.25000,0.57000,0.66464,0.27188
0.26000,0.57000,0.62571,0.31656
0.27000,0.57000,0.57412,0.37190
0.28000,0.57000,0.51140,0.43524
0.29000,0.57000,0.44120,0.50265
0.30000,0.57000,0.36872,0.56946
0.31000,0.57000,0.29942,0.63123
0.32000,0.57000,0.23767,0.68468
0.33000,0.57000,0.18600,0.72821
0.34000,0.57000,0.14518,0.76170
0.35000,0.57000,0.11477,0.78609
0.36000,0.57000,0.093802,0.80273
0.37000,0.57000,0.081309,0.81290
0.38000,0.57000,0.076689,0.81749
0.39000,0.57000,0.079850,0.81678
0.40000,0.57000,0.091267,0.81029
0.41000,0.57000,0.11194,0.79678
0.42000,0.57000,0.14322,0.77429
0.43000,0.57000,0.18654,0.74047
0.44000,0.57000,0.24279,0.69322
0.45000,0.57000,0.31160,0.63172
0.46000,0.57000,0.39051,0.55749
0.47000,0.57000,0.47480,0.47480
0.48000,0.57000,0.55822,0.39006
0.49000,0.57000,0.63456,0.30995
0.50000,0.57000,0.69936,0.23962
0.51000,0.57000,0.75060,0.18173
0.52000,0.57000,0.78851,0.13660
0.53000,0.57000,0.81477,0.10310
0.54000,0.57000,0.83160,0.079513
0.55000,0.57000,0.84113,0.064208
0.56000,0.57000,0.84507,0.055954
0.57000,0.57000,0.84448,0.054071
0.58000,0.57000,0.83974,0.058467
0.59000,0.57000,0.83054,0.069620
0.60000,0.57000,0.81584,0.088538
0.61000,0.57000,0.79395,0.11664
0.62000,0.57000,0.76275,0.15550
0.63000,0.57000,0.72014,0.20637
0.64000,0.57000,0.66484,0.26947
0.65000,0.57000,0.59733,0.34322
0.66000,0.57000,0.52051,0.42370
0.67000,0.57000,0.43956,0.50515
0.68000,0.57000,0.36066,0.58119
0.69000,0.57000,0.28931,0.64660
0.70000,0.57000,0.22910,0.69843
0.71000,0.57000,0.18144,0.73615
0.72000,0.57000,0.14613,0.76094
0.73000,0.57000,0.12216,0.77483
0.74000,0.57000,0.10838,0.77995
0.75000,0.57000,0.10393,0.77801
0.76000,0.57000,0.10835,0.77017
0.77000,0.57000,0.12163,0.75695
0.78000,0.57000,0.14398,0.73831
0.79000,0.57000,0.17563,0.71386
0.80000,0.57000,0.21644,0.68313
0.81000,0.57000,0.26554,0.64599
0.82000,0.57000,0.32098,0.60306
0.83000,0.57000,0.37972,0.55597
0.84000,0.57000,0.43793,0.50735
0.85000,0.57000,0.49168,0.46041
0.86000,0.57000,0.53765,0.41837
0.87000,0.57000,0.57371,0.38382
0.88000,0.57000,0.59901,0.35849
0.89000,0.57000,0.61375,0.34315
0.90000,0.57000,0.61885,0.33778
0.91000,0.57000,0.61561,0.34169
0.92000,0.57000,0.60548,0.35368
0.93000,0.57000,0.59001,0.37211
0.94000,0.57000,0.57080,0.39498
0.95000,0.57000,0.54958,0.42007
0.96000,0.57000,0.52816,0.44507
0.97000,0.57000,0.50847,0.46774
0.98000,0.57000,0.49254,0.48586
0.99000,0.57000,0.48282,0.49698
1.0000,0.57000,0.48316,0.49722
0.0000,0.58000,0.48795,0.49229
0.010000,0.58000,0.48974,0.49085
0.020000,0.58000,0.48481,0.49573
0.030000,0.58000,0.47550,0.50466
0.040000,0.58000,0.46327,0.51621
0.050000,0.58000,0.44950,0.52912
0.060000,0.58000,0.43570,0.54201
0.070000,0.58000,0.42349,0.55339
0.080000,0.58000,0.41450,0.56172
0.090000,0.58000,0.41023,0.56546
0.10000,0.58000,0.41192,0.56320
0.11000,0.58000,0.42042,0.55375
0.12000,0.58000,0.43607,0.53634
0.13000,0.58000,0.45861,0.51077
0.14000,0.58000,0.48711,0.47764
0.15000,0.58000,0.52003,0.43846
0.16000,0.58000,0.55533,0.39556
0.17000,0.58000,0.59077,0.35182
0.18000,0.58000,0.62420,0.31022
0.19000,0.58000,0.65382,0.27345
0.20000,0.58000,0.67827,0.24362
0.21000,0.58000,0.69654,0.22218
0.22000,0.58000,0.70782,0.21016
0.23000,0.58000,0.71130,0.20836
0.24000,0.58000,0.70609,0.21756
0.25000,0.58000,0.69103,0.23846
0.26000,0.58000,0.66475,0.27144
0.27000,0.58000,0.62604,0.31620
0.28000,0.58000,0.57470,0.37141
0.29000,0.58000,0.51234,0.43446
0.30000,0.58000,0.44268,0.50145
0.31000,0.58000,0.37088,0.56777
0.32000,0.58000,0.30225,0.62901
0.33000,0.58000,0.24100,0.68192
0.34000,0.58000,0.18957,0.72491
0.35000,0.58000,0.14875,0.75791
0.36000,0.58000,0.11816,0.78189
0.37000,0.58000,0.096912,0.79826
0.38000,0.58000,0.084150,0.80835
0.39000,0.58000,0.079322,0.81309
0.40000,0.58000,0.082343,0.81273
0.41000,0.58000,0.093635,0.80678
0.42000,0.58000,0.11410,0.79394
0.43000,0.58000,0.14501,0.77222
0.44000,0.58000,0.18769,0.73926
0.45000,0.58000,0.24302,0.69300
0.46000,0.58000,0.31064,0.63265
0.47000,0.58000,0.38823,0.55967
0.48000,0.58000,0.47123,0.47822
0.49000,0.58000,0.55355,0.39447
0.50000,0.58000,0.62912,0.31497
0.51000,0.58000,0.69344,0.24479
0.52000,0.58000,0.74444,0.18666
0.53000,0.58000,0.78229,0.14104
0.54000,0.58000,0.80862,0.10696
0.55000,0.58000,0.82562,0.082824
0.56000,0.58000,0.83543,0.067059
0.57000,0.58000,0.83974,0.058467
0.58000,0.58000,0.83960,0.056365
0.59000,0.58000,0.83539,0.060633
0.60000,0.58000,0.82674,0.071706
0.61000,0.58000,0.81259,0.090533
0.62000,0.58000,0.79124,0.11847
0.63000,0.58000,0.76059,0.15702
0.64000,0.58000,0.71857,0.20739
0.65000,0.58000,0.66397,0.26978
0.66000,0.58000,0.59730,0.34261
0.67000,0.58000,0.52146,0.42206
0.68000,0.58000,0.44153,0.50244
0.69000,0.58000,0.36356,0.57748
0.70000,0.58000,0.29294,0.64203
0.71000,0.58000,0.23324,0.69318
0.72000,0.58000,0.18591,0.73038
0.73000,0.58000,0.15084,0.75481
0.74000,0.58000,0.12712,0.76845
0.75000,0.58000,0.11367,0.77338
0.76000,0.58000,0.10966,0.77130
0.77000,0.58000,0.11465,0.76333
0.78000,0.58000,0.12859,0.74996
0.79000,0.58000,0.15163,0.73118
0.80000,0.58000,0.18386,0.70664
0.81000,0.58000,0.22501,0.67598
0.82000,0.58000,0.27401,0.63921
0.83000,0.58000,0.32877,0.59709
0.84000,0.58000,0.38618,0.55137
0.85000,0.58000,0.44245,0.50468
0.86000,0.58000,0.49385,0.46013
0.87000,0.58000,0.53731,0.42072
0.88000,0.58000,0.57094,0.38886
0.89000,0.58000,0.59405,0.36609
0.90000,0.58000,0.60693,0.35306
0.91000,0.58000,0.61051,0.34963
0.92000,0.58000,0.60609,0.35503
0.93000,0.58000,0.59511,0.36798
0.94000,0.58000,0.57915,0.38677
0.95000,0.58000,0.55987,0.40934
0.96000,0.58000,0.53908,0.43343
0.97000,0.58000,0.51877,0.45665
0.98000,0.58000,0.50122,0.47650
0.99000,0.58000,0.48935,0.48999
1.0000,0.58000,0.48795,0.49229
0.0000,0.59000,0.49270,0.48728
0.010000,0.59000,0.49426,0.48636
0.020000,0.59000,0.49059,0.49017
0.030000,0.59000,0.48279,0.49770
0.040000,0.59000,0.47169,0.50818
0.050000,0.59000,0.45821,0.52075
0.060000,0.59000,0.44358,0.53432
0.070000,0.59000,0.42926,0.54755
0.080000,0.59000,0.41689,0.55898
0.090000,0.59000,0.40807,0.56708
0.10000,0.59000,0.40428,0.57033
0.11000,0.59000,0.40672,0.56734
0.12000,0.59000,0.41619,0.55697
0.13000,0.59000,0.43295,0.53850
0.14000,0.59000,0.45665,0.51184
0.15000,0.59000,0.48629,0.47768
0.16000,0.59000,0.52021,0.43763
0.17000,0.59000,0.55628,0.39411
0.18000,0.59000,0.59220,0.35001
0.19000,0.59000,0.62582,0.30828
0.20000,0.59000,0.65538,0.27150
0.21000,0.59000,0.67958,0.24169
0.22000,0.59000,0.69754,0.22026
0.23000,0.59000,0.70859,0.20824
0.24000,0.59000,0.71210,0.20648
0.25000,0.59000,0.70720,0.21573
0.26000,0.59000,0.69261,0.23661
0.27000,0.59000,0.66679,0.26941
0.28000,0.59000,0.62846,0.31383
0.29000,0.59000,0.57750,0.36860
0.30000,0.59000,0.51563,0.43119
0.31000,0.59000,0.44655,0.49779
0.32000,0.59000,0.37529,0.56379
0.33000,0.59000,0.30700,0.62479
0.34000,0.59000,0.24581,0.67752
0.35000,0.59000,0.19417,0.72036
0.36000,0.59000,0.15291,0.75328
0.37000,0.59000,0.12178,0.77729
0.38000,0.59000,0.099993,0.79384
0.39000,0.59000,0.086761,0.80431
0.40000,0.59000,0.081542,0.80959
0.41000,0.59000,0.084207,0.80992
0.42000,0.59000,0.095106,0.80476
0.43000,0.59000,0.11506,0.79277
0.44000,0.59000,0.14527,0.77195
0.45000,0.59000,0.18703,0.73997
0.46000,0.59000,0.24123,0.69478
0.47000,0.59000,0.30760,0.63559
0.48000,0.59000,0.38394,0.56378
0.49000,0.59000,0.46586,0.48336
0.50000,0.59000,0.54743,0.40029
0.51000,0.59000,0.62261,0.32101
0.52000,0.59000,0.68685,0.25060
0.53000,0.59000,0.73799,0.19190
0.54000,0.59000,0.77611,0.14555
0.55000,0.59000,0.80280,0.11072
0.56000,0.59000,0.82024,0.085919
0.57000,0.59000,0.83054,0.069620
0.58000,0.59000,0.83539,0.060633
0.59000,0.59000,0.83582,0.058256
0.60000,0.59000,0.83217,0.062328
0.61000,0.59000,0.82407,0.073239
0.62000,0.59000,0.81042,0.091887
0.63000,0.59000,0.78952,0.11958
0.64000,0.59000,0.75928,0.15778
0.65000,0.59000,0.71772,0.20767
0.66000,0.59000,0.66366,0.26944
0.67000,0.59000,0.59768,0.34152
0.68000,0.59000,0.52266,0.42014
0.69000,0.59000,0.44358,0.49965
0.70000,0.59000,0.36640,0.57389
0.71000,0.59000,0.29641,0.63774
0.72000,0.59000,0.23717,0.68831
0.73000,0.59000,0.19018,0.72507
0.74000,0.59000,0.15540,0.74917
0.75000,0.59000,0.13199,0.76257
0.76000,0.59000,0.11894,0.76731
0.77000,0.59000,0.11546,0.76504
0.78000,0.59000,0.12110,0.75685
0.79000,0.59000,0.13579,0.74323
0.80000,0.59000,0.15960,0.72418
0.81000,0.59000,0.19252,0.69943
0.82000,0.59000,0.23409,0.66872
0.83000,0.59000,0.28306,0.63222
0.84000,0.59000,0.33718,0.59085
0.85000,0.59000,0.39326,0.54646
0.86000,0.59000,0.44758,0.50167
0.87000,0.59000,0.49659,0.45946
0.88000,0.59000,0.53750,0.42267
0.89000,0.59000,0.56864,0.39349
0.90000,0.59000,0.58948,0.37330
0.91000,0.59000,0.60040,0.36259
0.92000,0.59000,0.60235,0.36114
0.93000,0.59000,0.59660,0.36809
0.94000,0.59000,0.58464,0.38205
0.95000,0.59000,0.56807,0.40123
0.96000,0.59000,0.54866,0.42348
0.97000,0.59000,0.52845,0.44639
0.98000,0.59000,0.50982,0.46728
0.99000,0.59000,0.49608,0.48274
1.0000,0.59000,0.49270,0.48728
0.0000,0.60000,0.49726,0.48238
0.010000,0.60000,0.49823,0.48230
0.020000,0.60000,0.49577,0.48512
0.030000,0.60000,0.48972,0.49107
0.040000,0.60000,0.48020,0.50008
0.050000,0.60000,0.46768,0.51173
0.060000,0.60000,0.45304,0.52523
0.070000,0.60000,0.43750,0.53948
0.080000,0.60000,0.42258,0.55315
0.090000,0.60000,0.40991,0.56475
0.10000,0.60000,0.40111,0.57276
0.11000,0.60000,0.39766,0.57567
0.12000,0.60000,0.40072,0.57213
0.13000,0.60000,0.41104,0.56102
0.14000,0.60000,0.42882,0.54167
0.15000,0.60000,0.45365,0.51405
0.16000,0.60000,0.48441,0.47895
0.17000,0.60000,0.51936,0.43805
0.18000,0.60000,0.55627,0.39381
0.19000,0.60000,0.59280,0.34913
0.20000,0.60000,0.62678,0.30693
0.21000,0.60000,0.65650,0.26975
0.22000,0.60000,0.68078,0.23957
0.23000,0.60000,0.69887,0.21783
0.24000,0.60000,0.71025,0.20557
0.25000,0.60000,0.71430,0.20358
0.26000,0.60000,0.71005,0.21256
0.27000,0.60000,0.69605,0.23306
0.28000,0.60000,0.67071,0.26535
0.29000,0.60000,0.63280,0.30920
0.30000,0.60000,0.58230,0.36347
0.31000,0.60000,0.52093,0.42571
0.32000,0.60000,0.45229,0.49215
0.33000,0.60000,0.38126,0.55817
0.34000,0.60000,0.31290,0.61932
0.35000,0.60000,0.25132,0.67228
0.36000,0.60000,0.19903,0.71543
0.37000,0.60000,0.15700,0.74871
0.38000,0.60000,0.12508,0.77319
0.39000,0.60000,0.10258,0.79033
0.40000,0.60000,0.088729,0.80150
0.41000,0.60000,0.082955,0.80757
0.42000,0.60000,0.085074,0.80876
0.43000,0.60000,0.095374,0.80447
0.44000,0.60000,0.11462,0.79336
0.45000,0.60000,0.14398,0.77344
0.46000,0.60000,0.18474,0.74239
0.47000,0.60000,0.23781,0.69819
0.48000,0.60000,0.30302,0.64001
0.49000,0.60000,0.37832,0.56915
0.50000,0.60000,0.45949,0.48944
0.51000,0.60000,0.54067,0.40671
0.52000,0.60000,0.61583,0.32730
0.53000,0.60000,0.68033,0.25636
0.54000,0.60000,0.73191,0.19688
0.55000,0.60000,0.77056,0.14967
0.56000,0.60000,0.79782,0.11403
0.57000,0.60000,0.81584,0.088538
0.58000,0.60000,0.82674,0.071706
0.59000,0.60000,0.83217,0.062328
0.60000,0.60000,0.83317,0.059670
0.61000,0.60000,0.83003,0.063531
0.62000,0.60000,0.82236,0.074259
0.63000,0.60000,0.80905,0.092717
0.64000,0.60000,0.78843,0.12018
0.65000,0.60000,0.75842,0.15809
0.66000,0.60000,0.71711,0.20761
0.67000,0.60000,0.66341,0.26893
0.68000,0.60000,0.59794,0.34047
0.69000,0.60000,0.52357,0.41846
0.70000,0.60000,0.44523,0.49730
0.71000,0.60000,0.36876,0.57084
0.72000,0.60000,0.29940,0.63405
0.73000,0.60000,0.24067,0.68407
0.74000,0.60000,0.19410,0.72037
0.75000,0.60000,0.15972,0.74410
0.76000,0.60000,0.13675,0.75719
0.77000,0.60000,0.12424,0.76164
0.78000,0.60000,0.12142,0.75907
0.79000,0.60000,0.12786,0.75052
0.80000,0.60000,0.14345,0.73650
0.81000,0.60000,0.16819,0.71702
0.82000,0.60000,0.20194,0.69190
0.83000,0.60000,0.24405,0.66102
0.84000,0.60000,0.29306,0.62471
0.85000,0.60000,0.34655,0.58406
0.86000,0.60000,0.40125,0.54098
0.87000,0.60000,0.45353,0.49810
0.88000,0.60000,0.50005,0.45827
0.89000,0.60000,0.53828,0.42413
0.90000,0.60000,0.56679,0.39769
0.91000,0.60000,0.58522,0.38014
0.92000,0.60000,0.59401,0.37186
0.93000,0.60000,0.59413,0.37249
0.94000,0.60000,0.58689,0.38106
0.95000,0.60000,0.57378,0.39610
0.96000,0.60000,0.55653,0.41565
0.97000,0.60000,0.53712,0.43740
0.98000,0.60000,0.51805,0.45858
0.99000,0.60000,0.50278,0.47555
1.0000,0.60000,0.49726,0.48238
0.0000,0.61000,0.50154,0.47776
0.010000,0.61000,0.50156,0.47882
0.020000,0.61000,0.50016,0.48077
0.030000,0.61000,0.49595,0.48507
0.040000,0.61000,0.48835,0.49233
0.050000,0.61000,0.47735,0.50257
0.060000,0.61000,0.46345,0.51534
0.070000,0.61000,0.44758,0.52980
0.080000,0.61000,0.43104,0.54482
0.090000,0.61000,0.41538,0.55902
0.10000,0.61000,0.40229,0.57091
0.11000,0.61000,0.39341,0.57894
0.12000,0.61000,0.39020,0.58164
0.13000,0.61000,0.39382,0.57765
0.14000,0.61000,0.40495,0.56590
0.15000,0.61000,0.42377,0.54575
0.16000,0.61000,0.44978,0.51720
0.17000,0.61000,0.48176,0.48111
0.18000,0.61000,0.51786,0.43921
0.19000,0.61000,0.55578,0.39400
0.20000,0.61000,0.59311,0.34841
0.21000,0.61000,0.62770,0.30537
0.22000,0.61000,0.65790,0.26744
0.23000,0.61000,0.68265,0.23661
0.24000,0.61000,0.70132,0.21433
0.25000,0.61000,0.71339,0.20159
0.26000,0.61000,0.71818,0.19913
0.27000,0.61000,0.71458,0.20759
0.28000,0.61000,0.70111,0.22751
0.29000,0.61000,0.67620,0.25923
0.30000,0.61000,0.63871,0.30259
0.31000,0.61000,0.58862,0.35654
0.32000,0.61000,0.52759,0.41872
0.33000,0.61000,0.45909,0.48536
0.34000,0.61000,0.38789,0.55181
0.35000,0.61000,0.31902,0.61354
0.36000,0.61000,0.25663,0.66717
0.37000,0.61000,0.20338,0.71102
0.38000,0.61000,0.16036,0.74505
0.39000,0.61000,0.12752,0.77032
0.40000,0.61000,0.10422,0.78829
0.41000,0.61000,0.089660,0.80031
0.42000,0.61000,0.083248,0.80725
0.43000,0.61000,0.084752,0.80928
0.44000,0.61000,0.094410,0.80581
0.45000,0.61000,0.11294,0.79549
0.46000,0.61000,0.14148,0.77634
0.47000,0.61000,0.18130,0.74604
0.48000,0.61000,0.23338,0.70260
0.49000,0.61000,0.29764,0.64516
0.50000,0.61000,0.37219,0.57493
0.51000,0.61000,0.45295,0.49561
0.52000,0.61000,0.53409,0.41289
0.53000,0.61000,0.60954,0.33310
0.54000,0.61000,0.67455,0.26146
0.55000,0.61000,0.72675,0.20112
0.56000,0.61000,0.76605,0.15305
0.57000,0.61000,0.79395,0.11664
0.58000,0.61000,0.81259,0.090533
0.59000,0.61000,0.82407,0.073239
0.60000,0.61000,0.83003,0.063531
0.61000,0.61000,0.83148,0.060639
0.62000,0.61000,0.82870,0.064327
0.63000,0.61000,0.82127,0.074913
0.64000,0.61000,0.80810,0.093236
0.65000,0.61000,0.78752,0.12056
0.66000,0.61000,0.75753,0.15831
0.67000,0.61000,0.71626,0.20765
0.68000,0.61000,0.66273,0.26872
0.69000,0.61000,0.59760,0.33993
0.70000,0.61000,0.52377,0.41747
0.71000,0.61000,0.44611,0.49574
0.72000,0.61000,0.37036,0.56863
0.73000,0.61000,0.30170,0.63116
0.74000,0.61000,0.24361,0.68054
0.75000,0.61000,0.19763,0.71628
0.76000,0.61000,0.16384,0.73952
0.77000,0.61000,0.14151,0.75217
0.78000,0.61000,0.12972,0.75619
0.79000,0.61000,0.12776,0.75314
0.80000,0.61000,0.13520,0.74406
0.81000,0.61000,0.15190,0.72945
0.82000,0.61000,0.17776,0.70937
0.83000,0.61000,0.21249,0.68375
0.84000,0.61000,0.25524,0.65261
0.85000,0.61000,0.30432,0.61646
0.86000,0.61000,0.35711,0.57652
0.87000,0.61000,0.41029,0.53481
0.88000,0.61000,0.46036,0.49389
0.89000,0.61000,0.50419,0.45652
0.90000,0.61000,0.53954,0.42514
0.91000,0.61000,0.56523,0.40157
0.92000,0.61000,0.58104,0.38680
0.93000,0.61000,0.58748,0.38108
0.94000,0.61000,0.58558,0.38392
0.95000,0.61000,0.57665,0.39421
0.96000,0.61000,0.56230,0.41031
0.97000,0.61000,0.54446,0.43007
0.98000,0.61000,0.52560,0.45077
0.99000,0.61000,0.50925,0.46868
1.0000,0.61000,0.50154,0.47776
0.0000,0.62000,0.50543,0.47359
0.010000,0.62000,0.50418,0.47600
0.020000,0.62000,0.50363,0.47726
0.030000,0.62000,0.50122,0.47995
0.040000,0.62000,0.49571,0.48530
0.050000,0.62000,0.48667,0.49376
0.060000,0.62000,0.47417,0.50523
0.070000,0.62000,0.45880,0.51918
0.080000,0.62000,0.44159,0.53468
0.090000,0.62000,0.42393,0.55054
0.10000,0.62000,0.40745,0.56534
0.11000,0.62000,0.39386,0.57758
0.12000,0.62000,0.38485,0.58571
0.13000,0.62000,0.38189,0.58825
0.14000,0.62000,0.38608,0.58385
0.15000,0.62000,0.39812,0.57146
0.16000,0.62000,0.41810,0.55044
0.17000,0.62000,0.44543,0.52085
0.18000,0.62000,0.47880,0.48357
0.19000,0.62000,0.51626,0.44040
0.20000,0.62000,0.55541,0.39390
0.21000,0.62000,0.59379,0.34706
0.22000,0.62000,0.62927,0.30285
0.23000,0.62000,0.66027,0.26390
0.24000,0.62000,0.68581,0.23221
0.25000,0.62000,0.70526,0.20920
0.26000,0.62000,0.71809,0.19584
0.27000,0.62000,0.72353,0.19283
0.28000,0.62000,0.72046,0.20078
0.29000,0.62000,0.70741,0.22023
0.30000,0.62000,0.68283,0.25157
0.31000,0.62000,0.64562,0.29473
0.32000,0.62000,0.59572,0.34871
0.33000,0.62000,0.53470,0.41121
0.34000,0.62000,0.46593,0.47846
0.35000,0.62000,0.39414,0.54575
0.36000,0.62000,0.32437,0.60845
0.37000,0.62000,0.26090,0.66308
0.38000,0.62000,0.20651,0.70792
0.39000,0.62000,0.16242,0.74291
0.40000,0.62000,0.12865,0.76908
0.41000,0.62000,0.10456,0.78793
0.42000,0.62000,0.089354,0.80080
0.43000,0.62000,0.082386,0.80853
0.44000,0.62000,0.083378,0.81129
0.45000,0.62000,0.092507,0.80848
0.46000,0.62000,0.11044,0.79873
0.47000,0.62000,0.13828,0.78007
0.48000,0.62000,0.17733,0.75022
0.49000,0.62000,0.22863,0.70722
0.50000,0.62000,0.29224,0.65020
0.51000,0.62000,0.36638,0.58028
0.52000,0.62000,0.44703,0.50105
0.53000,0.62000,0.52841,0.41812
0.54000,0.62000,0.60433,0.33781
0.55000,0.62000,0.66996,0.26545
0.56000,0.62000,0.72281,0.20432
0.57000,0.62000,0.76275,0.15550
0.58000,0.62000,0.79124,0.11847
0.59000,0.62000,0.81042,0.091887
0.60000,0.62000,0.82236,0.074259
0.61000,0.62000,0.82870,0.064327
0.62000,0.62000,0.83041,0.061289
0.63000,0.62000,0.82777,0.064885
0.64000,0.62000,0.82036,0.075415
0.65000,0.62000,0.80710,0.093714
0.66000,0.62000,0.78633,0.12104
0.67000,0.62000,0.75614,0.15882
0.68000,0.62000,0.71473,0.20818
0.69000,0.62000,0.66121,0.26923
0.70000,0.62000,0.59632,0.34029
0.71000,0.62000,0.52298,0.41749
0.72000,0.62000,0.44600,0.49520
0.73000,0.62000,0.37108,0.56736
0.74000,0.62000,0.30329,0.62908
0.75000,0.62000,0.24605,0.67766
0.76000,0.62000,0.20090,0.71266
0.77000,0.62000,0.16793,0.73523
0.78000,0.62000,0.14646,0.74726
0.79000,0.62000,0.13564,0.75065
0.80000,0.62000,0.13478,0.74694
0.81000,0.62000,0.14346,0.73714
0.82000,0.62000,0.16149,0.72176
0.83000,0.62000,0.18867,0.70095
0.84000,0.62000,0.22453,0.67473
0.85000,0.62000,0.26796,0.64329
0.86000,0.62000,0.31702,0.60732
0.87000,0.62000,0.36894,0.56818
0.88000,0.62000,0.42036,0.52794
0.89000,0.62000,0.46794,0.48914
0.90000,0.62000,0.50881,0.45438
0.91000,0.62000,0.54104,0.42593
0.92000,0.62000,0.56366,0.40538
0.93000,0.62000,0.57662,0.39357
0.94000,0.62000,0.58051,0.39056
0.95000,0.62000,0.57638,0.39570
0.96000,0.62000,0.56565,0.40772
0.97000,0.62000,0.55014,0.42473
0.98000,0.62000,0.53219,0.44417
0.99000,0.62000,0.51528,0.46244
1.0000,0.62000,0.50543,0.47359
0.0000,0.63000,0.50885,0.47000
0.010000,0.63000,0.50608,0.47392
0.020000,0.63000,0.50613,0.47469
0.030000,0.63000,0.50536,0.47589
0.040000,0.63000,0.50198,0.47929
0.050000,0.63000,0.49514,0.48573
0.060000,0.63000,0.48455,0.49546
0.070000,0.63000,0.47043,0.50825
0.080000,0.63000,0.45349,0.52344
0.090000,0.63000,0.43486,0.54003
0.10000,0.63000,0.41601,0.55677
0.11000,0.63000,0.39865,0.57221
0.12000,0.63000,0.38459,0.58481
0.13000,0.63000,0.37551,0.59303
0.14000,0.63000,0.37289,0.59536
0.15000,0.63000,0.37783,0.59049
0.16000,0.63000,0.39096,0.57732
0.17000,0.63000,0.41231,0.55527
0.18000,0.63000,0.44120,0.52440
0.19000,0.63000,0.47620,0.48564
0.20000,0.63000,0.51525,0.44088
0.21000,0.63000,0.55585,0.39274
0.22000,0.63000,0.59550,0.34433
0.23000,0.63000,0.63209,0.29871
0.24000,0.63000,0.66407,0.25856
0.25000,0.63000,0.69047,0.22592
0.26000,0.63000,0.71067,0.20219
0.27000,0.63000,0.72412,0.18832
0.28000,0.63000,0.73003,0.18496
0.29000,0.63000,0.72729,0.19266
0.30000,0.63000,0.71444,0.21197
0.31000,0.63000,0.68996,0.24330
0.32000,0.63000,0.65273,0.28662
0.33000,0.63000,0.60265,0.34105
0.34000,0.63000,0.54122,0.40428
0.35000,0.63000,0.47178,0.47252
0.36000,0.63000,0.39903,0.54097
0.37000,0.63000,0.32812,0.60489
0.38000,0.63000,0.26343,0.66069
0.39000,0.63000,0.20791,0.70659
0.40000,0.63000,0.16283,0.74253
0.41000,0.63000,0.12828,0.76956
0.42000,0.63000,0.10360,0.78919
0.43000,0.63000,0.087961,0.80276
0.44000,0.63000,0.080665,0.81110
0.45000,0.63000,0.081352,0.81437
0.46000,0.63000,0.090130,0.81192
0.47000,0.63000,0.10763,0.80241
0.48000,0.63000,0.13495,0.78389
0.49000,0.63000,0.17346,0.75416
0.50000,0.63000,0.22427,0.71127
0.51000,0.63000,0.28754,0.65436
0.52000,0.63000,0.36157,0.58448
0.53000,0.63000,0.44238,0.50514
0.54000,0.63000,0.52412,0.42190
0.55000,0.63000,0.60055,0.34109
0.56000,0.63000,0.66674,0.26811
0.57000,0.63000,0.72014,0.20637
0.58000,0.63000,0.76059,0.15702
0.59000,0.63000,0.78952,0.11958
0.60000,0.63000,0.80905,0.092717
0.61000,0.63000,0.82127,0.074913
0.62000,0.63000,0.82777,0.064885
0.63000,0.63000,0.82953,0.061811
0.64000,0.63000,0.82680,0.065421
0.65000,0.63000,0.81918,0.076014
0.66000,0.63000,0.80560,0.094430
0.67000,0.63000,0.78445,0.12193
0.68000,0.63000,0.75388,0.15994
0.69000,0.63000,0.71220,0.20954
0.70000,0.63000,0.65860,0.27074
0.71000,0.63000,0.59391,0.34177
0.72000,0.63000,0.52108,0.41864
0.73000,0.63000,0.44491,0.49572
0.74000,0.63000,0.37099,0.56698
0.75000,0.63000,0.30430,0.62768
0.76000,0.63000,0.24818,0.67522
0.77000,0.63000,0.20413,0.70926
0.78000,0.63000,0.17225,0.73096
0.79000,0.63000,0.15193,0.74216
0.80000,0.63000,0.14234,0.74472
0.81000,0.63000,0.14283,0.74016
0.82000,0.63000,0.15299,0.72947
0.83000,0.63000,0.17257,0.71319
0.84000,0.63000,0.20124,0.69156
0.85000,0.63000,0.23828,0.66470
0.86000,0.63000,0.28232,0.63300
0.87000,0.63000,0.33118,0.59730
0.88000,0.63000,0.38192,0.55911
0.89000,0.63000,0.43124,0.52053
0.90000,0.63000,0.47598,0.48404
0.91000,0.63000,0.51360,0.45211
0.92000,0.63000,0.54243,0.42678
0.93000,0.63000,0.56175,0.40944
0.94000,0.63000,0.57164,0.40074
0.95000,0.63000,0.57278,0.40054
0.96000,0.63000,0.56632,0.40801
0.97000,0.63000,0.55385,0.42161
0.98000,0.63000,0.53755,0.43908
0.99000,0.63000,0.52067,0.45705
1.0000,0.63000,0.50885,0.47000
0.0000,0.64000,0.51173,0.46711
0.010000,0.64000,0.50729,0.47259
0.020000,0.64000,0.50765,0.47308
0.030000,0.64000,0.50827,0.47299
0.040000,0.64000,0.50691,0.47452
0.050000,0.64000,0.50236,0.47885
0.060000,0.64000,0.49402,0.48654
0.070000,0.64000,0.48177,0.49764
0.080000,0.64000,0.46594,0.51180
0.090000,0.64000,0.44734,0.52827
0.10000,0.64000,0.42723,0.54597
0.11000,0.64000,0.40720,0.56358
0.12000,0.64000,0.38905,0.57961
0.13000,0.64000,0.37464,0.59250
0.14000,0.64000,0.36568,0.60069
0.15000,0.64000,0.36365,0.60268
0.16000,0.64000,0.36960,0.59713
0.17000,0.64000,0.38410,0.58297
0.18000,0.64000,0.40710,0.55961
0.19000,0.64000,0.43781,0.52714
0.20000,0.64000,0.47467,0.48657
0.21000,0.64000,0.51550,0.43987
0.22000,0.64000,0.55771,0.38981
0.23000,0.64000,0.59875,0.33961
0.24000,0.64000,0.63649,0.29247
0.25000,0.64000,0.66941,0.25116
0.26000,0.64000,0.69654,0.21775
0.27000,0.64000,0.71730,0.19360
0.28000,0.64000,0.73111,0.17958
0.29000,0.64000,0.73722,0.17627
0.30000,0.64000,0.73449,0.18414
0.31000,0.64000,0.72151,0.20372
0.32000,0.64000,0.69675,0.23545
0.33000,0.64000,0.65909,0.27937
0.34000,0.64000,0.60842,0.33464
0.35000,0.64000,0.54620,0.39896
0.36000,0.64000,0.47574,0.46847
0.37000,0.64000,0.40183,0.53824
0.38000,0.64000,0.32968,0.60341
0.39000,0.64000,0.26385,0.66030
0.40000,0.64000,0.20737,0.70713
0.41000,0.64000,0.16159,0.74385
0.42000,0.64000,0.12657,0.77154
0.43000,0.64000,0.10165,0.79173
0.44000,0.64000,0.085907,0.80575
0.45000,0.64000,0.078551,0.81442
0.46000,0.64000,0.079144,0.81784
0.47000,0.64000,0.087749,0.81539
0.48000,0.64000,0.10499,0.80576
0.49000,0.64000,0.13202,0.78706
0.50000,0.64000,0.17024,0.75713
0.51000,0.64000,0.22087,0.71409
0.52000,0.64000,0.28410,0.65706
0.53000,0.64000,0.35826,0.58707
0.54000,0.64000,0.43934,0.50754
0.55000,0.64000,0.52145,0.42401
0.56000,0.64000,0.59828,0.34283
0.57000,0.64000,0.66484,0.26947
0.58000,0.64000,0.71857,0.20739
0.59000,0.64000,0.75928,0.15778
0.60000,0.64000,0.78843,0.12018
0.61000,0.64000,0.80810,0.093236
0.62000,0.64000,0.82036,0.075415
0.63000,0.64000,0.82680,0.065421
0.64000,0.64000,0.82838,0.062425
0.65000,0.64000,0.82535,0.066161
0.66000,0.64000,0.81732,0.076945
0.67000,0.64000,0.80324,0.095633
0.68000,0.64000,0.78158,0.12349
0.69000,0.64000,0.75052,0.16192
0.70000,0.64000,0.70849,0.21192
0.71000,0.64000,0.65478,0.27341
0.72000,0.64000,0.59033,0.34443
0.73000,0.64000,0.51813,0.42091
0.74000,0.64000,0.44295,0.49717
0.75000,0.64000,0.37030,0.56730
0.76000,0.64000,0.30500,0.62670
0.77000,0.64000,0.25029,0.67296
0.78000,0.64000,0.20764,0.70579
0.79000,0.64000,0.17715,0.72638
0.80000,0.64000,0.15824,0.73654
0.81000,0.64000,0.15015,0.73810
0.82000,0.64000,0.15225,0.73253
0.83000,0.64000,0.16413,0.72083
0.84000,0.64000,0.18544,0.70357
0.85000,0.64000,0.21566,0.68109
0.86000,0.64000,0.25383,0.65366
0.87000,0.64000,0.29828,0.62181
0.88000,0.64000,0.34660,0.58656
0.89000,0.64000,0.39576,0.54953
0.90000,0.64000,0.44256,0.51285
0.91000,0.64000,0.48411,0.47892
0.92000,0.64000,0.51815,0.45003
0.93000,0.64000,0.54334,0.42802
0.94000,0.64000,0.55916,0.41405
0.95000,0.64000,0.56583,0.40856
0.96000,0.64000,0.56412,0.41120
0.97000,0.64000,0.55535,0.42087
0.98000,0.64000,0.54142,0.43570
0.99000,0.64000,0.52522,0.45275
1.0000,0.64000,0.51173,0.46711
0.0000,0.65000,0.51400,0.46499
0.010000,0.65000,0.50786,0.47201
0.020000,0.65000,0.50826,0.47243
0.030000,0.65000,0.50996,0.47130
0.040000,0.65000,0.51038,0.47115
0.050000,0.65000,0.50807,0.47341
0.060000,0.65000,0.50214,0.47888
0.070000,0.65000,0.49216,0.48793
0.080000,0.65000,0.47814,0.50047
0.090000,0.65000,0.46052,0.51603
0.10000,0.65000,0.44027,0.53376
0.11000,0.65000,0.41874,0.55250
0.12000,0.65000,0.39766,0.57087
0.13000,0.65000,0.37892,0.58735
0.14000,0.65000,0.36443,0.60036
0.15000,0.65000,0.35592,0.60832
0.16000,0.65000,0.35481,0.60972
0.17000,0.65000,0.36212,0.60323
0.18000,0.65000,0.37832,0.58776
0.19000,0.65000,0.40324,0.56276
0.20000,0.65000,0.43599,0.52837
0.21000,0.65000,0.47487,0.48567
0.22000,0.65000,0.51757,0.43678
0.23000,0.65000,0.56139,0.38463
0.24000,0.65000,0.60374,0.33264
0.25000,0.65000,0.64248,0.28415
0.26000,0.65000,0.67610,0.24201
0.27000,0.65000,0.70369,0.20827
0.28000,0.65000,0.72466,0.18421
0.29000,0.65000,0.73848,0.17055
0.30000,0.65000,0.74438,0.16776
0.31000,0.65000,0.74126,0.17625
0.32000,0.65000,0.72773,0.19652
0.33000,0.65000,0.70229,0.22906
0.34000,0.65000,0.66382,0.27396
0.35000,0.65000,0.61220,0.33039
0.36000,0.65000,0.54890,0.39603
0.37000,0.65000,0.47725,0.46690
0.38000,0.65000,0.40212,0.53794
0.39000,0.65000,0.32888,0.60416
0.40000,0.65000,0.26218,0.66187
0.41000,0.65000,0.20512,0.70932
0.42000,0.65000,0.15907,0.74650
0.43000,0.65000,0.12403,0.77454
0.44000,0.65000,0.099246,0.79498
0.45000,0.65000,0.083694,0.80911
0.46000,0.65000,0.076496,0.81772
0.47000,0.65000,0.077165,0.82094
0.48000,0.65000,0.085760,0.81814
0.49000,0.65000,0.10294,0.80808
0.50000,0.65000,0.12990,0.78894
0.51000,0.65000,0.16812,0.75862
0.52000,0.65000,0.21883,0.71526
0.53000,0.65000,0.28224,0.65800
0.54000,0.65000,0.35666,0.58783
0.55000,0.65000,0.43801,0.50817
0.56000,0.65000,0.52035,0.42451
0.57000,0.65000,0.59733,0.34322
0.58000,0.65000,0.66397,0.26978
0.59000,0.65000,0.71772,0.20767
0.60000,0.65000,0.75842,0.15809
0.61000,0.65000,0.78752,0.12056
0.62000,0.65000,0.80710,0.093714
0.63000,0.65000,0.81918,0.076014
0.64000,0.65000,0.82535,0.066161
0.65000,0.65000,0.82656,0.063342
0.66000,0.65000,0.82307,0.067313
0.67000,0.65000,0.81448,0.078413
0.68000,0.65000,0.79980,0.097519
0.69000,0.65000,0.77753,0.12590
0.70000,0.65000,0.74596,0.16490
0.71000,0.65000,0.70358,0.21543
0.72000,0.65000,0.64983,0.27724
0.73000,0.65000,0.58574,0.34821
0.74000,0.65000,0.51435,0.42412
0.75000,0.65000,0.44042,0.49931
0.76000,0.65000,0.36932,0.56801
0.77000,0.65000,0.30573,0.62583
0.78000,0.65000,0.25276,0.67053
0.79000,0.65000,0.21180,0.70192
0.80000,0.65000,0.18298,0.72121
0.81000,0.65000,0.16574,0.73016
0.82000,0.65000,0.15940,0.73058
0.83000,0.65000,0.16334,0.72389
0.84000,0.65000,0.17712,0.71111
0.85000,0.65000,0.20024,0.69288
0.86000,0.65000,0.23197,0.66961
0.87000,0.65000,0.27106,0.64172
0.88000,0.65000,0.31558,0.60991
0.89000,0.65000,0.36290,0.57535
0.90000,0.65000,0.41001,0.53974
0.91000,0.65000,0.45387,0.50523
0.92000,0.65000,0.49187,0.47409
0.93000,0.65000,0.52210,0.44845
0.94000,0.65000,0.54346,0.42992
0.95000,0.65000,0.55565,0.41943
0.96000,0.65000,0.55902,0.41717
0.97000,0.65000,0.55449,0.42255
0.98000,0.65000,0.54359,0.43418
0.99000,0.65000,0.52873,0.44968
1.0000,0.65000,0.51400,0.46499
0.0000,0.66000,0.51561,0.46370
0.010000,0.66000,0.50784,0.47211
0.020000,0.66000,0.50805,0.47266
0.030000,0.66000,0.51049,0.47078
0.040000,0.66000,0.51237,0.46921
0.050000,0.66000,0.51208,0.46956
0.060000,0.66000,0.50854,0.47282
0.070000,0.66000,0.50108,0.47960
0.080000,0.66000,0.48937,0.49007
0.090000,0.66000,0.47354,0.50404
0.10000,0.66000,0.45418,0.52094
0.11000,0.66000,0.43237,0.53982
0.12000,0.66000,0.40962,0.55945
0.13000,0.66000,0.38778,0.57840
0.14000,0.66000,0.36880,0.59509
0.15000,0.66000,0.35464,0.60795
0.16000,0.66000,0.34698,0.61538
0.17000,0.66000,0.34720,0.61589
0.18000,0.66000,0.35621,0.60812
0.19000,0.66000,0.37438,0.59103
0.20000,0.66000,0.40143,0.56408
0.21000,0.66000,0.43633,0.52748
0.22000,0.66000,0.47723,0.48246
0.23000,0.66000,0.52169,0.43129
0.24000,0.66000,0.56693,0.37715
0.25000,0.66000,0.61031,0.32366
0.26000,0.66000,0.64970,0.27430
0.27000,0.66000,0.68365,0.23191
0.28000,0.66000,0.71127,0.19845
0.29000,0.66000,0.73202,0.17506
0.30000,0.66000,0.74539,0.16228
0.31000,0.66000,0.75064,0.16046
0.32000,0.66000,0.74672,0.16995
0.33000,0.66000,0.73226,0.19127
0.34000,0.66000,0.70580,0.22494
0.35000,0.66000,0.66623,0.27111
0.36000,0.66000,0.61345,0.32890
0.37000,0.66000,0.54894,0.39590
0.38000,0.66000,0.47613,0.46799
0.39000,0.66000,0.39998,0.53999
0.40000,0.66000,0.32598,0.60687
0.41000,0.66000,0.25887,0.66497
0.42000,0.66000,0.20174,0.71261
0.43000,0.66000,0.15590,0.74986
0.44000,0.66000,0.12126,0.77788
0.45000,0.66000,0.096915,0.79818
0.46000,0.66000,0.081765,0.81205
0.47000,0.66000,0.074874,0.82026
0.48000,0.66000,0.075750,0.82294
0.49000,0.66000,0.084484,0.81955
0.50000,0.66000,0.10179,0.80886
0.51000,0.66000,0.12890,0.78914
0.52000,0.66000,0.16734,0.75833
0.53000,0.66000,0.21834,0.71461
0.54000,0.66000,0.28206,0.65713
0.55000,0.66000,0.35674,0.58687
0.56000,0.66000,0.43822,0.50723
0.57000,0.66000,0.52051,0.42370
0.58000,0.66000,0.59730,0.34261
0.59000,0.66000,0.66366,0.26944
0.60000,0.66000,0.71711,0.20761
0.61000,0.66000,0.75753,0.15831
0.62000,0.66000,0.78633,0.12104
0.63000,0.66000,0.80560,0.094430
0.64000,0.66000,0.81732,0.076945
0.65000,0.66000,0.82307,0.067313
0.66000,0.66000,0.82377,0.064749
0.67000,0.66000,0.81971,0.069044
0.68000,0.66000,0.81050,0.080570
0.69000,0.66000,0.79518,0.10022
0.70000,0.66000,0.77230,0.12924
0.71000,0.66000,0.74023,0.16893
0.72000,0.66000,0.69759,0.22004
0.73000,0.66000,0.64392,0.28213
0.74000,0.66000,0.58038,0.35288
0.75000,0.66000,0.51006,0.42798
0.76000,0.66000,0.43767,0.50181
0.77000,0.66000,0.36843,0.56878
0.78000,0.66000,0.30686,0.62474
0.79000,0.66000,0.25592,0.66764
0.80000,0.66000,0.21694,0.69740
0.81000,0.66000,0.19003,0.71522
0.82000,0.66000,0.17471,0.72285
0.83000,0.66000,0.17033,0.72203
0.84000,0.66000,0.17628,0.71420
0.85000,0.66000,0.19203,0.70036
0.86000,0.66000,0.21692,0.68122
0.87000,0.66000,0.24998,0.65729
0.88000,0.66000,0.28966,0.62914
0.89000,0.66000,0.33377,0.59761
0.90000,0.66000,0.37959,0.56400
0.91000,0.66000,0.42418,0.53010
0.92000,0.66000,0.46472,0.49800
0.93000,0.66000,0.49891,0.46987
0.94000,0.66000,0.52515,0.44763
0.95000,0.66000,0.54260,0.43266
0.96000,0.66000,0.55112,0.42565
0.97000,0.66000,0.55119,0.42657
0.98000,0.66000,0.54391,0.43457
0.99000,0.66000,0.53105,0.44794
1.0000,0.66000,0.51561,0.46370
0.0000,0.67000,0.51650,0.46323
0.010000,0.67000,0.50732,0.47283
0.020000,0.67000,0.50715,0.47365
0.030000,0.67000,0.50999,0.47132
0.040000,0.67000,0.51295,0.46867
0.050000,0.67000,0.51437,0.46738
0.060000,0.67000,0.51305,0.46857
0.070000,0.67000,0.50813,0.47301
0.080000,0.67000,0.49905,0.48113
0.090000,0.67000,0.48561,0.49300
0.10000,0.67000,0.46805,0.50833
0.11000,0.67000,0.44710,0.52641
0.12000,0.67000,0.42399,0.54624
0.13000,0.67000,0.40037,0.56650
0.14000,0.67000,0.37819,0.58572
0.15000,0.67000,0.35946,0.60232
0.16000,0.67000,0.34608,0.61469
0.17000,0.67000,0.33972,0.62126
0.18000,0.67000,0.34162,0.62054
0.19000,0.67000,0.35261,0.61119
0.20000,0.67000,0.37292,0.59220
0.21000,0.67000,0.40215,0.56309
0.22000,0.67000,0.43910,0.52417
0.23000,0.67000,0.48182,0.47684
0.24000,0.67000,0.52771,0.42360
0.25000,0.67000,0.57396,0.36787
0.26000,0.67000,0.61790,0.31345
0.27000,0.67000,0.65746,0.26389
0.28000,0.67000,0.69124,0.22195
0.29000,0.67000,0.71840,0.18942
0.30000,0.67000,0.73846,0.16722
0.31000,0.67000,0.75094,0.15574
0.32000,0.67000,0.75516,0.15521
0.33000,0.67000,0.75011,0.16599
0.34000,0.67000,0.73446,0.18861
0.35000,0.67000,0.70678,0.22363
0.36000,0.67000,0.66600,0.27119
0.37000,0.67000,0.61202,0.33033
0.38000,0.67000,0.54641,0.39851
0.39000,0.67000,0.47267,0.47146
0.40000,0.67000,0.39589,0.54393
0.41000,0.67000,0.32164,0.61093
0.42000,0.67000,0.25466,0.66889
0.43000,0.67000,0.19798,0.71624
0.44000,0.67000,0.15278,0.75313
0.45000,0.67000,0.11882,0.78074
0.46000,0.67000,0.095117,0.80055
0.47000,0.67000,0.080484,0.81383
0.48000,0.67000,0.073986,0.82138
0.49000,0.67000,0.075163,0.82335
0.50000,0.67000,0.084160,0.81922
0.51000,0.67000,0.10174,0.80784
0.52000,0.67000,0.12918,0.78751
0.53000,0.67000,0.16799,0.75624
0.54000,0.67000,0.21938,0.71224
0.55000,0.67000,0.28341,0.65466
0.56000,0.67000,0.35822,0.58450
0.57000,0.67000,0.43956,0.50515
0.58000,0.67000,0.52146,0.42206
0.59000,0.67000,0.59768,0.34152
0.60000,0.67000,0.66341,0.26893
0.61000,0.67000,0.71626,0.20765
0.62000,0.67000,0.75614,0.15882
0.63000,0.67000,0.78445,0.12193
0.64000,0.67000,0.80324,0.095633
0.65000,0.67000,0.81448,0.078413
0.66000,0.67000,0.81971,0.069044
0.67000,0.67000,0.81985,0.066785
0.68000,0.67000,0.81518,0.071472
0.69000,0.67000,0.80535,0.083509
0.70000,0.67000,0.78942,0.10379
0.71000,0.67000,0.76600,0.13354
0.72000,0.67000,0.73353,0.17395
0.73000,0.67000,0.69076,0.22560
0.74000,0.67000,0.63735,0.28784
0.75000,0.67000,0.57459,0.35817
0.76000,0.67000,0.50561,0.43218
0.77000,0.67000,0.43506,0.50434
0.78000,0.67000,0.36800,0.56930
0.79000,0.67000,0.30874,0.62316
0.80000,0.67000,0.26009,0.66407
0.81000,0.67000,0.22331,0.69205
0.82000,0.67000,0.19854,0.70831
0.83000,0.67000,0.18532,0.71456
0.84000,0.67000,0.18304,0.71250
0.85000,0.67000,0.19107,0.70355
0.86000,0.67000,0.20876,0.68874
0.87000,0.67000,0.23527,0.66882
0.88000,0.67000,0.26933,0.64442
0.89000,0.67000,0.30913,0.61623
0.90000,0.67000,0.35232,0.58524
0.91000,0.67000,0.39615,0.55285
0.92000,0.67000,0.43780,0.52089
0.93000,0.67000,0.47474,0.49141
0.94000,0.67000,0.50496,0.46644
0.95000,0.67000,0.52715,0.44767
0.96000,0.67000,0.54068,0.43628
0.97000,0.67000,0.54554,0.43274
0.98000,0.67000,0.54229,0.43684
0.99000,0.67000,0.53203,0.44759
1.0000,0.67000,0.51650,0.46323
0.0000,0.68000,0.51665,0.46355
0.010000,0.68000,0.50637,0.47405
0.020000,0.68000,0.50571,0.47525
0.030000,0.68000,0.50862,0.47277
0.040000,0.68000,0.51227,0.46941
0.050000,0.68000,0.51500,0.46682
0.060000,0.68000,0.51559,0.46619
0.070000,0.68000,0.51308,0.46840
0.080000,0.68000,0.50672,0.47406
0.090000,0.68000,0.49606,0.48349
0.10000,0.68000,0.48100,0.49664
0.11000,0.68000,0.46192,0.51311
0.12000,0.68000,0.43970,0.53213
0.13000,0.68000,0.41571,0.55259
0.14000,0.68000,0.39173,0.57314
0.15000,0.68000,0.36974,0.59227
0.16000,0.68000,0.35176,0.60841
0.17000,0.68000,0.33964,0.61995
0.18000,0.68000,0.33493,0.62534
0.19000,0.68000,0.33877,0.62312
0.20000,0.68000,0.35184,0.61198
0.21000,0.68000,0.37425,0.59097
0.22000,0.68000,0.40547,0.55967
0.23000,0.68000,0.44416,0.51856
0.24000,0.68000,0.48824,0.46922
0.25000,0.68000,0.53505,0.41440
0.26000,0.68000,0.58172,0.35774
0.27000,0.68000,0.62566,0.30315
0.28000,0.68000,0.66482,0.25416
0.29000,0.68000,0.69790,0.21334
0.30000,0.68000,0.72413,0.18226
0.31000,0.68000,0.74308,0.16162
0.32000,0.68000,0.75435,0.15168
0.33000,0.68000,0.75729,0.15263
0.34000,0.68000,0.75094,0.16483
0.35000,0.68000,0.73401,0.18886
0.36000,0.68000,0.70511,0.22528
0.37000,0.68000,0.66318,0.27415
0.38000,0.68000,0.60819,0.33442
0.39000,0.68000,0.54177,0.40336
0.40000,0.68000,0.46753,0.47663
0.41000,0.68000,0.39064,0.54896
0.42000,0.68000,0.31671,0.61546
0.43000,0.68000,0.25040,0.67275
0.44000,0.68000,0.19460,0.71937
0.45000,0.68000,0.15033,0.75552
0.46000,0.68000,0.11722,0.78239
0.47000,0.68000,0.094220,0.80144
0.48000,0.68000,0.080134,0.81395
0.49000,0.68000,0.074057,0.82070
0.50000,0.68000,0.075587,0.82188
0.51000,0.68000,0.084926,0.81702
0.52000,0.68000,0.10288,0.80500
0.53000,0.68000,0.13075,0.78417
0.54000,0.68000,0.17000,0.75257
0.55000,0.68000,0.22176,0.70845
0.56000,0.68000,0.28598,0.65098
0.57000,0.68000,0.36066,0.58119
0.58000,0.68000,0.44153,0.50244
0.59000,0.68000,0.52266,0.42014
0.60000,0.68000,0.59794,0.34047
0.61000,0.68000,0.66273,0.26872
0.62000,0.68000,0.71473,0.20818
0.63000,0.68000,0.75388,0.15994
0.64000,0.68000,0.78158,0.12349
0.65000,0.68000,0.79980,0.097519
0.66000,0.68000,0.81050,0.080570
0.67000,0.68000,0.81518,0.071472
0.68000,0.68000,0.81476,0.069545
0.69000,0.68000,0.80953,0.074666
0.70000,0.68000,0.79914,0.087266
0.71000,0.68000,0.78268,0.10824
0.72000,0.68000,0.75883,0.13874
0.73000,0.68000,0.72611,0.17983
0.74000,0.68000,0.68338,0.23192
0.75000,0.68000,0.63046,0.29413
0.76000,0.68000,0.56872,0.36377
0.77000,0.68000,0.50137,0.43639
0.78000,0.68000,0.43295,0.50661
0.79000,0.68000,0.36833,0.56932
0.80000,0.68000,0.31162,0.62090
0.81000,0.68000,0.26547,0.65970
0.82000,0.68000,0.23108,0.68583
0.83000,0.68000,0.20859,0.70049
0.84000,0.68000,0.19759,0.70537
0.85000,0.68000,0.19747,0.70213
0.86000,0.68000,0.20756,0.69215
0.87000,0.68000,0.22704,0.67650
0.88000,0.68000,0.25486,0.65598
0.89000,0.68000,0.28950,0.63131
0.90000,0.68000,0.32894,0.60331
0.91000,0.68000,0.37071,0.57309
0.92000,0.68000,0.41212,0.54216
0.93000,0.68000,0.45054,0.51233
0.94000,0.68000,0.48372,0.48560
0.95000,0.68000,0.50993,0.46385
0.96000,0.68000,0.52809,0.44859
0.97000,0.68000,0.53770,0.44079
0.98000,0.68000,0.53877,0.44085
0.99000,0.68000,0.53162,0.44860
1.0000,0.68000,0.51665,0.46355
0.0000,0.69000,0.51604,0.46461
0.010000,0.69000,0.50508,0.47565
0.020000,0.69000,0.50387,0.47728
0.030000,0.69000,0.50659,0.47493
0.040000,0.69000,0.51053,0.47123
0.050000,0.69000,0.51414,0.46775
0.060000,0.69000,0.51624,0.46565
0.070000,0.69000,0.51585,0.46586
0.080000,0.69000,0.51212,0.46912
0.090000,0.69000,0.50439,0.47593
0.10000,0.69000,0.49231,0.48650
0.11000,0.69000,0.47591,0.50069
0.12000,0.69000,0.45569,0.51800
0.13000,0.69000,0.43267,0.53759
0.14000,0.69000,0.40835,0.55830
0.15000,0.69000,0.38456,0.57875
0.16000,0.69000,0.36330,0.59743
0.17000,0.69000,0.34654,0.61275
0.18000,0.69000,0.33601,0.62317
0.19000,0.69000,0.33315,0.62716
0.20000,0.69000,0.33896,0.62329
0.21000,0.69000,0.35398,0.61033
0.22000,0.69000,0.37822,0.58737
0.23000,0.69000,0.41100,0.55412
0.24000,0.69000,0.45088,0.51121
0.25000,0.69000,0.49570,0.46044
0.26000,0.69000,0.54275,0.40478
0.27000,0.69000,0.58921,0.34802
0.28000,0.69000,0.63253,0.29408
0.29000,0.69000,0.67077,0.24633
0.30000,0.69000,0.70270,0.20714
0.31000,0.69000,0.72764,0.17782
0.32000,0.69000,0.74523,0.15890
0.33000,0.69000,0.75511,0.15057
0.34000,0.69000,0.75670,0.15301
0.35000,0.69000,0.74908,0.16662
0.36000,0.69000,0.73098,0.19199
0.37000,0.69000,0.70104,0.22965
0.38000,0.69000,0.65824,0.27955
0.39000,0.69000,0.60260,0.34049
0.40000,0.69000,0.53582,0.40962
0.41000,0.69000,0.46163,0.48255
0.42000,0.69000,0.38522,0.55410
0.43000,0.69000,0.31215,0.61956
0.44000,0.69000,0.24693,0.67571
0.45000,0.69000,0.19227,0.72123
0.46000,0.69000,0.14906,0.75637
0.47000,0.69000,0.11682,0.78229
0.48000,0.69000,0.094494,0.80045
0.49000,0.69000,0.080910,0.81211
0.50000,0.69000,0.075227,0.81807
0.51000,0.69000,0.077111,0.81854
0.52000,0.69000,0.086817,0.81306
0.53000,0.69000,0.10518,0.80056
0.54000,0.69000,0.13348,0.77941
0.55000,0.69000,0.17313,0.74769
0.56000,0.69000,0.22514,0.70368
0.57000,0.69000,0.28931,0.64660
0.58000,0.69000,0.36356,0.57748
0.59000,0.69000,0.44358,0.49965
0.60000,0.69000,0.52357,0.41846
0.61000,0.69000,0.59760,0.33993
0.62000,0.69000,0.66121,0.26923
0.63000,0.69000,0.71220,0.20954
0.64000,0.69000,0.75052,0.16192
0.65000,0.69000,0.77753,0.12590
0.66000,0.69000,0.79518,0.10022
0.67000,0.69000,0.80535,0.083509
0.68000,0.69000,0.80953,0.074666
0.69000,0.69000,0.80862,0.073068
0.70000,0.69000,0.80291,0.078638
0.71000,0.69000,0.79207,0.091821
0.72000,0.69000,0.77522,0.11348
0.73000,0.69000,0.75108,0.14471
0.74000,0.69000,0.71828,0.18640
0.75000,0.69000,0.67578,0.23877
0.76000,0.69000,0.62355,0.30071
0.77000,0.69000,0.56310,0.36939
0.78000,0.69000,0.49762,0.44037
0.79000,0.69000,0.43156,0.50842
0.80000,0.69000,0.36960,0.56871
0.81000,0.69000,0.31561,0.61791
0.82000,0.69000,0.27211,0.65455
0.83000,0.69000,0.24022,0.67882
0.84000,0.69000,0.22010,0.69192
0.85000,0.69000,0.21137,0.69550
0.86000,0.69000,0.21339,0.69117
0.87000,0.69000,0.22540,0.68030
0.88000,0.69000,0.24643,0.66396
0.89000,0.69000,0.27520,0.64302
0.90000,0.69000,0.30997,0.61826
0.91000,0.69000,0.34857,0.59065
0.92000,0.69000,0.38850,0.56139
0.93000,0.69000,0.42719,0.53206
0.94000,0.69000,0.46224,0.50448
0.95000,0.69000,0.49162,0.48057
0.96000,0.69000,0.51386,0.46206
0.97000,0.69000,0.52798,0.45036
0.98000,0.69000,0.53344,0.44642
0.99000,0.69000,0.52978,0.45089
1.0000,0.69000,0.51604,0.46461
0.0000,0.70000,0.51467,0.46633
0.010000,0.70000,0.50351,0.47751
0.020000,0.70000,0.50180,0.47959
0.030000,0.70000,0.50410,0.47758
0.040000,0.70000,0.50798,0.47389
0.050000,0.70000,0.51204,0.46994
0.060000,0.70000,0.51521,0.46679
0.070000,0.70000,0.51654,0.46535
0.080000,0.70000,0.51517,0.46641
0.090000,0.70000,0.51032,0.47061
0.10000,0.70000,0.50144,0.47837
0.11000,0.70000,0.48826,0.48979
0.12000,0.70000,0.47093,0.50467
0.13000,0.70000,0.45009,0.52243
0.14000,0.70000,0.42685,0.54218
0.15000,0.70000,0.40278,0.56274
0.16000,0.70000,0.37972,0.58271
0.17000,0.70000,0.35964,0.60060
0.18000,0.70000,0.34439,0.61487
0.19000,0.70000,0.33559,0.62400
0.20000,0.70000,0.33452,0.62652
0.21000,0.70000,0.34206,0.62108
0.22000,0.70000,0.35866,0.60649
0.23000,0.70000,0.38420,0.58192
0.24000,0.70000,0.41790,0.54720
0.25000,0.70000,0.45827,0.50314
0.26000,0.70000,0.50310,0.45172
0.27000,0.70000,0.54972,0.39608
0.28000,0.70000,0.59535,0.34005
0.29000,0.70000,0.63753,0.28745
0.30000,0.70000,0.67444,0.24145
0.31000,0.70000,0.70494,0.20413
0.32000,0.70000,0.72842,0.17663
0.33000,0.70000,0.74457,0.15938
0.34000,0.70000,0.75311,0.15253
0.35000,0.70000,0.75348,0.15631
0.36000,0.70000,0.74479,0.17114
0.37000,0.70000,0.72581,0.19760
0.38000,0.70000,0.69518,0.23615
0.39000,0.70000,0.65192,0.28661
0.40000,0.70000,0.59611,0.34763
0.41000,0.70000,0.52954,0.41629
0.42000,0.70000,0.45596,0.48822
0.43000,0.70000,0.38057,0.55841
0.44000,0.70000,0.30877,0.62237
0.45000,0.70000,0.24491,0.67706
0.46000,0.70000,0.19151,0.72126
0.47000,0.70000,0.14933,0.75525
0.48000,0.70000,0.11788,0.78017
0.49000,0.70000,0.096099,0.79746
0.50000,0.70000,0.082910,0.80834
0.51000,0.70000,0.077542,0.81363
0.52000,0.70000,0.079727,0.81354
0.53000,0.70000,0.089765,0.80764
0.54000,0.70000,0.10850,0.79487
0.55000,0.70000,0.13716,0.77364
0.56000,0.70000,0.17707,0.74205
0.57000,0.70000,0.22910,0.69843
0.58000,0.70000,0.29294,0.64203
0.59000,0.70000,0.36640,0.57389
0.60000,0.70000,0.44523,0.49730
0.61000,0.70000,0.52377,0.41747
0.62000,0.70000,0.59632,0.34029
0.63000,0.70000,0.65860,0.27074
0.64000,0.70000,0.70849,0.21192
0.65000,0.70000,0.74596,0.16490
0.66000,0.70000,0.77230,0.12924
0.67000,0.70000,0.78942,0.10379
0.68000,0.70000,0.79914,0.087266
0.69000,0.70000,0.80291,0.078638
0.70000,0.70000,0.80163,0.077350
0.71000,0.70000,0.79558,0.083357
0.72000,0.70000,0.78442,0.097108
0.73000,0.70000,0.76732,0.11943
0.74000,0.70000,0.74306,0.15129
0.75000,0.70000,0.71033,0.19346
0.76000,0.70000,0.66825,0.24592
0.77000,0.70000,0.61691,0.30737
0.78000,0.70000,0.55793,0.37486
0.79000,0.70000,0.49452,0.44398
0.80000,0.70000,0.43100,0.50970
0.81000,0.70000,0.37183,0.56749
0.82000,0.70000,0.32068,0.61427
0.83000,0.70000,0.27991,0.64876
0.84000,0.70000,0.25058,0.67122
0.85000,0.70000,0.23286,0.68285
0.86000,0.70000,0.22636,0.68523
0.87000,0.70000,0.23041,0.67993
0.88000,0.70000,0.24414,0.66830
0.89000,0.70000,0.26641,0.65141
0.90000,0.70000,0.29575,0.63017
0.91000,0.70000,0.33023,0.60547
0.92000,0.70000,0.36762,0.57837
0.93000,0.70000,0.40545,0.55019
0.94000,0.70000,0.44128,0.52254
0.95000,0.70000,0.47291,0.49726
0.96000,0.70000,0.49852,0.47620
0.97000,0.70000,0.51675,0.46106
0.98000,0.70000,0.52651,0.45330
0.99000,0.70000,0.52657,0.45434
1.0000,0.70000,0.51467,0.46633
0.0000,0.71000,0.51258,0.46863
0.010000,0.71000,0.50173,0.47954
0.020000,0.71000,0.49960,0.48199
0.030000,0.71000,0.50135,0.48050
0.040000,0.71000,0.50487,0.47714
0.050000,0.71000,0.50897,0.47312
0.060000,0.71000,0.51276,0.46935
0.070000,0.71000,0.51537,0.46667
0.080000,0.71000,0.51597,0.46586
0.090000,0.71000,0.51377,0.46763
0.10000,0.71000,0.50806,0.47254
0.11000,0.71000,0.49838,0.48092
0.12000,0.71000,0.48455,0.49281
0.13000,0.71000,0.46684,0.50796
0.14000,0.71000,0.44594,0.52575
0.15000,0.71000,0.42306,0.54526
0.16000,0.71000,0.39975,0.56531
0.17000,0.71000,0.37784,0.58451
0.18000,0.71000,0.35916,0.60142
0.19000,0.71000,0.34548,0.61454
0.20000,0.71000,0.33825,0.62242
0.21000,0.71000,0.33865,0.62365
0.22000,0.71000,0.34746,0.61692
0.23000,0.71000,0.36502,0.60110
0.24000,0.71000,0.39115,0.57548
0.25000,0.71000,0.42504,0.53999
0.26000,0.71000,0.46515,0.49558
0.27000,0.71000,0.50930,0.44439
0.28000,0.71000,0.55488,0.38959
0.29000,0.71000,0.59920,0.33498
0.30000,0.71000,0.63991,0.28420
0.31000,0.71000,0.67528,0.24013
0.32000,0.71000,0.70426,0.20469
0.33000,0.71000,0.72631,0.17885
0.34000,0.71000,0.74119,0.16302
0.35000,0.71000,0.74861,0.15737
0.36000,0.71000,0.74807,0.16218
0.37000,0.71000,0.73868,0.17788
0.38000,0.71000,0.71922,0.20502
0.39000,0.71000,0.68835,0.24394
0.40000,0.71000,0.64513,0.29436
0.41000,0.71000,0.58968,0.35481
0.42000,0.71000,0.52386,0.42235
0.43000,0.71000,0.45143,0.49273
0.44000,0.71000,0.37747,0.56113
0.45000,0.71000,0.30722,0.62330
0.46000,0.71000,0.24482,0.67637
0.47000,0.71000,0.19262,0.71919
0.48000,0.71000,0.15133,0.75204
0.49000,0.71000,0.12048,0.77604
0.50000,0.71000,0.099073,0.79258
0.51000,0.71000,0.086125,0.80286
0.52000,0.71000,0.080951,0.80768
0.53000,0.71000,0.083340,0.80725
0.54000,0.71000,0.093618,0.80117
0.55000,0.71000,0.11261,0.78839
0.56000,0.71000,0.14148,0.76733
0.57000,0.71000,0.18144,0.73615
0.58000,0.71000,0.23324,0.69318
0.59000,0.71000,0.29641,0.63774
0.60000,0.71000,0.36876,0.57084
0.61000,0.71000,0.44611,0.49574
0.62000,0.71000,0.52298,0.41749
0.63000,0.71000,0.59391,0.34177
0.64000,0.71000,0.65478,0.27341
0.65000,0.71000,0.70358,0.21543
0.66000,0.71000,0.74023,0.16893
0.67000,0.71000,0.76600,0.13354
0.68000,0.71000,0.78268,0.10824
0.69000,0.71000,0.79207,0.091821
0.70000,0.71000,0.79558,0.083357
0.71000,0.71000,0.79407,0.082342
0.72000,0.71000,0.78781,0.088756
0.73000,0.71000,0.77649,0.10304
0.74000,0.71000,0.75929,0.12595
0.75000,0.71000,0.73502,0.15836
0.76000,0.71000,0.70251,0.20085
0.77000,0.71000,0.66098,0.25322
0.78000,0.71000,0.61068,0.31398
0.79000,0.71000,0.55333,0.38009
0.80000,0.71000,0.49211,0.44722
0.81000,0.71000,0.43123,0.51053
0.82000,0.71000,0.37492,0.56579
0.83000,0.71000,0.32665,0.61019
0.84000,0.71000,0.28863,0.64260
0.85000,0.71000,0.26187,0.66333
0.86000,0.71000,0.24651,0.67357
0.87000,0.71000,0.24216,0.67485
0.88000,0.71000,0.24809,0.66869
0.89000,0.71000,0.26331,0.65638
0.90000,0.71000,0.28653,0.63903
0.91000,0.71000,0.31610,0.61757
0.92000,0.71000,0.35000,0.59300
0.93000,0.71000,0.38593,0.56647
0.94000,0.71000,0.42151,0.53940
0.95000,0.71000,0.45444,0.51348
0.96000,0.71000,0.48266,0.49055
0.97000,0.71000,0.50444,0.47250
0.98000,0.71000,0.51822,0.46121
0.99000,0.71000,0.52211,0.45880
1.0000,0.71000,0.51258,0.46863
0.0000,0.72000,0.50984,0.47141
0.010000,0.72000,0.49979,0.48163
0.020000,0.72000,0.49739,0.48437
0.030000,0.72000,0.49853,0.48348
0.040000,0.72000,0.50146,0.48070
0.050000,0.72000,0.50526,0.47696
0.060000,0.72000,0.50923,0.47300
0.070000,0.72000,0.51264,0.46953
0.080000,0.72000,0.51477,0.46725
0.090000,0.72000,0.51483,0.46690
0.10000,0.72000,0.51209,0.46910
0.11000,0.72000,0.50591,0.47436
0.12000,0.72000,0.49590,0.48296
0.13000,0.72000,0.48197,0.49491
0.14000,0.72000,0.46442,0.50992
0.15000,0.72000,0.44402,0.52736
0.16000,0.72000,0.42194,0.54631
0.17000,0.72000,0.39974,0.56562
0.18000,0.72000,0.37911,0.58393
0.19000,0.72000,0.36181,0.59986
0.20000,0.72000,0.34944,0.61196
0.21000,0.72000,0.34338,0.61884
0.22000,0.72000,0.34469,0.61914
0.23000,0.72000,0.35408,0.61160
0.24000,0.72000,0.37187,0.59518
0.25000,0.72000,0.39784,0.56920
0.26000,0.72000,0.43118,0.53373
0.27000,0.72000,0.47038,0.48980
0.28000,0.72000,0.51331,0.43961
0.29000,0.72000,0.55743,0.38633
0.30000,0.72000,0.60018,0.33357
0.31000,0.72000,0.63930,0.28476
0.32000,0.72000,0.67315,0.24258
0.33000,0.72000,0.70076,0.20876
0.34000,0.72000,0.72162,0.18423
0.35000,0.72000,0.73553,0.16942
0.36000,0.72000,0.74222,0.16457
0.37000,0.72000,0.74119,0.16997
0.38000,0.72000,0.73155,0.18607
0.39000,0.72000,0.71207,0.21336
0.40000,0.72000,0.68144,0.25207
0.41000,0.72000,0.63875,0.30182
0.42000,0.72000,0.58417,0.36109
0.43000,0.72000,0.51958,0.42699
0.44000,0.72000,0.44869,0.49541
0.45000,0.72000,0.37645,0.56179
0.46000,0.72000,0.30786,0.62206
0.47000,0.72000,0.24685,0.67351
0.48000,0.72000,0.19570,0.71503
0.49000,0.72000,0.15508,0.74689
0.50000,0.72000,0.12458,0.77014
0.51000,0.72000,0.10334,0.78613
0.52000,0.72000,0.090452,0.79604
0.53000,0.72000,0.085320,0.80064
0.54000,0.72000,0.087780,0.80013
0.55000,0.72000,0.098161,0.79412
0.56000,0.72000,0.11725,0.78158
0.57000,0.72000,0.14613,0.76094
0.58000,0.72000,0.18591,0.73038
0.59000,0.72000,0.23717,0.68831
0.60000,0.72000,0.29940,0.63405
0.61000,0.72000,0.37036,0.56863
0.62000,0.72000,0.44600,0.49520
0.63000,0.72000,0.52108,0.41864
0.64000,0.72000,0.59033,0.34443
0.65000,0.72000,0.64983,0.27724
0.66000,0.72000,0.69759,0.22004
0.67000,0.72000,0.73353,0.17395
0.68000,0.72000,0.75883,0.13874
0.69000,0.72000,0.77522,0.11348
0.70000,0.72000,0.78442,0.097108
0.71000,0.72000,0.78781,0.088756
0.72000,0.72000,0.78622,0.087971
0.73000,0.72000,0.77990,0.094751
0.74000,0.72000,0.76854,0.10951
0.75000,0.72000,0.75133,0.13294
0.76000,0.72000,0.72717,0.16579
0.77000,0.72000,0.69496,0.20848
0.78000,0.72000,0.65407,0.26061
0.79000,0.72000,0.60489,0.32054
0.80000,0.72000,0.54923,0.38517
0.81000,0.72000,0.49027,0.45023
0.82000,0.72000,0.43205,0.51113
0.83000,0.72000,0.37862,0.56389
0.84000,0.72000,0.33321,0.60595
0.85000,0.72000,0.29792,0.63635
0.86000,0.72000,0.27369,0.65544
0.87000,0.72000,0.26064,0.66437
0.88000,0.72000,0.25835,0.66463
0.89000,0.72000,0.26601,0.65764
0.90000,0.72000,0.28252,0.64470
0.91000,0.72000,0.30646,0.62688
0.92000,0.72000,0.33603,0.60521
0.93000,0.72000,0.36914,0.58076
0.94000,0.72000,0.40351,0.55479
0.95000,0.72000,0.43679,0.52884
0.96000,0.72000,0.46679,0.50469
0.97000,0.72000,0.49149,0.48431
0.98000,0.72000,0.50891,0.46988
0.99000,0.72000,0.51654,0.46411
1.0000,0.72000,0.50984,0.47141
0.0000,0.73000,0.50651,0.47459
0.010000,0.73000,0.49775,0.48372
0.020000,0.73000,0.49526,0.48660
0.030000,0.73000,0.49577,0.48636
0.040000,0.73000,0.49798,0.48432
0.050000,0.73000,0.50121,0.48115
0.060000,0.73000,0.50498,0.47738
0.070000,0.73000,0.50876,0.47355
0.080000,0.73000,0.51193,0.47026
0.090000,0.73000,0.51380,0.46818
0.10000,0.73000,0.51365,0.46797
0.11000,0.73000,0.51077,0.47023
0.12000,0.73000,0.50460,0.47544
0.13000,0.73000,0.49477,0.48385
0.14000,0.73000,0.48123,0.49546
0.15000,0.73000,0.46432,0.50999
0.16000,0.73000,0.44478,0.52683
0.17000,0.73000,0.42376,0.54507
0.18000,0.73000,0.40270,0.56360
0.19000,0.73000,0.38323,0.58112
0.20000,0.73000,0.36697,0.59628
0.21000,0.73000,0.35543,0.60770
0.22000,0.73000,0.34990,0.61403
0.23000,0.73000,0.35140,0.61393
0.24000,0.73000,0.36064,0.60621
0.25000,0.73000,0.37793,0.58984
0.26000,0.73000,0.40307,0.56425
0.27000,0.73000,0.43527,0.52953
0.28000,0.73000,0.47310,0.48679
0.29000,0.73000,0.51448,0.43819
0.30000,0.73000,0.55699,0.38679
0.31000,0.73000,0.59814,0.33601
0.32000,0.73000,0.63579,0.28907
0.33000,0.73000,0.66836,0.24846
0.34000,0.73000,0.69491,0.21585
0.35000,0.73000,0.71499,0.19217
0.36000,0.73000,0.72836,0.17790
0.37000,0.73000,0.73477,0.17334
0.38000,0.73000,0.73370,0.17884
0.39000,0.73000,0.72425,0.19481
0.40000,0.73000,0.70520,0.22168
0.41000,0.73000,0.67523,0.25962
0.42000,0.73000,0.63349,0.30815
0.43000,0.73000,0.58018,0.36578
0.44000,0.73000,0.51718,0.42968
0.45000,0.73000,0.44810,0.49595
0.46000,0.73000,0.37769,0.56023
0.47000,0.73000,0.31072,0.61866
0.48000,0.73000,0.25097,0.66862
0.49000,0.73000,0.20062,0.70904
0.50000,0.73000,0.16040,0.74012
0.51000,0.73000,0.13002,0.76286
0.52000,0.73000,0.10872,0.77856
0.53000,0.73000,0.095709,0.78835
0.54000,0.73000,0.090457,0.79297
0.55000,0.73000,0.092834,0.79264
0.56000,0.73000,0.10316,0.78693
0.57000,0.73000,0.12216,0.77483
0.58000,0.73000,0.15084,0.75481
0.59000,0.73000,0.19018,0.72507
0.60000,0.73000,0.24067,0.68407
0.61000,0.73000,0.30170,0.63116
0.62000,0.73000,0.37108,0.56736
0.63000,0.73000,0.44491,0.49572
0.64000,0.73000,0.51813,0.42091
0.65000,0.73000,0.58574,0.34821
0.66000,0.73000,0.64392,0.28213
0.67000,0.73000,0.69076,0.22560
0.68000,0.73000,0.72611,0.17983
0.69000,0.73000,0.75108,0.14471
0.70000,0.73000,0.76732,0.11943
0.71000,0.73000,0.77649,0.10304
0.72000,0.73000,0.77990,0.094751
0.73000,0.73000,0.77835,0.094162
0.74000,0.73000,0.77208,0.10127
0.75000,0.73000,0.76075,0.11646
0.76000,0.73000,0.74360,0.14035
0.77000,0.73000,0.71958,0.17357
0.78000,0.73000,0.68769,0.21637
0.79000,0.73000,0.64747,0.26818
0.80000,0.73000,0.59943,0.32720
0.81000,0.73000,0.54547,0.39029
0.82000,0.73000,0.48876,0.45328
0.83000,0.73000,0.43318,0.51177
0.84000,0.73000,0.38258,0.56208
0.85000,0.73000,0.34001,0.60188
0.86000,0.73000,0.30741,0.63033
0.87000,0.73000,0.28568,0.64782
0.88000,0.73000,0.27490,0.65547
0.89000,0.73000,0.27458,0.65469
0.90000,0.73000,0.28386,0.64685
0.91000,0.73000,0.30154,0.63321
0.92000,0.73000,0.32604,0.61487
0.93000,0.73000,0.35550,0.59291
0.94000,0.73000,0.38774,0.56852
0.95000,0.73000,0.42048,0.54309
0.96000,0.73000,0.45142,0.51831
0.97000,0.73000,0.47832,0.49617
0.98000,0.73000,0.49887,0.47904
0.99000,0.73000,0.51007,0.47008
1.0000,0.73000,0.50651,0.47459
0.0000,0.74000,0.50269,0.47810
0.010000,0.74000,0.49563,0.48576
0.020000,0.74000,0.49326,0.48863
0.030000,0.74000,0.49321,0.48900
0.040000,0.74000,0.49462,0.48778
0.050000,0.74000,0.49710,0.48539
0.060000,0.74000,0.50039,0.48212
0.070000,0.74000,0.50413,0.47832
0.080000,0.74000,0.50789,0.47446
0.090000,0.74000,0.51108,0.47110
0.10000,0.74000,0.51304,0.46887
0.11000,0.74000,0.51308,0.46842
0.12000,0.74000,0.51052,0.47035
0.13000,0.74000,0.50480,0.47511
0.14000,0.74000,0.49559,0.48299
0.15000,0.74000,0.48282,0.49401
0.16000,0.74000,0.46680,0.50790
0.17000,0.74000,0.44824,0.52407
0.18000,0.74000,0.42822,0.54167
0.19000,0.74000,0.40808,0.55962
0.20000,0.74000,0.38935,0.57666
0.21000,0.74000,0.37356,0.59147
0.22000,0.74000,0.36218,0.60270
0.23000,0.74000,0.35647,0.60902
0.24000,0.74000,0.35746,0.60913
0.25000,0.74000,0.36588,0.60183
0.26000,0.74000,0.38208,0.58616
0.27000,0.74000,0.40592,0.56156
0.28000,0.74000,0.43665,0.52815
0.29000,0.74000,0.47289,0.48703
0.30000,0.74000,0.51267,0.44030
0.31000,0.74000,0.55364,0.39086
0.32000,0.74000,0.59341,0.34193
0.33000,0.74000,0.62990,0.29653
0.34000,0.74000,0.66158,0.25705
0.35000,0.74000,0.68752,0.22514
0.36000,0.74000,0.70726,0.20178
0.37000,0.74000,0.72055,0.18754
0.38000,0.74000,0.72712,0.18278
0.39000,0.74000,0.72643,0.18787
0.40000,0.74000,0.71755,0.20321
0.41000,0.74000,0.69926,0.22918
0.42000,0.74000,0.67028,0.26588
0.43000,0.74000,0.62978,0.31281
0.44000,0.74000,0.57803,0.36851
0.45000,0.74000,0.51683,0.43026
0.46000,0.74000,0.44967,0.49436
0.47000,0.74000,0.38108,0.55663
0.48000,0.74000,0.31561,0.61339
0.49000,0.74000,0.25689,0.66209
0.50000,0.74000,0.20710,0.70164
0.51000,0.74000,0.16704,0.73219
0.52000,0.74000,0.13654,0.75469
0.53000,0.74000,0.11498,0.77034
0.54000,0.74000,0.10167,0.78025
0.55000,0.74000,0.096141,0.78513
0.56000,0.74000,0.098280,0.78517
0.57000,0.74000,0.10838,0.77995
0.58000,0.74000,0.12712,0.76845
0.59000,0.74000,0.15540,0.74917
0.60000,0.74000,0.19410,0.72037
0.61000,0.74000,0.24361,0.68054
0.62000,0.74000,0.30329,0.62908
0.63000,0.74000,0.37099,0.56698
0.64000,0.74000,0.44295,0.49717
0.65000,0.74000,0.51435,0.42412
0.66000,0.74000,0.58038,0.35288
0.67000,0.74000,0.63735,0.28784
0.68000,0.74000,0.68338,0.23192
0.69000,0.74000,0.71828,0.18640
0.70000,0.74000,0.74306,0.15129
0.71000,0.74000,0.75929,0.12595
0.72000,0.74000,0.76854,0.10951
0.73000,0.74000,0.77208,0.10127
0.74000,0.74000,0.77065,0.10086
0.75000,0.74000,0.76446,0.10829
0.76000,0.74000,0.75320,0.12389
0.77000,0.74000,0.73610,0.14822
0.78000,0.74000,0.71220,0.18178
0.79000,0.74000,0.68061,0.22465
0.80000,0.74000,0.64101,0.27610
0.81000,0.74000,0.59408,0.33419
0.82000,0.74000,0.54178,0.39574
0.83000,0.74000,0.48726,0.45666
0.84000,0.74000,0.43428,0.51279
0.85000,0.74000,0.38647,0.56068
0.86000,0.74000,0.34670,0.59823
0.87000,0.74000,0.31679,0.62474
0.88000,0.74000,0.29755,0.64061
0.89000,0.74000,0.28902,0.64693
0.90000,0.74000,0.29066,0.64503
0.91000,0.74000,0.30154,0.63623
0.92000,0.74000,0.32032,0.62175
0.93000,0.74000,0.34535,0.60275
0.94000,0.74000,0.37464,0.58039
0.95000,0.74000,0.40596,0.55599
0.96000,0.74000,0.43700,0.53115
0.97000,0.74000,0.46535,0.50781
0.98000,0.74000,0.48846,0.48845
0.99000,0.74000,0.50292,0.47656
1.0000,0.74000,0.50269,0.47810
0.0000,0.75000,0.49849,0.48186
0.010000,0.75000,0.49348,0.48775
0.020000,0.75000,0.49142,0.49041
0.030000,0.75000,0.49092,0.49130
0.040000,0.75000,0.49154,0.49092
0.050000,0.75000,0.49318,0.48941
0.060000,0.75000,0.49578,0.48684
0.070000,0.75000,0.49918,0.48340
0.080000,0.75000,0.50311,0.47938
0.090000,0.75000,0.50714,0.47519
0.10000,0.75000,0.51071,0.47141
0.11000,0.75000,0.51317,0.46866
0.12000,0.75000,0.51380,0.46760
0.13000,0.75000,0.51193,0.46885
0.14000,0.75000,0.50701,0.47291
0.15000,0.75000,0.49865,0.48010
0.16000,0.75000,0.48678,0.49045
0.17000,0.75000,0.47165,0.50375
0.18000,0.75000,0.45390,0.51944
0.19000,0.75000,0.43453,0.53669
0.20000,0.75000,0.41481,0.55445
0.21000,0.75000,0.39621,0.57148
0.22000,0.75000,0.38023,0.58646
0.23000,0.75000,0.36831,0.59804
0.24000,0.75000,0.36178,0.60490
0.25000,0.75000,0.36169,0.60574
0.26000,0.75000,0.36884,0.59937
0.27000,0.75000,0.38363,0.58484
0.28000,0.75000,0.40596,0.56159
0.29000,0.75000,0.43515,0.52978
0.30000,0.75000,0.46988,0.49044
0.31000,0.75000,0.50824,0.44556
0.32000,0.75000,0.54797,0.39788
0.33000,0.75000,0.58673,0.35045
0.34000,0.75000,0.62248,0.30613
0.35000,0.75000,0.65371,0.26728
0.36000,0.75000,0.67949,0.23556
0.37000,0.75000,0.69933,0.21204
0.38000,0.75000,0.71295,0.19737
0.39000,0.75000,0.72003,0.19197
0.40000,0.75000,0.72001,0.19624
0.41000,0.75000,0.71195,0.21057
0.42000,0.75000,0.69463,0.23528
0.43000,0.75000,0.66682,0.27047
0.44000,0.75000,0.62775,0.31561
0.45000,0.75000,0.57766,0.36929
0.46000,0.75000,0.51835,0.42893
0.47000,0.75000,0.45310,0.49096
0.48000,0.75000,0.38623,0.55142
0.49000,0.75000,0.32209,0.60674
0.50000,0.75000,0.26420,0.65442
0.51000,0.75000,0.21474,0.69335
0.52000,0.75000,0.17462,0.72363
0.53000,0.75000,0.14382,0.74610
0.54000,0.75000,0.12185,0.76193
0.55000,0.75000,0.10810,0.77215
0.56000,0.75000,0.10216,0.77746
0.57000,0.75000,0.10393,0.77801
0.58000,0.75000,0.11367,0.77338
0.59000,0.75000,0.13199,0.76257
0.60000,0.75000,0.15972,0.74410
0.61000,0.75000,0.19763,0.71628
0.62000,0.75000,0.24605,0.67766
0.63000,0.75000,0.30430,0.62768
0.64000,0.75000,0.37030,0.56730
0.65000,0.75000,0.44042,0.49931
0.66000,0.75000,0.51006,0.42798
0.67000,0.75000,0.57459,0.35817
0.68000,0.75000,0.63046,0.29413
0.69000,0.75000,0.67578,0.23877
0.70000,0.75000,0.71033,0.19346
0.71000,0.75000,0.73502,0.15836
0.72000,0.75000,0.75133,0.13294
0.73000,0.75000,0.76075,0.11646
0.74000,0.75000,0.76446,0.10829
0.75000,0.75000,0.76318,0.10808
0.76000,0.75000,0.75708,0.11585
0.77000,0.75000,0.74584,0.13189
0.78000,0.75000,0.72873,0.15668
0.79000,0.75000,0.70487,0.19059
0.80000,0.75000,0.67349,0.23356
0.81000,0.75000,0.63444,0.28467
0.82000,0.75000,0.58854,0.34184
0.83000,0.75000,0.53785,0.40184
0.84000,0.75000,0.48547,0.46070
0.85000,0.75000,0.43504,0.51444
0.86000,0.75000,0.39000,0.55990
0.87000,0.75000,0.35304,0.59517
0.88000,0.75000,0.32585,0.61966
0.89000,0.75000,0.30915,0.63382
0.90000,0.75000,0.30293,0.63867
0.91000,0.75000,0.30659,0.63547
0.92000,0.75000,0.31910,0.62552
0.93000,0.75000,0.33901,0.61002
0.94000,0.75000,0.36455,0.59020
0.95000,0.75000,0.39362,0.56734
0.96000,0.75000,0.42391,0.54297
0.97000,0.75000,0.45295,0.51899
0.98000,0.75000,0.47798,0.49791
0.99000,0.75000,0.49531,0.48340
1.0000,0.75000,0.49849,0.48186
0.0000,0.76000,0.49402,0.48582
0.010000,0.76000,0.49131,0.48967
0.020000,0.76000,0.48977,0.49194
0.030000,0.76000,0.48895,0.49324
0.040000,0.76000,0.48887,0.49362
0.050000,0.76000,0.48966,0.49299
0.060000,0.76000,0.49146,0.49126
0.070000,0.76000,0.49430,0.48840
0.080000,0.76000,0.49808,0.48455
0.090000,0.76000,0.50251,0.47997
0.10000,0.76000,0.50717,0.47510
0.11000,0.76000,0.51148,0.47054
0.12000,0.76000,0.51476,0.46693
0.13000,0.76000,0.51628,0.46500
0.14000,0.76000,0.51533,0.46541
0.15000,0.76000,0.51130,0.46871
0.16000,0.76000,0.50379,0.47525
0.17000,0.76000,0.49266,0.48512
0.18000,0.76000,0.47812,0.49812
0.19000,0.76000,0.46074,0.51372
0.20000,0.76000,0.44147,0.53109
0.21000,0.76000,0.42155,0.54916
0.22000,0.76000,0.40242,0.56669
0.23000,0.76000,0.38561,0.58234
0.24000,0.76000,0.37262,0.59475
0.25000,0.76000,0.36482,0.60255
0.26000,0.76000,0.36335,0.60445
0.27000,0.76000,0.36905,0.59927
0.28000,0.76000,0.38239,0.58605
0.29000,0.76000,0.40330,0.56425
0.30000,0.76000,0.43115,0.53401
0.31000,0.76000,0.46465,0.49631
0.32000,0.76000,0.50196,0.45304
0.33000,0.76000,0.54085,0.40677
0.34000,0.76000,0.57904,0.36039
0.35000,0.76000,0.61450,0.31669
0.36000,0.76000,0.64571,0.27800
0.37000,0.76000,0.67171,0.24604
0.38000,0.76000,0.69198,0.22197
0.39000,0.76000,0.70620,0.20652
0.40000,0.76000,0.71400,0.20019
0.41000,0.76000,0.71480,0.20339
0.42000,0.76000,0.70766,0.21648
0.43000,0.76000,0.69138,0.23980
0.44000,0.76000,0.66479,0.27338
0.45000,0.76000,0.62716,0.31673
0.46000,0.76000,0.57877,0.36846
0.47000,0.76000,0.52130,0.42612
0.48000,0.76000,0.45789,0.48630
0.49000,0.76000,0.39261,0.54517
0.50000,0.76000,0.32964,0.59927
0.51000,0.76000,0.27239,0.64616
0.52000,0.76000,0.22310,0.68469
0.53000,0.76000,0.18279,0.71488
0.54000,0.76000,0.15157,0.73751
0.55000,0.76000,0.12907,0.75367
0.56000,0.76000,0.11479,0.76434
0.57000,0.76000,0.10835,0.77017
0.58000,0.76000,0.10966,0.77130
0.59000,0.76000,0.11894,0.76731
0.60000,0.76000,0.13675,0.75719
0.61000,0.76000,0.16384,0.73952
0.62000,0.76000,0.20090,0.71266
0.63000,0.76000,0.24818,0.67522
0.64000,0.76000,0.30500,0.62670
0.65000,0.76000,0.36932,0.56801
0.66000,0.76000,0.43767,0.50181
0.67000,0.76000,0.50561,0.43218
0.68000,0.76000,0.56872,0.36377
0.69000,0.76000,0.62355,0.30071
0.70000,0.76000,0.66825,0.24592
0.71000,0.76000,0.70251,0.20085
0.72000,0.76000,0.72717,0.16579
0.73000,0.76000,0.74360,0.14035
0.74000,0.76000,0.75320,0.12389
0.75000,0.76000,0.75708,0.11585
0.76000,0.76000,0.75590,0.11591
0.77000,0.76000,0.74981,0.12408
0.78000,0.76000,0.73850,0.14063
0.79000,0.76000,0.72127,0.16595
0.80000,0.76000,0.69733,0.20029
0.81000,0.76000,0.66607,0.24341
0.82000,0.76000,0.62747,0.29420
0.83000,0.76000,0.58254,0.35044
0.84000,0.76000,0.53341,0.40887
0.85000,0.76000,0.48315,0.46561
0.86000,0.76000,0.43527,0.51690
0.87000,0.76000,0.39303,0.55982
0.88000,0.76000,0.35894,0.59269
0.89000,0.76000,0.33456,0.61503
0.90000,0.76000,0.32053,0.62728
0.91000,0.76000,0.31674,0.63045
0.92000,0.76000,0.32252,0.62573
0.93000,0.76000,0.33673,0.61439
0.94000,0.76000,0.35780,0.59768
0.95000,0.76000,0.38382,0.57691
0.96000,0.76000,0.41254,0.55357
0.97000,0.76000,0.44148,0.52951
0.98000,0.76000,0.46774,0.50721
0.99000,0.76000,0.48746,0.49044
1.0000,0.76000,0.49402,0.48582
0.0000,0.77000,0.48940,0.48992
0.010000,0.77000,0.48916,0.49153
0.020000,0.77000,0.48830,0.49326
0.030000,0.77000,0.48733,0.49479
0.040000,0.77000,0.48666,0.49581
0.050000,0.77000,0.48667,0.49600
0.060000,0.77000,0.48766,0.49511
0.070000,0.77000,0.48982,0.49297
0.080000,0.77000,0.49320,0.48953
0.090000,0.77000,0.49768,0.48492
0.10000,0.77000,0.50296,0.47944
0.11000,0.77000,0.50857,0.47357
0.12000,0.77000,0.51389,0.46796
0.13000,0.77000,0.51817,0.46333
0.14000,0.77000,0.52066,0.46047
0.15000,0.77000,0.52058,0.46010
0.16000,0.77000,0.51729,0.46282
0.17000,0.77000,0.51034,0.46902
0.18000,0.77000,0.49954,0.47882
0.19000,0.77000,0.48506,0.49199
0.20000,0.77000,0.46746,0.50801
0.21000,0.77000,0.44767,0.52601
0.22000,0.77000,0.42694,0.54488
0.23000,0.77000,0.40675,0.56334
0.24000,0.77000,0.38868,0.58001
0.25000,0.77000,0.37432,0.59349
0.26000,0.77000,0.36511,0.60240
0.27000,0.77000,0.36226,0.60544
0.28000,0.77000,0.36665,0.60142
0.29000,0.77000,0.37878,0.58941
0.30000,0.77000,0.39859,0.56888
0.31000,0.77000,0.42548,0.53996
0.32000,0.77000,0.45817,0.50359
0.33000,0.77000,0.49486,0.46153
0.34000,0.77000,0.53334,0.41624
0.35000,0.77000,0.57135,0.37050
0.36000,0.77000,0.60688,0.32702
0.37000,0.77000,0.63837,0.28814
0.38000,0.77000,0.66484,0.25566
0.39000,0.77000,0.68572,0.23082
0.40000,0.77000,0.70064,0.21443
0.41000,0.77000,0.70922,0.20704
0.42000,0.77000,0.71083,0.20908
0.43000,0.77000,0.70457,0.22093
0.44000,0.77000,0.68929,0.24286
0.45000,0.77000,0.66385,0.27492
0.46000,0.77000,0.62761,0.31661
0.47000,0.77000,0.58082,0.36657
0.48000,0.77000,0.52511,0.42246
0.49000,0.77000,0.46342,0.48099
0.50000,0.77000,0.39961,0.53847
0.51000,0.77000,0.33768,0.59155
0.52000,0.77000,0.28099,0.63781
0.53000,0.77000,0.23179,0.67608
0.54000,0.77000,0.19122,0.70631
0.55000,0.77000,0.15953,0.72921
0.56000,0.77000,0.13648,0.74578
0.57000,0.77000,0.12163,0.75695
0.58000,0.77000,0.11465,0.76333
0.59000,0.77000,0.11546,0.76504
0.60000,0.77000,0.12424,0.76164
0.61000,0.77000,0.14151,0.75217
0.62000,0.77000,0.16793,0.73523
0.63000,0.77000,0.20413,0.70926
0.64000,0.77000,0.25029,0.67296
0.65000,0.77000,0.30573,0.62583
0.66000,0.77000,0.36843,0.56878
0.67000,0.77000,0.43506,0.50434
0.68000,0.77000,0.50137,0.43639
0.69000,0.77000,0.56310,0.36939
0.70000,0.77000,0.61691,0.30737
0.71000,0.77000,0.66098,0.25322
0.72000,0.77000,0.69496,0.20848
0.73000,0.77000,0.71958,0.17357
0.74000,0.77000,0.73610,0.14822
0.75000,0.77000,0.74584,0.13189
0.76000,0.77000,0.74981,0.12408
0.77000,0.77000,0.74864,0.12452
0.78000,0.77000,0.74245,0.13321
0.79000,0.77000,0.73093,0.15039
0.80000,0.77000,0.71345,0.17635
0.81000,0.77000,0.68932,0.21120
0.82000,0.77000,0.65806,0.25451
0.83000,0.77000,0.61986,0.30497
0.84000,0.77000,0.57587,0.36023
0.85000,0.77000,0.52828,0.41698
0.86000,0.77000,0.48017,0.47145
0.87000,0.77000,0.43490,0.52013
0.88000,0.77000,0.39556,0.56035
0.89000,0.77000,0.36449,0.59063
0.90000,0.77000,0.34308,0.61059
0.91000,0.77000,0.33188,0.62071
0.92000,0.77000,0.33068,0.62193
0.93000,0.77000,0.33870,0.61544
0.94000,0.77000,0.35467,0.60249
0.95000,0.77000,0.37687,0.58442
0.96000,0.77000,0.40322,0.56271
0.97000,0.77000,0.43124,0.53915
0.98000,0.77000,0.45802,0.51619
0.99000,0.77000,0.47962,0.49757
1.0000,0.77000,0.48940,0.48992
0.0000,0.78000,0.48475,0.49411
0.010000,0.78000,0.48705,0.49336
0.020000,0.78000,0.48701,0.49438
0.030000,0.78000,0.48604,0.49598
0.040000,0.78000,0.48494,0.49747
0.050000,0.78000,0.48431,0.49835
0.060000,0.78000,0.48456,0.49824
0.070000,0.78000,0.48602,0.49683
0.080000,0.78000,0.48886,0.49395
0.090000,0.78000,0.49312,0.48958
0.10000,0.78000,0.49861,0.48389
0.11000,0.78000,0.50498,0.47725
0.12000,0.78000,0.51170,0.47021
0.13000,0.78000,0.51808,0.46348
0.14000,0.78000,0.52332,0.45790
0.15000,0.78000,0.52659,0.45430
0.16000,0.78000,0.52709,0.45347
0.17000,0.78000,0.52412,0.45605
0.18000,0.78000,0.51721,0.46241
0.19000,0.78000,0.50617,0.47266
0.20000,0.78000,0.49116,0.48655
0.21000,0.78000,0.47275,0.50347
0.22000,0.78000,0.45191,0.52252
0.23000,0.78000,0.42994,0.54251
0.24000,0.78000,0.40839,0.56212
0.25000,0.78000,0.38894,0.57990
0.26000,0.78000,0.37323,0.59444
0.27000,0.78000,0.36278,0.60435
0.28000,0.78000,0.35884,0.60832
0.29000,0.78000,0.36231,0.60520
0.30000,0.78000,0.37366,0.59407
0.31000,0.78000,0.39284,0.57445
0.32000,0.78000,0.41922,0.54648
0.33000,0.78000,0.45154,0.51103
0.34000,0.78000,0.48800,0.46981
0.35000,0.78000,0.52642,0.42513
0.36000,0.78000,0.56453,0.37969
0.37000,0.78000,0.60032,0.33617
0.38000,0.78000,0.63223,0.29693
0.39000,0.78000,0.65923,0.26382
0.40000,0.78000,0.68072,0.23817
0.41000,0.78000,0.69630,0.22086
0.42000,0.78000,0.70555,0.21249
0.43000,0.78000,0.70787,0.21348
0.44000,0.78000,0.70235,0.22420
0.45000,0.78000,0.68791,0.24493
0.46000,0.78000,0.66350,0.27565
0.47000,0.78000,0.62851,0.31587
0.48000,0.78000,0.58323,0.36429
0.49000,0.78000,0.52916,0.41860
0.50000,0.78000,0.46909,0.47565
0.51000,0.78000,0.40667,0.53189
0.52000,0.78000,0.34574,0.58405
0.53000,0.78000,0.28957,0.62977
0.54000,0.78000,0.24047,0.66783
0.55000,0.78000,0.19967,0.69815
0.56000,0.78000,0.16756,0.72133
0.57000,0.78000,0.14398,0.73831
0.58000,0.78000,0.12859,0.74996
0.59000,0.78000,0.12110,0.75685
0.60000,0.78000,0.12142,0.75907
0.61000,0.78000,0.12972,0.75619
0.62000,0.78000,0.14646,0.74726
0.63000,0.78000,0.17225,0.73096
0.64000,0.78000,0.20764,0.70579
0.65000,0.78000,0.25276,0.67053
0.66000,0.78000,0.30686,0.62474
0.67000,0.78000,0.36800,0.56930
0.68000,0.78000,0.43295,0.50661
0.69000,0.78000,0.49762,0.44037
0.70000,0.78000,0.55793,0.37486
0.71000,0.78000,0.61068,0.31398
0.72000,0.78000,0.65407,0.26061
0.73000,0.78000,0.68769,0.21637
0.74000,0.78000,0.71220,0.18178
0.75000,0.78000,0.72873,0.15668
0.76000,0.78000,0.73850,0.14063
0.77000,0.78000,0.74245,0.13321
0.78000,0.78000,0.74116,0.13418
0.79000,0.78000,0.73473,0.14354
0.80000,0.78000,0.72286,0.16148
0.81000,0.78000,0.70501,0.18818
0.82000,0.78000,0.68057,0.22360
0.83000,0.78000,0.64926,0.26710
0.84000,0.78000,0.61144,0.31716
0.85000,0.78000,0.56841,0.37128
0.86000,0.78000,0.52244,0.42615
0.87000,0.78000,0.47658,0.47813
0.88000,0.78000,0.43407,0.52397
0.89000,0.78000,0.39779,0.56125
0.90000,0.78000,0.36991,0.58869
0.91000,0.78000,0.35167,0.60603
0.92000,0.78000,0.34347,0.61373
0.93000,0.78000,0.34500,0.61276
0.94000,0.78000,0.35534,0.60426
0.95000,0.78000,0.37306,0.58957
0.96000,0.78000,0.39625,0.57012
0.97000,0.78000,0.42256,0.54769
0.98000,0.78000,0.44911,0.52465
0.99000,0.78000,0.47199,0.50465
1.0000,0.78000,0.48475,0.49411
0.0000,0.79000,0.48018,0.49833
0.010000,0.79000,0.48500,0.49515
0.020000,0.79000,0.48587,0.49535
0.030000,0.79000,0.48506,0.49686
0.040000,0.79000,0.48373,0.49862
0.050000,0.79000,0.48262,0.50001
0.060000,0.79000,0.48226,0.50053
0.070000,0.79000,0.48308,0.49980
0.080000,0.79000,0.48534,0.49753
0.090000,0.79000,0.48918,0.49359
0.10000,0.79000,0.49456,0.48802
0.11000,0.79000,0.50123,0.48106
0.12000,0.79000,0.50875,0.47318
0.13000,0.79000,0.51652,0.46501
0.14000,0.79000,0.52377,0.45738
0.15000,0.79000,0.52964,0.45117
0.16000,0.79000,0.53327,0.44729
0.17000,0.79000,0.53383,0.44654
0.18000,0.79000,0.53061,0.44953
0.19000,0.79000,0.52316,0.45663
0.20000,0.79000,0.51130,0.46786
0.21000,0.79000,0.49524,0.48289
0.22000,0.79000,0.47560,0.50105
0.23000,0.79000,0.45341,0.52134
0.24000,0.79000,0.43006,0.54251
0.25000,0.79000,0.40718,0.56318
0.26000,0.79000,0.38652,0.58190
0.27000,0.79000,0.36980,0.59721
0.28000,0.79000,0.35855,0.60776
0.29000,0.79000,0.35403,0.61226
0.30000,0.79000,0.35709,0.60961
0.31000,0.79000,0.36818,0.59895
0.32000,0.79000,0.38720,0.57984
0.33000,0.79000,0.41350,0.55243
0.34000,0.79000,0.44580,0.51756
0.35000,0.79000,0.48230,0.47684
0.36000,0.79000,0.52082,0.43253
0.37000,0.79000,0.55913,0.38722
0.38000,0.79000,0.59519,0.34359
0.39000,0.79000,0.62747,0.30400
0.40000,0.79000,0.65490,0.27035
0.41000,0.79000,0.67685,0.24405
0.42000,0.79000,0.69291,0.22601
0.43000,0.79000,0.70265,0.21685
0.44000,0.79000,0.70545,0.21702
0.45000,0.79000,0.70048,0.22686
0.46000,0.79000,0.68671,0.24660
0.47000,0.79000,0.66317,0.27622
0.48000,0.79000,0.62931,0.31520
0.49000,0.79000,0.58542,0.36224
0.50000,0.79000,0.53291,0.41513
0.51000,0.79000,0.47441,0.47081
0.52000,0.79000,0.41336,0.52586
0.53000,0.79000,0.35345,0.57712
0.54000,0.79000,0.29788,0.62227
0.55000,0.79000,0.24898,0.66010
0.56000,0.79000,0.20806,0.69045
0.57000,0.79000,0.17563,0.71386
0.58000,0.79000,0.15163,0.73118
0.59000,0.79000,0.13579,0.74323
0.60000,0.79000,0.12786,0.75052
0.61000,0.79000,0.12776,0.75314
0.62000,0.79000,0.13564,0.75065
0.63000,0.79000,0.15193,0.74216
0.64000,0.79000,0.17715,0.72638
0.65000,0.79000,0.21180,0.70192
0.66000,0.79000,0.25592,0.66764
0.67000,0.79000,0.30874,0.62316
0.68000,0.79000,0.36833,0.56932
0.69000,0.79000,0.43156,0.50842
0.70000,0.79000,0.49452,0.44398
0.71000,0.79000,0.55333,0.38009
0.72000,0.79000,0.60489,0.32054
0.73000,0.79000,0.64747,0.26818
0.74000,0.79000,0.68061,0.22465
0.75000,0.79000,0.70487,0.19059
0.76000,0.79000,0.72127,0.16595
0.77000,0.79000,0.73093,0.15039
0.78000,0.79000,0.73473,0.14354
0.79000,0.79000,0.73317,0.14521
0.80000,0.79000,0.72636,0.15539
0.81000,0.79000,0.71404,0.17420
0.82000,0.79000,0.69571,0.20172
0.83000,0.79000,0.67094,0.23770
0.84000,0.79000,0.63958,0.28129
0.85000,0.79000,0.60220,0.33076
0.86000,0.79000,0.56022,0.38348
0.87000,0.79000,0.51603,0.43616
0.88000,0.79000,0.47259,0.48536
0.89000,0.79000,0.43301,0.52807
0.90000,0.79000,0.40001,0.56216
0.91000,0.79000,0.37552,0.58651
0.92000,0.79000,0.36063,0.60096
0.93000,0.79000,0.35559,0.60602
0.94000,0.79000,0.35994,0.60263
0.95000,0.79000,0.37258,0.59200
0.96000,0.79000,0.39189,0.57551
0.97000,0.79000,0.41571,0.55489
0.98000,0.79000,0.44127,0.53241
0.99000,0.79000,0.46480,0.51153
1.0000,0.79000,0.48018,0.49833
0.0000,0.80000,0.47583,0.50249
0.010000,0.80000,0.48305,0.49692
0.020000,0.80000,0.48488,0.49622
0.030000,0.80000,0.48436,0.49747
0.040000,0.80000,0.48298,0.49932
0.050000,0.80000,0.48159,0.50100
0.060000,0.80000,0.48081,0.50196
0.070000,0.80000,0.48111,0.50177
0.080000,0.80000,0.48282,0.50008
0.090000,0.80000,0.48616,0.49666
0.10000,0.80000,0.49119,0.49146
0.11000,0.80000,0.49776,0.48459
0.12000,0.80000,0.50555,0.47640
0.13000,0.80000,0.51403,0.46745
0.14000,0.80000,0.52252,0.45850
0.15000,0.80000,0.53020,0.45042
0.16000,0.80000,0.53619,0.44415
0.17000,0.80000,0.53959,0.44060
0.18000,0.80000,0.53961,0.44053
0.19000,0.80000,0.53557,0.44452
0.20000,0.80000,0.52705,0.45283
0.21000,0.80000,0.51395,0.46539
0.22000,0.80000,0.49654,0.48177
0.23000,0.80000,0.47551,0.50121
0.24000,0.80000,0.45199,0.52264
0.25000,0.80000,0.42744,0.54475
0.26000,0.80000,0.40357,0.56614
0.27000,0.80000,0.38218,0.58535
0.28000,0.80000,0.36499,0.60097
0.29000,0.80000,0.35353,0.61167
0.30000,0.80000,0.34900,0.61622
0.31000,0.80000,0.35220,0.61360
0.32000,0.80000,0.36351,0.60301
0.33000,0.80000,0.38276,0.58406
0.34000,0.80000,0.40927,0.55690
0.35000,0.80000,0.44173,0.52237
0.36000,0.80000,0.47834,0.48200
0.37000,0.80000,0.51695,0.43796
0.38000,0.80000,0.55534,0.39281
0.39000,0.80000,0.59152,0.34917
0.40000,0.80000,0.62395,0.30941
0.41000,0.80000,0.65157,0.27549
0.42000,0.80000,0.67374,0.24881
0.43000,0.80000,0.69002,0.23033
0.44000,0.80000,0.69999,0.22069
0.45000,0.80000,0.70306,0.22032
0.46000,0.80000,0.69843,0.22954
0.47000,0.80000,0.68516,0.24855
0.48000,0.80000,0.66235,0.27728
0.49000,0.80000,0.62952,0.31519
0.50000,0.80000,0.58693,0.36099
0.51000,0.80000,0.53595,0.41252
0.52000,0.80000,0.47902,0.46683
0.53000,0.80000,0.41941,0.52065
0.54000,0.80000,0.36063,0.57092
0.55000,0.80000,0.30581,0.61540
0.56000,0.80000,0.25728,0.65287
0.57000,0.80000,0.21644,0.68313
0.58000,0.80000,0.18386,0.70664
0.59000,0.80000,0.15960,0.72418
0.60000,0.80000,0.14345,0.73650
0.61000,0.80000,0.13520,0.74406
0.62000,0.80000,0.13478,0.74694
0.63000,0.80000,0.14234,0.74472
0.64000,0.80000,0.15824,0.73654
0.65000,0.80000,0.18298,0.72121
0.66000,0.80000,0.21694,0.69740
0.67000,0.80000,0.26009,0.66407
0.68000,0.80000,0.31162,0.62090
0.69000,0.80000,0.36960,0.56871
0.70000,0.80000,0.43100,0.50970
0.71000,0.80000,0.49211,0.44722
0.72000,0.80000,0.54923,0.38517
0.73000,0.80000,0.59943,0.32720
0.74000,0.80000,0.64101,0.27610
0.75000,0.80000,0.67349,0.23356
0.76000,0.80000,0.69733,0.20029
0.77000,0.80000,0.71345,0.17635
0.78000,0.80000,0.72286,0.16148
0.79000,0.80000,0.72636,0.15539
0.80000,0.80000,0.72443,0.15791
0.81000,0.80000,0.71714,0.16903
0.82000,0.80000,0.70430,0.18878
0.83000,0.80000,0.68549,0.21709
0.84000,0.80000,0.66040,0.25352
0.85000,0.80000,0.62908,0.29698
0.86000,0.80000,0.59225,0.34554
0.87000,0.80000,0.55152,0.39651
0.88000,0.80000,0.50929,0.44665
0.89000,0.80000,0.46849,0.49275
0.90000,0.80000,0.43207,0.53205
0.91000,0.80000,0.40254,0.56268
0.92000,0.80000,0.38163,0.58371
0.93000,0.80000,0.37023,0.59508
0.94000,0.80000,0.36842,0.59731
0.95000,0.80000,0.37555,0.59139
0.96000,0.80000,0.39035,0.57858
0.97000,0.80000,0.41093,0.56049
0.98000,0.80000,0.43474,0.53923
0.99000,0.80000,0.45826,0.51805
1.0000,0.80000,0.47583,0.50249
0.0000,0.81000,0.47182,0.50650
0.010000,0.81000,0.48125,0.49864
0.020000,0.81000,0.48403,0.49700
0.030000,0.81000,0.48390,0.49787
0.040000,0.81000,0.48264,0.49962
0.050000,0.81000,0.48119,0.50137
0.060000,0.81000,0.48019,0.50257
0.070000,0.81000,0.48013,0.50274
0.080000,0.81000,0.48139,0.50152
0.090000,0.81000,0.48422,0.49864
0.10000,0.81000,0.48875,0.49394
0.11000,0.81000,0.49493,0.48747
0.12000,0.81000,0.50252,0.47946
0.13000,0.81000,0.51111,0.47036
0.14000,0.81000,0.52011,0.46081
0.15000,0.81000,0.52878,0.45164
0.16000,0.81000,0.53630,0.44375
0.17000,0.81000,0.54178,0.43808
0.18000,0.81000,0.54438,0.43548
0.19000,0.81000,0.54333,0.43664
0.20000,0.81000,0.53803,0.44202
0.21000,0.81000,0.52815,0.45178
0.22000,0.81000,0.51365,0.46574
0.23000,0.81000,0.49489,0.48337
0.24000,0.81000,0.47265,0.50383
0.25000,0.81000,0.44812,0.52600
0.26000,0.81000,0.42283,0.54857
0.27000,0.81000,0.39854,0.57014
0.28000,0.81000,0.37704,0.58930
0.29000,0.81000,0.36004,0.60468
0.30000,0.81000,0.34898,0.61503
0.31000,0.81000,0.34498,0.61921
0.32000,0.81000,0.34876,0.61624
0.33000,0.81000,0.36062,0.60543
0.34000,0.81000,0.38032,0.58642
0.35000,0.81000,0.40713,0.55937
0.36000,0.81000,0.43973,0.52509
0.37000,0.81000,0.47634,0.48507
0.38000,0.81000,0.51482,0.44140
0.39000,0.81000,0.55303,0.39658
0.40000,0.81000,0.58902,0.35320
0.41000,0.81000,0.62128,0.31360
0.42000,0.81000,0.64877,0.27975
0.43000,0.81000,0.67085,0.25305
0.44000,0.81000,0.68708,0.23449
0.45000,0.81000,0.69704,0.22469
0.46000,0.81000,0.70016,0.22407
0.47000,0.81000,0.69571,0.23292
0.48000,0.81000,0.68280,0.25139
0.49000,0.81000,0.66064,0.27939
0.50000,0.81000,0.62877,0.31633
0.51000,0.81000,0.58749,0.36092
0.52000,0.81000,0.53805,0.41105
0.53000,0.81000,0.48277,0.46390
0.54000,0.81000,0.42473,0.51634
0.55000,0.81000,0.36727,0.56545
0.56000,0.81000,0.31344,0.60906
0.57000,0.81000,0.26554,0.64599
0.58000,0.81000,0.22501,0.67598
0.59000,0.81000,0.19252,0.69943
0.60000,0.81000,0.16819,0.71702
0.61000,0.81000,0.15190,0.72945
0.62000,0.81000,0.14346,0.73714
0.63000,0.81000,0.14283,0.74016
0.64000,0.81000,0.15015,0.73810
0.65000,0.81000,0.16574,0.73016
0.66000,0.81000,0.19003,0.71522
0.67000,0.81000,0.22331,0.69205
0.68000,0.81000,0.26547,0.65970
0.69000,0.81000,0.31561,0.61791
0.70000,0.81000,0.37183,0.56749
0.71000,0.81000,0.43123,0.51053
0.72000,0.81000,0.49027,0.45023
0.73000,0.81000,0.54547,0.39029
0.74000,0.81000,0.59408,0.33419
0.75000,0.81000,0.63444,0.28467
0.76000,0.81000,0.66607,0.24341
0.77000,0.81000,0.68932,0.21120
0.78000,0.81000,0.70501,0.18818
0.79000,0.81000,0.71404,0.17420
0.80000,0.81000,0.71714,0.16903
0.81000,0.81000,0.71476,0.17252
0.82000,0.81000,0.70698,0.18462
0.83000,0.81000,0.69361,0.20528
0.84000,0.81000,0.67437,0.23425
0.85000,0.81000,0.64907,0.27088
0.86000,0.81000,0.61794,0.31386
0.87000,0.81000,0.58187,0.36112
0.88000,0.81000,0.54260,0.40992
0.89000,0.81000,0.50257,0.45716
0.90000,0.81000,0.46463,0.49984
0.91000,0.81000,0.43157,0.53550
0.92000,0.81000,0.40567,0.56249
0.93000,0.81000,0.38845,0.58005
0.94000,0.81000,0.38059,0.58820
0.95000,0.81000,0.38197,0.58752
0.96000,0.81000,0.39176,0.57905
0.97000,0.81000,0.40843,0.56419
0.98000,0.81000,0.42976,0.54489
0.99000,0.81000,0.45256,0.52402
1.0000,0.81000,0.47182,0.50650
0.0000,0.82000,0.46828,0.51025
0.010000,0.82000,0.47964,0.50029
0.020000,0.82000,0.48331,0.49772
0.030000,0.82000,0.48365,0.49811
0.040000,0.82000,0.48266,0.49959
0.050000,0.82000,0.48134,0.50122
0.060000,0.82000,0.48033,0.50242
0.070000,0.82000,0.48011,0.50276
0.080000,0.82000,0.48105,0.50187
0.090000,0.82000,0.48342,0.49946
0.10000,0.82000,0.48738,0.49535
0.11000,0.82000,0.49295,0.48950
0.12000,0.82000,0.49999,0.48206
0.13000,0.82000,0.50817,0.47334
0.14000,0.82000,0.51703,0.46388
0.15000,0.82000,0.52594,0.45439
0.16000,0.82000,0.53417,0.44569
0.17000,0.82000,0.54092,0.43866
0.18000,0.82000,0.54535,0.43418
0.19000,0.82000,0.54670,0.43298
0.20000,0.82000,0.54427,0.43566
0.21000,0.82000,0.53755,0.44254
0.22000,0.82000,0.52629,0.45366
0.23000,0.82000,0.51054,0.46876
0.24000,0.82000,0.49074,0.48723
0.25000,0.82000,0.46773,0.50820
0.26000,0.82000,0.44276,0.53054
0.27000,0.82000,0.41739,0.55297
0.28000,0.82000,0.39335,0.57413
0.29000,0.82000,0.37241,0.59269
0.30000,0.82000,0.35619,0.60737
0.31000,0.82000,0.34603,0.61697
0.32000,0.82000,0.34296,0.62046
0.33000,0.82000,0.34759,0.61694
0.34000,0.82000,0.36012,0.60576
0.35000,0.82000,0.38028,0.58662
0.36000,0.82000,0.40729,0.55969
0.37000,0.82000,0.43982,0.52575
0.38000,0.82000,0.47611,0.48623
0.39000,0.82000,0.51413,0.44318
0.40000,0.82000,0.55177,0.39901
0.41000,0.82000,0.58719,0.35624
0.42000,0.82000,0.61892,0.31721
0.43000,0.82000,0.64595,0.28382
0.44000,0.82000,0.66765,0.25749
0.45000,0.82000,0.68358,0.23918
0.46000,0.82000,0.69332,0.22951
0.47000,0.82000,0.69634,0.22887
0.48000,0.82000,0.69194,0.23754
0.49000,0.82000,0.67934,0.25561
0.50000,0.82000,0.65779,0.28294
0.51000,0.82000,0.62690,0.31890
0.52000,0.82000,0.58696,0.36221
0.53000,0.82000,0.53917,0.41081
0.54000,0.82000,0.48568,0.46202
0.55000,0.82000,0.42941,0.51285
0.56000,0.82000,0.37354,0.56055
0.57000,0.82000,0.32098,0.60306
0.58000,0.82000,0.27401,0.63921
0.59000,0.82000,0.23409,0.66872
0.60000,0.82000,0.20194,0.69190
0.61000,0.82000,0.17776,0.70937
0.62000,0.82000,0.16149,0.72176
0.63000,0.82000,0.15299,0.72947
0.64000,0.82000,0.15225,0.73253
0.65000,0.82000,0.15940,0.73058
0.66000,0.82000,0.17471,0.72285
0.67000,0.82000,0.19854,0.70831
0.68000,0.82000,0.23108,0.68583
0.69000,0.82000,0.27211,0.65455
0.70000,0.82000,0.32068,0.61427
0.71000,0.82000,0.37492,0.56579
0.72000,0.82000,0.43205,0.51113
0.73000,0.82000,0.48876,0.45328
0.74000,0.82000,0.54178,0.39574
0.75000,0.82000,0.58854,0.34184
0.76000,0.82000,0.62747,0.29420
0.77000,0.82000,0.65806,0.25451
0.78000,0.82000,0.68057,0.22360
0.79000,0.82000,0.69571,0.20172
0.80000,0.82000,0.70430,0.18878
0.81000,0.82000,0.70698,0.18462
0.82000,0.82000,0.70415,0.18911
0.83000,0.82000,0.69590,0.20215
0.84000,0.82000,0.68211,0.22355
0.85000,0.82000,0.66257,0.25292
0.86000,0.82000,0.63722,0.28939
0.87000,0.82000,0.60647,0.33146
0.88000,0.82000,0.57139,0.37697
0.89000,0.82000,0.53381,0.42321
0.90000,0.82000,0.49619,0.46723
0.91000,0.82000,0.46131,0.50627
0.92000,0.82000,0.43175,0.53813
0.93000,0.82000,0.40956,0.56137
0.94000,0.82000,0.39605,0.57540
0.95000,0.82000,0.39168,0.58029
0.96000,0.82000,0.39613,0.57670
0.97000,0.82000,0.40834,0.56576
0.98000,0.82000,0.42650,0.54912
0.99000,0.82000,0.44789,0.52925
1.0000,0.82000,0.46828,0.51025
0.0000,0.83000,0.46532,0.51361
0.010000,0.83000,0.47826,0.50181
0.020000,0.83000,0.48273,0.49836
0.030000,0.83000,0.48358,0.49822
0.040000,0.83000,0.48297,0.49930
0.050000,0.83000,0.48194,0.50062
0.060000,0.83000,0.48112,0.50164
0.070000,0.83000,0.48093,0.50195
0.080000,0.83000,0.48170,0.50122
0.090000,0.83000,0.48370,0.49919
0.10000,0.83000,0.48709,0.49567
0.11000,0.83000,0.49193,0.49058
0.12000,0.83000,0.49814,0.48398
0.13000,0.83000,0.50551,0.47609
0.14000,0.83000,0.51369,0.46732
0.15000,0.83000,0.52218,0.45820
0.16000,0.83000,0.53038,0.44946
0.17000,0.83000,0.53762,0.44186
0.18000,0.83000,0.54313,0.43620
0.19000,0.83000,0.54620,0.43324
0.20000,0.83000,0.54611,0.43361
0.21000,0.83000,0.54228,0.43776
0.22000,0.83000,0.53428,0.44591
0.23000,0.83000,0.52193,0.45802
0.24000,0.83000,0.50536,0.47374
0.25000,0.83000,0.48506,0.49246
0.26000,0.83000,0.46191,0.51330
0.27000,0.83000,0.43717,0.53518
0.28000,0.83000,0.41240,0.55687
0.29000,0.83000,0.38926,0.57711
0.30000,0.83000,0.36944,0.59464
0.31000,0.83000,0.35445,0.60827
0.32000,0.83000,0.34552,0.61691
0.33000,0.83000,0.34355,0.61957
0.34000,0.83000,0.34908,0.61543
0.35000,0.83000,0.36222,0.60391
0.36000,0.83000,0.38264,0.58473
0.37000,0.83000,0.40955,0.55807
0.38000,0.83000,0.44164,0.52469
0.39000,0.83000,0.47723,0.48597
0.40000,0.83000,0.51435,0.44387
0.41000,0.83000,0.55102,0.40074
0.42000,0.83000,0.58547,0.35902
0.43000,0.83000,0.61633,0.32096
0.44000,0.83000,0.64260,0.28843
0.45000,0.83000,0.66367,0.26282
0.46000,0.83000,0.67910,0.24504
0.47000,0.83000,0.68847,0.23572
0.48000,0.83000,0.69130,0.23523
0.49000,0.83000,0.68692,0.24381
0.50000,0.83000,0.67461,0.26151
0.51000,0.83000,0.65371,0.28813
0.52000,0.83000,0.62388,0.32301
0.53000,0.83000,0.58540,0.36486
0.54000,0.83000,0.53941,0.41172
0.55000,0.83000,0.48794,0.46101
0.56000,0.83000,0.43371,0.50996
0.57000,0.83000,0.37972,0.55597
0.58000,0.83000,0.32877,0.59709
0.59000,0.83000,0.28306,0.63222
0.60000,0.83000,0.24405,0.66102
0.61000,0.83000,0.21249,0.68375
0.62000,0.83000,0.18867,0.70095
0.63000,0.83000,0.17257,0.71319
0.64000,0.83000,0.16413,0.72083
0.65000,0.83000,0.16334,0.72389
0.66000,0.83000,0.17033,0.72203
0.67000,0.83000,0.18532,0.71456
0.68000,0.83000,0.20859,0.70049
0.69000,0.83000,0.24022,0.67882
0.70000,0.83000,0.27991,0.64876
0.71000,0.83000,0.32665,0.61019
0.72000,0.83000,0.37862,0.56389
0.73000,0.83000,0.43318,0.51177
0.74000,0.83000,0.48726,0.45666
0.75000,0.83000,0.53785,0.40184
0.76000,0.83000,0.58254,0.35044
0.77000,0.83000,0.61986,0.30497
0.78000,0.83000,0.64926,0.26710
0.79000,0.83000,0.67094,0.23770
0.80000,0.83000,0.68549,0.21709
0.81000,0.83000,0.69361,0.20528
0.82000,0.83000,0.69590,0.20215
0.83000,0.83000,0.69271,0.20756
0.84000,0.83000,0.68412,0.22135
0.85000,0.83000,0.67004,0.24323
0.86000,0.83000,0.65035,0.27263
0.87000,0.83000,0.62516,0.30850
0.88000,0.83000,0.59500,0.34922
0.89000,0.83000,0.56112,0.39258
0.90000,0.83000,0.52543,0.43594
0.91000,0.83000,0.49041,0.47652
0.92000,0.83000,0.45869,0.51180
0.93000,0.83000,0.43268,0.53981
0.94000,0.83000,0.41421,0.55930
0.95000,0.83000,0.40435,0.56979
0.96000,0.83000,0.40336,0.57144
0.97000,0.83000,0.41072,0.56499
0.98000,0.83000,0.42512,0.55170
0.99000,0.83000,0.44443,0.53352
1.0000,0.83000,0.46532,0.51361
0.0000,0.84000,0.46304,0.51644
0.010000,0.84000,0.47718,0.50315
0.020000,0.84000,0.48231,0.49892
0.030000,0.84000,0.48366,0.49822
0.040000,0.84000,0.48351,0.49881
0.050000,0.84000,0.48291,0.49969
0.060000,0.84000,0.48243,0.50035
0.070000,0.84000,0.48244,0.50046
0.080000,0.84000,0.48320,0.49974
0.090000,0.84000,0.48494,0.49798
0.10000,0.84000,0.48779,0.49501
0.11000,0.84000,0.49184,0.49073
0.12000,0.84000,0.49706,0.48516
0.13000,0.84000,0.50332,0.47842
0.14000,0.84000,0.51040,0.47078
0.15000,0.84000,0.51794,0.46263
0.16000,0.84000,0.52549,0.45452
0.17000,0.84000,0.53252,0.44706
0.18000,0.84000,0.53841,0.44095
0.19000,0.84000,0.54250,0.43687
0.20000,0.84000,0.54416,0.43545
0.21000,0.84000,0.54276,0.43720
0.22000,0.84000,0.53780,0.44247
0.23000,0.84000,0.52892,0.45140
0.24000,0.84000,0.51599,0.46389
0.25000,0.84000,0.49919,0.47960
0.26000,0.84000,0.47904,0.49792
0.27000,0.84000,0.45642,0.51801
0.28000,0.84000,0.43258,0.53888
0.29000,0.84000,0.40900,0.55938
0.30000,0.84000,0.38727,0.57835
0.31000,0.84000,0.36895,0.59460
0.32000,0.84000,0.35543,0.60703
0.33000,0.84000,0.34782,0.61463
0.34000,0.84000,0.34692,0.61649
0.35000,0.84000,0.35319,0.61185
0.36000,0.84000,0.36667,0.60014
0.37000,0.84000,0.38702,0.58113
0.38000,0.84000,0.41343,0.55500
0.39000,0.84000,0.44466,0.52249
0.40000,0.84000,0.47909,0.48491
0.41000,0.84000,0.51489,0.44417
0.42000,0.84000,0.55019,0.40249
0.43000,0.84000,0.58334,0.36223
0.44000,0.84000,0.61302,0.32554
0.45000,0.84000,0.63830,0.29421
0.46000,0.84000,0.65856,0.26957
0.47000,0.84000,0.67336,0.25254
0.48000,0.84000,0.68230,0.24371
0.49000,0.84000,0.68491,0.24343
0.50000,0.84000,0.68057,0.25192
0.51000,0.84000,0.66863,0.26917
0.52000,0.84000,0.64848,0.29495
0.53000,0.84000,0.61984,0.32854
0.54000,0.84000,0.58299,0.36869
0.55000,0.84000,0.53902,0.41351
0.56000,0.84000,0.48982,0.46059
0.57000,0.84000,0.43793,0.50735
0.58000,0.84000,0.38618,0.55137
0.59000,0.84000,0.33718,0.59085
0.60000,0.84000,0.29306,0.62471
0.61000,0.84000,0.25524,0.65261
0.62000,0.84000,0.22453,0.67473
0.63000,0.84000,0.20124,0.69156
0.64000,0.84000,0.18544,0.70357
0.65000,0.84000,0.17712,0.71111
0.66000,0.84000,0.17628,0.71420
0.67000,0.84000,0.18304,0.71250
0.68000,0.84000,0.19759,0.70537
0.69000,0.84000,0.22010,0.69192
0.70000,0.84000,0.25058,0.67122
0.71000,0.84000,0.28863,0.64260
0.72000,0.84000,0.33321,0.60595
0.73000,0.84000,0.38258,0.56208
0.74000,0.84000,0.43428,0.51279
0.75000,0.84000,0.48547,0.46070
0.76000,0.84000,0.53341,0.40887
0.77000,0.84000,0.57587,0.36023
0.78000,0.84000,0.61144,0.31716
0.79000,0.84000,0.63958,0.28129
0.80000,0.84000,0.66040,0.25352
0.81000,0.84000,0.67437,0.23425
0.82000,0.84000,0.68211,0.22355
0.83000,0.84000,0.68412,0.22135
0.84000,0.84000,0.68069,0.22750
0.85000,0.84000,0.67191,0.24178
0.86000,0.84000,0.65771,0.26378
0.87000,0.84000,0.63806,0.29278
0.88000,0.84000,0.61320,0.32763
0.89000,0.84000,0.58382,0.36661
0.90000,0.84000,0.55130,0.40751
0.91000,0.84000,0.51765,0.44779
0.92000,0.84000,0.48530,0.48485
0.93000,0.84000,0.45678,0.51636
0.94000,0.84000,0.43431,0.54056
0.95000,0.84000,0.41950,0.55635
0.96000,0.84000,0.41320,0.56335
0.97000,0.84000,0.41549,0.56179
0.98000,0.84000,0.42567,0.55244
0.99000,0.84000,0.44229,0.53663
1.0000,0.84000,0.46304,0.51644
0.0000,0.85000,0.46153,0.51861
0.010000,0.85000,0.47643,0.50424
0.020000,0.85000,0.48206,0.49937
0.030000,0.85000,0.48389,0.49813
0.040000,0.85000,0.48424,0.49817
0.050000,0.85000,0.48414,0.49852
0.060000,0.85000,0.48412,0.49871
0.070000,0.85000,0.48445,0.49848
0.080000,0.85000,0.48533,0.49764
0.090000,0.85000,0.48691,0.49603
0.10000,0.85000,0.48929,0.49354
0.11000,0.85000,0.49255,0.49009
0.12000,0.85000,0.49669,0.48564
0.13000,0.85000,0.50168,0.48024
0.14000,0.85000,0.50737,0.47404
0.15000,0.85000,0.51358,0.46729
0.16000,0.85000,0.52001,0.46033
0.17000,0.85000,0.52627,0.45363
0.18000,0.85000,0.53191,0.44771
0.19000,0.85000,0.53640,0.44315
0.20000,0.85000,0.53919,0.44051
0.21000,0.85000,0.53968,0.44031
0.22000,0.85000,0.53736,0.44298
0.23000,0.85000,0.53174,0.44880
0.24000,0.85000,0.52254,0.45788
0.25000,0.85000,0.50964,0.47012
0.26000,0.85000,0.49324,0.48519
0.27000,0.85000,0.47386,0.50255
0.28000,0.85000,0.45236,0.52143
0.29000,0.85000,0.42993,0.54091
0.30000,0.85000,0.40796,0.55995
0.31000,0.85000,0.38793,0.57747
0.32000,0.85000,0.37127,0.59237
0.33000,0.85000,0.35924,0.60363
0.34000,0.85000,0.35285,0.61029
0.35000,0.85000,0.35281,0.61150
0.36000,0.85000,0.35951,0.60655
0.37000,0.85000,0.37297,0.59491
0.38000,0.85000,0.39282,0.57635
0.39000,0.85000,0.41830,0.55107
0.40000,0.85000,0.44822,0.51977
0.41000,0.85000,0.48109,0.48373
0.42000,0.85000,0.51518,0.44473
0.43000,0.85000,0.54879,0.40490
0.44000,0.85000,0.58037,0.36646
0.45000,0.85000,0.60866,0.33146
0.46000,0.85000,0.63279,0.30159
0.47000,0.85000,0.65214,0.27813
0.48000,0.85000,0.66626,0.26197
0.49000,0.85000,0.67477,0.25366
0.50000,0.85000,0.67720,0.25357
0.51000,0.85000,0.67299,0.26186
0.52000,0.85000,0.66153,0.27851
0.53000,0.85000,0.64229,0.30320
0.54000,0.85000,0.61502,0.33524
0.55000,0.85000,0.58002,0.37339
0.56000,0.85000,0.53832,0.41585
0.57000,0.85000,0.49168,0.46041
0.58000,0.85000,0.44245,0.50468
0.59000,0.85000,0.39326,0.54646
0.60000,0.85000,0.34655,0.58406
0.61000,0.85000,0.30432,0.61646
0.62000,0.85000,0.26796,0.64329
0.63000,0.85000,0.23828,0.66470
0.64000,0.85000,0.21566,0.68109
0.65000,0.85000,0.20024,0.69288
0.66000,0.85000,0.19203,0.70036
0.67000,0.85000,0.19107,0.70355
0.68000,0.85000,0.19747,0.70213
0.69000,0.85000,0.21137,0.69550
0.70000,0.85000,0.23286,0.68285
0.71000,0.85000,0.26187,0.66333
0.72000,0.85000,0.29792,0.63635
0.73000,0.85000,0.34001,0.60188
0.74000,0.85000,0.38647,0.56068
0.75000,0.85000,0.43504,0.51444
0.76000,0.85000,0.48315,0.46561
0.77000,0.85000,0.52828,0.41698
0.78000,0.85000,0.56841,0.37128
0.79000,0.85000,0.60220,0.33076
0.80000,0.85000,0.62908,0.29698
0.81000,0.85000,0.64907,0.27088
0.82000,0.85000,0.66257,0.25292
0.83000,0.85000,0.67004,0.24323
0.84000,0.85000,0.67191,0.24178
0.85000,0.85000,0.66840,0.24841
0.86000,0.85000,0.65958,0.26284
0.87000,0.85000,0.64542,0.28457
0.88000,0.85000,0.62596,0.31280
0.89000,0.85000,0.60156,0.34627
0.90000,0.85000,0.57309,0.38324
0.91000,0.85000,0.54203,0.42153
0.92000,0.85000,0.51047,0.45867
0.93000,0.85000,0.48082,0.49223
0.94000,0.85000,0.45548,0.52005
0.95000,0.85000,0.43649,0.54053
0.96000,0.85000,0.42527,0.55269
0.97000,0.85000,0.42250,0.55619
0.98000,0.85000,0.42816,0.55122
0.99000,0.85000,0.44155,0.53841
1.0000,0.85000,0.46153,0.51861
0.0000,0.86000,0.46085,0.52001
0.010000,0.86000,0.47606,0.50501
0.020000,0.86000,0.48202,0.49966
0.030000,0.86000,0.48425,0.49792
0.040000,0.86000,0.48510,0.49742
0.050000,0.86000,0.48555,0.49719
0.060000,0.86000,0.48604,0.49685
0.070000,0.86000,0.48677,0.49620
0.080000,0.86000,0.48785,0.49515
0.090000,0.86000,0.48935,0.49361
0.10000,0.86000,0.49134,0.49154
0.11000,0.86000,0.49385,0.48886
0.12000,0.86000,0.49691,0.48554
0.13000,0.86000,0.50055,0.48156
0.14000,0.86000,0.50473,0.47697
0.15000,0.86000,0.50938,0.47186
0.16000,0.86000,0.51435,0.46643
0.17000,0.86000,0.51945,0.46093
0.18000,0.86000,0.52436,0.45573
0.19000,0.86000,0.52871,0.45124
0.20000,0.86000,0.53205,0.44795
0.21000,0.86000,0.53388,0.44633
0.22000,0.86000,0.53367,0.44683
0.23000,0.86000,0.53093,0.44982
0.24000,0.86000,0.52523,0.45557
0.25000,0.86000,0.51627,0.46419
0.26000,0.86000,0.50398,0.47562
0.27000,0.86000,0.48852,0.48958
0.28000,0.86000,0.47041,0.50560
0.29000,0.86000,0.45045,0.52299
0.30000,0.86000,0.42975,0.54092
0.31000,0.86000,0.40959,0.55842
0.32000,0.86000,0.39133,0.57449
0.33000,0.86000,0.37628,0.58812
0.34000,0.86000,0.36558,0.59835
0.35000,0.86000,0.36016,0.60426
0.36000,0.86000,0.36065,0.60506
0.37000,0.86000,0.36740,0.60006
0.38000,0.86000,0.38042,0.58877
0.39000,0.86000,0.39936,0.57098
0.40000,0.86000,0.42349,0.54688
0.41000,0.86000,0.45173,0.51714
0.42000,0.86000,0.48270,0.48298
0.43000,0.86000,0.51481,0.44608
0.44000,0.86000,0.54649,0.40844
0.45000,0.86000,0.57630,0.37212
0.46000,0.86000,0.60308,0.33905
0.47000,0.86000,0.62597,0.31082
0.48000,0.86000,0.64437,0.28864
0.49000,0.86000,0.65783,0.27336
0.50000,0.86000,0.66596,0.26555
0.51000,0.86000,0.66832,0.26552
0.52000,0.86000,0.66437,0.27344
0.53000,0.86000,0.65356,0.28923
0.54000,0.86000,0.63541,0.31256
0.55000,0.86000,0.60973,0.34273
0.56000,0.86000,0.57682,0.37856
0.57000,0.86000,0.53765,0.41837
0.58000,0.86000,0.49385,0.46013
0.59000,0.86000,0.44758,0.50167
0.60000,0.86000,0.40125,0.54098
0.61000,0.86000,0.35711,0.57652
0.62000,0.86000,0.31702,0.60732
0.63000,0.86000,0.28232,0.63300
0.64000,0.86000,0.25383,0.65366
0.65000,0.86000,0.23197,0.66961
0.66000,0.86000,0.21692,0.68122
0.67000,0.86000,0.20876,0.68874
0.68000,0.86000,0.20756,0.69215
0.69000,0.86000,0.21339,0.69117
0.70000,0.86000,0.22636,0.68523
0.71000,0.86000,0.24651,0.67357
0.72000,0.86000,0.27369,0.65544
0.73000,0.86000,0.30741,0.63033
0.74000,0.86000,0.34670,0.59823
0.75000,0.86000,0.39000,0.55990
0.76000,0.86000,0.43527,0.51690
0.77000,0.86000,0.48017,0.47145
0.78000,0.86000,0.52244,0.42615
0.79000,0.86000,0.56022,0.38348
0.80000,0.86000,0.59225,0.34554
0.81000,0.86000,0.61794,0.31386
0.82000,0.86000,0.63722,0.28939
0.83000,0.86000,0.65035,0.27263
0.84000,0.86000,0.65771,0.26378
0.85000,0.86000,0.65958,0.26284
0.86000,0.86000,0.65615,0.26965
0.87000,0.86000,0.64742,0.28390
0.88000,0.86000,0.63340,0.30505
0.89000,0.86000,0.61422,0.33222
0.90000,0.86000,0.59035,0.36410
0.91000,0.86000,0.56282,0.39894
0.92000,0.86000,0.53326,0.43458
0.93000,0.86000,0.50380,0.46864
0.94000,0.86000,0.47681,0.49880
0.95000,0.86000,0.45461,0.52305
0.96000,0.86000,0.43906,0.53988
0.97000,0.86000,0.43147,0.54835
0.98000,0.86000,0.43248,0.54803
0.99000,0.86000,0.44225,0.53873
1.0000,0.86000,0.46085,0.52001
0.0000,0.87000,0.46101,0.52054
0.010000,0.87000,0.47610,0.50540
0.020000,0.87000,0.48218,0.49976
0.030000,0.87000,0.48475,0.49760
0.040000,0.87000,0.48606,0.49657
0.050000,0.87000,0.48704,0.49578
0.060000,0.87000,0.48805,0.49490
0.070000,0.87000,0.48920,0.49381
0.080000,0.87000,0.49051,0.49251
0.090000,0.87000,0.49199,0.49100
0.10000,0.87000,0.49364,0.48927
0.11000,0.87000,0.49547,0.48731
0.12000,0.87000,0.49751,0.48506
0.13000,0.87000,0.49983,0.48247
0.14000,0.87000,0.50248,0.47951
0.15000,0.87000,0.50549,0.47613
0.16000,0.87000,0.50888,0.47239
0.17000,0.87000,0.51257,0.46836
0.18000,0.87000,0.51643,0.46424
0.19000,0.87000,0.52022,0.46029
0.20000,0.87000,0.52363,0.45686
0.21000,0.87000,0.52624,0.45434
0.22000,0.87000,0.52761,0.45318
0.23000,0.87000,0.52722,0.45378
0.24000,0.87000,0.52460,0.45651
0.25000,0.87000,0.51932,0.46167
0.26000,0.87000,0.51109,0.46938
0.27000,0.87000,0.49983,0.47964
0.28000,0.87000,0.48570,0.49223
0.29000,0.87000,0.46914,0.50674
0.30000,0.87000,0.45093,0.52256
0.31000,0.87000,0.43206,0.53893
0.32000,0.87000,0.41371,0.55496
0.33000,0.87000,0.39713,0.56972
0.34000,0.87000,0.38349,0.58227
0.35000,0.87000,0.37386,0.59167
0.36000,0.87000,0.36908,0.59708
0.37000,0.87000,0.36974,0.59772
0.38000,0.87000,0.37615,0.59295
0.39000,0.87000,0.38835,0.58230
0.40000,0.87000,0.40600,0.56557
0.41000,0.87000,0.42846,0.54294
0.42000,0.87000,0.45473,0.51507
0.43000,0.87000,0.48355,0.48310
0.44000,0.87000,0.51349,0.44859
0.45000,0.87000,0.54310,0.41338
0.46000,0.87000,0.57106,0.37939
0.47000,0.87000,0.59626,0.34839
0.48000,0.87000,0.61790,0.32188
0.49000,0.87000,0.63537,0.30100
0.50000,0.87000,0.64824,0.28657
0.51000,0.87000,0.65610,0.27912
0.52000,0.87000,0.65851,0.27898
0.53000,0.87000,0.65499,0.28628
0.54000,0.87000,0.64502,0.30094
0.55000,0.87000,0.62817,0.32261
0.56000,0.87000,0.60430,0.35061
0.57000,0.87000,0.57371,0.38382
0.58000,0.87000,0.53731,0.42072
0.59000,0.87000,0.49659,0.45946
0.60000,0.87000,0.45353,0.49810
0.61000,0.87000,0.41029,0.53481
0.62000,0.87000,0.36894,0.56818
0.63000,0.87000,0.33118,0.59730
0.64000,0.87000,0.29828,0.62181
0.65000,0.87000,0.27106,0.64172
0.66000,0.87000,0.24998,0.65729
0.67000,0.87000,0.23527,0.66882
0.68000,0.87000,0.22704,0.67650
0.69000,0.87000,0.22540,0.68030
0.70000,0.87000,0.23041,0.67993
0.71000,0.87000,0.24216,0.67485
0.72000,0.87000,0.26064,0.66437
0.73000,0.87000,0.28568,0.64782
0.74000,0.87000,0.31679,0.62474
0.75000,0.87000,0.35304,0.59517
0.76000,0.87000,0.39303,0.55982
0.77000,0.87000,0.43490,0.52013
0.78000,0.87000,0.47658,0.47813
0.79000,0.87000,0.51603,0.43616
0.80000,0.87000,0.55152,0.39651
0.81000,0.87000,0.58187,0.36112
0.82000,0.87000,0.60647,0.33146
0.83000,0.87000,0.62516,0.30850
0.84000,0.87000,0.63806,0.29278
0.85000,0.87000,0.64542,0.28457
0.86000,0.87000,0.64742,0.28390
0.87000,0.87000,0.64414,0.29064
0.88000,0.87000,0.63558,0.30447
0.89000,0.87000,0.62173,0.32482
0.90000,0.87000,0.60283,0.35078
0.91000,0.87000,0.57950,0.38100
0.92000,0.87000,0.55291,0.41371
0.93000,0.87000,0.52482,0.44678
0.94000,0.87000,0.49742,0.47788
0.95000,0.87000,0.47308,0.50477
0.96000,0.87000,0.45401,0.52551
0.97000,0.87000,0.44203,0.53861
0.98000,0.87000,0.43848,0.54296
0.99000,0.87000,0.44434,0.53753
1.0000,0.87000,0.46101,0.52054
0.0000,0.88000,0.46202,0.52016
0.010000,0.88000,0.47654,0.50538
0.020000,0.88000,0.48258,0.49964
0.030000,0.88000,0.48539,0.49714
0.040000,0.88000,0.48710,0.49566
0.050000,0.88000,0.48855,0.49435
0.060000,0.88000,0.49003,0.49298
0.070000,0.88000,0.49156,0.49150
0.080000,0.88000,0.49309,0.48997
0.090000,0.88000,0.49456,0.48847
0.10000,0.88000,0.49591,0.48705
0.11000,0.88000,0.49713,0.48572
0.12000,0.88000,0.49825,0.48444
0.13000,0.88000,0.49936,0.48313
0.14000,0.88000,0.50058,0.48168
0.15000,0.88000,0.50203,0.47997
0.16000,0.88000,0.50383,0.47790
0.17000,0.88000,0.50605,0.47543
0.18000,0.88000,0.50869,0.47258
0.19000,0.88000,0.51165,0.46947
0.20000,0.88000,0.51475,0.46631
0.21000,0.88000,0.51769,0.46339
0.22000,0.88000,0.52008,0.46110
0.23000,0.88000,0.52146,0.45985
0.24000,0.88000,0.52135,0.46006
0.25000,0.88000,0.51926,0.46212
0.26000,0.88000,0.51477,0.46634
0.27000,0.88000,0.50759,0.47291
0.28000,0.88000,0.49760,0.48185
0.29000,0.88000,0.48496,0.49300
0.30000,0.88000,0.47006,0.50602
0.31000,0.88000,0.45361,0.52035
0.32000,0.88000,0.43650,0.53529
0.33000,0.88000,0.41983,0.55002
0.34000,0.88000,0.40470,0.56367
0.35000,0.88000,0.39221,0.57534
0.36000,0.88000,0.38333,0.58415
0.37000,0.88000,0.37885,0.58929
0.38000,0.88000,0.37934,0.59002
0.39000,0.88000,0.38509,0.58572
0.40000,0.88000,0.39616,0.57594
0.41000,0.88000,0.41226,0.56052
0.42000,0.88000,0.43281,0.53962
0.43000,0.88000,0.45693,0.51386
0.44000,0.88000,0.48348,0.48429
0.45000,0.88000,0.51115,0.45236
0.46000,0.88000,0.53863,0.41975
0.47000,0.88000,0.56469,0.38821
0.48000,0.88000,0.58833,0.35935
0.49000,0.88000,0.60875,0.33457
0.50000,0.88000,0.62537,0.31493
0.51000,0.88000,0.63774,0.30123
0.52000,0.88000,0.64546,0.29399
0.53000,0.88000,0.64809,0.29352
0.54000,0.88000,0.64517,0.29995
0.55000,0.88000,0.63622,0.31320
0.56000,0.88000,0.62087,0.33293
0.57000,0.88000,0.59901,0.35849
0.58000,0.88000,0.57094,0.38886
0.59000,0.88000,0.53750,0.42267
0.60000,0.88000,0.50005,0.45827
0.61000,0.88000,0.46036,0.49389
0.62000,0.88000,0.42036,0.52794
0.63000,0.88000,0.38192,0.55911
0.64000,0.88000,0.34660,0.58656
0.65000,0.88000,0.31558,0.60991
0.66000,0.88000,0.28966,0.62914
0.67000,0.88000,0.26933,0.64442
0.68000,0.88000,0.25486,0.65598
0.69000,0.88000,0.24643,0.66396
0.70000,0.88000,0.24414,0.66830
0.71000,0.88000,0.24809,0.66869
0.72000,0.88000,0.25835,0.66463
0.73000,0.88000,0.27490,0.65547
0.74000,0.88000,0.29755,0.64061
0.75000,0.88000,0.32585,0.61966
0.76000,0.88000,0.35894,0.59269
0.77000,0.88000,0.39556,0.56035
0.78000,0.88000,0.43407,0.52397
0.79000,0.88000,0.47259,0.48536
0.80000,0.88000,0.50929,0.44665
0.81000,0.88000,0.54260,0.40992
0.82000,0.88000,0.57139,0.37697
0.83000,0.88000,0.59500,0.34922
0.84000,0.88000,0.61320,0.32763
0.85000,0.88000,0.62596,0.31280
0.86000,0.88000,0.63340,0.30505
0.87000,0.88000,0.63558,0.30447
0.88000,0.88000,0.63247,0.31097
0.89000,0.88000,0.62405,0.32424
0.90000,0.88000,0.61035,0.34370
0.91000,0.88000,0.59169,0.36842
0.92000,0.88000,0.56884,0.39703
0.93000,0.88000,0.54314,0.42772
0.94000,0.88000,0.51648,0.45835
0.95000,0.88000,0.49113,0.48661
0.96000,0.88000,0.46948,0.51028
0.97000,0.88000,0.45375,0.52739
0.98000,0.88000,0.44589,0.53621
0.99000,0.88000,0.44776,0.53484
1.0000,0.88000,0.46202,0.52016
0.0000,0.89000,0.46383,0.51887
0.010000,0.89000,0.47740,0.50491
0.020000,0.89000,0.48322,0.49927
0.030000,0.89000,0.48616,0.49654
0.040000,0.89000,0.48819,0.49469
0.050000,0.89000,0.49002,0.49297
0.060000,0.89000,0.49186,0.49119
0.070000,0.89000,0.49369,0.48940
0.080000,0.89000,0.49537,0.48772
0.090000,0.89000,0.49680,0.48626
0.10000,0.89000,0.49787,0.48513
0.11000,0.89000,0.49856,0.48436
0.12000,0.89000,0.49888,0.48391
0.13000,0.89000,0.49896,0.48370
0.14000,0.89000,0.49894,0.48356
0.15000,0.89000,0.49902,0.48331
0.16000,0.89000,0.49938,0.48276
0.17000,0.89000,0.50022,0.48176
0.18000,0.89000,0.50162,0.48020
0.19000,0.89000,0.50363,0.47808
0.20000,0.89000,0.50616,0.47547
0.21000,0.89000,0.50903,0.47257
0.22000,0.89000,0.51195,0.46966
0.23000,0.89000,0.51453,0.46714
0.24000,0.89000,0.51630,0.46541
0.25000,0.89000,0.51678,0.46493
0.26000,0.89000,0.51546,0.46611
0.27000,0.89000,0.51193,0.46928
0.28000,0.89000,0.50590,0.47467
0.29000,0.89000,0.49724,0.48233
0.30000,0.89000,0.48608,0.49215
0.31000,0.89000,0.47278,0.50381
0.32000,0.89000,0.45796,0.51681
0.33000,0.89000,0.44245,0.53051
0.34000,0.89000,0.42721,0.54414
0.35000,0.89000,0.41329,0.55688
0.36000,0.89000,0.40167,0.56788
0.37000,0.89000,0.39326,0.57631
0.38000,0.89000,0.38881,0.58138
0.39000,0.89000,0.38885,0.58239
0.40000,0.89000,0.39371,0.57874
0.41000,0.89000,0.40345,0.57003
0.42000,0.89000,0.41783,0.55609
0.43000,0.89000,0.43636,0.53709
0.44000,0.89000,0.45825,0.51360
0.45000,0.89000,0.48246,0.48658
0.46000,0.89000,0.50784,0.45734
0.47000,0.89000,0.53320,0.42740
0.48000,0.89000,0.55741,0.39833
0.49000,0.89000,0.57952,0.37160
0.50000,0.89000,0.59880,0.34849
0.51000,0.89000,0.61466,0.33000
0.52000,0.89000,0.62665,0.31688
0.53000,0.89000,0.63436,0.30966
0.54000,0.89000,0.63735,0.30865
0.55000,0.89000,0.63519,0.31398
0.56000,0.89000,0.62743,0.32558
0.57000,0.89000,0.61375,0.34315
0.58000,0.89000,0.59405,0.36609
0.59000,0.89000,0.56864,0.39349
0.60000,0.89000,0.53828,0.42413
0.61000,0.89000,0.50419,0.45652
0.62000,0.89000,0.46794,0.48914
0.63000,0.89000,0.43124,0.52053
0.64000,0.89000,0.39576,0.54953
0.65000,0.89000,0.36290,0.57535
0.66000,0.89000,0.33377,0.59761
0.67000,0.89000,0.30913,0.61623
0.68000,0.89000,0.28950,0.63131
0.69000,0.89000,0.27520,0.64302
0.70000,0.89000,0.26641,0.65141
0.71000,0.89000,0.26331,0.65638
0.72000,0.89000,0.26601,0.65764
0.73000,0.89000,0.27458,0.65469
0.74000,0.89000,0.28902,0.64693
0.75000,0.89000,0.30915,0.63382
0.76000,0.89000,0.33456,0.61503
0.77000,0.89000,0.36449,0.59063
0.78000,0.89000,0.39779,0.56125
0.79000,0.89000,0.43301,0.52807
0.80000,0.89000,0.46849,0.49275
0.81000,0.89000,0.50257,0.45716
0.82000,0.89000,0.53381,0.42321
0.83000,0.89000,0.56112,0.39258
0.84000,0.89000,0.58382,0.36661
0.85000,0.89000,0.60156,0.34627
0.86000,0.89000,0.61422,0.33222
0.87000,0.89000,0.62173,0.32482
0.88000,0.89000,0.62405,0.32424
0.89000,0.89000,0.62106,0.33043
0.90000,0.89000,0.61271,0.34311
0.91000,0.89000,0.59907,0.36172
0.92000,0.89000,0.58057,0.38527
0.93000,0.89000,0.55814,0.41238
0.94000,0.89000,0.53328,0.44118
0.95000,0.89000,0.50806,0.46948
0.96000,0.89000,0.48484,0.49494
0.97000,0.89000,0.46614,0.51523
0.98000,0.89000,0.45441,0.52807
0.99000,0.89000,0.45234,0.53076
1.0000,0.89000,0.46383,0.51887
0.0000,0.90000,0.46638,0.51670
0.010000,0.90000,0.47863,0.50401
0.020000,0.90000,0.48408,0.49864
0.030000,0.90000,0.48706,0.49580
0.040000,0.90000,0.48930,0.49368
0.050000,0.90000,0.49139,0.49166
0.060000,0.90000,0.49348,0.48963
0.070000,0.90000,0.49546,0.48766
0.080000,0.90000,0.49720,0.48592
0.090000,0.90000,0.49852,0.48457
0.10000,0.90000,0.49931,0.48373
0.11000,0.90000,0.49953,0.48344
0.12000,0.90000,0.49921,0.48368
0.13000,0.90000,0.49846,0.48433
0.14000,0.90000,0.49746,0.48523
0.15000,0.90000,0.49643,0.48615
0.16000,0.90000,0.49562,0.48685
0.17000,0.90000,0.49527,0.48710
0.18000,0.90000,0.49556,0.48671
0.19000,0.90000,0.49661,0.48557
0.20000,0.90000,0.49845,0.48367
0.21000,0.90000,0.50099,0.48108
0.22000,0.90000,0.50403,0.47801
0.23000,0.90000,0.50726,0.47477
0.24000,0.90000,0.51028,0.47174
0.25000,0.90000,0.51262,0.46938
0.26000,0.90000,0.51379,0.46812
0.27000,0.90000,0.51329,0.46841
0.28000,0.90000,0.51072,0.47060
0.29000,0.90000,0.50579,0.47493
0.30000,0.90000,0.49836,0.48147
0.31000,0.90000,0.48855,0.49013
0.32000,0.90000,0.47668,0.50063
0.33000,0.90000,0.46330,0.51250
0.34000,0.90000,0.44916,0.52515
0.35000,0.90000,0.43514,0.53787
0.36000,0.90000,0.42219,0.54987
0.37000,0.90000,0.41121,0.56036
0.38000,0.90000,0.40306,0.56855
0.39000,0.90000,0.39844,0.57369
0.40000,0.90000,0.39788,0.57510
0.41000,0.90000,0.40171,0.57224
0.42000,0.90000,0.41002,0.56471
0.43000,0.90000,0.42263,0.55236
0.44000,0.90000,0.43910,0.53536
0.45000,0.90000,0.45874,0.51422
0.46000,0.90000,0.48065,0.48980
0.47000,0.90000,0.50378,0.46328
0.48000,0.90000,0.52706,0.43599
0.49000,0.90000,0.54948,0.40935
0.50000,0.90000,0.57015,0.38468
0.51000,0.90000,0.58837,0.36314
0.52000,0.90000,0.60356,0.34568
0.53000,0.90000,0.61528,0.33301
0.54000,0.90000,0.62309,0.32565
0.55000,0.90000,0.62658,0.32392
0.56000,0.90000,0.62530,0.32798
0.57000,0.90000,0.61885,0.33778
0.58000,0.90000,0.60693,0.35306
0.59000,0.90000,0.58948,0.37330
0.60000,0.90000,0.56679,0.39769
0.61000,0.90000,0.53954,0.42514
0.62000,0.90000,0.50881,0.45438
0.63000,0.90000,0.47598,0.48404
0.64000,0.90000,0.44256,0.51285
0.65000,0.90000,0.41001,0.53974
0.66000,0.90000,0.37959,0.56400
0.67000,0.90000,0.35232,0.58524
0.68000,0.90000,0.32894,0.60331
0.69000,0.90000,0.30997,0.61826
0.70000,0.90000,0.29575,0.63017
0.71000,0.90000,0.28653,0.63903
0.72000,0.90000,0.28252,0.64470
0.73000,0.90000,0.28386,0.64685
0.74000,0.90000,0.29066,0.64503
0.75000,0.90000,0.30293,0.63867
0.76000,0.90000,0.32053,0.62728
0.77000,0.90000,0.34308,0.61059
0.78000,0.90000,0.36991,0.58869
0.79000,0.90000,0.40001,0.56216
0.80000,0.90000,0.43207,0.53205
0.81000,0.90000,0.46463,0.49984
0.82000,0.90000,0.49619,0.46723
0.83000,0.90000,0.52543,0.43594
0.84000,0.90000,0.55130,0.40751
0.85000,0.90000,0.57309,0.38324
0.86000,0.90000,0.59035,0.36410
0.87000,0.90000,0.60283,0.35078
0.88000,0.90000,0.61035,0.34370
0.89000,0.90000,0.61271,0.34311
0.90000,0.90000,0.60974,0.34902
0.91000,0.90000,0.60135,0.36117
0.92000,0.90000,0.58767,0.37901
0.93000,0.90000,0.56924,0.40153
0.94000,0.90000,0.54716,0.42726
0.95000,0.90000,0.52315,0.45427
0.96000,0.90000,0.49945,0.48028
0.97000,0.90000,0.47868,0.50275
0.98000,0.90000,0.46371,0.51895
0.99000,0.90000,0.45791,0.52548
1.0000,0.90000,0.46638,0.51670
0.0000,0.91000,0.46955,0.51376
0.010000,0.91000,0.48021,0.50269
0.020000,0.91000,0.48515,0.49776
0.030000,0.91000,0.48807,0.49492
0.040000,0.91000,0.49040,0.49266
0.050000,0.91000,0.49262,0.49049
0.060000,0.91000,0.49479,0.48835
0.070000,0.91000,0.49678,0.48636
0.080000,0.91000,0.49843,0.48470
0.090000,0.91000,0.49957,0.48354
0.10000,0.91000,0.50008,0.48300
0.11000,0.91000,0.49990,0.48312
0.12000,0.91000,0.49908,0.48388
0.13000,0.91000,0.49773,0.48517
0.14000,0.91000,0.49604,0.48680
0.15000,0.91000,0.49422,0.48854
0.16000,0.91000,0.49256,0.49013
0.17000,0.91000,0.49131,0.49133
0.18000,0.91000,0.49070,0.49188
0.19000,0.91000,0.49092,0.49161
0.20000,0.91000,0.49205,0.49043
0.21000,0.91000,0.49409,0.48834
0.22000,0.91000,0.49694,0.48545
0.23000,0.91000,0.50036,0.48198
0.24000,0.91000,0.50404,0.47826
0.25000,0.91000,0.50757,0.47468
0.26000,0.91000,0.51047,0.47169
0.27000,0.91000,0.51227,0.46977
0.28000,0.91000,0.51249,0.46932
0.29000,0.91000,0.51074,0.47072
0.30000,0.91000,0.50674,0.47419
0.31000,0.91000,0.50038,0.47982
0.32000,0.91000,0.49173,0.48752
0.33000,0.91000,0.48108,0.49704
0.34000,0.91000,0.46895,0.50796
0.35000,0.91000,0.45598,0.51971
0.36000,0.91000,0.44299,0.53165
0.37000,0.91000,0.43083,0.54303
0.38000,0.91000,0.42034,0.55311
0.39000,0.91000,0.41232,0.56114
0.40000,0.91000,0.40744,0.56642
0.41000,0.91000,0.40622,0.56831
0.42000,0.91000,0.40898,0.56629
0.43000,0.91000,0.41586,0.55999
0.44000,0.91000,0.42670,0.54928
0.45000,0.91000,0.44116,0.53429
0.46000,0.91000,0.45862,0.51550
0.47000,0.91000,0.47829,0.49366
0.48000,0.91000,0.49925,0.46979
0.49000,0.91000,0.52054,0.44509
0.50000,0.91000,0.54123,0.42080
0.51000,0.91000,0.56054,0.39809
0.52000,0.91000,0.57777,0.37803
0.53000,0.91000,0.59238,0.36148
0.54000,0.91000,0.60390,0.34915
0.55000,0.91000,0.61189,0.34154
0.56000,0.91000,0.61594,0.33899
0.57000,0.91000,0.61561,0.34169
0.58000,0.91000,0.61051,0.34963
0.59000,0.91000,0.60040,0.36259
0.60000,0.91000,0.58522,0.38014
0.61000,0.91000,0.56523,0.40157
0.62000,0.91000,0.54104,0.42593
0.63000,0.91000,0.51360,0.45211
0.64000,0.91000,0.48411,0.47892
0.65000,0.91000,0.45387,0.50523
0.66000,0.91000,0.42418,0.53010
0.67000,0.91000,0.39615,0.55285
0.68000,0.91000,0.37071,0.57309
0.69000,0.91000,0.34857,0.59065
0.70000,0.91000,0.33023,0.60547
0.71000,0.91000,0.31610,0.61757
0.72000,0.91000,0.30646,0.62688
0.73000,0.91000,0.30154,0.63321
0.74000,0.91000,0.30154,0.63623
0.75000,0.91000,0.30659,0.63547
0.76000,0.91000,0.31674,0.63045
0.77000,0.91000,0.33188,0.62071
0.78000,0.91000,0.35167,0.60603
0.79000,0.91000,0.37552,0.58651
0.80000,0.91000,0.40254,0.56268
0.81000,0.91000,0.43157,0.53550
0.82000,0.91000,0.46131,0.50627
0.83000,0.91000,0.49041,0.47652
0.84000,0.91000,0.51765,0.44779
0.85000,0.91000,0.54203,0.42153
0.86000,0.91000,0.56282,0.39894
0.87000,0.91000,0.57950,0.38100
0.88000,0.91000,0.59169,0.36842
0.89000,0.91000,0.59907,0.36172
0.90000,0.91000,0.60135,0.36117
0.91000,0.91000,0.59828,0.36686
0.92000,0.91000,0.58973,0.37859
0.93000,0.91000,0.57591,0.39577
0.94000,0.91000,0.55747,0.41737
0.95000,0.91000,0.53574,0.44183
0.96000,0.91000,0.51268,0.46708
0.97000,0.91000,0.49084,0.49058
0.98000,0.91000,0.47338,0.50930
0.99000,0.91000,0.46424,0.51924
1.0000,0.91000,0.46955,0.51376
0.0000,0.92000,0.47322,0.51020
0.010000,0.92000,0.48205,0.50103
0.020000,0.92000,0.48639,0.49667
0.030000,0.92000,0.48915,0.49394
0.040000,0.92000,0.49146,0.49167
0.050000,0.92000,0.49366,0.48950
0.060000,0.92000,0.49575,0.48742
0.070000,0.92000,0.49759,0.48558
0.080000,0.92000,0.49902,0.48413
0.090000,0.92000,0.49989,0.48324
0.10000,0.92000,0.50008,0.48301
0.11000,0.92000,0.49958,0.48347
0.12000,0.92000,0.49842,0.48459
0.13000,0.92000,0.49671,0.48626
0.14000,0.92000,0.49461,0.48830
0.15000,0.92000,0.49235,0.49051
0.16000,0.92000,0.49019,0.49264
0.17000,0.92000,0.48837,0.49442
0.18000,0.92000,0.48714,0.49562
0.19000,0.92000,0.48671,0.49603
0.20000,0.92000,0.48721,0.49550
0.21000,0.92000,0.48870,0.49398
0.22000,0.92000,0.49114,0.49149
0.23000,0.92000,0.49441,0.48818
0.24000,0.92000,0.49824,0.48428
0.25000,0.92000,0.50232,0.48013
0.26000,0.92000,0.50625,0.47612
0.27000,0.92000,0.50956,0.47269
0.28000,0.92000,0.51181,0.47030
0.29000,0.92000,0.51255,0.46935
0.30000,0.92000,0.51142,0.47018
0.31000,0.92000,0.50816,0.47301
0.32000,0.92000,0.50266,0.47792
0.33000,0.92000,0.49498,0.48484
0.34000,0.92000,0.48540,0.49354
0.35000,0.92000,0.47434,0.50362
0.36000,0.92000,0.46241,0.51458
0.37000,0.92000,0.45032,0.52580
0.38000,0.92000,0.43885,0.53661
0.39000,0.92000,0.42879,0.54631
0.40000,0.92000,0.42087,0.55420
0.41000,0.92000,0.41572,0.55963
0.42000,0.92000,0.41385,0.56199
0.43000,0.92000,0.41560,0.56080
0.44000,0.92000,0.42110,0.55572
0.45000,0.92000,0.43027,0.54662
0.46000,0.92000,0.44280,0.53362
0.47000,0.92000,0.45817,0.51711
0.48000,0.92000,0.47570,0.49777
0.49000,0.92000,0.49457,0.47647
0.50000,0.92000,0.51395,0.45425
0.51000,0.92000,0.53300,0.43220
0.52000,0.92000,0.55099,0.41136
0.53000,0.92000,0.56728,0.39268
0.54000,0.92000,0.58134,0.37699
0.55000,0.92000,0.59268,0.36494
0.56000,0.92000,0.60087,0.35705
0.57000,0.92000,0.60548,0.35368
0.58000,0.92000,0.60609,0.35503
0.59000,0.92000,0.60235,0.36114
0.60000,0.92000,0.59401,0.37186
0.61000,0.92000,0.58104,0.38680
0.62000,0.92000,0.56366,0.40538
0.63000,0.92000,0.54243,0.42678
0.64000,0.92000,0.51815,0.45003
0.65000,0.92000,0.49187,0.47409
0.66000,0.92000,0.46472,0.49800
0.67000,0.92000,0.43780,0.52089
0.68000,0.92000,0.41212,0.54216
0.69000,0.92000,0.38850,0.56139
0.70000,0.92000,0.36762,0.57837
0.71000,0.92000,0.35000,0.59300
0.72000,0.92000,0.33603,0.60521
0.73000,0.92000,0.32604,0.61487
0.74000,0.92000,0.32032,0.62175
0.75000,0.92000,0.31910,0.62552
0.76000,0.92000,0.32252,0.62573
0.77000,0.92000,0.33068,0.62193
0.78000,0.92000,0.34347,0.61373
0.79000,0.92000,0.36063,0.60096
0.80000,0.92000,0.38163,0.58371
0.81000,0.92000,0.40567,0.56249
0.82000,0.92000,0.43175,0.53813
0.83000,0.92000,0.45869,0.51180
0.84000,0.92000,0.48530,0.48485
0.85000,0.92000,0.51047,0.45867
0.86000,0.92000,0.53326,0.43458
0.87000,0.92000,0.55291,0.41371
0.88000,0.92000,0.56884,0.39703
0.89000,0.92000,0.58057,0.38527
0.90000,0.92000,0.58767,0.37901
0.91000,0.92000,0.58973,0.37859
0.92000,0.92000,0.58643,0.38415
0.93000,0.92000,0.57764,0.39554
0.94000,0.92000,0.56360,0.41216
0.95000,0.92000,0.54514,0.43294
0.96000,0.92000,0.52384,0.45614
0.97000,0.92000,0.50206,0.47942
0.98000,0.92000,0.48301,0.49963
0.99000,0.92000,0.47107,0.51237
1.0000,0.92000,0.47322,0.51020
0.0000,0.93000,0.47723,0.50620
0.010000,0.93000,0.48409,0.49910
0.020000,0.93000,0.48774,0.49541
0.030000,0.93000,0.49026,0.49291
0.040000,0.93000,0.49243,0.49075
0.050000,0.93000,0.49446,0.48874
0.060000,0.93000,0.49631,0.48689
0.070000,0.93000,0.49785,0.48534
0.080000,0.93000,0.49894,0.48423
0.090000,0.93000,0.49946,0.48368
0.10000,0.93000,0.49935,0.48376
0.11000,0.93000,0.49859,0.48448
0.12000,0.93000,0.49723,0.48580
0.13000,0.93000,0.49537,0.48762
0.14000,0.93000,0.49315,0.48979
0.15000,0.93000,0.49077,0.49214
0.16000,0.93000,0.48843,0.49443
0.17000,0.93000,0.48637,0.49646
0.18000,0.93000,0.48482,0.49799
0.19000,0.93000,0.48397,0.49883
0.20000,0.93000,0.48399,0.49881
0.21000,0.93000,0.48496,0.49782
0.22000,0.93000,0.48690,0.49586
0.23000,0.93000,0.48976,0.49296
0.24000,0.93000,0.49337,0.48930
0.25000,0.93000,0.49748,0.48511
0.26000,0.93000,0.50179,0.48072
0.27000,0.93000,0.50590,0.47650
0.28000,0.93000,0.50940,0.47288
0.29000,0.93000,0.51187,0.47027
0.30000,0.93000,0.51291,0.46905
0.31000,0.93000,0.51219,0.46952
0.32000,0.93000,0.50948,0.47190
0.33000,0.93000,0.50467,0.47626
0.34000,0.93000,0.49783,0.48252
0.35000,0.93000,0.48917,0.49048
0.36000,0.93000,0.47909,0.49979
0.37000,0.93000,0.46812,0.50998
0.38000,0.93000,0.45689,0.52049
0.39000,0.93000,0.44611,0.53071
0.40000,0.93000,0.43649,0.54001
0.41000,0.93000,0.42870,0.54772
0.42000,0.93000,0.42336,0.55324
0.43000,0.93000,0.42094,0.55603
0.44000,0.93000,0.42177,0.55561
0.45000,0.93000,0.42601,0.55168
0.46000,0.93000,0.43360,0.54412
0.47000,0.93000,0.44431,0.53301
0.48000,0.93000,0.45771,0.51870
0.49000,0.93000,0.47319,0.50174
0.50000,0.93000,0.49007,0.48289
0.51000,0.93000,0.50759,0.46305
0.52000,0.93000,0.52504,0.44314
0.53000,0.93000,0.54174,0.42411
0.54000,0.93000,0.55709,0.40679
0.55000,0.93000,0.57056,0.39195
0.56000,0.93000,0.58168,0.38022
0.57000,0.93000,0.59001,0.37211
0.58000,0.93000,0.59511,0.36798
0.59000,0.93000,0.59660,0.36809
0.60000,0.93000,0.59413,0.37249
0.61000,0.93000,0.58748,0.38108
0.62000,0.93000,0.57662,0.39357
0.63000,0.93000,0.56175,0.40944
0.64000,0.93000,0.54334,0.42802
0.65000,0.93000,0.52210,0.44845
0.66000,0.93000,0.49891,0.46987
0.67000,0.93000,0.47474,0.49141
0.68000,0.93000,0.45054,0.51233
0.69000,0.93000,0.42719,0.53206
0.70000,0.93000,0.40545,0.55019
0.71000,0.93000,0.38593,0.56647
0.72000,0.93000,0.36914,0.58076
0.73000,0.93000,0.35550,0.59291
0.74000,0.93000,0.34535,0.60275
0.75000,0.93000,0.33901,0.61002
0.76000,0.93000,0.33673,0.61439
0.77000,0.93000,0.33870,0.61544
0.78000,0.93000,0.34500,0.61276
0.79000,0.93000,0.35559,0.60602
0.80000,0.93000,0.37023,0.59508
0.81000,0.93000,0.38845,0.58005
0.82000,0.93000,0.40956,0.56137
0.83000,0.93000,0.43268,0.53981
0.84000,0.93000,0.45678,0.51636
0.85000,0.93000,0.48082,0.49223
0.86000,0.93000,0.50380,0.46864
0.87000,0.93000,0.52482,0.44678
0.88000,0.93000,0.54314,0.42772
0.89000,0.93000,0.55814,0.41238
0.90000,0.93000,0.56924,0.40153
0.91000,0.93000,0.57591,0.39577
0.92000,0.93000,0.57764,0.39554
0.93000,0.93000,0.57402,0.40104
0.94000,0.93000,0.56491,0.41215
0.95000,0.93000,0.55063,0.42828
0.96000,0.93000,0.53223,0.44822
0.97000,0.93000,0.51170,0.46997
0.98000,0.93000,0.49210,0.49051
0.99000,0.93000,0.47808,0.50525
1.0000,0.93000,0.47723,0.50620
0.0000,0.94000,0.48137,0.50201
0.010000,0.94000,0.48622,0.49703
0.020000,0.94000,0.48914,0.49409
0.030000,0.94000,0.49134,0.49189
0.040000,0.94000,0.49325,0.48997
0.050000,0.94000,0.49498,0.48825
0.060000,0.94000,0.49645,0.48677
0.070000,0.94000,0.49755,0.48565
0.080000,0.94000,0.49821,0.48497
0.090000,0.94000,0.49835,0.48480
0.10000,0.94000,0.49794,0.48517
0.11000,0.94000,0.49700,0.48606
0.12000,0.94000,0.49558,0.48744
0.13000,0.94000,0.49376,0.48921
0.14000,0.94000,0.49165,0.49126
0.15000,0.94000,0.48940,0.49346
0.16000,0.94000,0.48719,0.49562
0.17000,0.94000,0.48519,0.49759
0.18000,0.94000,0.48359,0.49916
0.19000,0.94000,0.48257,0.50017
0.20000,0.94000,0.48228,0.50047
0.21000,0.94000,0.48283,0.49993
0.22000,0.94000,0.48428,0.49849
0.23000,0.94000,0.48660,0.49615
0.24000,0.94000,0.48972,0.49300
0.25000,0.94000,0.49348,0.48918
0.26000,0.94000,0.49765,0.48493
0.27000,0.94000,0.50193,0.48055
0.28000,0.94000,0.50599,0.47638
0.29000,0.94000,0.50944,0.47281
0.30000,0.94000,0.51191,0.47020
0.31000,0.94000,0.51306,0.46891
0.32000,0.94000,0.51258,0.46920
0.33000,0.94000,0.51028,0.47125
0.34000,0.94000,0.50605,0.47515
0.35000,0.94000,0.49995,0.48081
0.36000,0.94000,0.49216,0.48807
0.37000,0.94000,0.48303,0.49660
0.38000,0.94000,0.47301,0.50599
0.39000,0.94000,0.46267,0.51575
0.40000,0.94000,0.45262,0.52532
0.41000,0.94000,0.44351,0.53411
0.42000,0.94000,0.43597,0.54156
0.43000,0.94000,0.43055,0.54709
0.44000,0.94000,0.42770,0.55019
0.45000,0.94000,0.42774,0.55045
0.46000,0.94000,0.43085,0.54758
0.47000,0.94000,0.43700,0.54145
0.48000,0.94000,0.44602,0.53213
0.49000,0.94000,0.45754,0.51990
0.50000,0.94000,0.47106,0.50522
0.51000,0.94000,0.48600,0.48873
0.52000,0.94000,0.50170,0.47118
0.53000,0.94000,0.51754,0.45337
0.54000,0.94000,0.53290,0.43613
0.55000,0.94000,0.54722,0.42020
0.56000,0.94000,0.56001,0.40629
0.57000,0.94000,0.57080,0.39498
0.58000,0.94000,0.57915,0.38677
0.59000,0.94000,0.58464,0.38205
0.60000,0.94000,0.58689,0.38106
0.61000,0.94000,0.58558,0.38392
0.62000,0.94000,0.58051,0.39056
0.63000,0.94000,0.57164,0.40074
0.64000,0.94000,0.55916,0.41405
0.65000,0.94000,0.54346,0.42992
0.66000,0.94000,0.52515,0.44763
0.67000,0.94000,0.50496,0.46644
0.68000,0.94000,0.48372,0.48560
0.69000,0.94000,0.46224,0.50448
0.70000,0.94000,0.44128,0.52254
0.71000,0.94000,0.42151,0.53940
0.72000,0.94000,0.40351,0.55479
0.73000,0.94000,0.38774,0.56852
0.74000,0.94000,0.37464,0.58039
0.75000,0.94000,0.36455,0.59020
0.76000,0.94000,0.35780,0.59768
0.77000,0.94000,0.35467,0.60249
0.78000,0.94000,0.35534,0.60426
0.79000,0.94000,0.35994,0.60263
0.80000,0.94000,0.36842,0.59731
0.81000,0.94000,0.38059,0.58820
0.82000,0.94000,0.39605,0.57540
0.83000,0.94000,0.41421,0.55930
0.84000,0.94000,0.43431,0.54056
0.85000,0.94000,0.45548,0.52005
0.86000,0.94000,0.47681,0.49880
0.87000,0.94000,0.49742,0.47788
0.88000,0.94000,0.51648,0.45835
0.89000,0.94000,0.53328,0.44118
0.90000,0.94000,0.54716,0.42726
0.91000,0.94000,0.55747,0.41737
0.92000,0.94000,0.56360,0.41216
0.93000,0.94000,0.56491,0.41215
0.94000,0.94000,0.56093,0.41761
0.95000,0.94000,0.55149,0.42846
0.96000,0.94000,0.53705,0.44408
0.97000,0.94000,0.51901,0.46299
0.98000,0.94000,0.50010,0.48258
0.99000,0.94000,0.48490,0.49832
1.0000,0.94000,0.48137,0.50201
0.0000,0.95000,0.48540,0.49792
0.010000,0.95000,0.48829,0.49498
0.020000,0.95000,0.49048,0.49278
0.030000,0.95000,0.49229,0.49097
0.040000,0.95000,0.49385,0.48940
0.050000,0.95000,0.49515,0.48810
0.060000,0.95000,0.49612,0.48711
0.070000,0.95000,0.49672,0.48650
0.080000,0.95000,0.49689,0.48629
0.090000,0.95000,0.49664,0.48650
0.10000,0.95000,0.49598,0.48711
0.11000,0.95000,0.49494,0.48809
0.12000,0.95000,0.49356,0.48940
0.13000,0.95000,0.49192,0.49096
0.14000,0.95000,0.49009,0.49271
0.15000,0.95000,0.48818,0.49454
0.16000,0.95000,0.48631,0.49635
0.17000,0.95000,0.48460,0.49801
0.18000,0.95000,0.48320,0.49938
0.19000,0.95000,0.48224,0.50033
0.20000,0.95000,0.48184,0.50074
0.21000,0.95000,0.48212,0.50050
0.22000,0.95000,0.48314,0.49951
0.23000,0.95000,0.48492,0.49776
0.24000,0.95000,0.48743,0.49524
0.25000,0.95000,0.49060,0.49205
0.26000,0.95000,0.49428,0.48831
0.27000,0.95000,0.49825,0.48424
0.28000,0.95000,0.50227,0.48011
0.29000,0.95000,0.50604,0.47621
0.30000,0.95000,0.50924,0.47289
0.31000,0.95000,0.51154,0.47046
0.32000,0.95000,0.51265,0.46924
0.33000,0.95000,0.51230,0.46945
0.34000,0.95000,0.51032,0.47126
0.35000,0.95000,0.50662,0.47473
0.36000,0.95000,0.50123,0.47981
0.37000,0.95000,0.49431,0.48633
0.38000,0.95000,0.48614,0.49404
0.39000,0.95000,0.47712,0.50257
0.40000,0.95000,0.46773,0.51148
0.41000,0.95000,0.45852,0.52029
0.42000,0.95000,0.45005,0.52848
0.43000,0.95000,0.44288,0.53553
0.44000,0.95000,0.43752,0.54093
0.45000,0.95000,0.43439,0.54423
0.46000,0.95000,0.43379,0.54506
0.47000,0.95000,0.43590,0.54313
0.48000,0.95000,0.44074,0.53833
0.49000,0.95000,0.44816,0.53070
0.50000,0.95000,0.45788,0.52045
0.51000,0.95000,0.46950,0.50796
0.52000,0.95000,0.48251,0.49376
0.53000,0.95000,0.49638,0.47847
0.54000,0.95000,0.51054,0.46278
0.55000,0.95000,0.52446,0.44737
0.56000,0.95000,0.53763,0.43293
0.57000,0.95000,0.54958,0.42007
0.58000,0.95000,0.55987,0.40934
0.59000,0.95000,0.56807,0.40123
0.60000,0.95000,0.57378,0.39610
0.61000,0.95000,0.57665,0.39421
0.62000,0.95000,0.57638,0.39570
0.63000,0.95000,0.57278,0.40054
0.64000,0.95000,0.56583,0.40856
0.65000,0.95000,0.55565,0.41943
0.66000,0.95000,0.54260,0.43266
0.67000,0.95000,0.52715,0.44767
0.68000,0.95000,0.50993,0.46385
0.69000,0.95000,0.49162,0.48057
0.70000,0.95000,0.47291,0.49726
0.71000,0.95000,0.45444,0.51348
0.72000,0.95000,0.43679,0.52884
0.73000,0.95000,0.42048,0.54309
0.74000,0.95000,0.40596,0.55599
0.75000,0.95000,0.39362,0.56734
0.76000,0.95000,0.38382,0.57691
0.77000,0.95000,0.37687,0.58442
0.78000,0.95000,0.37306,0.58957
0.79000,0.95000,0.37258,0.59200
0.80000,0.95000,0.37555,0.59139
0.81000,0.95000,0.38197,0.58752
0.82000,0.95000,0.39168,0.58029
0.83000,0.95000,0.40435,0.56979
0.84000,0.95000,0.41950,0.55635
0.85000,0.95000,0.43649,0.54053
0.86000,0.95000,0.45461,0.52305
0.87000,0.95000,0.47308,0.50477
0.88000,0.95000,0.49113,0.48661
0.89000,0.95000,0.50806,0.46948
0.90000,0.95000,0.52315,0.45427
0.91000,0.95000,0.53574,0.44183
0.92000,0.95000,0.54514,0.43294
0.93000,0.95000,0.55063,0.42828
0.94000,0.95000,0.55149,0.42846
0.95000,0.95000,0.54716,0.43384
0.96000,0.95000,0.53750,0.44437
0.97000,0.95000,0.52319,0.45927
0.98000,0.95000,0.50630,0.47655
0.99000,0.95000,0.49106,0.49211
1.0000,0.95000,0.48540,0.49792
0.0000,0.96000,0.48899,0.49428
0.010000,0.96000,0.49017,0.49311
0.020000,0.96000,0.49165,0.49162
0.030000,0.96000,0.49302,0.49025
0.040000,0.96000,0.49413,0.48914
0.050000,0.96000,0.49490,0.48836
0.060000,0.96000,0.49530,0.48795
0.070000,0.96000,0.49534,0.48788
0.080000,0.96000,0.49504,0.48814
0.090000,0.96000,0.49443,0.48869
0.10000,0.96000,0.49356,0.48948
0.11000,0.96000,0.49248,0.49047
0.12000,0.96000,0.49123,0.49161
0.13000,0.96000,0.48985,0.49287
0.14000,0.96000,0.48841,0.49419
0.15000,0.96000,0.48696,0.49553
0.16000,0.96000,0.48557,0.49682
0.17000,0.96000,0.48432,0.49800
0.18000,0.96000,0.48329,0.49898
0.19000,0.96000,0.48258,0.49968
0.20000,0.96000,0.48228,0.50001
0.21000,0.96000,0.48246,0.49988
0.22000,0.96000,0.48320,0.49921
0.23000,0.96000,0.48453,0.49794
0.24000,0.96000,0.48646,0.49606
0.25000,0.96000,0.48896,0.49357
0.26000,0.96000,0.49196,0.49054
0.27000,0.96000,0.49532,0.48710
0.28000,0.96000,0.49890,0.48342
0.29000,0.96000,0.50246,0.47972
0.30000,0.96000,0.50578,0.47626
0.31000,0.96000,0.50858,0.47332
0.32000,0.96000,0.51059,0.47119
0.33000,0.96000,0.51156,0.47012
0.34000,0.96000,0.51127,0.47031
0.35000,0.96000,0.50957,0.47191
0.36000,0.96000,0.50637,0.47497
0.37000,0.96000,0.50170,0.47945
0.38000,0.96000,0.49567,0.48521
0.39000,0.96000,0.48852,0.49202
0.40000,0.96000,0.48057,0.49960
0.41000,0.96000,0.47223,0.50755
0.42000,0.96000,0.46397,0.51548
0.43000,0.96000,0.45627,0.52292
0.44000,0.96000,0.44961,0.52944
0.45000,0.96000,0.44446,0.53459
0.46000,0.96000,0.44119,0.53796
0.47000,0.96000,0.44010,0.53923
0.48000,0.96000,0.44134,0.53814
0.49000,0.96000,0.44497,0.53457
0.50000,0.96000,0.45088,0.52855
0.51000,0.96000,0.45887,0.52021
0.52000,0.96000,0.46860,0.50987
0.53000,0.96000,0.47967,0.49794
0.54000,0.96000,0.49162,0.48492
0.55000,0.96000,0.50400,0.47138
0.56000,0.96000,0.51633,0.45791
0.57000,0.96000,0.52816,0.44507
0.58000,0.96000,0.53908,0.43343
0.59000,0.96000,0.54866,0.42348
0.60000,0.96000,0.55653,0.41565
0.61000,0.96000,0.56230,0.41031
0.62000,0.96000,0.56565,0.40772
0.63000,0.96000,0.56632,0.40801
0.64000,0.96000,0.56412,0.41120
0.65000,0.96000,0.55902,0.41717
0.66000,0.96000,0.55112,0.42565
0.67000,0.96000,0.54068,0.43628
0.68000,0.96000,0.52809,0.44859
0.69000,0.96000,0.51386,0.46206
0.70000,0.96000,0.49852,0.47620
0.71000,0.96000,0.48266,0.49055
0.72000,0.96000,0.46679,0.50469
0.73000,0.96000,0.45142,0.51831
0.74000,0.96000,0.43700,0.53115
0.75000,0.96000,0.42391,0.54297
0.76000,0.96000,0.41254,0.55357
0.77000,0.96000,0.40322,0.56271
0.78000,0.96000,0.39625,0.57012
0.79000,0.96000,0.39189,0.57551
0.80000,0.96000,0.39035,0.57858
0.81000,0.96000,0.39176,0.57905
0.82000,0.96000,0.39613,0.57670
0.83000,0.96000,0.40336,0.57144
0.84000,0.96000,0.41320,0.56335
0.85000,0.96000,0.42527,0.55269
0.86000,0.96000,0.43906,0.53988
0.87000,0.96000,0.45401,0.52551
0.88000,0.96000,0.46948,0.51028
0.89000,0.96000,0.48484,0.49494
0.90000,0.96000,0.49945,0.48028
0.91000,0.96000,0.51268,0.46708
0.92000,0.96000,0.52384,0.45614
0.93000,0.96000,0.53223,0.44822
0.94000,0.96000,0.53705,0.44408
0.95000,0.96000,0.53750,0.44437
0.96000,0.96000,0.53296,0.44954
0.97000,0.96000,0.52336,0.45953
0.98000,0.96000,0.50989,0.47317
0.99000,0.96000,0.49597,0.48721
1.0000,0.96000,0.48899,0.49428
0.0000,0.97000,0.49179,0.49146
0.010000,0.97000,0.49167,0.49161
0.020000,0.97000,0.49255,0.49072
0.030000,0.97000,0.49343,0.48985
0.040000,0.97000,0.49399,0.48929
0.050000,0.97000,0.49414,0.48914
0.060000,0.97000,0.49391,0.48935
0.070000,0.97000,0.49338,0.48984
0.080000,0.97000,0.49261,0.49056
0.090000,0.97000,0.49168,0.49141
0.10000,0.97000,0.49064,0.49233
0.11000,0.97000,0.48954,0.49328
0.12000,0.97000,0.48843,0.49422
0.13000,0.97000,0.48734,0.49512
0.14000,0.97000,0.48631,0.49597
0.15000,0.97000,0.48535,0.49674
0.16000,0.97000,0.48451,0.49743
0.17000,0.97000,0.48382,0.49801
0.18000,0.97000,0.48331,0.49845
0.19000,0.97000,0.48303,0.49872
0.20000,0.97000,0.48303,0.49877
0.21000,0.97000,0.48335,0.49854
0.22000,0.97000,0.48404,0.49796
0.23000,0.97000,0.48513,0.49699
0.24000,0.97000,0.48664,0.49557
0.25000,0.97000,0.48858,0.49370
0.26000,0.97000,0.49092,0.49138
0.27000,0.97000,0.49360,0.48867
0.28000,0.97000,0.49651,0.48565
0.29000,0.97000,0.49954,0.48247
0.30000,0.97000,0.50253,0.47932
0.31000,0.97000,0.50527,0.47640
0.32000,0.97000,0.50756,0.47395
0.33000,0.97000,0.50919,0.47220
0.34000,0.97000,0.50994,0.47136
0.35000,0.97000,0.50965,0.47160
0.36000,0.97000,0.50818,0.47304
0.37000,0.97000,0.50546,0.47571
0.38000,0.97000,0.50150,0.47959
0.39000,0.97000,0.49638,0.48457
0.40000,0.97000,0.49028,0.49046
0.41000,0.97000,0.48345,0.49701
0.42000,0.97000,0.47624,0.50392
0.43000,0.97000,0.46901,0.51085
0.44000,0.97000,0.46219,0.51743
0.45000,0.97000,0.45618,0.52328
0.46000,0.97000,0.45138,0.52803
0.47000,0.97000,0.44812,0.53135
0.48000,0.97000,0.44666,0.53293
0.49000,0.97000,0.44717,0.53257
0.50000,0.97000,0.44970,0.53015
0.51000,0.97000,0.45420,0.52564
0.52000,0.97000,0.46050,0.51916
0.53000,0.97000,0.46836,0.51092
0.54000,0.97000,0.47746,0.50124
0.55000,0.97000,0.48743,0.49051
0.56000,0.97000,0.49789,0.47918
0.57000,0.97000,0.50847,0.46774
0.58000,0.97000,0.51877,0.45665
0.59000,0.97000,0.52845,0.44639
0.60000,0.97000,0.53712,0.43740
0.61000,0.97000,0.54446,0.43007
0.62000,0.97000,0.55014,0.42473
0.63000,0.97000,0.55385,0.42161
0.64000,0.97000,0.55535,0.42087
0.65000,0.97000,0.55449,0.42255
0.66000,0.97000,0.55119,0.42657
0.67000,0.97000,0.54554,0.43274
0.68000,0.97000,0.53770,0.44079
0.69000,0.97000,0.52798,0.45036
0.70000,0.97000,0.51675,0.46106
0.71000,0.97000,0.50444,0.47250
0.72000,0.97000,0.49149,0.48431
0.73000,0.97000,0.47832,0.49617
0.74000,0.97000,0.46535,0.50781
0.75000,0.97000,0.45295,0.51899
0.76000,0.97000,0.44148,0.52951
0.77000,0.97000,0.43124,0.53915
0.78000,0.97000,0.42256,0.54769
0.79000,0.97000,0.41571,0.55489
0.80000,0.97000,0.41093,0.56049
0.81000,0.97000,0.40843,0.56419
0.82000,0.97000,0.40834,0.56576
0.83000,0.97000,0.41072,0.56499
0.84000,0.97000,0.41549,0.56179
0.85000,0.97000,0.42250,0.55619
0.86000,0.97000,0.43147,0.54835
0.87000,0.97000,0.44203,0.53861
0.88000,0.97000,0.45375,0.52739
0.89000,0.97000,0.46614,0.51523
0.90000,0.97000,0.47868,0.50275
0.91000,0.97000,0.49084,0.49058
0.92000,0.97000,0.50206,0.47942
0.93000,0.97000,0.51170,0.46997
0.94000,0.97000,0.51901,0.46299
0.95000,0.97000,0.52319,0.45927
0.96000,0.97000,0.52336,0.45953
0.97000,0.97000,0.51892,0.46426
0.98000,0.97000,0.51005,0.47320
0.99000,0.97000,0.49895,0.48429
1.0000,0.97000,0.49179,0.49146
0.0000,0.98000,0.49345,0.48981
0.010000,0.98000,0.49267,0.49060
0.020000,0.98000,0.49310,0.49017
0.030000,0.98000,0.49342,0.48986
0.040000,0.98000,0.49329,0.49000
0.050000,0.98000,0.49270,0.49058
0.060000,0.98000,0.49177,0.49150
0.070000,0.98000,0.49061,0.49263
0.080000,0.98000,0.48932,0.49384
0.090000,0.98000,0.48799,0.49505
0.10000,0.98000,0.48671,0.49615
0.11000,0.98000,0.48553,0.49711
0.12000,0.98000,0.48448,0.49789
0.13000,0.98000,0.48362,0.49846
0.14000,0.98000,0.48295,0.49884
0.15000,0.98000,0.48248,0.49903
0.16000,0.98000,0.48222,0.49905
0.17000,0.98000,0.48217,0.49892
0.18000,0.98000,0.48233,0.49866
0.19000,0.98000,0.48269,0.49828
0.20000,0.98000,0.48327,0.49777
0.21000,0.98000,0.48405,0.49712
0.22000,0.98000,0.48506,0.49628
0.23000,0.98000,0.48631,0.49524
0.24000,0.98000,0.48779,0.49394
0.25000,0.98000,0.48952,0.49237
0.26000,0.98000,0.49148,0.49049
0.27000,0.98000,0.49365,0.48833
0.28000,0.98000,0.49598,0.48592
0.29000,0.98000,0.49840,0.48335
0.30000,0.98000,0.50082,0.48071
0.31000,0.98000,0.50312,0.47817
0.32000,0.98000,0.50518,0.47589
0.33000,0.98000,0.50683,0.47405
0.34000,0.98000,0.50792,0.47283
0.35000,0.98000,0.50831,0.47239
0.36000,0.98000,0.50786,0.47286
0.37000,0.98000,0.50648,0.47430
0.38000,0.98000,0.50409,0.47676
0.39000,0.98000,0.50070,0.48018
0.40000,0.98000,0.49638,0.48449
0.41000,0.98000,0.49124,0.48951
0.42000,0.98000,0.48550,0.49507
0.43000,0.98000,0.47940,0.50092
0.44000,0.98000,0.47325,0.50679
0.45000,0.98000,0.46738,0.51241
0.46000,0.98000,0.46214,0.51746
0.47000,0.98000,0.45784,0.52167
0.48000,0.98000,0.45478,0.52475
0.49000,0.98000,0.45317,0.52648
0.50000,0.98000,0.45316,0.52666
0.51000,0.98000,0.45480,0.52519
0.52000,0.98000,0.45807,0.52203
0.53000,0.98000,0.46284,0.51725
0.54000,0.98000,0.46893,0.51098
0.55000,0.98000,0.47609,0.50346
0.56000,0.98000,0.48406,0.49497
0.57000,0.98000,0.49254,0.48586
0.58000,0.98000,0.50122,0.47650
0.59000,0.98000,0.50982,0.46728
0.60000,0.98000,0.51805,0.45858
0.61000,0.98000,0.52560,0.45077
0.62000,0.98000,0.53219,0.44417
0.63000,0.98000,0.53755,0.43908
0.64000,0.98000,0.54142,0.43570
0.65000,0.98000,0.54359,0.43418
0.66000,0.98000,0.54391,0.43457
0.67000,0.98000,0.54229,0.43684
0.68000,0.98000,0.53877,0.44085
0.69000,0.98000,0.53344,0.44642
0.70000,0.98000,0.52651,0.45330
0.71000,0.98000,0.51822,0.46121
0.72000,0.98000,0.50891,0.46988
0.73000,0.98000,0.49887,0.47904
0.74000,0.98000,0.48846,0.48845
0.75000,0.98000,0.47798,0.49791
0.76000,0.98000,0.46774,0.50721
0.77000,0.98000,0.45802,0.51619
0.78000,0.98000,0.44911,0.52465
0.79000,0.98000,0.44127,0.53241
0.80000,0.98000,0.43474,0.53923
0.81000,0.98000,0.42976,0.54489
0.82000,0.98000,0.42650,0.54912
0.83000,0.98000,0.42512,0.55170
0.84000,0.98000,0.42567,0.55244
0.85000,0.98000,0.42816,0.55122
0.86000,0.98000,0.43248,0.54803
0.87000,0.98000,0.43848,0.54296
0.88000,0.98000,0.44589,0.53621
0.89000,0.98000,0.45441,0.52807
0.90000,0.98000,0.46371,0.51895
0.91000,0.98000,0.47338,0.50930
0.92000,0.98000,0.48301,0.49963
0.93000,0.98000,0.49210,0.49051
0.94000,0.98000,0.50010,0.48258
0.95000,0.98000,0.50630,0.47655
0.96000,0.98000,0.50989,0.47317
0.97000,0.98000,0.51005,0.47320
0.98000,0.98000,0.50628,0.47704
0.99000,0.98000,0.49935,0.48394
1.0000,0.98000,0.49345,0.48981
0.0000,0.99000,0.49387,0.48939
0.010000,0.99000,0.49328,0.48998
0.020000,0.99000,0.49338,0.48988
0.030000,0.99000,0.49299,0.49027
0.040000,0.99000,0.49194,0.49134
0.050000,0.99000,0.49034,0.49295
0.060000,0.99000,0.48840,0.49490
0.070000,0.99000,0.48628,0.49700
0.080000,0.99000,0.48413,0.49907
0.090000,0.99000,0.48209,0.50096
0.10000,0.99000,0.48024,0.50257
0.11000,0.99000,0.47867,0.50381
0.12000,0.99000,0.47745,0.50464
0.13000,0.99000,0.47660,0.50503
0.14000,0.99000,0.47617,0.50500
0.15000,0.99000,0.47616,0.50457
0.16000,0.99000,0.47655,0.50379
0.17000,0.99000,0.47732,0.50272
0.18000,0.99000,0.47844,0.50142
0.19000,0.99000,0.47985,0.49995
0.20000,0.99000,0.48152,0.49835
0.21000,0.99000,0.48340,0.49666
0.22000,0.99000,0.48544,0.49490
0.23000,0.99000,0.48759,0.49306
0.24000,0.99000,0.48984,0.49114
0.25000,0.99000,0.49213,0.48914
0.26000,0.99000,0.49444,0.48704
0.27000,0.99000,0.49673,0.48485
0.28000,0.99000,0.49896,0.48260
0.29000,0.99000,0.50108,0.48033
0.30000,0.99000,0.50304,0.47812
0.31000,0.99000,0.50478,0.47607
0.32000,0.99000,0.50623,0.47428
0.33000,0.99000,0.50732,0.47289
0.34000,0.99000,0.50797,0.47202
0.35000,0.99000,0.50810,0.47177
0.36000,0.99000,0.50763,0.47223
0.37000,0.99000,0.50650,0.47347
0.38000,0.99000,0.50466,0.47548
0.39000,0.99000,0.50208,0.47826
0.40000,0.99000,0.49878,0.48174
0.41000,0.99000,0.49482,0.48580
0.42000,0.99000,0.49029,0.49032
0.43000,0.99000,0.48537,0.49513
0.44000,0.99000,0.48023,0.50005
0.45000,0.99000,0.47513,0.50489
0.46000,0.99000,0.47033,0.50943
0.47000,0.99000,0.46607,0.51346
0.48000,0.99000,0.46262,0.51680
0.49000,0.99000,0.46018,0.51924
0.50000,0.99000,0.45891,0.52062
0.51000,0.99000,0.45892,0.52083
0.52000,0.99000,0.46022,0.51978
0.53000,0.99000,0.46277,0.51745
0.54000,0.99000,0.46647,0.51387
0.55000,0.99000,0.47117,0.50916
0.56000,0.99000,0.47669,0.50346
0.57000,0.99000,0.48282,0.49698
0.58000,0.99000,0.48935,0.48999
0.59000,0.99000,0.49608,0.48274
0.60000,0.99000,0.50278,0.47555
0.61000,0.99000,0.50925,0.46868
0.62000,0.99000,0.51528,0.46244
0.63000,0.99000,0.52067,0.45705
0.64000,0.99000,0.52522,0.45275
0.65000,0.99000,0.52873,0.44968
0.66000,0.99000,0.53105,0.44794
0.67000,0.99000,0.53203,0.44759
0.68000,0.99000,0.53162,0.44860
0.69000,0.99000,0.52978,0.45089
0.70000,0.99000,0.52657,0.45434
0.71000,0.99000,0.52211,0.45880
0.72000,0.99000,0.51654,0.46411
0.73000,0.99000,0.51007,0.47008
0.74000,0.99000,0.50292,0.47656
0.75000,0.99000,0.49531,0.48340
0.76000,0.99000,0.48746,0.49044
0.77000,0.99000,0.47962,0.49757
0.78000,0.99000,0.47199,0.50465
0.79000,0.99000,0.46480,0.51153
0.80000,0.99000,0.45826,0.51805
0.81000,0.99000,0.45256,0.52402
0.82000,0.99000,0.44789,0.52925
0.83000,0.99000,0.44443,0.53352
0.84000,0.99000,0.44229,0.53663
0.85000,0.99000,0.44155,0.53841
0.86000,0.99000,0.44225,0.53873
0.87000,0.99000,0.44434,0.53753
0.88000,0.99000,0.44776,0.53484
0.89000,0.99000,0.45234,0.53076
0.90000,0.99000,0.45791,0.52548
0.91000,0.99000,0.46424,0.51924
0.92000,0.99000,0.47107,0.51237
0.93000,0.99000,0.47808,0.50525
0.94000,0.99000,0.48490,0.49832
0.95000,0.99000,0.49106,0.49211
0.96000,0.99000,0.49597,0.48721
0.97000,0.99000,0.49895,0.48429
0.98000,0.99000,0.49935,0.48394
0.99000,0.99000,0.49706,0.48622
1.0000,0.99000,0.49387,0.48939
0.0000,1.0000,0.49376,0.48949
0.010000,1.0000,0.49421,0.48904
0.020000,1.0000,0.49414,0.48910
0.030000,1.0000,0.49276,0.49047
0.040000,1.0000,0.49015,0.49311
0.050000,1.0000,0.48665,0.49667
0.060000,1.0000,0.48264,0.50077
0.070000,1.0000,0.47845,0.50504
0.080000,1.0000,0.47434,0.50918
0.090000,1.0000,0.47052,0.51293
0.10000,1.0000,0.46716,0.51608
0.11000,1.0000,0.46440,0.51846
0.12000,1.0000,0.46235,0.51998
0.13000,1.0000,0.46110,0.52057
0.14000,1.0000,0.46069,0.52023
0.15000,1.0000,0.46115,0.51901
0.16000,1.0000,0.46247,0.51698
0.17000,1.0000,0.46457,0.51427
0.18000,1.0000,0.46741,0.51101
0.19000,1.0000,0.47086,0.50733
0.20000,1.0000,0.47482,0.50337
0.21000,1.0000,0.47916,0.49922
0.22000,1.0000,0.48375,0.49501
0.23000,1.0000,0.48846,0.49079
0.24000,1.0000,0.49317,0.48665
0.25000,1.0000,0.49774,0.48263
0.26000,1.0000,0.50205,0.47879
0.27000,1.0000,0.50599,0.47520
0.28000,1.0000,0.50944,0.47192
0.29000,1.0000,0.51230,0.46903
0.30000,1.0000,0.51449,0.46662
0.31000,1.0000,0.51596,0.46478
0.32000,1.0000,0.51666,0.46361
0.33000,1.0000,0.51659,0.46318
0.34000,1.0000,0.51577,0.46355
0.35000,1.0000,0.51422,0.46476
0.36000,1.0000,0.51200,0.46680
0.37000,1.0000,0.50917,0.46964
0.38000,1.0000,0.50578,0.47319
0.39000,1.0000,0.50191,0.47735
0.40000,1.0000,0.49765,0.48197
0.41000,1.0000,0.49309,0.48689
0.42000,1.0000,0.48834,0.49192
0.43000,1.0000,0.48354,0.49689
0.44000,1.0000,0.47884,0.50161
0.45000,1.0000,0.47441,0.50591
0.46000,1.0000,0.47045,0.50965
0.47000,1.0000,0.46713,0.51270
0.48000,1.0000,0.46461,0.51496
0.49000,1.0000,0.46303,0.51635
0.50000,1.0000,0.46247,0.51683
0.51000,1.0000,0.46295,0.51640
0.52000,1.0000,0.46447,0.51505
0.53000,1.0000,0.46692,0.51285
0.54000,1.0000,0.47018,0.50985
0.55000,1.0000,0.47410,0.50616
0.56000,1.0000,0.47848,0.50190
0.57000,1.0000,0.48316,0.49722
0.58000,1.0000,0.48795,0.49229
0.59000,1.0000,0.49270,0.48728
0.60000,1.0000,0.49726,0.48238
0.61000,1.0000,0.50154,0.47776
0.62000,1.0000,0.50543,0.47359
0.63000,1.0000,0.50885,0.47000
0.64000,1.0000,0.51173,0.46711
0.65000,1.0000,0.51400,0.46499
0.66000,1.0000,0.51561,0.46370
0.67000,1.0000,0.51650,0.46323
0.68000,1.0000,0.51665,0.46355
0.69000,1.0000,0.51604,0.46461
0.70000,1.0000,0.51467,0.46633
0.71000,1.0000,0.51258,0.46863
0.72000,1.0000,0.50984,0.47141
0.73000,1.0000,0.50651,0.47459
0.74000,1.0000,0.50269,0.47810
0.75000,1.0000,0.49849,0.48186
0.76000,1.0000,0.49402,0.48582
0.77000,1.0000,0.48940,0.48992
0.78000,1.0000,0.48475,0.49411
0.79000,1.0000,0.48018,0.49833
0.80000,1.0000,0.47583,0.50249
0.81000,1.0000,0.47182,0.50650
0.82000,1.0000,0.46828,0.51025
0.83000,1.0000,0.46532,0.51361
0.84000,1.0000,0.46304,0.51644
0.85000,1.0000,0.46153,0.51861
0.86000,1.0000,0.46085,0.52001
0.87000,1.0000,0.46101,0.52054
0.88000,1.0000,0.46202,0.52016
0.89000,1.0000,0.46383,0.51887
0.90000,1.0000,0.46638,0.51670
0.91000,1.0000,0.46955,0.51376
0.92000,1.0000,0.47322,0.51020
0.93000,1.0000,0.47723,0.50620
0.94000,1.0000,0.48137,0.50201
0.95000,1.0000,0.48540,0.49792
0.96000,1.0000,0.48899,0.49428
0.97000,1.0000,0.49179,0.49146
0.98000,1.0000,0.49345,0.48981
0.99000,1.0000,0.49387,0.48939
1.0000,1.0000,0.49376,0.48949
