0.0000,0.0000,0.49381,0.48945
0.010000,0.0000,0.49434,0.48891
0.020000,0.0000,0.49435,0.48889
0.030000,0.0000,0.49301,0.49022
0.040000,0.0000,0.49038,0.49288
0.050000,0.0000,0.48683,0.49649
0.060000,0.0000,0.48274,0.50067
0.070000,0.0000,0.47846,0.50504
0.080000,0.0000,0.47424,0.50928
0.090000,0.0000,0.47031,0.51313
0.10000,0.0000,0.46685,0.51636
0.11000,0.0000,0.46399,0.51882
0.12000,0.0000,0.46186,0.52040
0.13000,0.0000,0.46055,0.52103
0.14000,0.0000,0.46010,0.52072
0.15000,0.0000,0.46054,0.51952
0.16000,0.0000,0.46185,0.51750
0.17000,0.0000,0.46398,0.51478
0.18000,0.0000,0.46685,0.51149
0.19000,0.0000,0.47036,0.50778
0.20000,0.0000,0.47439,0.50376
0.21000,0.0000,0.47881,0.49957
0.22000,0.0000,0.48348,0.49529
0.23000,0.0000,0.48827,0.49102
0.24000,0.0000,0.49304,0.48681
0.25000,0.0000,0.49768,0.48274
0.26000,0.0000,0.50204,0.47886
0.27000,0.0000,0.50602,0.47523
0.28000,0.0000,0.50949,0.47192
0.29000,0.0000,0.51236,0.46902
0.30000,0.0000,0.51456,0.46662
0.31000,0.0000,0.51602,0.46480
0.32000,0.0000,0.51671,0.46366
0.33000,0.0000,0.51663,0.46326
0.34000,0.0000,0.51579,0.46368
0.35000,0.0000,0.51423,0.46492
0.36000,0.0000,0.51200,0.46699
0.37000,0.0000,0.50916,0.46984
0.38000,0.0000,0.50578,0.47340
0.39000,0.0000,0.50194,0.47754
0.40000,0.0000,0.49771,0.48212
0.41000,0.0000,0.49320,0.48698
0.42000,0.0000,0.48852,0.49195
0.43000,0.0000,0.48379,0.49685
0.44000,0.0000,0.47917,0.50149
0.45000,0.0000,0.47484,0.50572
0.46000,0.0000,0.47095,0.50940
0.47000,0.0000,0.46770,0.51240
0.48000,0.0000,0.46522,0.51462
0.49000,0.0000,0.46366,0.51600
0.50000,0.0000,0.46308,0.51649
0.51000,0.0000,0.46353,0.51609
0.52000,0.0000,0.46498,0.51479
0.53000,0.0000,0.46734,0.51266
0.54000,0.0000,0.47050,0.50974
0.55000,0.0000,0.47431,0.50614
0.56000,0.0000,0.47859,0.50198
0.57000,0.0000,0.48317,0.49740
0.58000,0.0000,0.48788,0.49255
0.59000,0.0000,0.49257,0.48761
0.60000,0.0000,0.49710,0.48276
0.61000,0.0000,0.50136,0.47815
0.62000,0.0000,0.50525,0.47397
0.63000,0.0000,0.50870,0.47034
0.64000,0.0000,0.51162,0.46739
0.65000,0.0000,0.51394,0.46520
0.66000,0.0000,0.51561,0.46381
0.67000,0.0000,0.51657,0.46323
0.68000,0.0000,0.51678,0.46345
0.69000,0.0000,0.51624,0.46442
0.70000,0.0000,0.51493,0.46607
0.71000,0.0000,0.51290,0.46831
0.72000,0.0000,0.51019,0.47105
0.73000,0.0000,0.50689,0.47422
0.74000,0.0000,0.50308,0.47773
0.75000,0.0000,0.49886,0.48152
0.76000,0.0000,0.49436,0.48553
0.77000,0.0000,0.48968,0.48969
0.78000,0.0000,0.48495,0.49395
0.79000,0.0000,0.48030,0.49825
0.80000,0.0000,0.47584,0.50249
0.81000,0.0000,0.47172,0.50658
0.82000,0.0000,0.46806,0.51042
0.83000,0.0000,0.46498,0.51386
0.84000,0.0000,0.46259,0.51677
0.85000,0.0000,0.46099,0.51901
0.86000,0.0000,0.46022,0.52048
0.87000,0.0000,0.46033,0.52107
0.88000,0.0000,0.46130,0.52074
0.89000,0.0000,0.46309,0.51948
0.90000,0.0000,0.46564,0.51733
0.91000,0.0000,0.46884,0.51439
0.92000,0.0000,0.47257,0.51081
0.93000,0.0000,0.47664,0.50676
0.94000,0.0000,0.48087,0.50251
0.95000,0.0000,0.48498,0.49834
0.96000,0.0000,0.48868,0.49460
0.97000,0.0000,0.49158,0.49169
0.98000,0.0000,0.49333,0.48993
0.99000,0.0000,0.49384,0.48942
1.0000,0.0000,0.49381,0.48945
0.0000,0.010000,0.49434,0.48891
0.010000,0.010000,0.49735,0.48591
0.020000,0.010000,0.49969,0.48357
0.030000,0.010000,0.49938,0.48382
0.040000,0.010000,0.49649,0.48667
0.050000,0.010000,0.49163,0.49153
0.060000,0.010000,0.48548,0.49776
0.070000,0.010000,0.47863,0.50474
0.080000,0.010000,0.47156,0.51195
0.090000,0.010000,0.46465,0.51891
0.10000,0.010000,0.45822,0.52526
0.11000,0.010000,0.45252,0.53065
0.12000,0.010000,0.44781,0.53483
0.13000,0.010000,0.44426,0.53761
0.14000,0.010000,0.44203,0.53890
0.15000,0.010000,0.44120,0.53866
0.16000,0.010000,0.44183,0.53696
0.17000,0.010000,0.44388,0.53391
0.18000,0.010000,0.44728,0.52970
0.19000,0.010000,0.45191,0.52451
0.20000,0.010000,0.45759,0.51858
0.21000,0.010000,0.46415,0.51208
0.22000,0.010000,0.47137,0.50522
0.23000,0.010000,0.47903,0.49815
0.24000,0.010000,0.48692,0.49102
0.25000,0.010000,0.49481,0.48397
0.26000,0.010000,0.50247,0.47712
0.27000,0.010000,0.50966,0.47062
0.28000,0.010000,0.51617,0.46462
0.29000,0.010000,0.52177,0.45929
0.30000,0.010000,0.52628,0.45479
0.31000,0.010000,0.52952,0.45130
0.32000,0.010000,0.53140,0.44896
0.33000,0.010000,0.53187,0.44790
0.34000,0.010000,0.53095,0.44820
0.35000,0.010000,0.52871,0.44986
0.36000,0.010000,0.52528,0.45287
0.37000,0.010000,0.52082,0.45710
0.38000,0.010000,0.51552,0.46241
0.39000,0.010000,0.50958,0.46857
0.40000,0.010000,0.50321,0.47535
0.41000,0.010000,0.49660,0.48246
0.42000,0.010000,0.48997,0.48963
0.43000,0.010000,0.48352,0.49655
0.44000,0.010000,0.47745,0.50297
0.45000,0.010000,0.47198,0.50863
0.46000,0.010000,0.46729,0.51333
0.47000,0.010000,0.46358,0.51692
0.48000,0.010000,0.46097,0.51929
0.49000,0.010000,0.45959,0.52042
0.50000,0.010000,0.45946,0.52032
0.51000,0.010000,0.46057,0.51907
0.52000,0.010000,0.46282,0.51679
0.53000,0.010000,0.46608,0.51364
0.54000,0.010000,0.47013,0.50979
0.55000,0.010000,0.47474,0.50544
0.56000,0.010000,0.47965,0.50079
0.57000,0.010000,0.48463,0.49603
0.58000,0.010000,0.48945,0.49134
0.59000,0.010000,0.49390,0.48691
0.60000,0.010000,0.49785,0.48287
0.61000,0.010000,0.50119,0.47937
0.62000,0.010000,0.50386,0.47649
0.63000,0.010000,0.50586,0.47430
0.64000,0.010000,0.50718,0.47284
0.65000,0.010000,0.50788,0.47210
0.66000,0.010000,0.50801,0.47203
0.67000,0.010000,0.50764,0.47256
0.68000,0.010000,0.50684,0.47361
0.69000,0.010000,0.50567,0.47506
0.70000,0.010000,0.50421,0.47681
0.71000,0.010000,0.50250,0.47875
0.72000,0.010000,0.50061,0.48080
0.73000,0.010000,0.49856,0.48289
0.74000,0.010000,0.49641,0.48499
0.75000,0.010000,0.49418,0.48706
0.76000,0.010000,0.49190,0.48910
0.77000,0.010000,0.48960,0.49111
0.78000,0.010000,0.48731,0.49311
0.79000,0.010000,0.48506,0.49508
0.80000,0.010000,0.48291,0.49704
0.81000,0.010000,0.48089,0.49895
0.82000,0.010000,0.47906,0.50077
0.83000,0.010000,0.47749,0.50246
0.84000,0.010000,0.47623,0.50395
0.85000,0.010000,0.47534,0.50517
0.86000,0.010000,0.47485,0.50605
0.87000,0.010000,0.47482,0.50652
0.88000,0.010000,0.47523,0.50654
0.89000,0.010000,0.47610,0.50608
0.90000,0.010000,0.47739,0.50514
0.91000,0.010000,0.47906,0.50376
0.92000,0.010000,0.48104,0.50199
0.93000,0.010000,0.48323,0.49993
0.94000,0.010000,0.48554,0.49770
0.95000,0.010000,0.48780,0.49547
0.96000,0.010000,0.48987,0.49341
0.97000,0.010000,0.49154,0.49174
0.98000,0.010000,0.49269,0.49058
0.99000,0.010000,0.49342,0.48985
1.0000,0.010000,0.49434,0.48891
0.0000,0.020000,0.49435,0.48889
0.010000,0.020000,0.49969,0.48357
0.020000,0.020000,0.50642,0.47687
0.030000,0.020000,0.51015,0.47307
0.040000,0.020000,0.51001,0.47304
0.050000,0.020000,0.50645,0.47639
0.060000,0.020000,0.50028,0.48241
0.070000,0.020000,0.49231,0.49034
0.080000,0.020000,0.48322,0.49947
0.090000,0.020000,0.47360,0.50915
0.10000,0.020000,0.46391,0.51882
0.11000,0.020000,0.45459,0.52795
0.12000,0.020000,0.44603,0.53609
0.13000,0.020000,0.43857,0.54286
0.14000,0.020000,0.43253,0.54796
0.15000,0.020000,0.42815,0.55117
0.16000,0.020000,0.42561,0.55242
0.17000,0.020000,0.42500,0.55172
0.18000,0.020000,0.42635,0.54918
0.19000,0.020000,0.42957,0.54500
0.20000,0.020000,0.43453,0.53940
0.21000,0.020000,0.44104,0.53262
0.22000,0.020000,0.44887,0.52491
0.23000,0.020000,0.45778,0.51648
0.24000,0.020000,0.46749,0.50755
0.25000,0.020000,0.47773,0.49828
0.26000,0.020000,0.48820,0.48886
0.27000,0.020000,0.49860,0.47947
0.28000,0.020000,0.50862,0.47033
0.29000,0.020000,0.51792,0.46168
0.30000,0.020000,0.52618,0.45378
0.31000,0.020000,0.53311,0.44690
0.32000,0.020000,0.53844,0.44133
0.33000,0.020000,0.54199,0.43730
0.34000,0.020000,0.54364,0.43501
0.35000,0.020000,0.54338,0.43459
0.36000,0.020000,0.54128,0.43606
0.37000,0.020000,0.53749,0.43938
0.38000,0.020000,0.53223,0.44441
0.39000,0.020000,0.52573,0.45093
0.40000,0.020000,0.51829,0.45866
0.41000,0.020000,0.51017,0.46728
0.42000,0.020000,0.50166,0.47641
0.43000,0.020000,0.49306,0.48568
0.44000,0.020000,0.48466,0.49470
0.45000,0.020000,0.47676,0.50312
0.46000,0.020000,0.46963,0.51059
0.47000,0.020000,0.46354,0.51683
0.48000,0.020000,0.45874,0.52162
0.49000,0.020000,0.45541,0.52482
0.50000,0.020000,0.45367,0.52637
0.51000,0.020000,0.45355,0.52631
0.52000,0.020000,0.45500,0.52473
0.53000,0.020000,0.45789,0.52182
0.54000,0.020000,0.46199,0.51780
0.55000,0.020000,0.46705,0.51294
0.56000,0.020000,0.47273,0.50751
0.57000,0.020000,0.47872,0.50181
0.58000,0.020000,0.48470,0.49609
0.59000,0.020000,0.49037,0.49062
0.60000,0.020000,0.49548,0.48562
0.61000,0.020000,0.49985,0.48126
0.62000,0.020000,0.50336,0.47770
0.63000,0.020000,0.50593,0.47503
0.64000,0.020000,0.50757,0.47329
0.65000,0.020000,0.50833,0.47246
0.66000,0.020000,0.50829,0.47249
0.67000,0.020000,0.50757,0.47327
0.68000,0.020000,0.50631,0.47467
0.69000,0.020000,0.50463,0.47654
0.70000,0.020000,0.50268,0.47870
0.71000,0.020000,0.50056,0.48102
0.72000,0.020000,0.49838,0.48337
0.73000,0.020000,0.49622,0.48563
0.74000,0.020000,0.49414,0.48775
0.75000,0.020000,0.49216,0.48967
0.76000,0.020000,0.49032,0.49140
0.77000,0.020000,0.48861,0.49295
0.78000,0.020000,0.48705,0.49433
0.79000,0.020000,0.48563,0.49557
0.80000,0.020000,0.48434,0.49671
0.81000,0.020000,0.48320,0.49775
0.82000,0.020000,0.48221,0.49871
0.83000,0.020000,0.48140,0.49956
0.84000,0.020000,0.48079,0.50029
0.85000,0.020000,0.48041,0.50086
0.86000,0.020000,0.48029,0.50123
0.87000,0.020000,0.48044,0.50135
0.88000,0.020000,0.48089,0.50120
0.89000,0.020000,0.48163,0.50073
0.90000,0.020000,0.48266,0.49996
0.91000,0.020000,0.48394,0.49890
0.92000,0.020000,0.48543,0.49758
0.93000,0.020000,0.48705,0.49608
0.94000,0.020000,0.48871,0.49449
0.95000,0.020000,0.49032,0.49293
0.96000,0.020000,0.49173,0.49154
0.97000,0.020000,0.49281,0.49047
0.98000,0.020000,0.49347,0.48981
0.99000,0.020000,0.49375,0.48952
1.0000,0.020000,0.49435,0.48889
0.0000,0.030000,0.49301,0.49022
0.010000,0.030000,0.49938,0.48382
0.020000,0.030000,0.51015,0.47307
0.030000,0.030000,0.51887,0.46428
0.040000,0.030000,0.52326,0.45961
0.050000,0.030000,0.52310,0.45936
0.060000,0.030000,0.51896,0.46307
0.070000,0.030000,0.51168,0.47002
0.080000,0.030000,0.50209,0.47944
0.090000,0.030000,0.49092,0.49057
0.10000,0.030000,0.47879,0.50270
0.11000,0.030000,0.46628,0.51515
0.12000,0.030000,0.45392,0.52726
0.13000,0.030000,0.44222,0.53845
0.14000,0.030000,0.43166,0.54817
0.15000,0.030000,0.42268,0.55599
0.16000,0.030000,0.41566,0.56160
0.17000,0.030000,0.41087,0.56482
0.18000,0.030000,0.40848,0.56562
0.19000,0.030000,0.40854,0.56410
0.20000,0.030000,0.41102,0.56044
0.21000,0.030000,0.41578,0.55490
0.22000,0.030000,0.42262,0.54775
0.23000,0.030000,0.43129,0.53926
0.24000,0.030000,0.44150,0.52967
0.25000,0.030000,0.45295,0.51920
0.26000,0.030000,0.46532,0.50806
0.27000,0.030000,0.47825,0.49646
0.28000,0.030000,0.49137,0.48464
0.29000,0.030000,0.50428,0.47287
0.30000,0.030000,0.51653,0.46147
0.31000,0.030000,0.52771,0.45081
0.32000,0.030000,0.53740,0.44128
0.33000,0.030000,0.54520,0.43327
0.34000,0.030000,0.55085,0.42712
0.35000,0.030000,0.55416,0.42311
0.36000,0.030000,0.55505,0.42145
0.37000,0.030000,0.55360,0.42218
0.38000,0.030000,0.54995,0.42529
0.39000,0.030000,0.54434,0.43061
0.40000,0.030000,0.53708,0.43790
0.41000,0.030000,0.52848,0.44683
0.42000,0.030000,0.51889,0.45702
0.43000,0.030000,0.50867,0.46802
0.44000,0.030000,0.49817,0.47937
0.45000,0.030000,0.48777,0.49059
0.46000,0.030000,0.47785,0.50122
0.47000,0.030000,0.46880,0.51081
0.48000,0.030000,0.46096,0.51899
0.49000,0.030000,0.45465,0.52544
0.50000,0.030000,0.45012,0.52995
0.51000,0.030000,0.44754,0.53242
0.52000,0.030000,0.44695,0.53285
0.53000,0.030000,0.44831,0.53137
0.54000,0.030000,0.45145,0.52819
0.55000,0.030000,0.45614,0.52358
0.56000,0.030000,0.46202,0.51788
0.57000,0.030000,0.46873,0.51144
0.58000,0.030000,0.47586,0.50462
0.59000,0.030000,0.48301,0.49778
0.60000,0.030000,0.48981,0.49125
0.61000,0.030000,0.49595,0.48530
0.62000,0.030000,0.50118,0.48019
0.63000,0.030000,0.50532,0.47608
0.64000,0.030000,0.50830,0.47309
0.65000,0.030000,0.51009,0.47126
0.66000,0.030000,0.51076,0.47058
0.67000,0.030000,0.51041,0.47094
0.68000,0.030000,0.50920,0.47222
0.69000,0.030000,0.50732,0.47422
0.70000,0.030000,0.50494,0.47675
0.71000,0.030000,0.50225,0.47960
0.72000,0.030000,0.49943,0.48258
0.73000,0.030000,0.49662,0.48552
0.74000,0.030000,0.49393,0.48829
0.75000,0.030000,0.49144,0.49078
0.76000,0.030000,0.48922,0.49296
0.77000,0.030000,0.48730,0.49480
0.78000,0.030000,0.48568,0.49631
0.79000,0.030000,0.48435,0.49752
0.80000,0.030000,0.48331,0.49845
0.81000,0.030000,0.48253,0.49915
0.82000,0.030000,0.48200,0.49965
0.83000,0.030000,0.48170,0.49997
0.84000,0.030000,0.48162,0.50012
0.85000,0.030000,0.48177,0.50010
0.86000,0.030000,0.48214,0.49989
0.87000,0.030000,0.48273,0.49949
0.88000,0.030000,0.48353,0.49888
0.89000,0.030000,0.48454,0.49806
0.90000,0.030000,0.48574,0.49704
0.91000,0.030000,0.48708,0.49585
0.92000,0.030000,0.48852,0.49453
0.93000,0.030000,0.48999,0.49315
0.94000,0.030000,0.49140,0.49180
0.95000,0.030000,0.49264,0.49060
0.96000,0.030000,0.49359,0.48967
0.97000,0.030000,0.49412,0.48916
0.98000,0.030000,0.49408,0.48920
0.99000,0.030000,0.49349,0.48978
1.0000,0.030000,0.49301,0.49022
0.0000,0.040000,0.49038,0.49288
0.010000,0.040000,0.49649,0.48667
0.020000,0.040000,0.51001,0.47304
0.030000,0.040000,0.52326,0.45961
0.040000,0.040000,0.53276,0.44974
0.050000,0.040000,0.53727,0.44461
0.060000,0.040000,0.53683,0.44433
0.070000,0.040000,0.53206,0.44845
0.080000,0.040000,0.52372,0.45633
0.090000,0.040000,0.51262,0.46722
0.10000,0.040000,0.49946,0.48035
0.11000,0.040000,0.48492,0.49494
0.12000,0.040000,0.46962,0.51021
0.13000,0.040000,0.45421,0.52537
0.14000,0.040000,0.43931,0.53968
0.15000,0.040000,0.42555,0.55245
0.16000,0.040000,0.41351,0.56309
0.17000,0.040000,0.40369,0.57117
0.18000,0.040000,0.39647,0.57644
0.19000,0.040000,0.39209,0.57883
0.20000,0.040000,0.39068,0.57840
0.21000,0.040000,0.39222,0.57538
0.22000,0.040000,0.39657,0.57004
0.23000,0.040000,0.40353,0.56267
0.24000,0.040000,0.41284,0.55358
0.25000,0.040000,0.42419,0.54302
0.26000,0.040000,0.43724,0.53123
0.27000,0.040000,0.45162,0.51843
0.28000,0.040000,0.46694,0.50485
0.29000,0.040000,0.48273,0.49075
0.30000,0.040000,0.49852,0.47647
0.31000,0.040000,0.51376,0.46239
0.32000,0.040000,0.52791,0.44899
0.33000,0.040000,0.54041,0.43677
0.34000,0.040000,0.55078,0.42623
0.35000,0.040000,0.55863,0.41783
0.36000,0.040000,0.56371,0.41195
0.37000,0.040000,0.56589,0.40884
0.38000,0.040000,0.56523,0.40862
0.39000,0.040000,0.56190,0.41127
0.40000,0.040000,0.55615,0.41664
0.41000,0.040000,0.54832,0.42448
0.42000,0.040000,0.53878,0.43441
0.43000,0.040000,0.52792,0.44599
0.44000,0.040000,0.51614,0.45874
0.45000,0.040000,0.50388,0.47209
0.46000,0.040000,0.49157,0.48549
0.47000,0.040000,0.47969,0.49835
0.48000,0.040000,0.46870,0.51013
0.49000,0.040000,0.45905,0.52034
0.50000,0.040000,0.45113,0.52856
0.51000,0.040000,0.44527,0.53450
0.52000,0.040000,0.44169,0.53802
0.53000,0.040000,0.44048,0.53909
0.54000,0.040000,0.44160,0.53785
0.55000,0.040000,0.44487,0.53452
0.56000,0.040000,0.45002,0.52943
0.57000,0.040000,0.45665,0.52298
0.58000,0.040000,0.46433,0.51559
0.59000,0.040000,0.47257,0.50770
0.60000,0.040000,0.48091,0.49974
0.61000,0.040000,0.48889,0.49211
0.62000,0.040000,0.49611,0.48516
0.63000,0.040000,0.50228,0.47919
0.64000,0.040000,0.50716,0.47443
0.65000,0.040000,0.51063,0.47102
0.66000,0.040000,0.51266,0.46901
0.67000,0.040000,0.51331,0.46838
0.68000,0.040000,0.51271,0.46901
0.69000,0.040000,0.51105,0.47074
0.70000,0.040000,0.50856,0.47334
0.71000,0.040000,0.50547,0.47657
0.72000,0.040000,0.50203,0.48016
0.73000,0.040000,0.49845,0.48387
0.74000,0.040000,0.49492,0.48750
0.75000,0.040000,0.49162,0.49085
0.76000,0.040000,0.48866,0.49382
0.77000,0.040000,0.48612,0.49633
0.78000,0.040000,0.48405,0.49832
0.79000,0.040000,0.48247,0.49982
0.80000,0.040000,0.48137,0.50084
0.81000,0.040000,0.48072,0.50143
0.82000,0.040000,0.48049,0.50164
0.83000,0.040000,0.48063,0.50151
0.84000,0.040000,0.48109,0.50110
0.85000,0.040000,0.48183,0.50045
0.86000,0.040000,0.48281,0.49958
0.87000,0.040000,0.48398,0.49854
0.88000,0.040000,0.48532,0.49734
0.89000,0.040000,0.48677,0.49601
0.90000,0.040000,0.48830,0.49460
0.91000,0.040000,0.48985,0.49316
0.92000,0.040000,0.49136,0.49174
0.93000,0.040000,0.49274,0.49042
0.94000,0.040000,0.49390,0.48930
0.95000,0.040000,0.49475,0.48849
0.96000,0.040000,0.49516,0.48810
0.97000,0.040000,0.49500,0.48828
0.98000,0.040000,0.49412,0.48917
0.99000,0.040000,0.49247,0.49081
1.0000,0.040000,0.49038,0.49288
0.0000,0.050000,0.48683,0.49649
0.010000,0.050000,0.49163,0.49153
0.020000,0.050000,0.50645,0.47639
0.030000,0.050000,0.52310,0.45936
0.040000,0.050000,0.53727,0.44461
0.050000,0.050000,0.54686,0.43417
0.060000,0.050000,0.55118,0.42884
0.070000,0.050000,0.55034,0.42866
0.080000,0.050000,0.54490,0.43328
0.090000,0.050000,0.53557,0.44212
0.10000,0.050000,0.52305,0.45449
0.11000,0.050000,0.50804,0.46960
0.12000,0.050000,0.49121,0.48664
0.13000,0.050000,0.47323,0.50471
0.14000,0.050000,0.45484,0.52290
0.15000,0.050000,0.43680,0.54031
0.16000,0.050000,0.41987,0.55608
0.17000,0.050000,0.40477,0.56948
0.18000,0.050000,0.39214,0.57997
0.19000,0.050000,0.38247,0.58722
0.20000,0.050000,0.37608,0.59111
0.21000,0.050000,0.37313,0.59175
0.22000,0.050000,0.37362,0.58936
0.23000,0.050000,0.37745,0.58426
0.24000,0.050000,0.38440,0.57678
0.25000,0.050000,0.39420,0.56723
0.26000,0.050000,0.40652,0.55590
0.27000,0.050000,0.42101,0.54302
0.28000,0.050000,0.43726,0.52881
0.29000,0.050000,0.45483,0.51348
0.30000,0.050000,0.47319,0.49732
0.31000,0.050000,0.49178,0.48071
0.32000,0.050000,0.50996,0.46410
0.33000,0.050000,0.52703,0.44805
0.34000,0.050000,0.54234,0.43319
0.35000,0.050000,0.55527,0.42012
0.36000,0.050000,0.56534,0.40944
0.37000,0.050000,0.57220,0.40160
0.38000,0.050000,0.57573,0.39693
0.39000,0.050000,0.57595,0.39560
0.40000,0.050000,0.57304,0.39762
0.41000,0.050000,0.56730,0.40285
0.42000,0.050000,0.55910,0.41102
0.43000,0.050000,0.54882,0.42175
0.44000,0.050000,0.53689,0.43455
0.45000,0.050000,0.52378,0.44888
0.46000,0.050000,0.50993,0.46411
0.47000,0.050000,0.49588,0.47959
0.48000,0.050000,0.48215,0.49463
0.49000,0.050000,0.46930,0.50856
0.50000,0.050000,0.45786,0.52079
0.51000,0.050000,0.44834,0.53080
0.52000,0.050000,0.44112,0.53822
0.53000,0.050000,0.43649,0.54284
0.54000,0.050000,0.43457,0.54463
0.55000,0.050000,0.43535,0.54370
0.56000,0.050000,0.43865,0.54032
0.57000,0.050000,0.44415,0.53487
0.58000,0.050000,0.45142,0.52778
0.59000,0.050000,0.45996,0.51956
0.60000,0.050000,0.46922,0.51070
0.61000,0.050000,0.47864,0.50172
0.62000,0.050000,0.48770,0.49309
0.63000,0.050000,0.49593,0.48522
0.64000,0.050000,0.50295,0.47848
0.65000,0.050000,0.50849,0.47313
0.66000,0.050000,0.51239,0.46936
0.67000,0.050000,0.51459,0.46722
0.68000,0.050000,0.51518,0.46669
0.69000,0.050000,0.51429,0.46764
0.70000,0.050000,0.51216,0.46987
0.71000,0.050000,0.50904,0.47310
0.72000,0.050000,0.50524,0.47703
0.73000,0.050000,0.50105,0.48136
0.74000,0.050000,0.49676,0.48577
0.75000,0.050000,0.49260,0.49001
0.76000,0.050000,0.48879,0.49387
0.77000,0.050000,0.48548,0.49717
0.78000,0.050000,0.48279,0.49983
0.79000,0.050000,0.48077,0.50179
0.80000,0.050000,0.47945,0.50306
0.81000,0.050000,0.47880,0.50366
0.82000,0.050000,0.47878,0.50366
0.83000,0.050000,0.47930,0.50314
0.84000,0.050000,0.48030,0.50218
0.85000,0.050000,0.48167,0.50088
0.86000,0.050000,0.48332,0.49931
0.87000,0.050000,0.48516,0.49757
0.88000,0.050000,0.48709,0.49573
0.89000,0.050000,0.48904,0.49387
0.90000,0.050000,0.49093,0.49206
0.91000,0.050000,0.49267,0.49039
0.92000,0.050000,0.49419,0.48893
0.93000,0.050000,0.49539,0.48777
0.94000,0.050000,0.49620,0.48699
0.95000,0.050000,0.49653,0.48670
0.96000,0.050000,0.49628,0.48697
0.97000,0.050000,0.49533,0.48794
0.98000,0.050000,0.49357,0.48972
0.99000,0.050000,0.49081,0.49248
1.0000,0.050000,0.48683,0.49649
0.0000,0.060000,0.48274,0.50067
0.010000,0.060000,0.48548,0.49776
0.020000,0.060000,0.50028,0.48241
0.030000,0.060000,0.51896,0.46307
0.040000,0.060000,0.53683,0.44433
0.050000,0.060000,0.55118,0.42884
0.060000,0.060000,0.56057,0.41806
0.070000,0.060000,0.56454,0.41263
0.080000,0.060000,0.56326,0.41263
0.090000,0.060000,0.55720,0.41780
0.10000,0.060000,0.54696,0.42762
0.11000,0.060000,0.53317,0.44145
0.12000,0.060000,0.51646,0.45852
0.13000,0.060000,0.49749,0.47795
0.14000,0.060000,0.47699,0.49876
0.15000,0.060000,0.45576,0.51991
0.16000,0.060000,0.43468,0.54033
0.17000,0.060000,0.41466,0.55900
0.18000,0.060000,0.39658,0.57506
0.19000,0.060000,0.38120,0.58784
0.20000,0.060000,0.36910,0.59696
0.21000,0.060000,0.36067,0.60229
0.22000,0.060000,0.35613,0.60395
0.23000,0.060000,0.35550,0.60220
0.24000,0.060000,0.35868,0.59740
0.25000,0.060000,0.36545,0.58993
0.26000,0.060000,0.37554,0.58012
0.27000,0.060000,0.38863,0.56825
0.28000,0.060000,0.40435,0.55454
0.29000,0.060000,0.42227,0.53918
0.30000,0.060000,0.44192,0.52237
0.31000,0.060000,0.46272,0.50440
0.32000,0.060000,0.48402,0.48565
0.33000,0.060000,0.50506,0.46665
0.34000,0.060000,0.52504,0.44805
0.35000,0.060000,0.54314,0.43059
0.36000,0.060000,0.55864,0.41500
0.37000,0.060000,0.57094,0.40197
0.38000,0.060000,0.57965,0.39207
0.39000,0.060000,0.58458,0.38571
0.40000,0.060000,0.58578,0.38311
0.41000,0.060000,0.58345,0.38431
0.42000,0.060000,0.57789,0.38918
0.43000,0.060000,0.56950,0.39747
0.44000,0.060000,0.55870,0.40877
0.45000,0.060000,0.54594,0.42259
0.46000,0.060000,0.53168,0.43833
0.47000,0.060000,0.51645,0.45530
0.48000,0.060000,0.50080,0.47275
0.49000,0.060000,0.48534,0.48990
0.50000,0.060000,0.47070,0.50597
0.51000,0.060000,0.45752,0.52023
0.52000,0.060000,0.44638,0.53206
0.53000,0.060000,0.43777,0.54101
0.54000,0.060000,0.43202,0.54680
0.55000,0.060000,0.42932,0.54939
0.56000,0.060000,0.42965,0.54889
0.57000,0.060000,0.43284,0.54558
0.58000,0.060000,0.43854,0.53989
0.59000,0.060000,0.44629,0.53232
0.60000,0.060000,0.45553,0.52341
0.61000,0.060000,0.46564,0.51375
0.62000,0.060000,0.47599,0.50391
0.63000,0.060000,0.48598,0.49443
0.64000,0.060000,0.49507,0.48579
0.65000,0.060000,0.50282,0.47841
0.66000,0.060000,0.50890,0.47260
0.67000,0.060000,0.51312,0.46857
0.68000,0.060000,0.51543,0.46640
0.69000,0.060000,0.51590,0.46604
0.70000,0.060000,0.51469,0.46735
0.71000,0.060000,0.51208,0.47008
0.72000,0.060000,0.50839,0.47390
0.73000,0.060000,0.50397,0.47846
0.74000,0.060000,0.49918,0.48338
0.75000,0.060000,0.49435,0.48832
0.76000,0.060000,0.48978,0.49296
0.77000,0.060000,0.48572,0.49705
0.78000,0.060000,0.48236,0.50040
0.79000,0.060000,0.47984,0.50290
0.80000,0.060000,0.47820,0.50450
0.81000,0.060000,0.47745,0.50521
0.82000,0.060000,0.47754,0.50510
0.83000,0.060000,0.47839,0.50425
0.84000,0.060000,0.47987,0.50281
0.85000,0.060000,0.48183,0.50089
0.86000,0.060000,0.48413,0.49866
0.87000,0.060000,0.48660,0.49625
0.88000,0.060000,0.48911,0.49381
0.89000,0.060000,0.49152,0.49146
0.90000,0.060000,0.49370,0.48934
0.91000,0.060000,0.49554,0.48754
0.92000,0.060000,0.49695,0.48617
0.93000,0.060000,0.49785,0.48530
0.94000,0.060000,0.49817,0.48501
0.95000,0.060000,0.49786,0.48535
0.96000,0.060000,0.49687,0.48636
0.97000,0.060000,0.49515,0.48810
0.98000,0.060000,0.49256,0.49071
0.99000,0.060000,0.48874,0.49456
1.0000,0.060000,0.48274,0.50067
0.0000,0.070000,0.47846,0.50504
0.010000,0.070000,0.47863,0.50474
0.020000,0.070000,0.49231,0.49034
0.030000,0.070000,0.51168,0.47002
0.040000,0.070000,0.53206,0.44845
0.050000,0.070000,0.55034,0.42866
0.060000,0.070000,0.56454,0.41263
0.070000,0.070000,0.57363,0.40158
0.080000,0.070000,0.57725,0.39610
0.090000,0.070000,0.57556,0.39632
0.10000,0.070000,0.56894,0.40203
0.11000,0.070000,0.55792,0.41281
0.12000,0.070000,0.54301,0.42806
0.13000,0.070000,0.52478,0.44701
0.14000,0.070000,0.50387,0.46875
0.15000,0.070000,0.48101,0.49222
0.16000,0.070000,0.45709,0.51624
0.17000,0.070000,0.43311,0.53958
0.18000,0.070000,0.41011,0.56106
0.19000,0.070000,0.38912,0.57968
0.20000,0.070000,0.37101,0.59467
0.21000,0.070000,0.35648,0.60560
0.22000,0.070000,0.34599,0.61233
0.23000,0.070000,0.33977,0.61501
0.24000,0.070000,0.33788,0.61396
0.25000,0.070000,0.34022,0.60959
0.26000,0.070000,0.34660,0.60231
0.27000,0.070000,0.35674,0.59245
0.28000,0.070000,0.37035,0.58030
0.29000,0.070000,0.38707,0.56603
0.30000,0.070000,0.40646,0.54978
0.31000,0.070000,0.42803,0.53174
0.32000,0.070000,0.45115,0.51215
0.33000,0.070000,0.47509,0.49143
0.34000,0.070000,0.49898,0.47015
0.35000,0.070000,0.52187,0.44904
0.36000,0.070000,0.54282,0.42896
0.37000,0.070000,0.56095,0.41078
0.38000,0.070000,0.57557,0.39531
0.39000,0.070000,0.58621,0.38323
0.40000,0.070000,0.59267,0.37501
0.41000,0.070000,0.59498,0.37094
0.42000,0.070000,0.59337,0.37109
0.43000,0.070000,0.58817,0.37538
0.44000,0.070000,0.57979,0.38355
0.45000,0.070000,0.56867,0.39522
0.46000,0.070000,0.55527,0.40987
0.47000,0.070000,0.54006,0.42686
0.48000,0.070000,0.52359,0.44547
0.49000,0.070000,0.50645,0.46485
0.50000,0.070000,0.48933,0.48411
0.51000,0.070000,0.47294,0.50234
0.52000,0.070000,0.45801,0.51868
0.53000,0.070000,0.44522,0.53241
0.54000,0.070000,0.43514,0.54298
0.55000,0.070000,0.42819,0.55006
0.56000,0.070000,0.42457,0.55355
0.57000,0.070000,0.42431,0.55360
0.58000,0.070000,0.42722,0.55051
0.59000,0.070000,0.43295,0.54474
0.60000,0.070000,0.44099,0.53684
0.61000,0.070000,0.45074,0.52743
0.62000,0.070000,0.46151,0.51714
0.63000,0.070000,0.47261,0.50661
0.64000,0.070000,0.48336,0.49645
0.65000,0.070000,0.49317,0.48719
0.66000,0.070000,0.50152,0.47932
0.67000,0.070000,0.50805,0.47318
0.68000,0.070000,0.51254,0.46898
0.69000,0.070000,0.51491,0.46683
0.70000,0.070000,0.51526,0.46666
0.71000,0.070000,0.51380,0.46828
0.72000,0.070000,0.51082,0.47141
0.73000,0.070000,0.50672,0.47567
0.74000,0.070000,0.50189,0.48064
0.75000,0.070000,0.49675,0.48590
0.76000,0.070000,0.49169,0.49105
0.77000,0.070000,0.48706,0.49575
0.78000,0.070000,0.48313,0.49970
0.79000,0.070000,0.48011,0.50272
0.80000,0.070000,0.47811,0.50470
0.81000,0.070000,0.47719,0.50560
0.82000,0.070000,0.47730,0.50548
0.83000,0.070000,0.47834,0.50443
0.84000,0.070000,0.48018,0.50262
0.85000,0.070000,0.48261,0.50022
0.86000,0.070000,0.48543,0.49744
0.87000,0.070000,0.48843,0.49449
0.88000,0.070000,0.49139,0.49158
0.89000,0.070000,0.49412,0.48889
0.90000,0.070000,0.49645,0.48659
0.91000,0.070000,0.49826,0.48481
0.92000,0.070000,0.49943,0.48367
0.93000,0.070000,0.49990,0.48323
0.94000,0.070000,0.49964,0.48352
0.95000,0.070000,0.49865,0.48453
0.96000,0.070000,0.49694,0.48626
0.97000,0.070000,0.49452,0.48869
0.98000,0.070000,0.49123,0.49200
0.99000,0.070000,0.48646,0.49683
1.0000,0.070000,0.47846,0.50504
0.0000,0.080000,0.47424,0.50928
0.010000,0.080000,0.47156,0.51195
0.020000,0.080000,0.48322,0.49947
0.030000,0.080000,0.50209,0.47944
0.040000,0.080000,0.52372,0.45633
0.050000,0.080000,0.54490,0.43328
0.060000,0.080000,0.56326,0.41263
0.070000,0.080000,0.57725,0.39610
0.080000,0.080000,0.58603,0.38478
0.090000,0.080000,0.58934,0.37923
0.10000,0.080000,0.58731,0.37964
0.11000,0.080000,0.58026,0.38586
0.12000,0.080000,0.56860,0.39754
0.13000,0.080000,0.55276,0.41413
0.14000,0.080000,0.53321,0.43487
0.15000,0.080000,0.51054,0.45884
0.16000,0.080000,0.48550,0.48487
0.17000,0.080000,0.45904,0.51168
0.18000,0.080000,0.43225,0.53789
0.19000,0.080000,0.40634,0.56214
0.20000,0.080000,0.38247,0.58329
0.21000,0.080000,0.36163,0.60047
0.22000,0.080000,0.34462,0.61320
0.23000,0.080000,0.33196,0.62137
0.24000,0.080000,0.32393,0.62515
0.25000,0.080000,0.32059,0.62492
0.26000,0.080000,0.32188,0.62113
0.27000,0.080000,0.32762,0.61423
0.28000,0.080000,0.33758,0.60456
0.29000,0.080000,0.35148,0.59236
0.30000,0.080000,0.36897,0.57776
0.31000,0.080000,0.38965,0.56086
0.32000,0.080000,0.41302,0.54177
0.33000,0.080000,0.43840,0.52072
0.34000,0.080000,0.46497,0.49811
0.35000,0.080000,0.49175,0.47457
0.36000,0.080000,0.51765,0.45093
0.37000,0.080000,0.54156,0.42817
0.38000,0.080000,0.56245,0.40728
0.39000,0.080000,0.57951,0.38922
0.40000,0.080000,0.59222,0.37476
0.41000,0.080000,0.60033,0.36449
0.42000,0.080000,0.60389,0.35874
0.43000,0.080000,0.60314,0.35764
0.44000,0.080000,0.59845,0.36113
0.45000,0.080000,0.59025,0.36900
0.46000,0.080000,0.57897,0.38086
0.47000,0.080000,0.56507,0.39620
0.48000,0.080000,0.54903,0.41437
0.49000,0.080000,0.53141,0.43458
0.50000,0.080000,0.51284,0.45590
0.51000,0.080000,0.49407,0.47732
0.52000,0.080000,0.47590,0.49780
0.53000,0.080000,0.45917,0.51635
0.54000,0.080000,0.44465,0.53210
0.55000,0.080000,0.43300,0.54440
0.56000,0.080000,0.42471,0.55288
0.57000,0.080000,0.42003,0.55742
0.58000,0.080000,0.41900,0.55815
0.59000,0.080000,0.42145,0.55542
0.60000,0.080000,0.42700,0.54973
0.61000,0.080000,0.43513,0.54167
0.62000,0.080000,0.44519,0.53192
0.63000,0.080000,0.45644,0.52118
0.64000,0.080000,0.46813,0.51013
0.65000,0.080000,0.47951,0.49944
0.66000,0.080000,0.48993,0.48970
0.67000,0.080000,0.49882,0.48144
0.68000,0.080000,0.50577,0.47502
0.69000,0.080000,0.51053,0.47069
0.70000,0.080000,0.51304,0.46851
0.71000,0.080000,0.51340,0.46843
0.72000,0.080000,0.51185,0.47021
0.73000,0.080000,0.50874,0.47351
0.74000,0.080000,0.50450,0.47792
0.75000,0.080000,0.49959,0.48297
0.76000,0.080000,0.49449,0.48820
0.77000,0.080000,0.48961,0.49317
0.78000,0.080000,0.48532,0.49751
0.79000,0.080000,0.48191,0.50094
0.80000,0.080000,0.47958,0.50327
0.81000,0.080000,0.47842,0.50443
0.82000,0.080000,0.47842,0.50442
0.83000,0.080000,0.47950,0.50333
0.84000,0.080000,0.48150,0.50135
0.85000,0.080000,0.48419,0.49868
0.86000,0.080000,0.48731,0.49558
0.87000,0.080000,0.49061,0.49231
0.88000,0.080000,0.49381,0.48915
0.89000,0.080000,0.49667,0.48632
0.90000,0.080000,0.49898,0.48403
0.91000,0.080000,0.50059,0.48245
0.92000,0.080000,0.50140,0.48167
0.93000,0.080000,0.50136,0.48173
0.94000,0.080000,0.50049,0.48263
0.95000,0.080000,0.49885,0.48429
0.96000,0.080000,0.49653,0.48662
0.97000,0.080000,0.49356,0.48960
0.98000,0.080000,0.48972,0.49344
0.99000,0.080000,0.48412,0.49908
1.0000,0.080000,0.47424,0.50928
0.0000,0.090000,0.47031,0.51313
0.010000,0.090000,0.46465,0.51891
0.020000,0.090000,0.47360,0.50915
0.030000,0.090000,0.49092,0.49057
0.040000,0.090000,0.51262,0.46722
0.050000,0.090000,0.53557,0.44212
0.060000,0.090000,0.55720,0.41780
0.070000,0.090000,0.57556,0.39632
0.080000,0.090000,0.58934,0.37923
0.090000,0.090000,0.59786,0.36757
0.10000,0.090000,0.60095,0.36190
0.11000,0.090000,0.59869,0.36244
0.12000,0.090000,0.59136,0.36910
0.13000,0.090000,0.57924,0.38160
0.14000,0.090000,0.56265,0.39943
0.15000,0.090000,0.54196,0.42189
0.16000,0.090000,0.51771,0.44800
0.17000,0.090000,0.49064,0.47656
0.18000,0.090000,0.46173,0.50614
0.19000,0.090000,0.43220,0.53521
0.20000,0.090000,0.40338,0.56226
0.21000,0.090000,0.37658,0.58597
0.22000,0.090000,0.35293,0.60540
0.23000,0.090000,0.33332,0.62002
0.24000,0.090000,0.31835,0.62971
0.25000,0.090000,0.30833,0.63470
0.26000,0.090000,0.30336,0.63543
0.27000,0.090000,0.30339,0.63240
0.28000,0.090000,0.30829,0.62606
0.29000,0.090000,0.31786,0.61677
0.30000,0.090000,0.33185,0.60471
0.31000,0.090000,0.34997,0.58996
0.32000,0.090000,0.37184,0.57255
0.33000,0.090000,0.39694,0.55253
0.34000,0.090000,0.42457,0.53007
0.35000,0.090000,0.45384,0.50559
0.36000,0.090000,0.48362,0.47975
0.37000,0.090000,0.51267,0.45349
0.38000,0.090000,0.53968,0.42790
0.39000,0.090000,0.56348,0.40414
0.40000,0.090000,0.58314,0.38331
0.41000,0.090000,0.59803,0.36630
0.42000,0.090000,0.60791,0.35378
0.43000,0.090000,0.61284,0.34617
0.44000,0.090000,0.61307,0.34365
0.45000,0.090000,0.60901,0.34619
0.46000,0.090000,0.60108,0.35362
0.47000,0.090000,0.58973,0.36559
0.48000,0.090000,0.57540,0.38157
0.49000,0.090000,0.55858,0.40091
0.50000,0.090000,0.53983,0.42276
0.51000,0.090000,0.51982,0.44611
0.52000,0.090000,0.49937,0.46981
0.53000,0.090000,0.47935,0.49268
0.54000,0.090000,0.46072,0.51356
0.55000,0.090000,0.44435,0.53147
0.56000,0.090000,0.43100,0.54565
0.57000,0.090000,0.42120,0.55565
0.58000,0.090000,0.41529,0.56135
0.59000,0.090000,0.41331,0.56290
0.60000,0.090000,0.41510,0.56066
0.61000,0.090000,0.42028,0.55519
0.62000,0.090000,0.42831,0.54713
0.63000,0.090000,0.43851,0.53719
0.64000,0.090000,0.45010,0.52613
0.65000,0.090000,0.46227,0.51469
0.66000,0.090000,0.47423,0.50357
0.67000,0.090000,0.48524,0.49342
0.68000,0.090000,0.49470,0.48478
0.69000,0.090000,0.50215,0.47805
0.70000,0.090000,0.50733,0.47348
0.71000,0.090000,0.51016,0.47114
0.72000,0.090000,0.51077,0.47091
0.73000,0.090000,0.50942,0.47256
0.74000,0.090000,0.50651,0.47570
0.75000,0.090000,0.50253,0.47988
0.76000,0.090000,0.49795,0.48460
0.77000,0.090000,0.49329,0.48938
0.78000,0.090000,0.48899,0.49376
0.79000,0.090000,0.48541,0.49738
0.80000,0.090000,0.48283,0.49998
0.81000,0.090000,0.48140,0.50141
0.82000,0.090000,0.48118,0.50163
0.83000,0.090000,0.48210,0.50071
0.84000,0.090000,0.48400,0.49881
0.85000,0.090000,0.48666,0.49616
0.86000,0.090000,0.48979,0.49305
0.87000,0.090000,0.49308,0.48978
0.88000,0.090000,0.49624,0.48665
0.89000,0.090000,0.49897,0.48395
0.90000,0.090000,0.50106,0.48190
0.91000,0.090000,0.50232,0.48067
0.92000,0.090000,0.50267,0.48035
0.93000,0.090000,0.50209,0.48096
0.94000,0.090000,0.50065,0.48242
0.95000,0.090000,0.49847,0.48461
0.96000,0.090000,0.49569,0.48739
0.97000,0.090000,0.49234,0.49072
0.98000,0.090000,0.48813,0.49490
0.99000,0.090000,0.48187,0.50117
1.0000,0.090000,0.47031,0.51313
0.0000,0.10000,0.46685,0.51636
0.010000,0.10000,0.45822,0.52526
0.020000,0.10000,0.46391,0.51882
0.030000,0.10000,0.47879,0.50270
0.040000,0.10000,0.49946,0.48035
0.050000,0.10000,0.52305,0.45449
0.060000,0.10000,0.54696,0.42762
0.070000,0.10000,0.56894,0.40203
0.080000,0.10000,0.58731,0.37964
0.090000,0.10000,0.60095,0.36190
0.10000,0.10000,0.60932,0.34981
0.11000,0.10000,0.61229,0.34394
0.12000,0.10000,0.60994,0.34452
0.13000,0.10000,0.60247,0.35154
0.14000,0.10000,0.59006,0.36478
0.15000,0.10000,0.57289,0.38380
0.16000,0.10000,0.55123,0.40791
0.17000,0.10000,0.52553,0.43615
0.18000,0.10000,0.49649,0.46724
0.19000,0.10000,0.46517,0.49965
0.20000,0.10000,0.43287,0.53167
0.21000,0.10000,0.40106,0.56161
0.22000,0.10000,0.37122,0.58800
0.23000,0.10000,0.34463,0.60980
0.24000,0.10000,0.32228,0.62641
0.25000,0.10000,0.30484,0.63774
0.26000,0.10000,0.29267,0.64407
0.27000,0.10000,0.28591,0.64589
0.28000,0.10000,0.28455,0.64374
0.29000,0.10000,0.28847,0.63810
0.30000,0.10000,0.29752,0.62930
0.31000,0.10000,0.31151,0.61749
0.32000,0.10000,0.33019,0.60269
0.33000,0.10000,0.35321,0.58483
0.34000,0.10000,0.38007,0.56389
0.35000,0.10000,0.41002,0.54001
0.36000,0.10000,0.44208,0.51360
0.37000,0.10000,0.47501,0.48536
0.38000,0.10000,0.50735,0.45634
0.39000,0.10000,0.53763,0.42776
0.40000,0.10000,0.56448,0.40097
0.41000,0.10000,0.58684,0.37719
0.42000,0.10000,0.60402,0.35746
0.43000,0.10000,0.61575,0.34256
0.44000,0.10000,0.62209,0.33297
0.45000,0.10000,0.62336,0.32894
0.46000,0.10000,0.61996,0.33048
0.47000,0.10000,0.61234,0.33744
0.48000,0.10000,0.60093,0.34951
0.49000,0.10000,0.58618,0.36618
0.50000,0.10000,0.56856,0.38676
0.51000,0.10000,0.54864,0.41036
0.52000,0.10000,0.52713,0.43586
0.53000,0.10000,0.50490,0.46199
0.54000,0.10000,0.48294,0.48740
0.55000,0.10000,0.46228,0.51077
0.56000,0.10000,0.44393,0.53096
0.57000,0.10000,0.42871,0.54713
0.58000,0.10000,0.41725,0.55877
0.59000,0.10000,0.40991,0.56574
0.60000,0.10000,0.40680,0.56820
0.61000,0.10000,0.40776,0.56657
0.62000,0.10000,0.41241,0.56142
0.63000,0.10000,0.42021,0.55346
0.64000,0.10000,0.43044,0.54344
0.65000,0.10000,0.44232,0.53214
0.66000,0.10000,0.45497,0.52035
0.67000,0.10000,0.46755,0.50881
0.68000,0.10000,0.47927,0.49820
0.69000,0.10000,0.48946,0.48909
0.70000,0.10000,0.49762,0.48190
0.71000,0.10000,0.50347,0.47687
0.72000,0.10000,0.50693,0.47407
0.73000,0.10000,0.50813,0.47338
0.74000,0.10000,0.50737,0.47452
0.75000,0.10000,0.50507,0.47709
0.76000,0.10000,0.50174,0.48062
0.77000,0.10000,0.49789,0.48460
0.78000,0.10000,0.49403,0.48855
0.79000,0.10000,0.49059,0.49204
0.80000,0.10000,0.48792,0.49474
0.81000,0.10000,0.48626,0.49641
0.82000,0.10000,0.48571,0.49696
0.83000,0.10000,0.48625,0.49641
0.84000,0.10000,0.48778,0.49489
0.85000,0.10000,0.49007,0.49261
0.86000,0.10000,0.49284,0.48986
0.87000,0.10000,0.49577,0.48696
0.88000,0.10000,0.49855,0.48422
0.89000,0.10000,0.50088,0.48195
0.90000,0.10000,0.50251,0.48037
0.91000,0.10000,0.50328,0.47965
0.92000,0.10000,0.50311,0.47986
0.93000,0.10000,0.50202,0.48099
0.94000,0.10000,0.50011,0.48291
0.95000,0.10000,0.49756,0.48547
0.96000,0.10000,0.49450,0.48850
0.97000,0.10000,0.49097,0.49197
0.98000,0.10000,0.48656,0.49628
0.99000,0.10000,0.47982,0.50297
1.0000,0.10000,0.46685,0.51636
0.0000,0.11000,0.46399,0.51882
0.010000,0.11000,0.45252,0.53065
0.020000,0.11000,0.45459,0.52795
0.030000,0.11000,0.46628,0.51515
0.040000,0.11000,0.48492,0.49494
0.050000,0.11000,0.50804,0.46960
0.060000,0.11000,0.53317,0.44145
0.070000,0.11000,0.55792,0.41281
0.080000,0.11000,0.58026,0.38586
0.090000,0.11000,0.59869,0.36244
0.10000,0.11000,0.61229,0.34394
0.11000,0.11000,0.62062,0.33132
0.12000,0.11000,0.62360,0.32515
0.13000,0.11000,0.62130,0.32572
0.14000,0.11000,0.61384,0.33305
0.15000,0.11000,0.60126,0.34700
0.16000,0.11000,0.58363,0.36718
0.17000,0.11000,0.56108,0.39296
0.18000,0.11000,0.53397,0.42338
0.19000,0.11000,0.50298,0.45709
0.20000,0.11000,0.46919,0.49244
0.21000,0.11000,0.43401,0.52755
0.22000,0.11000,0.39909,0.56053
0.23000,0.11000,0.36607,0.58976
0.24000,0.11000,0.33638,0.61404
0.25000,0.11000,0.31115,0.63276
0.26000,0.11000,0.29113,0.64584
0.27000,0.11000,0.27673,0.65360
0.28000,0.11000,0.26812,0.65659
0.29000,0.11000,0.26531,0.65539
0.30000,0.11000,0.26823,0.65050
0.31000,0.11000,0.27676,0.64223
0.32000,0.11000,0.29076,0.63069
0.33000,0.11000,0.31002,0.61582
0.34000,0.11000,0.33423,0.59749
0.35000,0.11000,0.36289,0.57559
0.36000,0.11000,0.39525,0.55022
0.37000,0.11000,0.43022,0.52177
0.38000,0.11000,0.46641,0.49101
0.39000,0.11000,0.50218,0.45907
0.40000,0.11000,0.53584,0.42736
0.41000,0.11000,0.56584,0.39737
0.42000,0.11000,0.59096,0.37052
0.43000,0.11000,0.61045,0.34799
0.44000,0.11000,0.62403,0.33065
0.45000,0.11000,0.63179,0.31906
0.46000,0.11000,0.63406,0.31353
0.47000,0.11000,0.63129,0.31411
0.48000,0.11000,0.62394,0.32069
0.49000,0.11000,0.61243,0.33295
0.50000,0.11000,0.59719,0.35043
0.51000,0.11000,0.57870,0.37239
0.52000,0.11000,0.55752,0.39789
0.53000,0.11000,0.53440,0.42571
0.54000,0.11000,0.51028,0.45442
0.55000,0.11000,0.48624,0.48251
0.56000,0.11000,0.46342,0.50848
0.57000,0.11000,0.44292,0.53105
0.58000,0.11000,0.42569,0.54928
0.59000,0.11000,0.41240,0.56261
0.60000,0.11000,0.40350,0.57090
0.61000,0.11000,0.39911,0.57434
0.62000,0.11000,0.39912,0.57337
0.63000,0.11000,0.40315,0.56861
0.64000,0.11000,0.41067,0.56079
0.65000,0.11000,0.42097,0.55069
0.66000,0.11000,0.43320,0.53914
0.67000,0.11000,0.44647,0.52693
0.68000,0.11000,0.45986,0.51486
0.69000,0.11000,0.47253,0.50363
0.70000,0.11000,0.48374,0.49382
0.71000,0.11000,0.49294,0.48589
0.72000,0.11000,0.49982,0.48008
0.73000,0.11000,0.50428,0.47646
0.74000,0.11000,0.50647,0.47490
0.75000,0.11000,0.50667,0.47512
0.76000,0.11000,0.50534,0.47673
0.77000,0.11000,0.50298,0.47926
0.78000,0.11000,0.50012,0.48221
0.79000,0.11000,0.49723,0.48514
0.80000,0.11000,0.49473,0.48765
0.81000,0.11000,0.49291,0.48946
0.82000,0.11000,0.49198,0.49040
0.83000,0.11000,0.49197,0.49040
0.84000,0.11000,0.49283,0.48955
0.85000,0.11000,0.49440,0.48802
0.86000,0.11000,0.49642,0.48604
0.87000,0.11000,0.49861,0.48392
0.88000,0.11000,0.50065,0.48195
0.89000,0.11000,0.50227,0.48041
0.90000,0.11000,0.50323,0.47953
0.91000,0.11000,0.50339,0.47945
0.92000,0.11000,0.50268,0.48023
0.93000,0.11000,0.50114,0.48181
0.94000,0.11000,0.49891,0.48406
0.95000,0.11000,0.49616,0.48680
0.96000,0.11000,0.49304,0.48986
0.97000,0.11000,0.48952,0.49326
0.98000,0.11000,0.48509,0.49751
0.99000,0.11000,0.47806,0.50438
1.0000,0.11000,0.46399,0.51882
0.0000,0.12000,0.46186,0.52040
0.010000,0.12000,0.44781,0.53483
0.020000,0.12000,0.44603,0.53609
0.030000,0.12000,0.45392,0.52726
0.040000,0.12000,0.46962,0.51021
0.050000,0.12000,0.49121,0.48664
0.060000,0.12000,0.51646,0.45852
0.070000,0.12000,0.54301,0.42806
0.080000,0.12000,0.56860,0.39754
0.090000,0.12000,0.59136,0.36910
0.10000,0.12000,0.60994,0.34452
0.11000,0.12000,0.62360,0.32515
0.12000,0.12000,0.63200,0.31194
0.13000,0.12000,0.63511,0.30545
0.14000,0.12000,0.63296,0.30599
0.15000,0.12000,0.62559,0.31366
0.16000,0.12000,0.61292,0.32835
0.17000,0.12000,0.59487,0.34975
0.18000,0.12000,0.57144,0.37729
0.19000,0.12000,0.54289,0.40999
0.20000,0.12000,0.50986,0.44646
0.21000,0.12000,0.47348,0.48491
0.22000,0.12000,0.43529,0.52328
0.23000,0.12000,0.39709,0.55946
0.24000,0.12000,0.36073,0.59165
0.25000,0.12000,0.32784,0.61853
0.26000,0.12000,0.29966,0.63944
0.27000,0.12000,0.27704,0.65431
0.28000,0.12000,0.26044,0.66352
0.29000,0.12000,0.25004,0.66767
0.30000,0.12000,0.24588,0.66741
0.31000,0.12000,0.24790,0.66323
0.32000,0.12000,0.25601,0.65545
0.33000,0.12000,0.27010,0.64411
0.34000,0.12000,0.29002,0.62910
0.35000,0.12000,0.31549,0.61020
0.36000,0.12000,0.34603,0.58726
0.37000,0.12000,0.38087,0.56029
0.38000,0.12000,0.41883,0.52968
0.39000,0.12000,0.45836,0.49627
0.40000,0.12000,0.49762,0.46130
0.41000,0.12000,0.53470,0.42634
0.42000,0.12000,0.56785,0.39308
0.43000,0.12000,0.59571,0.36312
0.44000,0.12000,0.61746,0.33778
0.45000,0.12000,0.63282,0.31805
0.46000,0.12000,0.64191,0.30457
0.47000,0.12000,0.64509,0.29768
0.48000,0.12000,0.64285,0.29746
0.49000,0.12000,0.63566,0.30382
0.50000,0.12000,0.62393,0.31647
0.51000,0.12000,0.60810,0.33492
0.52000,0.12000,0.58861,0.35844
0.53000,0.12000,0.56605,0.38600
0.54000,0.12000,0.54120,0.41627
0.55000,0.12000,0.51506,0.44769
0.56000,0.12000,0.48881,0.47855
0.57000,0.12000,0.46370,0.50718
0.58000,0.12000,0.44093,0.53216
0.59000,0.12000,0.42154,0.55246
0.60000,0.12000,0.40633,0.56749
0.61000,0.12000,0.39576,0.57709
0.62000,0.12000,0.39004,0.58149
0.63000,0.12000,0.38907,0.58116
0.64000,0.12000,0.39253,0.57675
0.65000,0.12000,0.39988,0.56900
0.66000,0.12000,0.41039,0.55874
0.67000,0.12000,0.42321,0.54678
0.68000,0.12000,0.43738,0.53398
0.69000,0.12000,0.45192,0.52114
0.70000,0.12000,0.46590,0.50900
0.71000,0.12000,0.47850,0.49818
0.72000,0.12000,0.48913,0.48915
0.73000,0.12000,0.49741,0.48218
0.74000,0.12000,0.50324,0.47735
0.75000,0.12000,0.50672,0.47455
0.76000,0.12000,0.50818,0.47352
0.77000,0.12000,0.50803,0.47390
0.78000,0.12000,0.50677,0.47524
0.79000,0.12000,0.50491,0.47710
0.80000,0.12000,0.50290,0.47908
0.81000,0.12000,0.50110,0.48084
0.82000,0.12000,0.49979,0.48212
0.83000,0.12000,0.49910,0.48282
0.84000,0.12000,0.49906,0.48289
0.85000,0.12000,0.49958,0.48244
0.86000,0.12000,0.50048,0.48163
0.87000,0.12000,0.50155,0.48069
0.88000,0.12000,0.50252,0.47986
0.89000,0.12000,0.50315,0.47936
0.90000,0.12000,0.50324,0.47940
0.91000,0.12000,0.50268,0.48008
0.92000,0.12000,0.50143,0.48142
0.93000,0.12000,0.49953,0.48338
0.94000,0.12000,0.49713,0.48580
0.95000,0.12000,0.49437,0.48852
0.96000,0.12000,0.49137,0.49141
0.97000,0.12000,0.48805,0.49455
0.98000,0.12000,0.48378,0.49854
0.99000,0.12000,0.47667,0.50535
1.0000,0.12000,0.46186,0.52040
0.0000,0.13000,0.46055,0.52103
0.010000,0.13000,0.44426,0.53761
0.020000,0.13000,0.43857,0.54286
0.030000,0.13000,0.44222,0.53845
0.040000,0.13000,0.45421,0.52537
0.050000,0.13000,0.47323,0.50471
0.060000,0.13000,0.49749,0.47795
0.070000,0.13000,0.52478,0.44701
0.080000,0.13000,0.55276,0.41413
0.090000,0.13000,0.57924,0.38160
0.10000,0.13000,0.60247,0.35154
0.11000,0.13000,0.62130,0.32572
0.12000,0.13000,0.63511,0.30545
0.13000,0.13000,0.64366,0.29166
0.14000,0.13000,0.64696,0.28490
0.15000,0.13000,0.64501,0.28550
0.16000,0.13000,0.63774,0.29360
0.17000,0.13000,0.62495,0.30915
0.18000,0.13000,0.60644,0.33190
0.19000,0.13000,0.58206,0.36132
0.20000,0.13000,0.55197,0.39644
0.21000,0.13000,0.51678,0.43583
0.22000,0.13000,0.47766,0.47753
0.23000,0.13000,0.43630,0.51930
0.24000,0.13000,0.39470,0.55881
0.25000,0.13000,0.35493,0.59403
0.26000,0.13000,0.31880,0.62355
0.27000,0.13000,0.28772,0.64664
0.28000,0.13000,0.26261,0.66327
0.29000,0.13000,0.24396,0.67388
0.30000,0.13000,0.23198,0.67912
0.31000,0.13000,0.22668,0.67969
0.32000,0.13000,0.22800,0.67612
0.33000,0.13000,0.23586,0.66868
0.34000,0.13000,0.25018,0.65742
0.35000,0.13000,0.27086,0.64214
0.36000,0.13000,0.29765,0.62257
0.37000,0.13000,0.33012,0.59847
0.38000,0.13000,0.36746,0.56980
0.39000,0.13000,0.40841,0.53696
0.40000,0.13000,0.45127,0.50081
0.41000,0.13000,0.49400,0.46274
0.42000,0.13000,0.53444,0.42450
0.43000,0.13000,0.57064,0.38797
0.44000,0.13000,0.60113,0.35496
0.45000,0.13000,0.62502,0.32695
0.46000,0.13000,0.64201,0.30501
0.47000,0.13000,0.65228,0.28986
0.48000,0.13000,0.65622,0.28184
0.49000,0.13000,0.65435,0.28108
0.50000,0.13000,0.64716,0.28746
0.51000,0.13000,0.63508,0.30071
0.52000,0.13000,0.61850,0.32035
0.53000,0.13000,0.59788,0.34559
0.54000,0.13000,0.57381,0.37535
0.55000,0.13000,0.54710,0.40819
0.56000,0.13000,0.51883,0.44237
0.57000,0.13000,0.49025,0.47601
0.58000,0.13000,0.46273,0.50728
0.59000,0.13000,0.43760,0.53462
0.60000,0.13000,0.41601,0.55691
0.61000,0.13000,0.39882,0.57354
0.62000,0.13000,0.38661,0.58436
0.63000,0.13000,0.37963,0.58962
0.64000,0.13000,0.37783,0.58981
0.65000,0.13000,0.38092,0.58560
0.66000,0.13000,0.38836,0.57775
0.67000,0.13000,0.39943,0.56708
0.68000,0.13000,0.41321,0.55447
0.69000,0.13000,0.42869,0.54077
0.70000,0.13000,0.44479,0.52683
0.71000,0.13000,0.46048,0.51343
0.72000,0.13000,0.47486,0.50123
0.73000,0.13000,0.48725,0.49074
0.74000,0.13000,0.49723,0.48226
0.75000,0.13000,0.50464,0.47591
0.76000,0.13000,0.50958,0.47163
0.77000,0.13000,0.51235,0.46920
0.78000,0.13000,0.51334,0.46830
0.79000,0.13000,0.51304,0.46856
0.80000,0.13000,0.51191,0.46958
0.81000,0.13000,0.51038,0.47100
0.82000,0.13000,0.50878,0.47253
0.83000,0.13000,0.50736,0.47395
0.84000,0.13000,0.50625,0.47512
0.85000,0.13000,0.50547,0.47603
0.86000,0.13000,0.50495,0.47672
0.87000,0.13000,0.50457,0.47731
0.88000,0.13000,0.50416,0.47794
0.89000,0.13000,0.50356,0.47876
0.90000,0.13000,0.50262,0.47989
0.91000,0.13000,0.50127,0.48141
0.92000,0.13000,0.49948,0.48331
0.93000,0.13000,0.49731,0.48555
0.94000,0.13000,0.49487,0.48800
0.95000,0.13000,0.49228,0.49053
0.96000,0.13000,0.48959,0.49307
0.97000,0.13000,0.48663,0.49577
0.98000,0.13000,0.48268,0.49933
0.99000,0.13000,0.47569,0.50586
1.0000,0.13000,0.46055,0.52103
0.0000,0.14000,0.46010,0.52072
0.010000,0.14000,0.44203,0.53890
0.020000,0.14000,0.43253,0.54796
0.030000,0.14000,0.43166,0.54817
0.040000,0.14000,0.43931,0.53968
0.050000,0.14000,0.45484,0.52290
0.060000,0.14000,0.47699,0.49876
0.070000,0.14000,0.50387,0.46875
0.080000,0.14000,0.53321,0.43487
0.090000,0.14000,0.56265,0.39943
0.10000,0.14000,0.59006,0.36478
0.11000,0.14000,0.61384,0.33305
0.12000,0.14000,0.63296,0.30599
0.13000,0.14000,0.64696,0.28490
0.14000,0.14000,0.65570,0.27065
0.15000,0.14000,0.65918,0.26379
0.16000,0.14000,0.65738,0.26464
0.17000,0.14000,0.65013,0.27335
0.18000,0.14000,0.63714,0.28993
0.19000,0.14000,0.61805,0.31418
0.20000,0.14000,0.59259,0.34562
0.21000,0.14000,0.56082,0.38330
0.22000,0.14000,0.52334,0.42571
0.23000,0.14000,0.48136,0.47078
0.24000,0.14000,0.43673,0.51602
0.25000,0.14000,0.39167,0.55888
0.26000,0.14000,0.34850,0.59713
0.27000,0.14000,0.30923,0.62923
0.28000,0.14000,0.27542,0.65442
0.29000,0.14000,0.24807,0.67270
0.30000,0.14000,0.22768,0.68455
0.31000,0.14000,0.21441,0.69074
0.32000,0.14000,0.20826,0.69197
0.33000,0.14000,0.20913,0.68882
0.34000,0.14000,0.21694,0.68157
0.35000,0.14000,0.23164,0.67023
0.36000,0.14000,0.25316,0.65455
0.37000,0.14000,0.28131,0.63420
0.38000,0.14000,0.31569,0.60884
0.39000,0.14000,0.35548,0.57842
0.40000,0.14000,0.39934,0.54329
0.41000,0.14000,0.44542,0.50440
0.42000,0.14000,0.49147,0.46326
0.43000,0.14000,0.53511,0.42180
0.44000,0.14000,0.57419,0.38214
0.45000,0.14000,0.60711,0.34626
0.46000,0.14000,0.63293,0.31581
0.47000,0.14000,0.65136,0.29196
0.48000,0.14000,0.66260,0.27545
0.49000,0.14000,0.66710,0.26664
0.50000,0.14000,0.66542,0.26563
0.51000,0.14000,0.65805,0.27232
0.52000,0.14000,0.64543,0.28642
0.53000,0.14000,0.62796,0.30742
0.54000,0.14000,0.60607,0.33453
0.55000,0.14000,0.58037,0.36657
0.56000,0.14000,0.55171,0.40200
0.57000,0.14000,0.52121,0.43891
0.58000,0.14000,0.49024,0.47524
0.59000,0.14000,0.46027,0.50901
0.60000,0.14000,0.43278,0.53855
0.61000,0.14000,0.40901,0.56266
0.62000,0.14000,0.38996,0.58071
0.63000,0.14000,0.37628,0.59255
0.64000,0.14000,0.36828,0.59845
0.65000,0.14000,0.36597,0.59892
0.66000,0.14000,0.36907,0.59464
0.67000,0.14000,0.37705,0.58639
0.68000,0.14000,0.38913,0.57500
0.69000,0.14000,0.40435,0.56137
0.70000,0.14000,0.42159,0.54641
0.71000,0.14000,0.43966,0.53101
0.72000,0.14000,0.45742,0.51600
0.73000,0.14000,0.47385,0.50210
0.74000,0.14000,0.48819,0.48986
0.75000,0.14000,0.49994,0.47966
0.76000,0.14000,0.50893,0.47168
0.77000,0.14000,0.51522,0.46591
0.78000,0.14000,0.51906,0.46221
0.79000,0.14000,0.52086,0.46031
0.80000,0.14000,0.52106,0.45991
0.81000,0.14000,0.52011,0.46066
0.82000,0.14000,0.51842,0.46221
0.83000,0.14000,0.51634,0.46427
0.84000,0.14000,0.51410,0.46659
0.85000,0.14000,0.51187,0.46901
0.86000,0.14000,0.50973,0.47142
0.87000,0.14000,0.50768,0.47379
0.88000,0.14000,0.50567,0.47613
0.89000,0.14000,0.50365,0.47846
0.90000,0.14000,0.50155,0.48083
0.91000,0.14000,0.49934,0.48325
0.92000,0.14000,0.49703,0.48571
0.93000,0.14000,0.49466,0.48816
0.94000,0.14000,0.49230,0.49052
0.95000,0.14000,0.49001,0.49272
0.96000,0.14000,0.48776,0.49477
0.97000,0.14000,0.48530,0.49690
0.98000,0.14000,0.48181,0.49989
0.99000,0.14000,0.47516,0.50591
1.0000,0.14000,0.46010,0.52072
0.0000,0.15000,0.46054,0.51952
0.010000,0.15000,0.44120,0.53866
0.020000,0.15000,0.42815,0.55117
0.030000,0.15000,0.42268,0.55599
0.040000,0.15000,0.42555,0.55245
0.050000,0.15000,0.43680,0.54031
0.060000,0.15000,0.45576,0.51991
0.070000,0.15000,0.48101,0.49222
0.080000,0.15000,0.51054,0.45884
0.090000,0.15000,0.54196,0.42189
0.10000,0.15000,0.57289,0.38380
0.11000,0.15000,0.60126,0.34700
0.12000,0.15000,0.62559,0.31366
0.13000,0.15000,0.64501,0.28550
0.14000,0.15000,0.65918,0.26379
0.15000,0.15000,0.66803,0.24934
0.16000,0.15000,0.67160,0.24264
0.17000,0.15000,0.66983,0.24399
0.18000,0.15000,0.66248,0.25353
0.19000,0.15000,0.64914,0.27131
0.20000,0.15000,0.62932,0.29721
0.21000,0.15000,0.60265,0.33077
0.22000,0.15000,0.56909,0.37107
0.23000,0.15000,0.52922,0.41655
0.24000,0.15000,0.48432,0.46498
0.25000,0.15000,0.43640,0.51367
0.26000,0.15000,0.38794,0.55981
0.27000,0.15000,0.34150,0.60099
0.28000,0.15000,0.29933,0.63552
0.29000,0.15000,0.26310,0.66264
0.30000,0.15000,0.23386,0.68237
0.31000,0.15000,0.21208,0.69528
0.32000,0.15000,0.19789,0.70219
0.33000,0.15000,0.19120,0.70389
0.34000,0.15000,0.19187,0.70097
0.35000,0.15000,0.19981,0.69373
0.36000,0.15000,0.21499,0.68215
0.37000,0.15000,0.23739,0.66596
0.38000,0.15000,0.26688,0.64474
0.39000,0.15000,0.30308,0.61811
0.40000,0.15000,0.34518,0.58593
0.41000,0.15000,0.39177,0.54857
0.42000,0.15000,0.44086,0.50701
0.43000,0.15000,0.48999,0.46292
0.44000,0.15000,0.53657,0.41842
0.45000,0.15000,0.57827,0.37585
0.46000,0.15000,0.61337,0.33741
0.47000,0.15000,0.64087,0.30486
0.48000,0.15000,0.66050,0.27947
0.49000,0.15000,0.67248,0.26198
0.50000,0.15000,0.67734,0.25273
0.51000,0.15000,0.67563,0.25180
0.52000,0.15000,0.66791,0.25907
0.53000,0.15000,0.65459,0.27422
0.54000,0.15000,0.63608,0.29673
0.55000,0.15000,0.61281,0.32577
0.56000,0.15000,0.58540,0.36010
0.57000,0.15000,0.55472,0.39804
0.58000,0.15000,0.52197,0.43753
0.59000,0.15000,0.48861,0.47636
0.60000,0.15000,0.45627,0.51240
0.61000,0.15000,0.42652,0.54385
0.62000,0.15000,0.40078,0.56949
0.63000,0.15000,0.38015,0.58866
0.64000,0.15000,0.36535,0.60122
0.65000,0.15000,0.35677,0.60744
0.66000,0.15000,0.35445,0.60784
0.67000,0.15000,0.35809,0.60313
0.68000,0.15000,0.36714,0.59409
0.69000,0.15000,0.38076,0.58160
0.70000,0.15000,0.39788,0.56659
0.71000,0.15000,0.41727,0.55002
0.72000,0.15000,0.43760,0.53283
0.73000,0.15000,0.45759,0.51595
0.74000,0.15000,0.47612,0.50015
0.75000,0.15000,0.49232,0.48609
0.76000,0.15000,0.50566,0.47419
0.77000,0.15000,0.51591,0.46473
0.78000,0.15000,0.52312,0.45779
0.79000,0.15000,0.52752,0.45327
0.80000,0.15000,0.52951,0.45099
0.81000,0.15000,0.52954,0.45065
0.82000,0.15000,0.52805,0.45191
0.83000,0.15000,0.52548,0.45440
0.84000,0.15000,0.52220,0.45777
0.85000,0.15000,0.51853,0.46170
0.86000,0.15000,0.51470,0.46590
0.87000,0.15000,0.51087,0.47017
0.88000,0.15000,0.50714,0.47434
0.89000,0.15000,0.50359,0.47831
0.90000,0.15000,0.50025,0.48200
0.91000,0.15000,0.49715,0.48537
0.92000,0.15000,0.49432,0.48838
0.93000,0.15000,0.49179,0.49099
0.94000,0.15000,0.48959,0.49318
0.95000,0.15000,0.48768,0.49497
0.96000,0.15000,0.48597,0.49644
0.97000,0.15000,0.48411,0.49791
0.98000,0.15000,0.48121,0.50021
0.99000,0.15000,0.47509,0.50553
1.0000,0.15000,0.46054,0.51952
0.0000,0.16000,0.46185,0.51750
0.010000,0.16000,0.44183,0.53696
0.020000,0.16000,0.42561,0.55242
0.030000,0.16000,0.41566,0.56160
0.040000,0.16000,0.41351,0.56309
0.050000,0.16000,0.41987,0.55608
0.060000,0.16000,0.43468,0.54033
0.070000,0.16000,0.45709,0.51624
0.080000,0.16000,0.48550,0.48487
0.090000,0.16000,0.51771,0.44800
0.10000,0.16000,0.55123,0.40791
0.11000,0.16000,0.58363,0.36718
0.12000,0.16000,0.61292,0.32835
0.13000,0.16000,0.63774,0.29360
0.14000,0.16000,0.65738,0.26464
0.15000,0.16000,0.67160,0.24264
0.16000,0.16000,0.68045,0.22833
0.17000,0.16000,0.68396,0.22210
0.18000,0.16000,0.68205,0.22420
0.19000,0.16000,0.67443,0.23478
0.20000,0.16000,0.66058,0.25390
0.21000,0.16000,0.63991,0.28151
0.22000,0.16000,0.61193,0.31723
0.23000,0.16000,0.57652,0.36013
0.24000,0.16000,0.53423,0.40861
0.25000,0.16000,0.48643,0.46030
0.26000,0.16000,0.43533,0.51229
0.27000,0.16000,0.38364,0.56155
0.28000,0.16000,0.33420,0.60544
0.29000,0.16000,0.28945,0.64219
0.30000,0.16000,0.25119,0.67100
0.31000,0.16000,0.22047,0.69195
0.32000,0.16000,0.19771,0.70568
0.33000,0.16000,0.18293,0.71309
0.34000,0.16000,0.17597,0.71505
0.35000,0.16000,0.17664,0.71218
0.36000,0.16000,0.18484,0.70480
0.37000,0.16000,0.20055,0.69288
0.38000,0.16000,0.22379,0.67611
0.39000,0.16000,0.25451,0.65401
0.40000,0.16000,0.29237,0.62613
0.41000,0.16000,0.33656,0.59228
0.42000,0.16000,0.38561,0.55282
0.43000,0.16000,0.43740,0.50878
0.44000,0.16000,0.48929,0.46196
0.45000,0.16000,0.53850,0.41471
0.46000,0.16000,0.58252,0.36957
0.47000,0.16000,0.61951,0.32894
0.48000,0.16000,0.64843,0.29471
0.49000,0.16000,0.66901,0.26819
0.50000,0.16000,0.68152,0.25011
0.51000,0.16000,0.68650,0.24077
0.52000,0.16000,0.68458,0.24020
0.53000,0.16000,0.67632,0.24825
0.54000,0.16000,0.66218,0.26460
0.55000,0.16000,0.64253,0.28869
0.56000,0.16000,0.61782,0.31964
0.57000,0.16000,0.58868,0.35615
0.58000,0.16000,0.55600,0.39640
0.59000,0.16000,0.52107,0.43821
0.60000,0.16000,0.48547,0.47920
0.61000,0.16000,0.45094,0.51713
0.62000,0.16000,0.41925,0.55012
0.63000,0.16000,0.39192,0.57689
0.64000,0.16000,0.37016,0.59678
0.65000,0.16000,0.35480,0.60966
0.66000,0.16000,0.34623,0.61579
0.67000,0.16000,0.34448,0.61572
0.68000,0.16000,0.34925,0.61017
0.69000,0.16000,0.35990,0.59996
0.70000,0.16000,0.37550,0.58600
0.71000,0.16000,0.39487,0.56929
0.72000,0.16000,0.41661,0.55085
0.73000,0.16000,0.43925,0.53172
0.74000,0.16000,0.46136,0.51289
0.75000,0.16000,0.48172,0.49525
0.76000,0.16000,0.49940,0.47954
0.77000,0.16000,0.51381,0.46629
0.78000,0.16000,0.52471,0.45585
0.79000,0.16000,0.53215,0.44836
0.80000,0.16000,0.53638,0.44378
0.81000,0.16000,0.53780,0.44194
0.82000,0.16000,0.53689,0.44251
0.83000,0.16000,0.53415,0.44510
0.84000,0.16000,0.53008,0.44925
0.85000,0.16000,0.52512,0.45450
0.86000,0.16000,0.51969,0.46039
0.87000,0.16000,0.51412,0.46651
0.88000,0.16000,0.50869,0.47251
0.89000,0.16000,0.50359,0.47812
0.90000,0.16000,0.49899,0.48316
0.91000,0.16000,0.49498,0.48748
0.92000,0.16000,0.49164,0.49103
0.93000,0.16000,0.48896,0.49379
0.94000,0.16000,0.48692,0.49580
0.95000,0.16000,0.48544,0.49715
0.96000,0.16000,0.48431,0.49801
0.97000,0.16000,0.48309,0.49877
0.98000,0.16000,0.48086,0.50031
0.99000,0.16000,0.47546,0.50476
1.0000,0.16000,0.46185,0.51750
0.0000,0.17000,0.46398,0.51478
0.010000,0.17000,0.44388,0.53391
0.020000,0.17000,0.42500,0.55172
0.030000,0.17000,0.41087,0.56482
0.040000,0.17000,0.40369,0.57117
0.050000,0.17000,0.40477,0.56948
0.060000,0.17000,0.41466,0.55900
0.070000,0.17000,0.43311,0.53958
0.080000,0.17000,0.45904,0.51168
0.090000,0.17000,0.49064,0.47656
0.10000,0.17000,0.52553,0.43615
0.11000,0.17000,0.56108,0.39296
0.12000,0.17000,0.59487,0.34975
0.13000,0.17000,0.62495,0.30915
0.14000,0.17000,0.65013,0.27335
0.15000,0.17000,0.66983,0.24399
0.16000,0.17000,0.68396,0.22210
0.17000,0.17000,0.69262,0.20828
0.18000,0.17000,0.69589,0.20282
0.19000,0.17000,0.69368,0.20589
0.20000,0.17000,0.68562,0.21763
0.21000,0.17000,0.67115,0.23815
0.22000,0.17000,0.64955,0.26747
0.23000,0.17000,0.62023,0.30525
0.24000,0.17000,0.58299,0.35063
0.25000,0.17000,0.53836,0.40194
0.26000,0.17000,0.48781,0.45668
0.27000,0.17000,0.43373,0.51174
0.28000,0.17000,0.37909,0.56384
0.29000,0.17000,0.32700,0.61019
0.30000,0.17000,0.28008,0.64890
0.31000,0.17000,0.24021,0.67914
0.32000,0.17000,0.20840,0.70106
0.33000,0.17000,0.18499,0.71538
0.34000,0.17000,0.16990,0.72309
0.35000,0.17000,0.16287,0.72512
0.36000,0.17000,0.16366,0.72216
0.37000,0.17000,0.17215,0.71454
0.38000,0.17000,0.18836,0.70223
0.39000,0.17000,0.21235,0.68488
0.40000,0.17000,0.24413,0.66196
0.41000,0.17000,0.28341,0.63295
0.42000,0.17000,0.32938,0.59761
0.43000,0.17000,0.38055,0.55626
0.44000,0.17000,0.43468,0.51002
0.45000,0.17000,0.48898,0.46080
0.46000,0.17000,0.54047,0.41115
0.47000,0.17000,0.58650,0.36385
0.48000,0.17000,0.62510,0.32146
0.49000,0.17000,0.65518,0.28597
0.50000,0.17000,0.67648,0.25871
0.51000,0.17000,0.68928,0.24038
0.52000,0.17000,0.69420,0.23123
0.53000,0.17000,0.69191,0.23123
0.54000,0.17000,0.68300,0.24020
0.55000,0.17000,0.66793,0.25779
0.56000,0.17000,0.64712,0.28341
0.57000,0.17000,0.62099,0.31615
0.58000,0.17000,0.59018,0.35460
0.59000,0.17000,0.55565,0.39684
0.60000,0.17000,0.51874,0.44056
0.61000,0.17000,0.48118,0.48327
0.62000,0.17000,0.44486,0.52260
0.63000,0.17000,0.41169,0.55665
0.64000,0.17000,0.38333,0.58409
0.65000,0.17000,0.36108,0.60425
0.66000,0.17000,0.34579,0.61699
0.67000,0.17000,0.33787,0.62261
0.68000,0.17000,0.33730,0.62166
0.69000,0.17000,0.34371,0.61489
0.70000,0.17000,0.35637,0.60318
0.71000,0.17000,0.37423,0.58751
0.72000,0.17000,0.39593,0.56893
0.73000,0.17000,0.41993,0.54856
0.74000,0.17000,0.44459,0.52755
0.75000,0.17000,0.46838,0.50698
0.76000,0.17000,0.48999,0.48786
0.77000,0.17000,0.50844,0.47101
0.78000,0.17000,0.52316,0.45706
0.79000,0.17000,0.53391,0.44641
0.80000,0.17000,0.54076,0.43923
0.81000,0.17000,0.54402,0.43548
0.82000,0.17000,0.54414,0.43493
0.83000,0.17000,0.54166,0.43717
0.84000,0.17000,0.53717,0.44169
0.85000,0.17000,0.53126,0.44789
0.86000,0.17000,0.52449,0.45517
0.87000,0.17000,0.51739,0.46290
0.88000,0.17000,0.51038,0.47057
0.89000,0.17000,0.50383,0.47773
0.90000,0.17000,0.49802,0.48404
0.91000,0.17000,0.49312,0.48930
0.92000,0.17000,0.48925,0.49340
0.93000,0.17000,0.48640,0.49633
0.94000,0.17000,0.48452,0.49818
0.95000,0.17000,0.48343,0.49911
0.96000,0.17000,0.48286,0.49938
0.97000,0.17000,0.48230,0.49945
0.98000,0.17000,0.48079,0.50021
0.99000,0.17000,0.47626,0.50367
1.0000,0.17000,0.46398,0.51478
0.0000,0.18000,0.46685,0.51149
0.010000,0.18000,0.44728,0.52970
0.020000,0.18000,0.42635,0.54918
0.030000,0.18000,0.40848,0.56562
0.040000,0.18000,0.39647,0.57644
0.050000,0.18000,0.39214,0.57997
0.060000,0.18000,0.39658,0.57506
0.070000,0.18000,0.41011,0.56106
0.080000,0.18000,0.43225,0.53789
0.090000,0.18000,0.46173,0.50614
0.10000,0.18000,0.49649,0.46724
0.11000,0.18000,0.53397,0.42338
0.12000,0.18000,0.57144,0.37729
0.13000,0.18000,0.60644,0.33190
0.14000,0.18000,0.63714,0.28993
0.15000,0.18000,0.66248,0.25353
0.16000,0.18000,0.68205,0.22420
0.17000,0.18000,0.69589,0.20282
0.18000,0.18000,0.70418,0.18980
0.19000,0.18000,0.70705,0.18531
0.20000,0.18000,0.70439,0.18947
0.21000,0.18000,0.69582,0.20240
0.22000,0.18000,0.68067,0.22429
0.23000,0.18000,0.65815,0.25519
0.24000,0.18000,0.62754,0.29487
0.25000,0.18000,0.58859,0.34250
0.26000,0.18000,0.54180,0.39637
0.27000,0.18000,0.48873,0.45387
0.28000,0.18000,0.43196,0.51168
0.29000,0.18000,0.37473,0.56634
0.30000,0.18000,0.32037,0.61485
0.31000,0.18000,0.27169,0.65523
0.32000,0.18000,0.23057,0.68667
0.33000,0.18000,0.19801,0.70933
0.34000,0.18000,0.17421,0.72405
0.35000,0.18000,0.15898,0.73189
0.36000,0.18000,0.15197,0.73388
0.37000,0.18000,0.15290,0.73074
0.38000,0.18000,0.16164,0.72285
0.39000,0.18000,0.17823,0.71016
0.40000,0.18000,0.20280,0.69231
0.41000,0.18000,0.23541,0.66871
0.42000,0.18000,0.27581,0.63877
0.43000,0.18000,0.32324,0.60219
0.44000,0.18000,0.37615,0.55928
0.45000,0.18000,0.43224,0.51117
0.46000,0.18000,0.48857,0.45993
0.47000,0.18000,0.54200,0.40831
0.48000,0.18000,0.58973,0.35927
0.49000,0.18000,0.62967,0.31554
0.50000,0.18000,0.66069,0.27918
0.51000,0.18000,0.68249,0.25151
0.52000,0.18000,0.69543,0.23318
0.53000,0.18000,0.70015,0.22440
0.54000,0.18000,0.69738,0.22507
0.55000,0.18000,0.68776,0.23497
0.56000,0.18000,0.67178,0.25372
0.57000,0.18000,0.64985,0.28072
0.58000,0.18000,0.62243,0.31497
0.59000,0.18000,0.59015,0.35499
0.60000,0.18000,0.55402,0.39876
0.61000,0.18000,0.51551,0.44387
0.62000,0.18000,0.47645,0.48774
0.63000,0.18000,0.43889,0.52794
0.64000,0.18000,0.40487,0.56252
0.65000,0.18000,0.37616,0.59014
0.66000,0.18000,0.35409,0.61010
0.67000,0.18000,0.33953,0.62230
0.68000,0.18000,0.33282,0.62702
0.69000,0.18000,0.33390,0.62487
0.70000,0.18000,0.34228,0.61664
0.71000,0.18000,0.35711,0.60327
0.72000,0.18000,0.37718,0.58582
0.73000,0.18000,0.40098,0.56544
0.74000,0.18000,0.42679,0.54336
0.75000,0.18000,0.45287,0.52082
0.76000,0.18000,0.47758,0.49903
0.77000,0.18000,0.49960,0.47908
0.78000,0.18000,0.51795,0.46188
0.79000,0.18000,0.53208,0.44810
0.80000,0.18000,0.54183,0.43815
0.81000,0.18000,0.54733,0.43217
0.82000,0.18000,0.54896,0.43005
0.83000,0.18000,0.54726,0.43142
0.84000,0.18000,0.54287,0.43576
0.85000,0.18000,0.53649,0.44240
0.86000,0.18000,0.52883,0.45057
0.87000,0.18000,0.52055,0.45952
0.88000,0.18000,0.51225,0.46853
0.89000,0.18000,0.50445,0.47700
0.90000,0.18000,0.49755,0.48445
0.91000,0.18000,0.49183,0.49057
0.92000,0.18000,0.48743,0.49521
0.93000,0.18000,0.48437,0.49835
0.94000,0.18000,0.48257,0.50012
0.95000,0.18000,0.48179,0.50072
0.96000,0.18000,0.48171,0.50049
0.97000,0.18000,0.48176,0.49993
0.98000,0.18000,0.48098,0.49992
0.99000,0.18000,0.47744,0.50232
1.0000,0.18000,0.46685,0.51149
0.0000,0.19000,0.47036,0.50778
0.010000,0.19000,0.45191,0.52451
0.020000,0.19000,0.42957,0.54500
0.030000,0.19000,0.40854,0.56410
0.040000,0.19000,0.39209,0.57883
0.050000,0.19000,0.38247,0.58722
0.060000,0.19000,0.38120,0.58784
0.070000,0.19000,0.38912,0.57968
0.080000,0.19000,0.40634,0.56214
0.090000,0.19000,0.43220,0.53521
0.10000,0.19000,0.46517,0.49965
0.11000,0.19000,0.50298,0.45709
0.12000,0.19000,0.54289,0.40999
0.13000,0.19000,0.58206,0.36132
0.14000,0.19000,0.61805,0.31418
0.15000,0.19000,0.64914,0.27131
0.16000,0.19000,0.67443,0.23478
0.17000,0.19000,0.69368,0.20589
0.18000,0.19000,0.70705,0.18531
0.19000,0.19000,0.71483,0.17329
0.20000,0.19000,0.71718,0.16987
0.21000,0.19000,0.71402,0.17511
0.22000,0.19000,0.70491,0.18918
0.23000,0.19000,0.68913,0.21227
0.24000,0.19000,0.66577,0.24456
0.25000,0.19000,0.63403,0.28589
0.26000,0.19000,0.59356,0.33547
0.27000,0.19000,0.54486,0.39157
0.28000,0.19000,0.48957,0.45148
0.29000,0.19000,0.43046,0.51172
0.30000,0.19000,0.37101,0.56861
0.31000,0.19000,0.31477,0.61901
0.32000,0.19000,0.26466,0.66083
0.33000,0.19000,0.22260,0.69325
0.34000,0.19000,0.18948,0.71649
0.35000,0.19000,0.16542,0.73147
0.36000,0.19000,0.15010,0.73935
0.37000,0.19000,0.14311,0.74123
0.38000,0.19000,0.14410,0.73791
0.39000,0.19000,0.15297,0.72978
0.40000,0.19000,0.16978,0.71681
0.41000,0.19000,0.19471,0.69862
0.42000,0.19000,0.22788,0.67456
0.43000,0.19000,0.26910,0.64397
0.44000,0.19000,0.31762,0.60647
0.45000,0.19000,0.37189,0.56234
0.46000,0.19000,0.42954,0.51276
0.47000,0.19000,0.48753,0.45991
0.48000,0.19000,0.54259,0.40673
0.49000,0.19000,0.59175,0.35636
0.50000,0.19000,0.63283,0.31164
0.51000,0.19000,0.66460,0.27470
0.52000,0.19000,0.68679,0.24684
0.53000,0.19000,0.69975,0.22865
0.54000,0.19000,0.70420,0.22027
0.55000,0.19000,0.70094,0.22158
0.56000,0.19000,0.69065,0.23230
0.57000,0.19000,0.67386,0.25203
0.58000,0.19000,0.65100,0.28009
0.59000,0.19000,0.62251,0.31544
0.60000,0.19000,0.58909,0.35651
0.61000,0.19000,0.55180,0.40124
0.62000,0.19000,0.51220,0.44714
0.63000,0.19000,0.47224,0.49157
0.64000,0.19000,0.43410,0.53210
0.65000,0.19000,0.39993,0.56671
0.66000,0.19000,0.37153,0.59407
0.67000,0.19000,0.35026,0.61347
0.68000,0.19000,0.33693,0.62481
0.69000,0.19000,0.33182,0.62840
0.70000,0.19000,0.33476,0.62489
0.71000,0.19000,0.34515,0.61515
0.72000,0.19000,0.36197,0.60019
0.73000,0.19000,0.38388,0.58116
0.74000,0.19000,0.40918,0.55933
0.75000,0.19000,0.43605,0.53603
0.76000,0.19000,0.46266,0.51261
0.77000,0.19000,0.48736,0.49037
0.78000,0.19000,0.50883,0.47047
0.79000,0.19000,0.52617,0.45384
0.80000,0.19000,0.53892,0.44114
0.81000,0.19000,0.54698,0.43272
0.82000,0.19000,0.55060,0.42862
0.83000,0.19000,0.55025,0.42860
0.84000,0.19000,0.54658,0.43214
0.85000,0.19000,0.54035,0.43854
0.86000,0.19000,0.53236,0.44699
0.87000,0.19000,0.52341,0.45658
0.88000,0.19000,0.51425,0.46646
0.89000,0.19000,0.50552,0.47588
0.90000,0.19000,0.49774,0.48423
0.91000,0.19000,0.49130,0.49109
0.92000,0.19000,0.48640,0.49624
0.93000,0.19000,0.48308,0.49965
0.94000,0.19000,0.48125,0.50144
0.95000,0.19000,0.48067,0.50184
0.96000,0.19000,0.48095,0.50125
0.97000,0.19000,0.48152,0.50017
0.98000,0.19000,0.48143,0.49947
0.99000,0.19000,0.47895,0.50078
1.0000,0.19000,0.47036,0.50778
0.0000,0.20000,0.47439,0.50376
0.010000,0.20000,0.45759,0.51858
0.020000,0.20000,0.43453,0.53940
0.030000,0.20000,0.41102,0.56044
0.040000,0.20000,0.39068,0.57840
0.050000,0.20000,0.37608,0.59111
0.060000,0.20000,0.36910,0.59696
0.070000,0.20000,0.37101,0.59467
0.080000,0.20000,0.38247,0.58329
0.090000,0.20000,0.40338,0.56226
0.10000,0.20000,0.43287,0.53167
0.11000,0.20000,0.46919,0.49244
0.12000,0.20000,0.50986,0.44646
0.13000,0.20000,0.55197,0.39644
0.14000,0.20000,0.59259,0.34562
0.15000,0.20000,0.62932,0.29721
0.16000,0.20000,0.66058,0.25390
0.17000,0.20000,0.68562,0.21763
0.18000,0.20000,0.70439,0.18947
0.19000,0.20000,0.71718,0.16987
0.20000,0.20000,0.72438,0.15890
0.21000,0.20000,0.72621,0.15652
0.22000,0.20000,0.72256,0.16276
0.23000,0.20000,0.71298,0.17778
0.24000,0.20000,0.69668,0.20188
0.25000,0.20000,0.67264,0.23530
0.26000,0.20000,0.63998,0.27796
0.27000,0.20000,0.59826,0.32914
0.28000,0.20000,0.54795,0.38711
0.29000,0.20000,0.49077,0.44908
0.30000,0.20000,0.42966,0.51142
0.31000,0.20000,0.36833,0.57028
0.32000,0.20000,0.31051,0.62233
0.33000,0.20000,0.25923,0.66541
0.34000,0.20000,0.21639,0.69867
0.35000,0.20000,0.18281,0.72239
0.36000,0.20000,0.15849,0.73756
0.37000,0.20000,0.14302,0.74546
0.38000,0.20000,0.13593,0.74725
0.39000,0.20000,0.13685,0.74380
0.40000,0.20000,0.14568,0.73555
0.41000,0.20000,0.16252,0.72249
0.42000,0.20000,0.18759,0.70420
0.43000,0.20000,0.22106,0.67996
0.44000,0.20000,0.26277,0.64903
0.45000,0.20000,0.31200,0.61095
0.46000,0.20000,0.36723,0.56596
0.47000,0.20000,0.42606,0.51528
0.48000,0.20000,0.48538,0.46123
0.49000,0.20000,0.54181,0.40686
0.50000,0.20000,0.59222,0.35548
0.51000,0.20000,0.63429,0.31003
0.52000,0.20000,0.66673,0.27268
0.53000,0.20000,0.68923,0.24470
0.54000,0.20000,0.70221,0.22664
0.55000,0.20000,0.70643,0.21859
0.56000,0.20000,0.70277,0.22036
0.57000,0.20000,0.69197,0.23165
0.58000,0.20000,0.67459,0.25199
0.59000,0.20000,0.65107,0.28065
0.60000,0.20000,0.62189,0.31654
0.61000,0.20000,0.58778,0.35807
0.62000,0.20000,0.54987,0.40312
0.63000,0.20000,0.50979,0.44920
0.64000,0.20000,0.46961,0.49366
0.65000,0.20000,0.43157,0.53403
0.66000,0.20000,0.39787,0.56830
0.67000,0.20000,0.37033,0.59511
0.68000,0.20000,0.35027,0.61374
0.69000,0.20000,0.33842,0.62408
0.70000,0.20000,0.33500,0.62651
0.71000,0.20000,0.33969,0.62173
0.72000,0.20000,0.35177,0.61067
0.73000,0.20000,0.37008,0.59446
0.74000,0.20000,0.39310,0.57434
0.75000,0.20000,0.41905,0.55168
0.76000,0.20000,0.44602,0.52792
0.77000,0.20000,0.47217,0.50447
0.78000,0.20000,0.49589,0.48268
0.79000,0.20000,0.51596,0.46373
0.80000,0.20000,0.53158,0.44850
0.81000,0.20000,0.54238,0.43759
0.82000,0.20000,0.54840,0.43121
0.83000,0.20000,0.54997,0.42928
0.84000,0.20000,0.54769,0.43138
0.85000,0.20000,0.54232,0.43684
0.86000,0.20000,0.53470,0.44481
0.87000,0.20000,0.52572,0.45435
0.88000,0.20000,0.51624,0.46451
0.89000,0.20000,0.50700,0.47440
0.90000,0.20000,0.49865,0.48332
0.91000,0.20000,0.49166,0.49073
0.92000,0.20000,0.48630,0.49634
0.93000,0.20000,0.48269,0.50006
0.94000,0.20000,0.48073,0.50198
0.95000,0.20000,0.48019,0.50236
0.96000,0.20000,0.48067,0.50156
0.97000,0.20000,0.48161,0.50014
0.98000,0.20000,0.48214,0.49885
0.99000,0.20000,0.48075,0.49908
1.0000,0.20000,0.47439,0.50376
0.0000,0.21000,0.47881,0.49957
0.010000,0.21000,0.46415,0.51208
0.020000,0.21000,0.44104,0.53262
0.030000,0.21000,0.41578,0.55490
0.040000,0.21000,0.39222,0.57538
0.050000,0.21000,0.37313,0.59175
0.060000,0.21000,0.36067,0.60229
0.070000,0.21000,0.35648,0.60560
0.080000,0.21000,0.36163,0.60047
0.090000,0.21000,0.37658,0.58597
0.10000,0.21000,0.40106,0.56161
0.11000,0.21000,0.43401,0.52755
0.12000,0.21000,0.47348,0.48491
0.13000,0.21000,0.51678,0.43583
0.14000,0.21000,0.56082,0.38330
0.15000,0.21000,0.60265,0.33077
0.16000,0.21000,0.63991,0.28151
0.17000,0.21000,0.67115,0.23815
0.18000,0.21000,0.69582,0.20240
0.19000,0.21000,0.71402,0.17511
0.20000,0.21000,0.72621,0.15652
0.21000,0.21000,0.73285,0.14655
0.22000,0.21000,0.73420,0.14509
0.23000,0.21000,0.73017,0.15214
0.24000,0.21000,0.72027,0.16791
0.25000,0.21000,0.70361,0.19275
0.26000,0.21000,0.67912,0.22699
0.27000,0.21000,0.64578,0.27065
0.28000,0.21000,0.60307,0.32308
0.29000,0.21000,0.55145,0.38257
0.30000,0.21000,0.49270,0.44628
0.31000,0.21000,0.42990,0.51045
0.32000,0.21000,0.36696,0.57105
0.33000,0.21000,0.30777,0.62460
0.34000,0.21000,0.25543,0.66883
0.35000,0.21000,0.21185,0.70286
0.36000,0.21000,0.17776,0.72702
0.37000,0.21000,0.15308,0.74240
0.38000,0.21000,0.13733,0.75035
0.39000,0.21000,0.12998,0.75215
0.40000,0.21000,0.13066,0.74873
0.41000,0.21000,0.13930,0.74058
0.42000,0.21000,0.15600,0.72768
0.43000,0.21000,0.18100,0.70957
0.44000,0.21000,0.21448,0.68544
0.45000,0.21000,0.25633,0.65446
0.46000,0.21000,0.30587,0.61610
0.47000,0.21000,0.36167,0.57058
0.48000,0.21000,0.42135,0.51916
0.49000,0.21000,0.48175,0.46422
0.50000,0.21000,0.53937,0.40895
0.51000,0.21000,0.59093,0.35678
0.52000,0.21000,0.63396,0.31073
0.53000,0.21000,0.66708,0.27299
0.54000,0.21000,0.68996,0.24482
0.55000,0.21000,0.70305,0.22674
0.56000,0.21000,0.70720,0.21878
0.57000,0.21000,0.70334,0.22071
0.58000,0.21000,0.69227,0.23216
0.59000,0.21000,0.67459,0.25259
0.60000,0.21000,0.65078,0.28126
0.61000,0.21000,0.62138,0.31707
0.62000,0.21000,0.58712,0.35840
0.63000,0.21000,0.54921,0.40319
0.64000,0.21000,0.50930,0.44893
0.65000,0.21000,0.46950,0.49301
0.66000,0.21000,0.43211,0.53293
0.67000,0.21000,0.39932,0.56667
0.68000,0.21000,0.37293,0.59283
0.69000,0.21000,0.35420,0.61070
0.70000,0.21000,0.34379,0.62017
0.71000,0.21000,0.34179,0.62167
0.72000,0.21000,0.34779,0.61595
0.73000,0.21000,0.36092,0.60405
0.74000,0.21000,0.37990,0.58717
0.75000,0.21000,0.40311,0.56667
0.76000,0.21000,0.42871,0.54399
0.77000,0.21000,0.45480,0.52062
0.78000,0.21000,0.47959,0.49801
0.79000,0.21000,0.50159,0.47750
0.80000,0.21000,0.51968,0.46021
0.81000,0.21000,0.53318,0.44693
0.82000,0.21000,0.54187,0.43813
0.83000,0.21000,0.54588,0.43389
0.84000,0.21000,0.54566,0.43394
0.85000,0.21000,0.54189,0.43772
0.86000,0.21000,0.53542,0.44444
0.87000,0.21000,0.52715,0.45317
0.88000,0.21000,0.51798,0.46290
0.89000,0.21000,0.50877,0.47271
0.90000,0.21000,0.50023,0.48177
0.91000,0.21000,0.49292,0.48947
0.92000,0.21000,0.48722,0.49543
0.93000,0.21000,0.48329,0.49947
0.94000,0.21000,0.48109,0.50164
0.95000,0.21000,0.48043,0.50215
0.96000,0.21000,0.48093,0.50137
0.97000,0.21000,0.48207,0.49977
0.98000,0.21000,0.48309,0.49804
0.99000,0.21000,0.48277,0.49726
1.0000,0.21000,0.47881,0.49957
0.0000,0.22000,0.48348,0.49529
0.010000,0.22000,0.47137,0.50522
0.020000,0.22000,0.44887,0.52491
0.030000,0.22000,0.42262,0.54775
0.040000,0.22000,0.39657,0.57004
0.050000,0.22000,0.37362,0.58936
0.060000,0.22000,0.35613,0.60395
0.070000,0.22000,0.34599,0.61233
0.080000,0.22000,0.34462,0.61320
0.090000,0.22000,0.35293,0.60540
0.10000,0.22000,0.37122,0.58800
0.11000,0.22000,0.39909,0.56053
0.12000,0.22000,0.43529,0.52328
0.13000,0.22000,0.47766,0.47753
0.14000,0.22000,0.52334,0.42571
0.15000,0.22000,0.56909,0.37107
0.16000,0.22000,0.61193,0.31723
0.17000,0.22000,0.64955,0.26747
0.18000,0.22000,0.68067,0.22429
0.19000,0.22000,0.70491,0.18918
0.20000,0.22000,0.72256,0.16276
0.21000,0.22000,0.73420,0.14509
0.22000,0.22000,0.74038,0.13597
0.23000,0.22000,0.74139,0.13523
0.24000,0.22000,0.73714,0.14287
0.25000,0.22000,0.72709,0.15914
0.26000,0.22000,0.71029,0.18445
0.27000,0.22000,0.68556,0.21921
0.28000,0.22000,0.65179,0.26355
0.29000,0.22000,0.60836,0.31689
0.30000,0.22000,0.55570,0.37759
0.31000,0.22000,0.49563,0.44278
0.32000,0.22000,0.43137,0.50858
0.33000,0.22000,0.36698,0.57079
0.34000,0.22000,0.30650,0.62577
0.35000,0.22000,0.25311,0.67111
0.36000,0.22000,0.20870,0.70592
0.37000,0.22000,0.17397,0.73057
0.38000,0.22000,0.14876,0.74622
0.39000,0.22000,0.13256,0.75436
0.40000,0.22000,0.12481,0.75635
0.41000,0.22000,0.12515,0.75321
0.42000,0.22000,0.13347,0.74543
0.43000,0.22000,0.14985,0.73297
0.44000,0.22000,0.17453,0.71528
0.45000,0.22000,0.20768,0.69149
0.46000,0.22000,0.24928,0.66069
0.47000,0.22000,0.29878,0.62230
0.48000,0.22000,0.35484,0.57651
0.49000,0.22000,0.41513,0.52461
0.50000,0.22000,0.47647,0.46902
0.51000,0.22000,0.53522,0.41303
0.52000,0.22000,0.58795,0.36014
0.53000,0.22000,0.63201,0.31345
0.54000,0.22000,0.66592,0.27519
0.55000,0.22000,0.68934,0.24663
0.56000,0.22000,0.70275,0.22824
0.57000,0.22000,0.70704,0.22000
0.58000,0.22000,0.70324,0.22161
0.59000,0.22000,0.69220,0.23265
0.60000,0.22000,0.67460,0.25258
0.61000,0.22000,0.65099,0.28065
0.62000,0.22000,0.62188,0.31577
0.63000,0.22000,0.58806,0.35638
0.64000,0.22000,0.55070,0.40044
0.65000,0.22000,0.51149,0.44552
0.66000,0.22000,0.47251,0.48900
0.67000,0.22000,0.43608,0.52840
0.68000,0.22000,0.40435,0.56166
0.69000,0.22000,0.37909,0.58734
0.70000,0.22000,0.36148,0.60471
0.71000,0.22000,0.35210,0.61368
0.72000,0.22000,0.35096,0.61471
0.73000,0.22000,0.35754,0.60864
0.74000,0.22000,0.37086,0.59657
0.75000,0.22000,0.38957,0.57979
0.76000,0.22000,0.41200,0.55972
0.77000,0.22000,0.43634,0.53783
0.78000,0.22000,0.46075,0.51563
0.79000,0.22000,0.48357,0.49456
0.80000,0.22000,0.50343,0.47588
0.81000,0.22000,0.51935,0.46059
0.82000,0.22000,0.53078,0.44939
0.83000,0.22000,0.53760,0.44257
0.84000,0.22000,0.54003,0.44007
0.85000,0.22000,0.53861,0.44152
0.86000,0.22000,0.53407,0.44623
0.87000,0.22000,0.52729,0.45335
0.88000,0.22000,0.51916,0.46193
0.89000,0.22000,0.51058,0.47101
0.90000,0.22000,0.50232,0.47973
0.91000,0.22000,0.49502,0.48739
0.92000,0.22000,0.48913,0.49353
0.93000,0.22000,0.48491,0.49786
0.94000,0.22000,0.48240,0.50037
0.95000,0.22000,0.48146,0.50118
0.96000,0.22000,0.48179,0.50060
0.97000,0.22000,0.48294,0.49904
0.98000,0.22000,0.48429,0.49704
0.99000,0.22000,0.48496,0.49536
1.0000,0.22000,0.48348,0.49529
0.0000,0.23000,0.48827,0.49102
0.010000,0.23000,0.47903,0.49815
0.020000,0.23000,0.45778,0.51648
0.030000,0.23000,0.43129,0.53926
0.040000,0.23000,0.40353,0.56267
0.050000,0.23000,0.37745,0.58426
0.060000,0.23000,0.35550,0.60220
0.070000,0.23000,0.33977,0.61501
0.080000,0.23000,0.33196,0.62137
0.090000,0.23000,0.33332,0.62002
0.10000,0.23000,0.34463,0.60980
0.11000,0.23000,0.36607,0.58976
0.12000,0.23000,0.39709,0.55946
0.13000,0.23000,0.43630,0.51930
0.14000,0.23000,0.48136,0.47078
0.15000,0.23000,0.52922,0.41655
0.16000,0.23000,0.57652,0.36013
0.17000,0.23000,0.62023,0.30525
0.18000,0.23000,0.65815,0.25519
0.19000,0.23000,0.68913,0.21227
0.20000,0.23000,0.71298,0.17778
0.21000,0.23000,0.73017,0.15214
0.22000,0.23000,0.74139,0.13523
0.23000,0.23000,0.74727,0.12677
0.24000,0.23000,0.74812,0.12654
0.25000,0.23000,0.74384,0.13455
0.26000,0.23000,0.73383,0.15107
0.27000,0.23000,0.71708,0.17659
0.28000,0.23000,0.69232,0.21160
0.29000,0.23000,0.65832,0.25633
0.30000,0.23000,0.61437,0.31032
0.31000,0.23000,0.56087,0.37198
0.32000,0.23000,0.49965,0.43846
0.33000,0.23000,0.43404,0.50577
0.34000,0.23000,0.36825,0.56954
0.35000,0.23000,0.30645,0.62594
0.36000,0.23000,0.25190,0.67244
0.37000,0.23000,0.20652,0.70810
0.38000,0.23000,0.17097,0.73333
0.39000,0.23000,0.14509,0.74943
0.40000,0.23000,0.12833,0.75798
0.41000,0.23000,0.12011,0.76045
0.42000,0.23000,0.12002,0.75786
0.43000,0.23000,0.12787,0.75070
0.44000,0.23000,0.14370,0.73887
0.45000,0.23000,0.16774,0.72175
0.46000,0.23000,0.20024,0.69844
0.47000,0.23000,0.24129,0.66797
0.48000,0.23000,0.29048,0.62973
0.49000,0.23000,0.34659,0.58387
0.50000,0.23000,0.40738,0.53165
0.51000,0.23000,0.46963,0.47551
0.52000,0.23000,0.52957,0.41880
0.53000,0.23000,0.58358,0.36511
0.54000,0.23000,0.62886,0.31762
0.55000,0.23000,0.66378,0.27858
0.56000,0.23000,0.68797,0.24928
0.57000,0.23000,0.70191,0.23014
0.58000,0.23000,0.70661,0.22109
0.59000,0.23000,0.70316,0.22182
0.60000,0.23000,0.69254,0.23188
0.61000,0.23000,0.67549,0.25075
0.62000,0.23000,0.65255,0.27769
0.63000,0.23000,0.62425,0.31166
0.64000,0.23000,0.59132,0.35118
0.65000,0.23000,0.55491,0.39429
0.66000,0.23000,0.51667,0.43860
0.67000,0.23000,0.47869,0.48154
0.68000,0.23000,0.44321,0.52061
0.69000,0.23000,0.41237,0.55371
0.70000,0.23000,0.38788,0.57932
0.71000,0.23000,0.37088,0.59670
0.72000,0.23000,0.36189,0.60576
0.73000,0.23000,0.36083,0.60698
0.74000,0.23000,0.36711,0.60126
0.75000,0.23000,0.37971,0.58976
0.76000,0.23000,0.39725,0.57384
0.77000,0.23000,0.41810,0.55491
0.78000,0.23000,0.44053,0.53446
0.79000,0.23000,0.46283,0.51396
0.80000,0.23000,0.48346,0.49477
0.81000,0.23000,0.50120,0.47804
0.82000,0.23000,0.51519,0.46468
0.83000,0.23000,0.52498,0.45522
0.84000,0.23000,0.53052,0.44986
0.85000,0.23000,0.53208,0.44842
0.86000,0.23000,0.53024,0.45045
0.87000,0.23000,0.52573,0.45523
0.88000,0.23000,0.51939,0.46192
0.89000,0.23000,0.51209,0.46962
0.90000,0.23000,0.50464,0.47745
0.91000,0.23000,0.49773,0.48468
0.92000,0.23000,0.49190,0.49075
0.93000,0.23000,0.48748,0.49529
0.94000,0.23000,0.48462,0.49816
0.95000,0.23000,0.48328,0.49940
0.96000,0.23000,0.48326,0.49921
0.97000,0.23000,0.48422,0.49789
0.98000,0.23000,0.48573,0.49581
0.99000,0.23000,0.48728,0.49339
1.0000,0.23000,0.48827,0.49102
0.0000,0.24000,0.49304,0.48681
0.010000,0.24000,0.48692,0.49102
0.020000,0.24000,0.46749,0.50755
0.030000,0.24000,0.44150,0.52967
0.040000,0.24000,0.41284,0.55358
0.050000,0.24000,0.38440,0.57678
0.060000,0.24000,0.35868,0.59740
0.070000,0.24000,0.33788,0.61396
0.080000,0.24000,0.32393,0.62515
0.090000,0.24000,0.31835,0.62971
0.10000,0.24000,0.32228,0.62641
0.11000,0.24000,0.33638,0.61404
0.12000,0.24000,0.36073,0.59165
0.13000,0.24000,0.39470,0.55881
0.14000,0.24000,0.43673,0.51602
0.15000,0.24000,0.48432,0.46498
0.16000,0.24000,0.53423,0.40861
0.17000,0.24000,0.58299,0.35063
0.18000,0.24000,0.62754,0.29487
0.19000,0.24000,0.66577,0.24456
0.20000,0.24000,0.69668,0.20188
0.21000,0.24000,0.72027,0.16791
0.22000,0.24000,0.73714,0.14287
0.23000,0.24000,0.74812,0.12654
0.24000,0.24000,0.75388,0.11854
0.25000,0.24000,0.75476,0.11863
0.26000,0.24000,0.75062,0.12681
0.27000,0.24000,0.74082,0.14338
0.28000,0.24000,0.72428,0.16889
0.29000,0.24000,0.69962,0.20392
0.30000,0.24000,0.66552,0.24882
0.31000,0.24000,0.62119,0.30325
0.32000,0.24000,0.56695,0.36572
0.33000,0.24000,0.50466,0.43339
0.34000,0.24000,0.43771,0.50218
0.35000,0.24000,0.37046,0.56753
0.36000,0.24000,0.30722,0.62541
0.37000,0.24000,0.25135,0.67316
0.38000,0.24000,0.20483,0.70980
0.39000,0.24000,0.16835,0.73583
0.40000,0.24000,0.14172,0.75261
0.41000,0.24000,0.12435,0.76185
0.42000,0.24000,0.11559,0.76503
0.43000,0.24000,0.11492,0.76319
0.44000,0.24000,0.12210,0.75678
0.45000,0.24000,0.13714,0.74565
0.46000,0.24000,0.16029,0.72918
0.47000,0.24000,0.19192,0.70643
0.48000,0.24000,0.23223,0.67640
0.49000,0.24000,0.28099,0.63841
0.50000,0.24000,0.33710,0.59254
0.51000,0.24000,0.39840,0.54002
0.52000,0.24000,0.46164,0.48328
0.53000,0.24000,0.52293,0.42571
0.54000,0.24000,0.57844,0.37099
0.55000,0.24000,0.62515,0.32237
0.56000,0.24000,0.66132,0.28216
0.57000,0.24000,0.68649,0.25163
0.58000,0.24000,0.70121,0.23122
0.59000,0.24000,0.70661,0.22084
0.60000,0.24000,0.70389,0.22018
0.61000,0.24000,0.69412,0.22880
0.62000,0.24000,0.67805,0.24619
0.63000,0.24000,0.65620,0.27167
0.64000,0.24000,0.62903,0.30425
0.65000,0.24000,0.59723,0.34256
0.66000,0.24000,0.56188,0.38472
0.67000,0.24000,0.52461,0.42845
0.68000,0.24000,0.48745,0.47118
0.69000,0.24000,0.45261,0.51038
0.70000,0.24000,0.42219,0.54385
0.71000,0.24000,0.39788,0.57002
0.72000,0.24000,0.38078,0.58806
0.73000,0.24000,0.37137,0.59788
0.74000,0.24000,0.36954,0.59999
0.75000,0.24000,0.37469,0.59531
0.76000,0.24000,0.38580,0.58504
0.77000,0.24000,0.40153,0.57053
0.78000,0.24000,0.42034,0.55321
0.79000,0.24000,0.44062,0.53451
0.80000,0.24000,0.46080,0.51583
0.81000,0.24000,0.47948,0.49844
0.82000,0.24000,0.49553,0.48339
0.83000,0.24000,0.50818,0.47146
0.84000,0.24000,0.51704,0.46312
0.85000,0.24000,0.52207,0.45846
0.86000,0.24000,0.52356,0.45728
0.87000,0.24000,0.52205,0.45910
0.88000,0.24000,0.51824,0.46323
0.89000,0.24000,0.51291,0.46889
0.90000,0.24000,0.50685,0.47527
0.91000,0.24000,0.50078,0.48162
0.92000,0.24000,0.49530,0.48732
0.93000,0.24000,0.49084,0.49190
0.94000,0.24000,0.48766,0.49511
0.95000,0.24000,0.48586,0.49685
0.96000,0.24000,0.48534,0.49719
0.97000,0.24000,0.48593,0.49630
0.98000,0.24000,0.48741,0.49434
0.99000,0.24000,0.48968,0.49133
1.0000,0.24000,0.49304,0.48681
0.0000,0.25000,0.49768,0.48274
0.010000,0.25000,0.49481,0.48397
0.020000,0.25000,0.47773,0.49828
0.030000,0.25000,0.45295,0.51920
0.040000,0.25000,0.42419,0.54302
0.050000,0.25000,0.39420,0.56723
0.060000,0.25000,0.36545,0.58993
0.070000,0.25000,0.34022,0.60959
0.080000,0.25000,0.32059,0.62492
0.090000,0.25000,0.30833,0.63470
0.10000,0.25000,0.30484,0.63774
0.11000,0.25000,0.31115,0.63276
0.12000,0.25000,0.32784,0.61853
0.13000,0.25000,0.35493,0.59403
0.14000,0.25000,0.39167,0.55888
0.15000,0.25000,0.43640,0.51367
0.16000,0.25000,0.48643,0.46030
0.17000,0.25000,0.53836,0.40194
0.18000,0.25000,0.58859,0.34250
0.19000,0.25000,0.63403,0.28589
0.20000,0.25000,0.67264,0.23530
0.21000,0.25000,0.70361,0.19275
0.22000,0.25000,0.72709,0.15914
0.23000,0.25000,0.74384,0.13455
0.24000,0.25000,0.75476,0.11863
0.25000,0.25000,0.76058,0.11094
0.26000,0.25000,0.76164,0.11119
0.27000,0.25000,0.75777,0.11939
0.28000,0.25000,0.74830,0.13585
0.29000,0.25000,0.73205,0.16119
0.30000,0.25000,0.70757,0.19609
0.31000,0.25000,0.67342,0.24101
0.32000,0.25000,0.62873,0.29576
0.33000,0.25000,0.57376,0.35898
0.34000,0.25000,0.51035,0.42782
0.35000,0.25000,0.44199,0.49812
0.36000,0.25000,0.37315,0.56513
0.37000,0.25000,0.30831,0.62462
0.38000,0.25000,0.25098,0.67377
0.39000,0.25000,0.20322,0.71159
0.40000,0.25000,0.16574,0.73862
0.41000,0.25000,0.13832,0.75633
0.42000,0.25000,0.12029,0.76644
0.43000,0.25000,0.11087,0.77048
0.44000,0.25000,0.10948,0.76945
0.45000,0.25000,0.11582,0.76382
0.46000,0.25000,0.12992,0.75342
0.47000,0.25000,0.15209,0.73763
0.48000,0.25000,0.18278,0.71547
0.49000,0.25000,0.22233,0.68588
0.50000,0.25000,0.27066,0.64810
0.51000,0.25000,0.32683,0.60215
0.52000,0.25000,0.38876,0.54918
0.53000,0.25000,0.45317,0.49162
0.54000,0.25000,0.51603,0.43291
0.55000,0.25000,0.57328,0.37679
0.56000,0.25000,0.62165,0.32661
0.57000,0.25000,0.65926,0.28474
0.58000,0.25000,0.68563,0.25249
0.59000,0.25000,0.70142,0.23035
0.60000,0.25000,0.70786,0.21824
0.61000,0.25000,0.70625,0.21586
0.62000,0.25000,0.69768,0.22279
0.63000,0.25000,0.68287,0.23852
0.64000,0.25000,0.66227,0.26244
0.65000,0.25000,0.63628,0.29366
0.66000,0.25000,0.60554,0.33091
0.67000,0.25000,0.57107,0.37244
0.68000,0.25000,0.53444,0.41603
0.69000,0.25000,0.49765,0.45912
0.70000,0.25000,0.46288,0.49908
0.71000,0.25000,0.43223,0.53361
0.72000,0.25000,0.40736,0.56101
0.73000,0.25000,0.38940,0.58038
0.74000,0.25000,0.37882,0.59159
0.75000,0.25000,0.37553,0.59515
0.76000,0.25000,0.37895,0.59199
0.77000,0.25000,0.38811,0.58332
0.78000,0.25000,0.40177,0.57048
0.79000,0.25000,0.41851,0.55484
0.80000,0.25000,0.43684,0.53780
0.81000,0.25000,0.45532,0.52066
0.82000,0.25000,0.47262,0.50461
0.83000,0.25000,0.48770,0.49064
0.84000,0.25000,0.49980,0.47946
0.85000,0.25000,0.50852,0.47147
0.86000,0.25000,0.51381,0.46677
0.87000,0.25000,0.51590,0.46515
0.88000,0.25000,0.51528,0.46617
0.89000,0.25000,0.51258,0.46922
0.90000,0.25000,0.50851,0.47359
0.91000,0.25000,0.50378,0.47859
0.92000,0.25000,0.49901,0.48355
0.93000,0.25000,0.49475,0.48794
0.94000,0.25000,0.49137,0.49137
0.95000,0.25000,0.48909,0.49361
0.96000,0.25000,0.48798,0.49458
0.97000,0.25000,0.48806,0.49426
0.98000,0.25000,0.48932,0.49260
0.99000,0.25000,0.49211,0.48920
1.0000,0.25000,0.49768,0.48274
0.0000,0.26000,0.50204,0.47886
0.010000,0.26000,0.50247,0.47712
0.020000,0.26000,0.48820,0.48886
0.030000,0.26000,0.46532,0.50806
0.040000,0.26000,0.43724,0.53123
0.050000,0.26000,0.40652,0.55590
0.060000,0.26000,0.37554,0.58012
0.070000,0.26000,0.34660,0.60231
0.080000,0.26000,0.32188,0.62113
0.090000,0.26000,0.30336,0.63543
0.10000,0.26000,0.29267,0.64407
0.11000,0.26000,0.29113,0.64584
0.12000,0.26000,0.29966,0.63944
0.13000,0.26000,0.31880,0.62355
0.14000,0.26000,0.34850,0.59713
0.15000,0.26000,0.38794,0.55981
0.16000,0.26000,0.43533,0.51229
0.17000,0.26000,0.48781,0.45668
0.18000,0.26000,0.54180,0.39637
0.19000,0.26000,0.59356,0.33547
0.20000,0.26000,0.63998,0.27796
0.21000,0.26000,0.67912,0.22699
0.22000,0.26000,0.71029,0.18445
0.23000,0.26000,0.73383,0.15107
0.24000,0.26000,0.75062,0.12681
0.25000,0.26000,0.76164,0.11119
0.26000,0.26000,0.76765,0.10370
0.27000,0.26000,0.76900,0.10402
0.28000,0.26000,0.76548,0.11214
0.29000,0.26000,0.75636,0.12841
0.30000,0.26000,0.74041,0.15349
0.31000,0.26000,0.71607,0.18817
0.32000,0.26000,0.68184,0.23306
0.33000,0.26000,0.63673,0.28812
0.34000,0.26000,0.58094,0.35209
0.35000,0.26000,0.51630,0.42216
0.36000,0.26000,0.44638,0.49407
0.37000,0.26000,0.37579,0.56286
0.38000,0.26000,0.30922,0.62409
0.39000,0.26000,0.25033,0.67481
0.40000,0.26000,0.20127,0.71399
0.41000,0.26000,0.16276,0.74220
0.42000,0.26000,0.13451,0.76095
0.43000,0.26000,0.11574,0.77201
0.44000,0.26000,0.10560,0.77692
0.45000,0.26000,0.10345,0.77672
0.46000,0.26000,0.10894,0.77185
0.47000,0.26000,0.12212,0.76217
0.48000,0.26000,0.14335,0.74701
0.49000,0.26000,0.17317,0.72535
0.50000,0.26000,0.21206,0.69606
0.51000,0.26000,0.26009,0.65832
0.52000,0.26000,0.31650,0.61205
0.53000,0.26000,0.37927,0.55835
0.54000,0.26000,0.44512,0.49963
0.55000,0.26000,0.50980,0.43936
0.56000,0.26000,0.56899,0.38140
0.57000,0.26000,0.61921,0.32918
0.58000,0.26000,0.65843,0.28521
0.59000,0.26000,0.68623,0.25089
0.60000,0.26000,0.70335,0.22675
0.61000,0.26000,0.71110,0.21274
0.62000,0.26000,0.71083,0.20857
0.63000,0.26000,0.70359,0.21381
0.64000,0.26000,0.69003,0.22798
0.65000,0.26000,0.67055,0.25053
0.66000,0.26000,0.64551,0.28069
0.67000,0.26000,0.61546,0.31732
0.68000,0.26000,0.58141,0.35878
0.69000,0.26000,0.54486,0.40289
0.70000,0.26000,0.50779,0.44703
0.71000,0.26000,0.47241,0.48847
0.72000,0.26000,0.44081,0.52472
0.73000,0.26000,0.41470,0.55394
0.74000,0.26000,0.39525,0.57513
0.75000,0.26000,0.38296,0.58812
0.76000,0.26000,0.37779,0.59339
0.77000,0.26000,0.37922,0.59190
0.78000,0.26000,0.38640,0.58484
0.79000,0.26000,0.39816,0.57350
0.80000,0.26000,0.41323,0.55925
0.81000,0.26000,0.43019,0.54340
0.82000,0.26000,0.44767,0.52723
0.83000,0.26000,0.46441,0.51186
0.84000,0.26000,0.47933,0.49825
0.85000,0.26000,0.49165,0.48709
0.86000,0.26000,0.50093,0.47880
0.87000,0.26000,0.50704,0.47349
0.88000,0.26000,0.51015,0.47100
0.89000,0.26000,0.51066,0.47096
0.90000,0.26000,0.50916,0.47284
0.91000,0.26000,0.50627,0.47600
0.92000,0.26000,0.50266,0.47982
0.93000,0.26000,0.49890,0.48371
0.94000,0.26000,0.49550,0.48718
0.95000,0.26000,0.49282,0.48984
0.96000,0.26000,0.49110,0.49145
0.97000,0.26000,0.49055,0.49180
0.98000,0.26000,0.49144,0.49058
0.99000,0.26000,0.49454,0.48699
1.0000,0.26000,0.50204,0.47886
0.0000,0.27000,0.50602,0.47523
0.010000,0.27000,0.50966,0.47062
0.020000,0.27000,0.49860,0.47947
0.030000,0.27000,0.47825,0.49646
0.040000,0.27000,0.45162,0.51843
0.050000,0.27000,0.42101,0.54302
0.060000,0.27000,0.38863,0.56825
0.070000,0.27000,0.35674,0.59245
0.080000,0.27000,0.32762,0.61423
0.090000,0.27000,0.30339,0.63240
0.10000,0.27000,0.28591,0.64589
0.11000,0.27000,0.27673,0.65360
0.12000,0.27000,0.27704,0.65431
0.13000,0.27000,0.28772,0.64664
0.14000,0.27000,0.30923,0.62923
0.15000,0.27000,0.34150,0.60099
0.16000,0.27000,0.38364,0.56155
0.17000,0.27000,0.43373,0.51174
0.18000,0.27000,0.48873,0.45387
0.19000,0.27000,0.54486,0.39157
0.20000,0.27000,0.59826,0.32914
0.21000,0.27000,0.64578,0.27065
0.22000,0.27000,0.68556,0.21921
0.23000,0.27000,0.71708,0.17659
0.24000,0.27000,0.74082,0.14338
0.25000,0.27000,0.75777,0.11939
0.26000,0.27000,0.76900,0.10402
0.27000,0.27000,0.77528,0.096702
0.28000,0.27000,0.77694,0.097058
0.29000,0.27000,0.77376,0.10507
0.30000,0.27000,0.76494,0.12112
0.31000,0.27000,0.74919,0.14592
0.32000,0.27000,0.72490,0.18039
0.33000,0.27000,0.69046,0.22527
0.34000,0.27000,0.64480,0.28069
0.35000,0.27000,0.58803,0.34551
0.36000,0.27000,0.52199,0.41693
0.37000,0.27000,0.45033,0.49057
0.38000,0.27000,0.37786,0.56128
0.39000,0.27000,0.30944,0.62438
0.40000,0.27000,0.24893,0.67677
0.41000,0.27000,0.19854,0.71739
0.42000,0.27000,0.15900,0.74682
0.43000,0.27000,0.12994,0.76662
0.44000,0.27000,0.11048,0.77862
0.45000,0.27000,0.099699,0.78437
0.46000,0.27000,0.096879,0.78495
0.47000,0.27000,0.10166,0.78078
0.48000,0.27000,0.11407,0.77169
0.49000,0.27000,0.13452,0.75700
0.50000,0.27000,0.16364,0.73562
0.51000,0.27000,0.20207,0.70638
0.52000,0.27000,0.25006,0.66838
0.53000,0.27000,0.30698,0.62144
0.54000,0.27000,0.37091,0.56660
0.55000,0.27000,0.43847,0.50627
0.56000,0.27000,0.50520,0.44398
0.57000,0.27000,0.56651,0.38373
0.58000,0.27000,0.61869,0.32912
0.59000,0.27000,0.65966,0.28280
0.60000,0.27000,0.68902,0.24629
0.61000,0.27000,0.70759,0.22015
0.62000,0.27000,0.71672,0.20437
0.63000,0.27000,0.71774,0.19862
0.64000,0.27000,0.71165,0.20245
0.65000,0.27000,0.69905,0.21544
0.66000,0.27000,0.68030,0.23709
0.67000,0.27000,0.65569,0.26675
0.68000,0.27000,0.62576,0.30341
0.69000,0.27000,0.59147,0.34552
0.70000,0.27000,0.55432,0.39089
0.71000,0.27000,0.51630,0.43679
0.72000,0.27000,0.47964,0.48030
0.73000,0.27000,0.44651,0.51874
0.74000,0.27000,0.41868,0.55010
0.75000,0.27000,0.39737,0.57328
0.76000,0.27000,0.38317,0.58806
0.77000,0.27000,0.37610,0.59494
0.78000,0.27000,0.37573,0.59487
0.79000,0.27000,0.38128,0.58904
0.80000,0.27000,0.39172,0.57872
0.81000,0.27000,0.40581,0.56526
0.82000,0.27000,0.42221,0.54994
0.83000,0.27000,0.43955,0.53403
0.84000,0.27000,0.45652,0.51864
0.85000,0.27000,0.47201,0.50475
0.86000,0.27000,0.48514,0.49308
0.87000,0.27000,0.49540,0.48407
0.88000,0.27000,0.50257,0.47789
0.89000,0.27000,0.50676,0.47444
0.90000,0.27000,0.50834,0.47341
0.91000,0.27000,0.50781,0.47430
0.92000,0.27000,0.50579,0.47657
0.93000,0.27000,0.50292,0.47960
0.94000,0.27000,0.49976,0.48282
0.95000,0.27000,0.49684,0.48574
0.96000,0.27000,0.49457,0.48793
0.97000,0.27000,0.49334,0.48898
0.98000,0.27000,0.49373,0.48831
0.99000,0.27000,0.49692,0.48471
1.0000,0.27000,0.50602,0.47523
0.0000,0.28000,0.50949,0.47192
0.010000,0.28000,0.51617,0.46462
0.020000,0.28000,0.50862,0.47033
0.030000,0.28000,0.49137,0.48464
0.040000,0.28000,0.46694,0.50485
0.050000,0.28000,0.43726,0.52881
0.060000,0.28000,0.40435,0.55454
0.070000,0.28000,0.37035,0.58030
0.080000,0.28000,0.33758,0.60456
0.090000,0.28000,0.30829,0.62606
0.10000,0.28000,0.28455,0.64374
0.11000,0.28000,0.26812,0.65659
0.12000,0.28000,0.26044,0.66352
0.13000,0.28000,0.26261,0.66327
0.14000,0.28000,0.27542,0.65442
0.15000,0.28000,0.29933,0.63552
0.16000,0.28000,0.33420,0.60544
0.17000,0.28000,0.37909,0.56384
0.18000,0.28000,0.43196,0.51168
0.19000,0.28000,0.48957,0.45148
0.20000,0.28000,0.54795,0.38711
0.21000,0.28000,0.60307,0.32308
0.22000,0.28000,0.65179,0.26355
0.23000,0.28000,0.69232,0.21160
0.24000,0.28000,0.72428,0.16889
0.25000,0.28000,0.74830,0.13585
0.26000,0.28000,0.76548,0.11214
0.27000,0.28000,0.77694,0.097058
0.28000,0.28000,0.78348,0.089932
0.29000,0.28000,0.78540,0.090348
0.30000,0.28000,0.78245,0.098282
0.31000,0.28000,0.77381,0.11414
0.32000,0.28000,0.75812,0.13872
0.33000,0.28000,0.73370,0.17304
0.34000,0.28000,0.69887,0.21803
0.35000,0.28000,0.65245,0.27393
0.36000,0.28000,0.59451,0.33974
0.37000,0.28000,0.52688,0.41266
0.38000,0.28000,0.45332,0.48817
0.39000,0.28000,0.37882,0.56087
0.40000,0.28000,0.30850,0.62588
0.41000,0.28000,0.24636,0.67996
0.42000,0.28000,0.19472,0.72198
0.43000,0.28000,0.15425,0.75258
0.44000,0.28000,0.12453,0.77338
0.45000,0.28000,0.10458,0.78624
0.46000,0.28000,0.093368,0.79274
0.47000,0.28000,0.090103,0.79395
0.48000,0.28000,0.094382,0.79029
0.49000,0.28000,0.10625,0.78157
0.50000,0.28000,0.12615,0.76707
0.51000,0.28000,0.15484,0.74566
0.52000,0.28000,0.19312,0.71610
0.53000,0.28000,0.24140,0.67742
0.54000,0.28000,0.29921,0.62937
0.55000,0.28000,0.36464,0.57293
0.56000,0.28000,0.43419,0.51054
0.57000,0.28000,0.50315,0.44584
0.58000,0.28000,0.56665,0.38300
0.59000,0.28000,0.62081,0.32585
0.60000,0.28000,0.66349,0.27720
0.61000,0.28000,0.69435,0.23868
0.62000,0.28000,0.71424,0.21087
0.63000,0.28000,0.72453,0.19373
0.64000,0.28000,0.72650,0.18688
0.65000,0.28000,0.72112,0.18986
0.66000,0.28000,0.70895,0.20226
0.67000,0.28000,0.69031,0.22367
0.68000,0.28000,0.66549,0.25357
0.69000,0.28000,0.63499,0.29103
0.70000,0.28000,0.59978,0.33454
0.71000,0.28000,0.56138,0.38185
0.72000,0.28000,0.52183,0.43005
0.73000,0.28000,0.48343,0.47598
0.74000,0.28000,0.44844,0.51673
0.75000,0.28000,0.41872,0.55015
0.76000,0.28000,0.39557,0.57506
0.77000,0.28000,0.37964,0.59126
0.78000,0.28000,0.37104,0.59926
0.79000,0.28000,0.36941,0.60003
0.80000,0.28000,0.37406,0.59478
0.81000,0.28000,0.38397,0.58480
0.82000,0.28000,0.39796,0.57141
0.83000,0.28000,0.41464,0.55593
0.84000,0.28000,0.43260,0.53965
0.85000,0.28000,0.45045,0.52371
0.86000,0.28000,0.46695,0.50914
0.87000,0.28000,0.48117,0.49669
0.88000,0.28000,0.49247,0.48686
0.89000,0.28000,0.50061,0.47986
0.90000,0.28000,0.50565,0.47564
0.91000,0.28000,0.50794,0.47391
0.92000,0.28000,0.50797,0.47421
0.93000,0.28000,0.50639,0.47600
0.94000,0.28000,0.50382,0.47865
0.95000,0.28000,0.50090,0.48158
0.96000,0.28000,0.49820,0.48420
0.97000,0.28000,0.49634,0.48589
0.98000,0.28000,0.49614,0.48583
0.99000,0.28000,0.49921,0.48240
1.0000,0.28000,0.50949,0.47192
0.0000,0.29000,0.51236,0.46902
0.010000,0.29000,0.52177,0.45929
0.020000,0.29000,0.51792,0.46168
0.030000,0.29000,0.50428,0.47287
0.040000,0.29000,0.48273,0.49075
0.050000,0.29000,0.45483,0.51348
0.060000,0.29000,0.42227,0.53918
0.070000,0.29000,0.38707,0.56603
0.080000,0.29000,0.35148,0.59236
0.090000,0.29000,0.31786,0.61677
0.10000,0.29000,0.28847,0.63810
0.11000,0.29000,0.26531,0.65539
0.12000,0.29000,0.25004,0.66767
0.13000,0.29000,0.24396,0.67388
0.14000,0.29000,0.24807,0.67270
0.15000,0.29000,0.26310,0.66264
0.16000,0.29000,0.28945,0.64219
0.17000,0.29000,0.32700,0.61019
0.18000,0.29000,0.37473,0.56634
0.19000,0.29000,0.43046,0.51172
0.20000,0.29000,0.49077,0.44908
0.21000,0.29000,0.55145,0.38257
0.22000,0.29000,0.60836,0.31689
0.23000,0.29000,0.65832,0.25633
0.24000,0.29000,0.69962,0.20392
0.25000,0.29000,0.73205,0.16119
0.26000,0.29000,0.75636,0.12841
0.27000,0.29000,0.77376,0.10507
0.28000,0.29000,0.78540,0.090348
0.29000,0.29000,0.79209,0.083485
0.30000,0.29000,0.79414,0.084027
0.31000,0.29000,0.79127,0.091949
0.32000,0.29000,0.78261,0.10770
0.33000,0.29000,0.76679,0.13216
0.34000,0.29000,0.74204,0.16648
0.35000,0.29000,0.70660,0.21172
0.36000,0.29000,0.65921,0.26830
0.37000,0.29000,0.59988,0.33527
0.38000,0.29000,0.53047,0.40983
0.39000,0.29000,0.45486,0.48728
0.40000,0.29000,0.37827,0.56200
0.41000,0.29000,0.30606,0.62886
0.42000,0.29000,0.24242,0.68451
0.43000,0.29000,0.18972,0.72782
0.44000,0.29000,0.14860,0.75946
0.45000,0.29000,0.11852,0.78111
0.46000,0.29000,0.098368,0.79467
0.47000,0.29000,0.087003,0.80172
0.48000,0.29000,0.083553,0.80332
0.49000,0.29000,0.087584,0.79988
0.50000,0.29000,0.099160,0.79119
0.51000,0.29000,0.11881,0.77651
0.52000,0.29000,0.14742,0.75467
0.53000,0.29000,0.18593,0.72438
0.54000,0.29000,0.23493,0.68458
0.55000,0.29000,0.29403,0.63497
0.56000,0.29000,0.36131,0.57651
0.57000,0.29000,0.43306,0.51169
0.58000,0.29000,0.50430,0.44435
0.59000,0.29000,0.56989,0.37887
0.60000,0.29000,0.62582,0.31932
0.61000,0.29000,0.66996,0.26868
0.62000,0.29000,0.70199,0.22863
0.63000,0.29000,0.72280,0.19976
0.64000,0.29000,0.73376,0.18192
0.65000,0.29000,0.73613,0.17466
0.66000,0.29000,0.73084,0.17749
0.67000,0.29000,0.71843,0.19003
0.68000,0.29000,0.69922,0.21197
0.69000,0.29000,0.67349,0.24287
0.70000,0.29000,0.64178,0.28187
0.71000,0.29000,0.60507,0.32744
0.72000,0.29000,0.56495,0.37716
0.73000,0.29000,0.52353,0.42788
0.74000,0.29000,0.48324,0.47618
0.75000,0.29000,0.44642,0.51894
0.76000,0.29000,0.41501,0.55392
0.77000,0.29000,0.39039,0.57993
0.78000,0.29000,0.37328,0.59684
0.79000,0.29000,0.36385,0.60521
0.80000,0.29000,0.36178,0.60607
0.81000,0.29000,0.36639,0.60065
0.82000,0.29000,0.37666,0.59029
0.83000,0.29000,0.39136,0.57633
0.84000,0.29000,0.40903,0.56015
0.85000,0.29000,0.42813,0.54308
0.86000,0.29000,0.44716,0.52632
0.87000,0.29000,0.46479,0.51095
0.88000,0.29000,0.47999,0.49776
0.89000,0.29000,0.49210,0.48729
0.90000,0.29000,0.50083,0.47977
0.91000,0.29000,0.50627,0.47516
0.92000,0.29000,0.50878,0.47316
0.93000,0.29000,0.50890,0.47332
0.94000,0.29000,0.50731,0.47504
0.95000,0.29000,0.50470,0.47766
0.96000,0.29000,0.50181,0.48047
0.97000,0.29000,0.49941,0.48268
0.98000,0.29000,0.49860,0.48322
0.99000,0.29000,0.50137,0.48011
1.0000,0.29000,0.51236,0.46902
0.0000,0.30000,0.51456,0.46662
0.010000,0.30000,0.52628,0.45479
0.020000,0.30000,0.52618,0.45378
0.030000,0.30000,0.51653,0.46147
0.040000,0.30000,0.49852,0.47647
0.050000,0.30000,0.47319,0.49732
0.060000,0.30000,0.44192,0.52237
0.070000,0.30000,0.40646,0.54978
0.080000,0.30000,0.36897,0.57776
0.090000,0.30000,0.33185,0.60471
0.10000,0.30000,0.29752,0.62930
0.11000,0.30000,0.26823,0.65050
0.12000,0.30000,0.24588,0.66741
0.13000,0.30000,0.23198,0.67912
0.14000,0.30000,0.22768,0.68455
0.15000,0.30000,0.23386,0.68237
0.16000,0.30000,0.25119,0.67100
0.17000,0.30000,0.28008,0.64890
0.18000,0.30000,0.32037,0.61485
0.19000,0.30000,0.37101,0.56861
0.20000,0.30000,0.42966,0.51142
0.21000,0.30000,0.49270,0.44628
0.22000,0.30000,0.55570,0.37759
0.23000,0.30000,0.61437,0.31032
0.24000,0.30000,0.66552,0.24882
0.25000,0.30000,0.70757,0.19609
0.26000,0.30000,0.74041,0.15349
0.27000,0.30000,0.76494,0.12112
0.28000,0.30000,0.78245,0.098282
0.29000,0.30000,0.79414,0.084027
0.30000,0.30000,0.80083,0.077519
0.31000,0.30000,0.80283,0.078274
0.32000,0.30000,0.79983,0.086280
0.33000,0.30000,0.79095,0.10204
0.34000,0.30000,0.77476,0.12653
0.35000,0.30000,0.74946,0.16102
0.36000,0.30000,0.71319,0.20672
0.37000,0.30000,0.66462,0.26417
0.38000,0.30000,0.60371,0.33248
0.39000,0.30000,0.53236,0.40878
0.40000,0.30000,0.45462,0.48818
0.41000,0.30000,0.37598,0.56481
0.42000,0.30000,0.30205,0.63336
0.43000,0.30000,0.23719,0.69038
0.44000,0.30000,0.18379,0.73476
0.45000,0.30000,0.14240,0.76723
0.46000,0.30000,0.11231,0.78950
0.47000,0.30000,0.092286,0.80348
0.48000,0.30000,0.081053,0.81078
0.49000,0.30000,0.077677,0.81243
0.50000,0.30000,0.081719,0.80884
0.51000,0.30000,0.093291,0.79980
0.52000,0.30000,0.11302,0.78453
0.53000,0.30000,0.14193,0.76185
0.54000,0.30000,0.18111,0.73041
0.55000,0.30000,0.23127,0.68909
0.56000,0.30000,0.29206,0.63755
0.57000,0.30000,0.36143,0.57677
0.58000,0.30000,0.43544,0.50937
0.59000,0.30000,0.50880,0.43939
0.60000,0.30000,0.57616,0.37152
0.61000,0.30000,0.63342,0.31003
0.62000,0.30000,0.67850,0.25803
0.63000,0.30000,0.71114,0.21722
0.64000,0.30000,0.73227,0.18807
0.65000,0.30000,0.74326,0.17031
0.66000,0.30000,0.74535,0.16340
0.67000,0.30000,0.73945,0.16682
0.68000,0.30000,0.72614,0.18025
0.69000,0.30000,0.70572,0.20345
0.70000,0.30000,0.67853,0.23605
0.71000,0.30000,0.64512,0.27721
0.72000,0.30000,0.60656,0.32525
0.73000,0.30000,0.56452,0.37752
0.74000,0.30000,0.52124,0.43058
0.75000,0.30000,0.47924,0.48076
0.76000,0.30000,0.44094,0.52481
0.77000,0.30000,0.40839,0.56049
0.78000,0.30000,0.38299,0.58673
0.79000,0.30000,0.36552,0.60347
0.80000,0.30000,0.35614,0.61138
0.81000,0.30000,0.35453,0.61156
0.82000,0.30000,0.35995,0.60530
0.83000,0.30000,0.37135,0.59398
0.84000,0.30000,0.38736,0.57902
0.85000,0.30000,0.40642,0.56184
0.86000,0.30000,0.42684,0.54384
0.87000,0.30000,0.44702,0.52629
0.88000,0.30000,0.46554,0.51028
0.89000,0.30000,0.48133,0.49664
0.90000,0.30000,0.49375,0.48590
0.91000,0.30000,0.50254,0.47830
0.92000,0.30000,0.50784,0.47375
0.93000,0.30000,0.51007,0.47194
0.94000,0.30000,0.50986,0.47234
0.95000,0.30000,0.50794,0.47429
0.96000,0.30000,0.50514,0.47700
0.97000,0.30000,0.50240,0.47953
0.98000,0.30000,0.50102,0.48059
0.99000,0.30000,0.50333,0.47791
1.0000,0.30000,0.51456,0.46662
0.0000,0.31000,0.51602,0.46480
0.010000,0.31000,0.52952,0.45130
0.020000,0.31000,0.53311,0.44690
0.030000,0.31000,0.52771,0.45081
0.040000,0.31000,0.51376,0.46239
0.050000,0.31000,0.49178,0.48071
0.060000,0.31000,0.46272,0.50440
0.070000,0.31000,0.42803,0.53174
0.080000,0.31000,0.38965,0.56086
0.090000,0.31000,0.34997,0.58996
0.10000,0.31000,0.31151,0.61749
0.11000,0.31000,0.27676,0.64223
0.12000,0.31000,0.24790,0.66323
0.13000,0.31000,0.22668,0.67969
0.14000,0.31000,0.21441,0.69074
0.15000,0.31000,0.21208,0.69528
0.16000,0.31000,0.22047,0.69195
0.17000,0.31000,0.24021,0.67914
0.18000,0.31000,0.27169,0.65523
0.19000,0.31000,0.31477,0.61901
0.20000,0.31000,0.36833,0.57028
0.21000,0.31000,0.42990,0.51045
0.22000,0.31000,0.49563,0.44278
0.23000,0.31000,0.56087,0.37198
0.24000,0.31000,0.62119,0.30325
0.25000,0.31000,0.67342,0.24101
0.26000,0.31000,0.71607,0.18817
0.27000,0.31000,0.74919,0.14592
0.28000,0.31000,0.77381,0.11414
0.29000,0.31000,0.79127,0.091949
0.30000,0.31000,0.80283,0.078274
0.31000,0.31000,0.80932,0.072214
0.32000,0.31000,0.81104,0.073273
0.33000,0.31000,0.80769,0.081469
0.34000,0.31000,0.79837,0.097374
0.35000,0.31000,0.78161,0.12206
0.36000,0.31000,0.75555,0.15692
0.37000,0.31000,0.71824,0.20328
0.38000,0.31000,0.66831,0.26179
0.39000,0.31000,0.60568,0.33158
0.40000,0.31000,0.53233,0.40964
0.41000,0.31000,0.45252,0.49090
0.42000,0.31000,0.37203,0.56925
0.43000,0.31000,0.29671,0.63922
0.44000,0.31000,0.23104,0.69731
0.45000,0.31000,0.17738,0.74246
0.46000,0.31000,0.13613,0.77543
0.47000,0.31000,0.10641,0.79799
0.48000,0.31000,0.086799,0.81205
0.49000,0.31000,0.075943,0.81922
0.50000,0.31000,0.072871,0.82055
0.51000,0.31000,0.077169,0.81642
0.52000,0.31000,0.089024,0.80664
0.53000,0.31000,0.10918,0.79041
0.54000,0.31000,0.13878,0.76653
0.55000,0.31000,0.17907,0.73360
0.56000,0.31000,0.23079,0.69048
0.57000,0.31000,0.29355,0.63679
0.58000,0.31000,0.36510,0.57360
0.59000,0.31000,0.44118,0.50370
0.60000,0.31000,0.51625,0.43141
0.61000,0.31000,0.58479,0.36169
0.62000,0.31000,0.64273,0.29901
0.63000,0.31000,0.68805,0.24653
0.64000,0.31000,0.72061,0.20583
0.65000,0.31000,0.74136,0.17723
0.66000,0.31000,0.75169,0.16031
0.67000,0.31000,0.75284,0.15444
0.68000,0.31000,0.74573,0.15912
0.69000,0.31000,0.73096,0.17408
0.70000,0.31000,0.70887,0.19915
0.71000,0.31000,0.67984,0.23399
0.72000,0.31000,0.64452,0.27765
0.73000,0.31000,0.60406,0.32823
0.74000,0.31000,0.56025,0.38278
0.75000,0.31000,0.51543,0.43758
0.76000,0.31000,0.47221,0.48876
0.77000,0.31000,0.43312,0.53311
0.78000,0.31000,0.40022,0.56848
0.79000,0.31000,0.37493,0.59397
0.80000,0.31000,0.35799,0.60968
0.81000,0.31000,0.34955,0.61640
0.82000,0.31000,0.34920,0.61529
0.83000,0.31000,0.35612,0.60771
0.84000,0.31000,0.36914,0.59511
0.85000,0.31000,0.38675,0.57897
0.86000,0.31000,0.40723,0.56079
0.87000,0.31000,0.42880,0.54200
0.88000,0.31000,0.44976,0.52391
0.89000,0.31000,0.46868,0.50762
0.90000,0.31000,0.48450,0.49396
0.91000,0.31000,0.49663,0.48343
0.92000,0.31000,0.50492,0.47621
0.93000,0.31000,0.50958,0.47216
0.94000,0.31000,0.51114,0.47090
0.95000,0.31000,0.51030,0.47180
0.96000,0.31000,0.50794,0.47406
0.97000,0.31000,0.50512,0.47664
0.98000,0.31000,0.50330,0.47809
0.99000,0.31000,0.50505,0.47589
1.0000,0.31000,0.51602,0.46480
0.0000,0.32000,0.51671,0.46366
0.010000,0.32000,0.53140,0.44896
0.020000,0.32000,0.53844,0.44133
0.030000,0.32000,0.53740,0.44128
0.040000,0.32000,0.52791,0.44899
0.050000,0.32000,0.50996,0.46410
0.060000,0.32000,0.48402,0.48565
0.070000,0.32000,0.45115,0.51215
0.080000,0.32000,0.41302,0.54177
0.090000,0.32000,0.37184,0.57255
0.10000,0.32000,0.33019,0.60269
0.11000,0.32000,0.29076,0.63069
0.12000,0.32000,0.25601,0.65545
0.13000,0.32000,0.22800,0.67612
0.14000,0.32000,0.20826,0.69197
0.15000,0.32000,0.19789,0.70219
0.16000,0.32000,0.19771,0.70568
0.17000,0.32000,0.20840,0.70106
0.18000,0.32000,0.23057,0.68667
0.19000,0.32000,0.26466,0.66083
0.20000,0.32000,0.31051,0.62233
0.21000,0.32000,0.36696,0.57105
0.22000,0.32000,0.43137,0.50858
0.23000,0.32000,0.49965,0.43846
0.24000,0.32000,0.56695,0.36572
0.25000,0.32000,0.62873,0.29576
0.26000,0.32000,0.68184,0.23306
0.27000,0.32000,0.72490,0.18039
0.28000,0.32000,0.75812,0.13872
0.29000,0.32000,0.78261,0.10770
0.30000,0.32000,0.79983,0.086280
0.31000,0.32000,0.81104,0.073273
0.32000,0.32000,0.81711,0.067735
0.33000,0.32000,0.81835,0.069177
0.34000,0.32000,0.81445,0.077664
0.35000,0.32000,0.80449,0.093845
0.36000,0.32000,0.78697,0.11889
0.37000,0.32000,0.75998,0.15431
0.38000,0.32000,0.72150,0.20153
0.39000,0.32000,0.67011,0.26125
0.40000,0.32000,0.60572,0.33257
0.41000,0.32000,0.53044,0.41233
0.42000,0.32000,0.44878,0.49524
0.43000,0.32000,0.36678,0.57499
0.44000,0.32000,0.29053,0.64600
0.45000,0.32000,0.22455,0.70479
0.46000,0.32000,0.17110,0.75033
0.47000,0.32000,0.13038,0.78344
0.48000,0.32000,0.10130,0.80591
0.49000,0.32000,0.082328,0.81967
0.50000,0.32000,0.072031,0.82633
0.51000,0.32000,0.069445,0.82694
0.52000,0.32000,0.074212,0.82192
0.53000,0.32000,0.086617,0.81106
0.54000,0.32000,0.10752,0.79358
0.55000,0.32000,0.13820,0.76826
0.56000,0.32000,0.17994,0.73367
0.57000,0.32000,0.23350,0.68862
0.58000,0.32000,0.29831,0.63280
0.59000,0.32000,0.37186,0.56737
0.60000,0.32000,0.44957,0.49537
0.61000,0.32000,0.52569,0.42138
0.62000,0.32000,0.59465,0.35062
0.63000,0.32000,0.65247,0.28767
0.64000,0.32000,0.69730,0.23561
0.65000,0.32000,0.72906,0.19587
0.66000,0.32000,0.74878,0.16853
0.67000,0.32000,0.75784,0.15307
0.68000,0.32000,0.75752,0.14879
0.69000,0.32000,0.74876,0.15524
0.70000,0.32000,0.73218,0.17221
0.71000,0.32000,0.70820,0.19957
0.72000,0.32000,0.67727,0.23690
0.73000,0.32000,0.64012,0.28307
0.74000,0.32000,0.59803,0.33587
0.75000,0.32000,0.55288,0.39202
0.76000,0.32000,0.50713,0.44759
0.77000,0.32000,0.46346,0.49869
0.78000,0.32000,0.42441,0.54223
0.79000,0.32000,0.39205,0.57631
0.80000,0.32000,0.36776,0.60021
0.81000,0.32000,0.35220,0.61422
0.82000,0.32000,0.34542,0.61922
0.83000,0.32000,0.34691,0.61647
0.84000,0.32000,0.35571,0.60737
0.85000,0.32000,0.37051,0.59344
0.86000,0.32000,0.38964,0.57622
0.87000,0.32000,0.41127,0.55726
0.88000,0.32000,0.43353,0.53802
0.89000,0.32000,0.45470,0.51980
0.90000,0.32000,0.47338,0.50370
0.91000,0.32000,0.48861,0.49049
0.92000,0.32000,0.49989,0.48062
0.93000,0.32000,0.50720,0.47420
0.94000,0.32000,0.51085,0.47098
0.95000,0.32000,0.51149,0.47048
0.96000,0.32000,0.50996,0.47192
0.97000,0.32000,0.50737,0.47424
0.98000,0.32000,0.50529,0.47587
0.99000,0.32000,0.50646,0.47416
1.0000,0.32000,0.51671,0.46366
0.0000,0.33000,0.51663,0.46326
0.010000,0.33000,0.53187,0.44790
0.020000,0.33000,0.54199,0.43730
0.030000,0.33000,0.54520,0.43327
0.040000,0.33000,0.54041,0.43677
0.050000,0.33000,0.52703,0.44805
0.060000,0.33000,0.50506,0.46665
0.070000,0.33000,0.47509,0.49143
0.080000,0.33000,0.43840,0.52072
0.090000,0.33000,0.39694,0.55253
0.10000,0.33000,0.35321,0.58483
0.11000,0.33000,0.31002,0.61582
0.12000,0.33000,0.27010,0.64411
0.13000,0.33000,0.23586,0.66868
0.14000,0.33000,0.20913,0.68882
0.15000,0.33000,0.19120,0.70389
0.16000,0.33000,0.18293,0.71309
0.17000,0.33000,0.18499,0.71538
0.18000,0.33000,0.19801,0.70933
0.19000,0.33000,0.22260,0.69325
0.20000,0.33000,0.25923,0.66541
0.21000,0.33000,0.30777,0.62460
0.22000,0.33000,0.36698,0.57079
0.23000,0.33000,0.43404,0.50577
0.24000,0.33000,0.50466,0.43339
0.25000,0.33000,0.57376,0.35898
0.26000,0.33000,0.63673,0.28812
0.27000,0.33000,0.69046,0.22527
0.28000,0.33000,0.73370,0.17304
0.29000,0.33000,0.76679,0.13216
0.30000,0.33000,0.79095,0.10204
0.31000,0.33000,0.80769,0.081469
0.32000,0.33000,0.81835,0.069177
0.33000,0.33000,0.82380,0.064201
0.34000,0.33000,0.82437,0.066081
0.35000,0.33000,0.81974,0.074945
0.36000,0.33000,0.80900,0.091522
0.37000,0.33000,0.79060,0.11708
0.38000,0.33000,0.76258,0.15321
0.39000,0.33000,0.72289,0.20143
0.40000,0.33000,0.67004,0.26242
0.41000,0.33000,0.60400,0.33521
0.42000,0.33000,0.52703,0.41647
0.43000,0.33000,0.44387,0.50069
0.44000,0.33000,0.36086,0.58144
0.45000,0.33000,0.28421,0.65306
0.46000,0.33000,0.21843,0.71213
0.47000,0.33000,0.16558,0.75765
0.48000,0.33000,0.12567,0.79051
0.49000,0.33000,0.097423,0.81251
0.50000,0.33000,0.079209,0.82560
0.51000,0.33000,0.069575,0.83140
0.52000,0.33000,0.067598,0.83099
0.53000,0.33000,0.073003,0.82481
0.54000,0.33000,0.086184,0.81267
0.55000,0.33000,0.10811,0.79380
0.56000,0.33000,0.14012,0.76696
0.57000,0.33000,0.18354,0.73071
0.58000,0.33000,0.23898,0.68388
0.59000,0.33000,0.30567,0.62619
0.60000,0.33000,0.38076,0.55897
0.61000,0.33000,0.45942,0.48550
0.62000,0.33000,0.53576,0.41066
0.63000,0.33000,0.60432,0.33980
0.64000,0.33000,0.66127,0.27751
0.65000,0.33000,0.70490,0.22671
0.66000,0.33000,0.73528,0.18856
0.67000,0.33000,0.75346,0.16300
0.68000,0.33000,0.76085,0.14938
0.69000,0.33000,0.75873,0.14704
0.70000,0.33000,0.74811,0.15557
0.71000,0.33000,0.72965,0.17481
0.72000,0.33000,0.70384,0.20460
0.73000,0.33000,0.67123,0.24436
0.74000,0.33000,0.63263,0.29266
0.75000,0.33000,0.58943,0.34696
0.76000,0.33000,0.54362,0.40374
0.77000,0.33000,0.49772,0.45895
0.78000,0.33000,0.45444,0.50887
0.79000,0.33000,0.41632,0.55063
0.80000,0.33000,0.38535,0.58262
0.81000,0.33000,0.36281,0.60436
0.82000,0.33000,0.34926,0.61626
0.83000,0.33000,0.34460,0.61931
0.84000,0.33000,0.34818,0.61481
0.85000,0.33000,0.35891,0.60425
0.86000,0.33000,0.37531,0.58918
0.87000,0.33000,0.39560,0.57119
0.88000,0.33000,0.41786,0.55184
0.89000,0.33000,0.44019,0.53258
0.90000,0.33000,0.46092,0.51471
0.91000,0.33000,0.47875,0.49927
0.92000,0.33000,0.49283,0.48695
0.93000,0.33000,0.50282,0.47812
0.94000,0.33000,0.50881,0.47277
0.95000,0.33000,0.51126,0.47057
0.96000,0.33000,0.51094,0.47083
0.97000,0.33000,0.50895,0.47254
0.98000,0.33000,0.50687,0.47412
0.99000,0.33000,0.50749,0.47284
1.0000,0.33000,0.51663,0.46326
0.0000,0.34000,0.51579,0.46368
0.010000,0.34000,0.53095,0.44820
0.020000,0.34000,0.54364,0.43501
0.030000,0.34000,0.55085,0.42712
0.040000,0.34000,0.55078,0.42623
0.050000,0.34000,0.54234,0.43319
0.060000,0.34000,0.52504,0.44805
0.070000,0.34000,0.49898,0.47015
0.080000,0.34000,0.46497,0.49811
0.090000,0.34000,0.42457,0.53007
0.10000,0.34000,0.38007,0.56389
0.11000,0.34000,0.33423,0.59749
0.12000,0.34000,0.29002,0.62910
0.13000,0.34000,0.25018,0.65742
0.14000,0.34000,0.21694,0.68157
0.15000,0.34000,0.19187,0.70097
0.16000,0.34000,0.17597,0.71505
0.17000,0.34000,0.16990,0.72309
0.18000,0.34000,0.17421,0.72405
0.19000,0.34000,0.18948,0.71649
0.20000,0.34000,0.21639,0.69867
0.21000,0.34000,0.25543,0.66883
0.22000,0.34000,0.30650,0.62577
0.23000,0.34000,0.36825,0.56954
0.24000,0.34000,0.43771,0.50218
0.25000,0.34000,0.51035,0.42782
0.26000,0.34000,0.58094,0.35209
0.27000,0.34000,0.64480,0.28069
0.28000,0.34000,0.69887,0.21803
0.29000,0.34000,0.74204,0.16648
0.30000,0.34000,0.77476,0.12653
0.31000,0.34000,0.79837,0.097374
0.32000,0.34000,0.81445,0.077664
0.33000,0.34000,0.82437,0.066081
0.34000,0.34000,0.82903,0.061670
0.35000,0.34000,0.82878,0.064015
0.36000,0.34000,0.82333,0.073313
0.37000,0.34000,0.81173,0.090375
0.38000,0.34000,0.79242,0.11655
0.39000,0.34000,0.76340,0.15350
0.40000,0.34000,0.72256,0.20275
0.41000,0.34000,0.66840,0.26496
0.42000,0.34000,0.60096,0.33902
0.43000,0.34000,0.52268,0.42144
0.44000,0.34000,0.43854,0.50655
0.45000,0.34000,0.35508,0.58782
0.46000,0.34000,0.27856,0.65960
0.47000,0.34000,0.21339,0.71852
0.48000,0.34000,0.16143,0.76365
0.49000,0.34000,0.12246,0.79591
0.50000,0.34000,0.095109,0.81711
0.51000,0.34000,0.077669,0.82924
0.52000,0.34000,0.068721,0.83393
0.53000,0.34000,0.067413,0.83231
0.54000,0.34000,0.073568,0.82485
0.55000,0.34000,0.087678,0.81139
0.56000,0.34000,0.11079,0.79117
0.57000,0.34000,0.14426,0.76295
0.58000,0.34000,0.18933,0.72528
0.59000,0.34000,0.24646,0.67701
0.60000,0.34000,0.31455,0.61796
0.61000,0.34000,0.39048,0.54964
0.62000,0.34000,0.46925,0.47557
0.63000,0.34000,0.54500,0.40080
0.64000,0.34000,0.61239,0.33077
0.65000,0.34000,0.66784,0.26991
0.66000,0.34000,0.70979,0.22092
0.67000,0.34000,0.73839,0.18475
0.68000,0.34000,0.75475,0.16120
0.69000,0.34000,0.76028,0.14960
0.70000,0.34000,0.75631,0.14933
0.71000,0.34000,0.74389,0.16005
0.72000,0.34000,0.72375,0.18157
0.73000,0.34000,0.69645,0.21362
0.74000,0.34000,0.66262,0.25537
0.75000,0.34000,0.62318,0.30507
0.76000,0.34000,0.57957,0.35990
0.77000,0.34000,0.53387,0.41617
0.78000,0.34000,0.48864,0.46996
0.79000,0.34000,0.44657,0.51777
0.80000,0.34000,0.41013,0.55706
0.81000,0.34000,0.38120,0.58649
0.82000,0.34000,0.36093,0.60578
0.83000,0.34000,0.34971,0.61546
0.84000,0.34000,0.34730,0.61658
0.85000,0.34000,0.35292,0.61052
0.86000,0.34000,0.36533,0.59876
0.87000,0.34000,0.38290,0.58290
0.88000,0.34000,0.40380,0.56455
0.89000,0.34000,0.42605,0.54525
0.90000,0.34000,0.44781,0.52644
0.91000,0.34000,0.46751,0.50937
0.92000,0.34000,0.48396,0.49497
0.93000,0.34000,0.49650,0.48388
0.94000,0.34000,0.50493,0.47634
0.95000,0.34000,0.50945,0.47220
0.96000,0.34000,0.51070,0.47098
0.97000,0.34000,0.50966,0.47174
0.98000,0.34000,0.50788,0.47299
0.99000,0.34000,0.50806,0.47205
1.0000,0.34000,0.51579,0.46368
0.0000,0.35000,0.51423,0.46492
0.010000,0.35000,0.52871,0.44986
0.020000,0.35000,0.54338,0.43459
0.030000,0.35000,0.55416,0.42311
0.040000,0.35000,0.55863,0.41783
0.050000,0.35000,0.55527,0.42012
0.060000,0.35000,0.54314,0.43059
0.070000,0.35000,0.52187,0.44904
0.080000,0.35000,0.49175,0.47457
0.090000,0.35000,0.45384,0.50559
0.10000,0.35000,0.41002,0.54001
0.11000,0.35000,0.36289,0.57559
0.12000,0.35000,0.31549,0.61020
0.13000,0.35000,0.27086,0.64214
0.14000,0.35000,0.23164,0.67023
0.15000,0.35000,0.19981,0.69373
0.16000,0.35000,0.17664,0.71218
0.17000,0.35000,0.16287,0.72512
0.18000,0.35000,0.15898,0.73189
0.19000,0.35000,0.16542,0.73147
0.20000,0.35000,0.18281,0.72239
0.21000,0.35000,0.21185,0.70286
0.22000,0.35000,0.25311,0.67111
0.23000,0.35000,0.30645,0.62594
0.24000,0.35000,0.37046,0.56753
0.25000,0.35000,0.44199,0.49812
0.26000,0.35000,0.51630,0.42216
0.27000,0.35000,0.58803,0.34551
0.28000,0.35000,0.65245,0.27393
0.29000,0.35000,0.70660,0.21172
0.30000,0.35000,0.74946,0.16102
0.31000,0.35000,0.78161,0.12206
0.32000,0.35000,0.80449,0.093845
0.33000,0.35000,0.81974,0.074945
0.34000,0.35000,0.82878,0.064015
0.35000,0.35000,0.83256,0.060129
0.36000,0.35000,0.83145,0.062931
0.37000,0.35000,0.82515,0.072687
0.38000,0.35000,0.81272,0.090278
0.39000,0.35000,0.79257,0.11711
0.40000,0.35000,0.76267,0.15486
0.41000,0.35000,0.72088,0.20506
0.42000,0.35000,0.66570,0.26828
0.43000,0.35000,0.59728,0.34329
0.44000,0.35000,0.51822,0.42644
0.45000,0.35000,0.43368,0.51196
0.46000,0.35000,0.35032,0.59327
0.47000,0.35000,0.27438,0.66480
0.48000,0.35000,0.21009,0.72321
0.49000,0.35000,0.15912,0.76764
0.50000,0.35000,0.12110,0.79903
0.51000,0.35000,0.094558,0.81922
0.52000,0.35000,0.077809,0.83021
0.53000,0.35000,0.069493,0.83370
0.54000,0.35000,0.068845,0.83084
0.55000,0.35000,0.075782,0.82216
0.56000,0.35000,0.090866,0.80753
0.57000,0.35000,0.11517,0.78620
0.58000,0.35000,0.15001,0.75693
0.59000,0.35000,0.19647,0.71828
0.60000,0.35000,0.25478,0.66914
0.61000,0.35000,0.32358,0.60943
0.62000,0.35000,0.39954,0.54084
0.63000,0.35000,0.47761,0.46705
0.64000,0.35000,0.55202,0.39324
0.65000,0.35000,0.61771,0.32475
0.66000,0.35000,0.67126,0.26583
0.67000,0.35000,0.71129,0.21894
0.68000,0.35000,0.73798,0.18485
0.69000,0.35000,0.75248,0.16330
0.70000,0.35000,0.75624,0.15368
0.71000,0.35000,0.75063,0.15540
0.72000,0.35000,0.73672,0.16816
0.73000,0.35000,0.71533,0.19168
0.74000,0.35000,0.68709,0.22550
0.75000,0.35000,0.65268,0.26851
0.76000,0.35000,0.61307,0.31865
0.77000,0.35000,0.56980,0.37293
0.78000,0.35000,0.52496,0.42769
0.79000,0.35000,0.48111,0.47922
0.80000,0.35000,0.44090,0.52432
0.81000,0.35000,0.40668,0.56079
0.82000,0.35000,0.38017,0.58751
0.83000,0.35000,0.36237,0.60436
0.84000,0.35000,0.35351,0.61197
0.85000,0.35000,0.35322,0.61142
0.86000,0.35000,0.36056,0.60410
0.87000,0.35000,0.37417,0.59154
0.88000,0.35000,0.39236,0.57532
0.89000,0.35000,0.41323,0.55704
0.90000,0.35000,0.43487,0.53823
0.91000,0.35000,0.45551,0.52027
0.92000,0.35000,0.47371,0.50434
0.93000,0.35000,0.48846,0.49129
0.94000,0.35000,0.49924,0.48162
0.95000,0.35000,0.50598,0.47546
0.96000,0.35000,0.50908,0.47250
0.97000,0.35000,0.50935,0.47201
0.98000,0.35000,0.50820,0.47263
0.99000,0.35000,0.50812,0.47189
1.0000,0.35000,0.51423,0.46492
0.0000,0.36000,0.51200,0.46699
0.010000,0.36000,0.52528,0.45287
0.020000,0.36000,0.54128,0.43606
0.030000,0.36000,0.55505,0.42145
0.040000,0.36000,0.56371,0.41195
0.050000,0.36000,0.56534,0.40944
0.060000,0.36000,0.55864,0.41500
0.070000,0.36000,0.54282,0.42896
0.080000,0.36000,0.51765,0.45093
0.090000,0.36000,0.48362,0.47975
0.10000,0.36000,0.44208,0.51360
0.11000,0.36000,0.39525,0.55022
0.12000,0.36000,0.34603,0.58726
0.13000,0.36000,0.29765,0.62257
0.14000,0.36000,0.25316,0.65455
0.15000,0.36000,0.21499,0.68215
0.16000,0.36000,0.18484,0.70480
0.17000,0.36000,0.16366,0.72216
0.18000,0.36000,0.15197,0.73388
0.19000,0.36000,0.15010,0.73935
0.20000,0.36000,0.15849,0.73756
0.21000,0.36000,0.17776,0.72702
0.22000,0.36000,0.20870,0.70592
0.23000,0.36000,0.25190,0.67244
0.24000,0.36000,0.30722,0.62541
0.25000,0.36000,0.37315,0.56513
0.26000,0.36000,0.44638,0.49407
0.27000,0.36000,0.52199,0.41693
0.28000,0.36000,0.59451,0.33974
0.29000,0.36000,0.65921,0.26830
0.30000,0.36000,0.71319,0.20672
0.31000,0.36000,0.75555,0.15692
0.32000,0.36000,0.78697,0.11889
0.33000,0.36000,0.80900,0.091522
0.34000,0.36000,0.82333,0.073313
0.35000,0.36000,0.83145,0.062931
0.36000,0.36000,0.83434,0.059495
0.37000,0.36000,0.83239,0.062708
0.38000,0.36000,0.82533,0.072895
0.39000,0.36000,0.81220,0.090982
0.40000,0.36000,0.79140,0.11840
0.41000,0.36000,0.76085,0.15684
0.42000,0.36000,0.71844,0.20777
0.43000,0.36000,0.66269,0.27169
0.44000,0.36000,0.59383,0.34721
0.45000,0.36000,0.51457,0.43059
0.46000,0.36000,0.43020,0.51602
0.47000,0.36000,0.34742,0.59695
0.48000,0.36000,0.27234,0.66788
0.49000,0.36000,0.20904,0.72554
0.50000,0.36000,0.15899,0.76910
0.51000,0.36000,0.12174,0.79950
0.52000,0.36000,0.095820,0.81861
0.53000,0.36000,0.079592,0.82847
0.54000,0.36000,0.071779,0.83083
0.55000,0.36000,0.071702,0.82690
0.56000,0.36000,0.079345,0.81725
0.57000,0.36000,0.095297,0.80178
0.58000,0.36000,0.12060,0.77975
0.59000,0.36000,0.15648,0.74992
0.60000,0.36000,0.20384,0.71088
0.61000,0.36000,0.26267,0.66156
0.62000,0.36000,0.33139,0.60198
0.63000,0.36000,0.40658,0.53394
0.64000,0.36000,0.48325,0.46125
0.65000,0.36000,0.55586,0.38905
0.66000,0.36000,0.61954,0.32254
0.67000,0.36000,0.67110,0.26575
0.68000,0.36000,0.70922,0.22093
0.69000,0.36000,0.73415,0.18877
0.70000,0.36000,0.74703,0.16903
0.71000,0.36000,0.74934,0.16114
0.72000,0.36000,0.74249,0.16457
0.73000,0.36000,0.72762,0.17898
0.74000,0.36000,0.70557,0.20396
0.75000,0.36000,0.67702,0.23881
0.76000,0.36000,0.64268,0.28215
0.77000,0.36000,0.60358,0.33174
0.78000,0.36000,0.56128,0.38455
0.79000,0.36000,0.51789,0.43707
0.80000,0.36000,0.47595,0.48584
0.81000,0.36000,0.43799,0.52801
0.82000,0.36000,0.40624,0.56163
0.83000,0.36000,0.38225,0.58579
0.84000,0.36000,0.36685,0.60045
0.85000,0.36000,0.36014,0.60630
0.86000,0.36000,0.36159,0.60445
0.87000,0.36000,0.37017,0.59628
0.88000,0.36000,0.38444,0.58332
0.89000,0.36000,0.40267,0.56715
0.90000,0.36000,0.42297,0.54934
0.91000,0.36000,0.44350,0.53137
0.92000,0.36000,0.46262,0.51457
0.93000,0.36000,0.47905,0.50001
0.94000,0.36000,0.49193,0.48845
0.95000,0.36000,0.50088,0.48028
0.96000,0.36000,0.50602,0.47545
0.97000,0.36000,0.50790,0.47345
0.98000,0.36000,0.50769,0.47316
0.99000,0.36000,0.50758,0.47243
1.0000,0.36000,0.51200,0.46699
0.0000,0.37000,0.50916,0.46984
0.010000,0.37000,0.52082,0.45710
0.020000,0.37000,0.53749,0.43938
0.030000,0.37000,0.55360,0.42218
0.040000,0.37000,0.56589,0.40884
0.050000,0.37000,0.57220,0.40160
0.060000,0.37000,0.57094,0.40197
0.070000,0.37000,0.56095,0.41078
0.080000,0.37000,0.54156,0.42817
0.090000,0.37000,0.51267,0.45349
0.10000,0.37000,0.47501,0.48536
0.11000,0.37000,0.43022,0.52177
0.12000,0.37000,0.38087,0.56029
0.13000,0.37000,0.33012,0.59847
0.14000,0.37000,0.28131,0.63420
0.15000,0.37000,0.23739,0.66596
0.16000,0.37000,0.20055,0.69288
0.17000,0.37000,0.17215,0.71454
0.18000,0.37000,0.15290,0.73074
0.19000,0.37000,0.14311,0.74123
0.20000,0.37000,0.14302,0.74546
0.21000,0.37000,0.15308,0.74240
0.22000,0.37000,0.17397,0.73057
0.23000,0.37000,0.20652,0.70810
0.24000,0.37000,0.25135,0.67316
0.25000,0.37000,0.30831,0.62462
0.26000,0.37000,0.37579,0.56286
0.27000,0.37000,0.45033,0.49057
0.28000,0.37000,0.52688,0.41266
0.29000,0.37000,0.59988,0.33527
0.30000,0.37000,0.66462,0.26417
0.31000,0.37000,0.71824,0.20328
0.32000,0.37000,0.75998,0.15431
0.33000,0.37000,0.79060,0.11708
0.34000,0.37000,0.81173,0.090375
0.35000,0.37000,0.82515,0.072687
0.36000,0.37000,0.83239,0.062708
0.37000,0.37000,0.83449,0.059604
0.38000,0.37000,0.83185,0.063129
0.39000,0.37000,0.82420,0.073647
0.40000,0.37000,0.81060,0.092113
0.41000,0.37000,0.78942,0.11997
0.42000,0.37000,0.75861,0.15888
0.43000,0.37000,0.71604,0.21024
0.44000,0.37000,0.66025,0.27443
0.45000,0.37000,0.59152,0.34997
0.46000,0.37000,0.51264,0.43306
0.47000,0.37000,0.42894,0.51794
0.48000,0.37000,0.34703,0.59817
0.49000,0.37000,0.27291,0.66831
0.50000,0.37000,0.21048,0.72513
0.51000,0.37000,0.16112,0.76780
0.52000,0.37000,0.12435,0.79727
0.53000,0.37000,0.098772,0.81542
0.54000,0.37000,0.082818,0.82434
0.55000,0.37000,0.075301,0.82583
0.56000,0.37000,0.075606,0.82115
0.57000,0.37000,0.083749,0.81093
0.58000,0.37000,0.10031,0.79507
0.59000,0.37000,0.12625,0.77287
0.60000,0.37000,0.16267,0.74309
0.61000,0.37000,0.21029,0.70433
0.62000,0.37000,0.26888,0.65554
0.63000,0.37000,0.33678,0.59680
0.64000,0.37000,0.41056,0.53001
0.65000,0.37000,0.48541,0.45899
0.66000,0.37000,0.55602,0.38877
0.67000,0.37000,0.61773,0.32437
0.68000,0.37000,0.66746,0.26959
0.69000,0.37000,0.70396,0.22658
0.70000,0.37000,0.72748,0.19601
0.71000,0.37000,0.73918,0.17770
0.72000,0.37000,0.74055,0.17113
0.73000,0.37000,0.73303,0.17581
0.74000,0.37000,0.71779,0.19128
0.75000,0.37000,0.69569,0.21699
0.76000,0.37000,0.66743,0.25202
0.77000,0.37000,0.63373,0.29481
0.78000,0.37000,0.59566,0.34304
0.79000,0.37000,0.55478,0.39375
0.80000,0.37000,0.51322,0.44364
0.81000,0.37000,0.47344,0.48956
0.82000,0.37000,0.43787,0.52889
0.83000,0.37000,0.40858,0.55991
0.84000,0.37000,0.38696,0.58182
0.85000,0.37000,0.37368,0.59467
0.86000,0.37000,0.36873,0.59916
0.87000,0.37000,0.37147,0.59641
0.88000,0.37000,0.38078,0.58779
0.89000,0.37000,0.39519,0.57480
0.90000,0.37000,0.41296,0.55902
0.91000,0.37000,0.43227,0.54197
0.92000,0.37000,0.45137,0.52508
0.93000,0.37000,0.46877,0.50961
0.94000,0.37000,0.48331,0.49654
0.95000,0.37000,0.49431,0.48651
0.96000,0.37000,0.50153,0.47977
0.97000,0.37000,0.50523,0.47608
0.98000,0.37000,0.50628,0.47464
0.99000,0.37000,0.50640,0.47373
1.0000,0.37000,0.50916,0.46984
0.0000,0.38000,0.50578,0.47340
0.010000,0.38000,0.51552,0.46241
0.020000,0.38000,0.53223,0.44441
0.030000,0.38000,0.54995,0.42529
0.040000,0.38000,0.56523,0.40862
0.050000,0.38000,0.57573,0.39693
0.060000,0.38000,0.57965,0.39207
0.070000,0.38000,0.57557,0.39531
0.080000,0.38000,0.56245,0.40728
0.090000,0.38000,0.53968,0.42790
0.10000,0.38000,0.50735,0.45634
0.11000,0.38000,0.46641,0.49101
0.12000,0.38000,0.41883,0.52968
0.13000,0.38000,0.36746,0.56980
0.14000,0.38000,0.31569,0.60884
0.15000,0.38000,0.26688,0.64474
0.16000,0.38000,0.22379,0.67611
0.17000,0.38000,0.18836,0.70223
0.18000,0.38000,0.16164,0.72285
0.19000,0.38000,0.14410,0.73791
0.20000,0.38000,0.13593,0.74725
0.21000,0.38000,0.13733,0.75035
0.22000,0.38000,0.14876,0.74622
0.23000,0.38000,0.17097,0.73333
0.24000,0.38000,0.20483,0.70980
0.25000,0.38000,0.25098,0.67377
0.26000,0.38000,0.30922,0.62409
0.27000,0.38000,0.37786,0.56128
0.28000,0.38000,0.45332,0.48817
0.29000,0.38000,0.53047,0.40983
0.30000,0.38000,0.60371,0.33248
0.31000,0.38000,0.66831,0.26179
0.32000,0.38000,0.72150,0.20153
0.33000,0.38000,0.76258,0.15321
0.34000,0.38000,0.79242,0.11655
0.35000,0.38000,0.81272,0.090278
0.36000,0.38000,0.82533,0.072895
0.37000,0.38000,0.83185,0.063129
0.38000,0.38000,0.83334,0.060190
0.39000,0.38000,0.83023,0.063868
0.40000,0.38000,0.82228,0.074564
0.41000,0.38000,0.80853,0.093250
0.42000,0.38000,0.78740,0.12135
0.43000,0.38000,0.75679,0.16046
0.44000,0.38000,0.71457,0.21185
0.45000,0.38000,0.65927,0.27580
0.46000,0.38000,0.59118,0.35081
0.47000,0.38000,0.51314,0.43313
0.48000,0.38000,0.43041,0.51714
0.49000,0.38000,0.34950,0.59650
0.50000,0.38000,0.27623,0.66584
0.51000,0.38000,0.21438,0.72193
0.52000,0.38000,0.16534,0.76389
0.53000,0.38000,0.12868,0.79266
0.54000,0.38000,0.10309,0.81014
0.55000,0.38000,0.087093,0.81846
0.56000,0.38000,0.079585,0.81947
0.57000,0.38000,0.079987,0.81451
0.58000,0.38000,0.088313,0.80421
0.59000,0.38000,0.10510,0.78853
0.60000,0.38000,0.13122,0.76674
0.61000,0.38000,0.16761,0.73762
0.62000,0.38000,0.21481,0.69972
0.63000,0.38000,0.27250,0.65204
0.64000,0.38000,0.33899,0.59469
0.65000,0.38000,0.41098,0.52959
0.66000,0.38000,0.48389,0.46050
0.67000,0.38000,0.55260,0.39231
0.68000,0.38000,0.61262,0.32984
0.69000,0.38000,0.66094,0.27675
0.70000,0.38000,0.69631,0.23512
0.71000,0.38000,0.71895,0.20568
0.72000,0.38000,0.73002,0.18830
0.73000,0.38000,0.73104,0.18253
0.74000,0.38000,0.72344,0.18784
0.75000,0.38000,0.70839,0.20370
0.76000,0.38000,0.68676,0.22939
0.77000,0.38000,0.65924,0.26384
0.78000,0.38000,0.62657,0.30539
0.79000,0.38000,0.58982,0.35176
0.80000,0.38000,0.55058,0.40012
0.81000,0.38000,0.51097,0.44739
0.82000,0.38000,0.47336,0.49063
0.83000,0.38000,0.44008,0.52744
0.84000,0.38000,0.41304,0.55625
0.85000,0.38000,0.39348,0.57633
0.86000,0.38000,0.38195,0.58778
0.87000,0.38000,0.37833,0.59130
0.88000,0.38000,0.38189,0.58801
0.89000,0.38000,0.39150,0.57925
0.90000,0.38000,0.40564,0.56652
0.91000,0.38000,0.42262,0.55135
0.92000,0.38000,0.44069,0.53524
0.93000,0.38000,0.45822,0.51955
0.94000,0.38000,0.47384,0.50547
0.95000,0.38000,0.48653,0.49389
0.96000,0.38000,0.49573,0.48533
0.97000,0.38000,0.50137,0.47989
0.98000,0.38000,0.50389,0.47711
0.99000,0.38000,0.50452,0.47579
1.0000,0.38000,0.50578,0.47340
0.0000,0.39000,0.50194,0.47754
0.010000,0.39000,0.50958,0.46857
0.020000,0.39000,0.52573,0.45093
0.030000,0.39000,0.54434,0.43061
0.040000,0.39000,0.56190,0.41127
0.050000,0.39000,0.57595,0.39560
0.060000,0.39000,0.58458,0.38571
0.070000,0.39000,0.58621,0.38323
0.080000,0.39000,0.57951,0.38922
0.090000,0.39000,0.56348,0.40414
0.10000,0.39000,0.53763,0.42776
0.11000,0.39000,0.50218,0.45907
0.12000,0.39000,0.45836,0.49627
0.13000,0.39000,0.40841,0.53696
0.14000,0.39000,0.35548,0.57842
0.15000,0.39000,0.30308,0.61811
0.16000,0.39000,0.25451,0.65401
0.17000,0.39000,0.21235,0.68488
0.18000,0.39000,0.17823,0.71016
0.19000,0.39000,0.15297,0.72978
0.20000,0.39000,0.13685,0.74380
0.21000,0.39000,0.12998,0.75215
0.22000,0.39000,0.13256,0.75436
0.23000,0.39000,0.14509,0.74943
0.24000,0.39000,0.16835,0.73583
0.25000,0.39000,0.20322,0.71159
0.26000,0.39000,0.25033,0.67481
0.27000,0.39000,0.30944,0.62438
0.28000,0.39000,0.37882,0.56087
0.29000,0.39000,0.45486,0.48728
0.30000,0.39000,0.53236,0.40878
0.31000,0.39000,0.60568,0.33158
0.32000,0.39000,0.67011,0.26125
0.33000,0.39000,0.72289,0.20143
0.34000,0.39000,0.76340,0.15350
0.35000,0.39000,0.79257,0.11711
0.36000,0.39000,0.81220,0.090982
0.37000,0.39000,0.82420,0.073647
0.38000,0.39000,0.83023,0.063868
0.39000,0.39000,0.83139,0.060902
0.40000,0.39000,0.82815,0.064581
0.41000,0.39000,0.82028,0.075326
0.42000,0.39000,0.80685,0.094082
0.43000,0.39000,0.78622,0.12219
0.44000,0.39000,0.75627,0.16111
0.45000,0.39000,0.71481,0.21203
0.46000,0.39000,0.66041,0.27519
0.47000,0.39000,0.59336,0.34917
0.48000,0.39000,0.51644,0.43038
0.49000,0.39000,0.43481,0.51337
0.50000,0.39000,0.35479,0.59191
0.51000,0.39000,0.28208,0.66065
0.52000,0.39000,0.22041,0.71630
0.53000,0.39000,0.17122,0.75790
0.54000,0.39000,0.13423,0.78636
0.55000,0.39000,0.10822,0.80359
0.56000,0.39000,0.091824,0.81175
0.57000,0.39000,0.083991,0.81278
0.58000,0.39000,0.084159,0.80804
0.59000,0.39000,0.092318,0.79822
0.60000,0.39000,0.10892,0.78325
0.61000,0.39000,0.13473,0.76241
0.62000,0.39000,0.17053,0.73441
0.63000,0.39000,0.21675,0.69780
0.64000,0.39000,0.27304,0.65156
0.65000,0.39000,0.33780,0.59585
0.66000,0.39000,0.40794,0.53257
0.67000,0.39000,0.47906,0.46539
0.68000,0.39000,0.54624,0.39901
0.69000,0.39000,0.60508,0.33809
0.70000,0.39000,0.65255,0.28619
0.71000,0.39000,0.68737,0.24542
0.72000,0.39000,0.70972,0.21656
0.73000,0.39000,0.72075,0.19958
0.74000,0.39000,0.72195,0.19405
0.75000,0.39000,0.71476,0.19940
0.76000,0.39000,0.70033,0.21501
0.77000,0.39000,0.67950,0.24007
0.78000,0.39000,0.65295,0.27341
0.79000,0.39000,0.62145,0.31337
0.80000,0.39000,0.58609,0.35775
0.81000,0.39000,0.54849,0.40385
0.82000,0.39000,0.51073,0.44875
0.83000,0.39000,0.47512,0.48970
0.84000,0.39000,0.44388,0.52443
0.85000,0.39000,0.41877,0.55145
0.86000,0.39000,0.40091,0.57011
0.87000,0.39000,0.39074,0.58052
0.88000,0.39000,0.38805,0.58339
0.89000,0.39000,0.39208,0.57981
0.90000,0.39000,0.40166,0.57113
0.91000,0.39000,0.41528,0.55881
0.92000,0.39000,0.43131,0.54437
0.93000,0.39000,0.44807,0.52925
0.94000,0.39000,0.46402,0.51479
0.95000,0.39000,0.47791,0.50208
0.96000,0.39000,0.48885,0.49193
0.97000,0.39000,0.49639,0.48475
0.98000,0.39000,0.50055,0.48050
0.99000,0.39000,0.50194,0.47858
1.0000,0.39000,0.50194,0.47754
0.0000,0.40000,0.49771,0.48212
0.010000,0.40000,0.50321,0.47535
0.020000,0.40000,0.51829,0.45866
0.030000,0.40000,0.53708,0.43790
0.040000,0.40000,0.55615,0.41664
0.050000,0.40000,0.57304,0.39762
0.060000,0.40000,0.58578,0.38311
0.070000,0.40000,0.59267,0.37501
0.080000,0.40000,0.59222,0.37476
0.090000,0.40000,0.58314,0.38331
0.10000,0.40000,0.56448,0.40097
0.11000,0.40000,0.53584,0.42736
0.12000,0.40000,0.49762,0.46130
0.13000,0.40000,0.45127,0.50081
0.14000,0.40000,0.39934,0.54329
0.15000,0.40000,0.34518,0.58593
0.16000,0.40000,0.29237,0.62613
0.17000,0.40000,0.24413,0.66196
0.18000,0.40000,0.20280,0.69231
0.19000,0.40000,0.16978,0.71681
0.20000,0.40000,0.14568,0.73555
0.21000,0.40000,0.13066,0.74873
0.22000,0.40000,0.12481,0.75635
0.23000,0.40000,0.12833,0.75798
0.24000,0.40000,0.14172,0.75261
0.25000,0.40000,0.16574,0.73862
0.26000,0.40000,0.20127,0.71399
0.27000,0.40000,0.24893,0.67677
0.28000,0.40000,0.30850,0.62588
0.29000,0.40000,0.37827,0.56200
0.30000,0.40000,0.45462,0.48818
0.31000,0.40000,0.53233,0.40964
0.32000,0.40000,0.60572,0.33257
0.33000,0.40000,0.67004,0.26242
0.34000,0.40000,0.72256,0.20275
0.35000,0.40000,0.76267,0.15486
0.36000,0.40000,0.79140,0.11840
0.37000,0.40000,0.81060,0.092113
0.38000,0.40000,0.82228,0.074564
0.39000,0.40000,0.82815,0.064581
0.40000,0.40000,0.82938,0.061467
0.41000,0.40000,0.82645,0.065065
0.42000,0.40000,0.81913,0.075745
0.43000,0.40000,0.80642,0.094351
0.44000,0.40000,0.78665,0.12209
0.45000,0.40000,0.75765,0.16035
0.46000,0.40000,0.71724,0.21028
0.47000,0.40000,0.66400,0.27219
0.48000,0.40000,0.59819,0.34482
0.49000,0.40000,0.52249,0.42480
0.50000,0.40000,0.44187,0.50685
0.51000,0.40000,0.36246,0.58482
0.52000,0.40000,0.28986,0.65333
0.53000,0.40000,0.22786,0.70898
0.54000,0.40000,0.17804,0.75069
0.55000,0.40000,0.14025,0.77931
0.56000,0.40000,0.11343,0.79676
0.57000,0.40000,0.096298,0.80528
0.58000,0.40000,0.087835,0.80684
0.59000,0.40000,0.087477,0.80284
0.60000,0.40000,0.095150,0.79398
0.61000,0.40000,0.11121,0.78016
0.62000,0.40000,0.13627,0.76060
0.63000,0.40000,0.17103,0.73395
0.64000,0.40000,0.21589,0.69876
0.65000,0.40000,0.27056,0.65403
0.66000,0.40000,0.33358,0.59993
0.67000,0.40000,0.40207,0.53831
0.68000,0.40000,0.47183,0.47272
0.69000,0.40000,0.53803,0.40772
0.70000,0.40000,0.59628,0.34783
0.71000,0.40000,0.64352,0.29660
0.72000,0.40000,0.67837,0.25616
0.73000,0.40000,0.70096,0.22738
0.74000,0.40000,0.71241,0.21030
0.75000,0.40000,0.71418,0.20451
0.76000,0.40000,0.70770,0.20943
0.77000,0.40000,0.69409,0.22435
0.78000,0.40000,0.67415,0.24842
0.79000,0.40000,0.64859,0.28046
0.80000,0.40000,0.61818,0.31884
0.81000,0.40000,0.58408,0.36140
0.82000,0.40000,0.54793,0.40556
0.83000,0.40000,0.51179,0.44853
0.84000,0.40000,0.47791,0.48764
0.85000,0.40000,0.44840,0.52072
0.86000,0.40000,0.42489,0.54634
0.87000,0.40000,0.40840,0.56389
0.88000,0.40000,0.39928,0.57351
0.89000,0.40000,0.39725,0.57591
0.90000,0.40000,0.40153,0.57218
0.91000,0.40000,0.41091,0.56366
0.92000,0.40000,0.42393,0.55181
0.93000,0.40000,0.43898,0.53809
0.94000,0.40000,0.45446,0.52395
0.95000,0.40000,0.46893,0.51066
0.96000,0.40000,0.48120,0.49926
0.97000,0.40000,0.49047,0.49049
0.98000,0.40000,0.49631,0.48474
0.99000,0.40000,0.49867,0.48204
1.0000,0.40000,0.49771,0.48212
0.0000,0.41000,0.49320,0.48698
0.010000,0.41000,0.49660,0.48246
0.020000,0.41000,0.51017,0.46728
0.030000,0.41000,0.52848,0.44683
0.040000,0.41000,0.54832,0.42448
0.050000,0.41000,0.56730,0.40285
0.060000,0.41000,0.58345,0.38431
0.070000,0.41000,0.59498,0.37094
0.080000,0.41000,0.60033,0.36449
0.090000,0.41000,0.59803,0.36630
0.10000,0.41000,0.58684,0.37719
0.11000,0.41000,0.56584,0.39737
0.12000,0.41000,0.53470,0.42634
0.13000,0.41000,0.49400,0.46274
0.14000,0.41000,0.44542,0.50440
0.15000,0.41000,0.39177,0.54857
0.16000,0.41000,0.33656,0.59228
0.17000,0.41000,0.28341,0.63295
0.18000,0.41000,0.23541,0.66871
0.19000,0.41000,0.19471,0.69862
0.20000,0.41000,0.16252,0.72249
0.21000,0.41000,0.13930,0.74058
0.22000,0.41000,0.12515,0.75321
0.23000,0.41000,0.12011,0.76045
0.24000,0.41000,0.12435,0.76185
0.25000,0.41000,0.13832,0.75633
0.26000,0.41000,0.16276,0.74220
0.27000,0.41000,0.19854,0.71739
0.28000,0.41000,0.24636,0.67996
0.29000,0.41000,0.30606,0.62886
0.30000,0.41000,0.37598,0.56481
0.31000,0.41000,0.45252,0.49090
0.32000,0.41000,0.53044,0.41233
0.33000,0.41000,0.60400,0.33521
0.34000,0.41000,0.66840,0.26496
0.35000,0.41000,0.72088,0.20506
0.36000,0.41000,0.76085,0.15684
0.37000,0.41000,0.78942,0.11997
0.38000,0.41000,0.80853,0.093250
0.39000,0.41000,0.82028,0.075326
0.40000,0.41000,0.82645,0.065065
0.41000,0.41000,0.82821,0.061759
0.42000,0.41000,0.82601,0.065180
0.43000,0.41000,0.81957,0.075587
0.44000,0.41000,0.80784,0.093706
0.45000,0.41000,0.78911,0.12067
0.46000,0.41000,0.76121,0.15783
0.47000,0.41000,0.72198,0.20640
0.48000,0.41000,0.66999,0.26682
0.49000,0.41000,0.60543,0.33802
0.50000,0.41000,0.53082,0.41687
0.51000,0.41000,0.45090,0.49825
0.52000,0.41000,0.37165,0.57607
0.53000,0.41000,0.29865,0.64484
0.54000,0.41000,0.23581,0.70099
0.55000,0.41000,0.18487,0.74331
0.56000,0.41000,0.14590,0.77258
0.57000,0.41000,0.11795,0.79076
0.58000,0.41000,0.099835,0.80011
0.59000,0.41000,0.090541,0.80265
0.60000,0.41000,0.089453,0.79980
0.61000,0.41000,0.096405,0.79221
0.62000,0.41000,0.11164,0.77973
0.63000,0.41000,0.13568,0.76150
0.64000,0.41000,0.16916,0.73616
0.65000,0.41000,0.21254,0.70226
0.66000,0.41000,0.26564,0.65882
0.67000,0.41000,0.32719,0.60602
0.68000,0.41000,0.39447,0.54567
0.69000,0.41000,0.46342,0.48120
0.70000,0.41000,0.52926,0.41706
0.71000,0.41000,0.58753,0.35768
0.72000,0.41000,0.63506,0.30660
0.73000,0.41000,0.67039,0.26605
0.74000,0.41000,0.69359,0.23696
0.75000,0.41000,0.70573,0.21944
0.76000,0.41000,0.70825,0.21308
0.77000,0.41000,0.70254,0.21731
0.78000,0.41000,0.68970,0.23139
0.79000,0.41000,0.67054,0.25445
0.80000,0.41000,0.64577,0.28531
0.81000,0.41000,0.61623,0.32236
0.82000,0.41000,0.58313,0.36349
0.83000,0.41000,0.54815,0.40617
0.84000,0.41000,0.51334,0.44765
0.85000,0.41000,0.48090,0.48533
0.86000,0.41000,0.45283,0.51709
0.87000,0.41000,0.43066,0.54157
0.88000,0.41000,0.41531,0.55820
0.89000,0.41000,0.40705,0.56716
0.90000,0.41000,0.40555,0.56915
0.91000,0.41000,0.40999,0.56528
0.92000,0.41000,0.41916,0.55690
0.93000,0.41000,0.43162,0.54545
0.94000,0.41000,0.44578,0.53240
0.95000,0.41000,0.46009,0.51916
0.96000,0.41000,0.47317,0.50697
0.97000,0.41000,0.48386,0.49687
0.98000,0.41000,0.49130,0.48967
0.99000,0.41000,0.49476,0.48606
1.0000,0.41000,0.49320,0.48698
0.0000,0.42000,0.48852,0.49195
0.010000,0.42000,0.48997,0.48963
0.020000,0.42000,0.50166,0.47641
0.030000,0.42000,0.51889,0.45702
0.040000,0.42000,0.53878,0.43441
0.050000,0.42000,0.55910,0.41102
0.060000,0.42000,0.57789,0.38918
0.070000,0.42000,0.59337,0.37109
0.080000,0.42000,0.60389,0.35874
0.090000,0.42000,0.60791,0.35378
0.10000,0.42000,0.60402,0.35746
0.11000,0.42000,0.59096,0.37052
0.12000,0.42000,0.56785,0.39308
0.13000,0.42000,0.53444,0.42450
0.14000,0.42000,0.49147,0.46326
0.15000,0.42000,0.44086,0.50701
0.16000,0.42000,0.38561,0.55282
0.17000,0.42000,0.32938,0.59761
0.18000,0.42000,0.27581,0.63877
0.19000,0.42000,0.22788,0.67456
0.20000,0.42000,0.18759,0.70420
0.21000,0.42000,0.15600,0.72768
0.22000,0.42000,0.13347,0.74543
0.23000,0.42000,0.12002,0.75786
0.24000,0.42000,0.11559,0.76503
0.25000,0.42000,0.12029,0.76644
0.26000,0.42000,0.13451,0.76095
0.27000,0.42000,0.15900,0.74682
0.28000,0.42000,0.19472,0.72198
0.29000,0.42000,0.24242,0.68451
0.30000,0.42000,0.30205,0.63336
0.31000,0.42000,0.37203,0.56925
0.32000,0.42000,0.44878,0.49524
0.33000,0.42000,0.52703,0.41647
0.34000,0.42000,0.60096,0.33902
0.35000,0.42000,0.66570,0.26828
0.36000,0.42000,0.71844,0.20777
0.37000,0.42000,0.75861,0.15888
0.38000,0.42000,0.78740,0.12135
0.39000,0.42000,0.80685,0.094082
0.40000,0.42000,0.81913,0.075745
0.41000,0.42000,0.82601,0.065180
0.42000,0.42000,0.82864,0.061592
0.43000,0.42000,0.82742,0.064645
0.44000,0.42000,0.82201,0.074500
0.45000,0.42000,0.81133,0.091819
0.46000,0.42000,0.79367,0.11771
0.47000,0.42000,0.76687,0.15355
0.48000,0.42000,0.72878,0.20062
0.49000,0.42000,0.67793,0.25953
0.50000,0.42000,0.61441,0.32945
0.51000,0.42000,0.54053,0.40746
0.52000,0.42000,0.46085,0.48860
0.53000,0.42000,0.38123,0.56679
0.54000,0.42000,0.30730,0.63635
0.55000,0.42000,0.24314,0.69351
0.56000,0.42000,0.19073,0.73690
0.57000,0.42000,0.15032,0.76726
0.58000,0.42000,0.12111,0.78656
0.59000,0.42000,0.10192,0.79710
0.60000,0.42000,0.091726,0.80092
0.61000,0.42000,0.089823,0.79940
0.62000,0.42000,0.095942,0.79312
0.63000,0.42000,0.11023,0.78188
0.64000,0.42000,0.13316,0.76478
0.65000,0.42000,0.16539,0.74046
0.66000,0.42000,0.20744,0.70747
0.67000,0.42000,0.25928,0.66490
0.68000,0.42000,0.31981,0.61293
0.69000,0.42000,0.38646,0.55333
0.70000,0.42000,0.45521,0.48945
0.71000,0.42000,0.52124,0.42564
0.72000,0.42000,0.58000,0.36631
0.73000,0.42000,0.62818,0.31503
0.74000,0.42000,0.66422,0.27408
0.75000,0.42000,0.68815,0.24449
0.76000,0.42000,0.70100,0.22639
0.77000,0.42000,0.70419,0.21942
0.78000,0.42000,0.69910,0.22298
0.79000,0.42000,0.68680,0.23634
0.80000,0.42000,0.66813,0.25863
0.81000,0.42000,0.64384,0.28866
0.82000,0.42000,0.61486,0.32481
0.83000,0.42000,0.58246,0.36497
0.84000,0.42000,0.54837,0.40661
0.85000,0.42000,0.51464,0.44699
0.86000,0.42000,0.48341,0.48352
0.87000,0.42000,0.45658,0.51417
0.88000,0.42000,0.43559,0.53762
0.89000,0.42000,0.42128,0.55337
0.90000,0.42000,0.41382,0.56163
0.91000,0.42000,0.41285,0.56316
0.92000,0.42000,0.41749,0.55907
0.93000,0.42000,0.42655,0.55072
0.94000,0.42000,0.43855,0.53956
0.95000,0.42000,0.45195,0.52707
0.96000,0.42000,0.46519,0.51464
0.97000,0.42000,0.47688,0.50359
0.98000,0.42000,0.48571,0.49510
0.99000,0.42000,0.49032,0.49051
1.0000,0.42000,0.48852,0.49195
0.0000,0.43000,0.48379,0.49685
0.010000,0.43000,0.48352,0.49655
0.020000,0.43000,0.49306,0.48568
0.030000,0.43000,0.50867,0.46802
0.040000,0.43000,0.52792,0.44599
0.050000,0.43000,0.54882,0.42175
0.060000,0.43000,0.56950,0.39747
0.070000,0.43000,0.58817,0.37538
0.080000,0.43000,0.60314,0.35764
0.090000,0.43000,0.61284,0.34617
0.10000,0.43000,0.61575,0.34256
0.11000,0.43000,0.61045,0.34799
0.12000,0.43000,0.59571,0.36312
0.13000,0.43000,0.57064,0.38797
0.14000,0.43000,0.53511,0.42180
0.15000,0.43000,0.48999,0.46292
0.16000,0.43000,0.43740,0.50878
0.17000,0.43000,0.38055,0.55626
0.18000,0.43000,0.32324,0.60219
0.19000,0.43000,0.26910,0.64397
0.20000,0.43000,0.22106,0.67996
0.21000,0.43000,0.18100,0.70957
0.22000,0.43000,0.14985,0.73297
0.23000,0.43000,0.12787,0.75070
0.24000,0.43000,0.11492,0.76319
0.25000,0.43000,0.11087,0.77048
0.26000,0.43000,0.11574,0.77201
0.27000,0.43000,0.12994,0.76662
0.28000,0.43000,0.15425,0.75258
0.29000,0.43000,0.18972,0.72782
0.30000,0.43000,0.23719,0.69038
0.31000,0.43000,0.29671,0.63922
0.32000,0.43000,0.36678,0.57499
0.33000,0.43000,0.44387,0.50069
0.34000,0.43000,0.52268,0.42144
0.35000,0.43000,0.59728,0.34329
0.36000,0.43000,0.66269,0.27169
0.37000,0.43000,0.71604,0.21024
0.38000,0.43000,0.75679,0.16046
0.39000,0.43000,0.78622,0.12219
0.40000,0.43000,0.80642,0.094351
0.41000,0.43000,0.81957,0.075587
0.42000,0.43000,0.82742,0.064645
0.43000,0.43000,0.83108,0.060636
0.44000,0.43000,0.83089,0.063144
0.45000,0.43000,0.82650,0.072275
0.46000,0.43000,0.81681,0.088656
0.47000,0.43000,0.80011,0.11339
0.48000,0.43000,0.77425,0.14789
0.49000,0.43000,0.73706,0.19355
0.50000,0.43000,0.68703,0.25116
0.51000,0.43000,0.62412,0.32012
0.52000,0.43000,0.55046,0.39775
0.53000,0.43000,0.47046,0.47918
0.54000,0.43000,0.38993,0.55825
0.55000,0.43000,0.31462,0.62909
0.56000,0.43000,0.24882,0.68766
0.57000,0.43000,0.19478,0.73247
0.58000,0.43000,0.15289,0.76420
0.59000,0.43000,0.12245,0.78485
0.60000,0.43000,0.10227,0.79672
0.61000,0.43000,0.091256,0.80185
0.62000,0.43000,0.088598,0.80155
0.63000,0.43000,0.093935,0.79637
0.64000,0.43000,0.10735,0.78605
0.65000,0.43000,0.12931,0.76966
0.66000,0.43000,0.16051,0.74587
0.67000,0.43000,0.20158,0.71329
0.68000,0.43000,0.25265,0.67106
0.69000,0.43000,0.31274,0.61938
0.70000,0.43000,0.37935,0.55999
0.71000,0.43000,0.44843,0.49620
0.72000,0.43000,0.51507,0.43232
0.73000,0.43000,0.57456,0.37275
0.74000,0.43000,0.62349,0.32110
0.75000,0.43000,0.66021,0.27970
0.76000,0.43000,0.68473,0.24964
0.77000,0.43000,0.69808,0.23108
0.78000,0.43000,0.70167,0.22368
0.79000,0.43000,0.69687,0.22685
0.80000,0.43000,0.68476,0.23985
0.81000,0.43000,0.66622,0.26179
0.82000,0.43000,0.64207,0.29145
0.83000,0.43000,0.61333,0.32717
0.84000,0.43000,0.58136,0.36680
0.85000,0.43000,0.54794,0.40774
0.86000,0.43000,0.51510,0.44724
0.87000,0.43000,0.48495,0.48277
0.88000,0.43000,0.45929,0.51234
0.89000,0.43000,0.43946,0.53471
0.90000,0.43000,0.42619,0.54949
0.91000,0.43000,0.41960,0.55693
0.92000,0.43000,0.41926,0.55783
0.93000,0.43000,0.42425,0.55337
0.94000,0.43000,0.43334,0.54489
0.95000,0.43000,0.44503,0.53389
0.96000,0.43000,0.45775,0.52187
0.97000,0.43000,0.46988,0.51032
0.98000,0.43000,0.47978,0.50081
0.99000,0.43000,0.48550,0.49523
1.0000,0.43000,0.48379,0.49685
0.0000,0.44000,0.47917,0.50149
0.010000,0.44000,0.47745,0.50297
0.020000,0.44000,0.48466,0.49470
0.030000,0.44000,0.49817,0.47937
0.040000,0.44000,0.51614,0.45874
0.050000,0.44000,0.53689,0.43455
0.060000,0.44000,0.55870,0.40877
0.070000,0.44000,0.57979,0.38355
0.080000,0.44000,0.59845,0.36113
0.090000,0.44000,0.61307,0.34365
0.10000,0.44000,0.62209,0.33297
0.11000,0.44000,0.62403,0.33065
0.12000,0.44000,0.61746,0.33778
0.13000,0.44000,0.60113,0.35496
0.14000,0.44000,0.57419,0.38214
0.15000,0.44000,0.53657,0.41842
0.16000,0.44000,0.48929,0.46196
0.17000,0.44000,0.43468,0.51002
0.18000,0.44000,0.37615,0.55928
0.19000,0.44000,0.31762,0.60647
0.20000,0.44000,0.26277,0.64903
0.21000,0.44000,0.21448,0.68544
0.22000,0.44000,0.17453,0.71528
0.23000,0.44000,0.14370,0.73887
0.24000,0.44000,0.12210,0.75678
0.25000,0.44000,0.10948,0.76945
0.26000,0.44000,0.10560,0.77692
0.27000,0.44000,0.11048,0.77862
0.28000,0.44000,0.12453,0.77338
0.29000,0.44000,0.14860,0.75946
0.30000,0.44000,0.18379,0.73476
0.31000,0.44000,0.23104,0.69731
0.32000,0.44000,0.29053,0.64600
0.33000,0.44000,0.36086,0.58144
0.34000,0.44000,0.43854,0.50655
0.35000,0.44000,0.51822,0.42644
0.36000,0.44000,0.59383,0.34721
0.37000,0.44000,0.66025,0.27443
0.38000,0.44000,0.71457,0.21185
0.39000,0.44000,0.75627,0.16111
0.40000,0.44000,0.78665,0.12209
0.41000,0.44000,0.80784,0.093706
0.42000,0.44000,0.82201,0.074500
0.43000,0.44000,0.83089,0.063144
0.44000,0.44000,0.83555,0.058676
0.45000,0.44000,0.83632,0.060620
0.46000,0.44000,0.83281,0.069036
0.47000,0.44000,0.82390,0.084527
0.48000,0.44000,0.80788,0.10820
0.49000,0.44000,0.78261,0.14152
0.50000,0.44000,0.74591,0.18603
0.51000,0.44000,0.69621,0.24271
0.52000,0.44000,0.63336,0.31120
0.53000,0.44000,0.55934,0.38899
0.54000,0.44000,0.47846,0.47126
0.55000,0.44000,0.39657,0.55168
0.56000,0.44000,0.31958,0.62413
0.57000,0.44000,0.25205,0.68433
0.58000,0.44000,0.19643,0.73069
0.59000,0.44000,0.15325,0.76385
0.60000,0.44000,0.12182,0.78581
0.61000,0.44000,0.10091,0.79891
0.62000,0.44000,0.089295,0.80511
0.63000,0.44000,0.086085,0.80571
0.64000,0.44000,0.090839,0.80120
0.65000,0.44000,0.10361,0.79129
0.66000,0.44000,0.12489,0.77508
0.67000,0.44000,0.15545,0.75126
0.68000,0.44000,0.19605,0.71855
0.69000,0.44000,0.24692,0.67611
0.70000,0.44000,0.30715,0.62421
0.71000,0.44000,0.37423,0.56459
0.72000,0.44000,0.44403,0.50054
0.73000,0.44000,0.51145,0.43636
0.74000,0.44000,0.57166,0.37648
0.75000,0.44000,0.62114,0.32453
0.76000,0.44000,0.65826,0.28286
0.77000,0.44000,0.68303,0.25260
0.78000,0.44000,0.69649,0.23392
0.79000,0.44000,0.70008,0.22648
0.80000,0.44000,0.69515,0.22969
0.81000,0.44000,0.68284,0.24280
0.82000,0.44000,0.66407,0.26487
0.83000,0.44000,0.63976,0.29463
0.84000,0.44000,0.61101,0.33034
0.85000,0.44000,0.57928,0.36974
0.86000,0.44000,0.54640,0.41017
0.87000,0.44000,0.51440,0.44887
0.88000,0.44000,0.48531,0.48335
0.89000,0.44000,0.46085,0.51171
0.90000,0.44000,0.44225,0.53285
0.91000,0.44000,0.43016,0.54644
0.92000,0.44000,0.42460,0.55285
0.93000,0.44000,0.42505,0.55294
0.94000,0.44000,0.43057,0.54789
0.95000,0.44000,0.43983,0.53913
0.96000,0.44000,0.45130,0.52819
0.97000,0.44000,0.46326,0.51672
0.98000,0.44000,0.47381,0.50653
0.99000,0.44000,0.48050,0.50005
1.0000,0.44000,0.47917,0.50149
0.0000,0.45000,0.47484,0.50572
0.010000,0.45000,0.47198,0.50863
0.020000,0.45000,0.47676,0.50312
0.030000,0.45000,0.48777,0.49059
0.040000,0.45000,0.50388,0.47209
0.050000,0.45000,0.52378,0.44888
0.060000,0.45000,0.54594,0.42259
0.070000,0.45000,0.56867,0.39522
0.080000,0.45000,0.59025,0.36900
0.090000,0.45000,0.60901,0.34619
0.10000,0.45000,0.62336,0.32894
0.11000,0.45000,0.63179,0.31906
0.12000,0.45000,0.63282,0.31805
0.13000,0.45000,0.62502,0.32695
0.14000,0.45000,0.60711,0.34626
0.15000,0.45000,0.57827,0.37585
0.16000,0.45000,0.53850,0.41471
0.17000,0.45000,0.48898,0.46080
0.18000,0.45000,0.43224,0.51117
0.19000,0.45000,0.37189,0.56234
0.20000,0.45000,0.31200,0.61095
0.21000,0.45000,0.25633,0.65446
0.22000,0.45000,0.20768,0.69149
0.23000,0.45000,0.16774,0.72175
0.24000,0.45000,0.13714,0.74565
0.25000,0.45000,0.11582,0.76382
0.26000,0.45000,0.10345,0.77672
0.27000,0.45000,0.099699,0.78437
0.28000,0.45000,0.10458,0.78624
0.29000,0.45000,0.11852,0.78111
0.30000,0.45000,0.14240,0.76723
0.31000,0.45000,0.17738,0.74246
0.32000,0.45000,0.22455,0.70479
0.33000,0.45000,0.28421,0.65306
0.34000,0.45000,0.35508,0.58782
0.35000,0.45000,0.43368,0.51196
0.36000,0.45000,0.51457,0.43059
0.37000,0.45000,0.59152,0.34997
0.38000,0.45000,0.65927,0.27580
0.39000,0.45000,0.71481,0.21203
0.40000,0.45000,0.75765,0.16035
0.41000,0.45000,0.78911,0.12067
0.42000,0.45000,0.81133,0.091819
0.43000,0.45000,0.82650,0.072275
0.44000,0.45000,0.83632,0.060620
0.45000,0.45000,0.84183,0.055818
0.46000,0.45000,0.84334,0.057332
0.47000,0.45000,0.84040,0.065178
0.48000,0.45000,0.83191,0.079947
0.49000,0.45000,0.81615,0.10278
0.50000,0.45000,0.79100,0.13523
0.51000,0.45000,0.75428,0.17899
0.52000,0.45000,0.70435,0.23524
0.53000,0.45000,0.64096,0.30382
0.54000,0.45000,0.56602,0.38234
0.55000,0.45000,0.48380,0.46591
0.56000,0.45000,0.40026,0.54799
0.57000,0.45000,0.32153,0.62217
0.58000,0.45000,0.25241,0.68400
0.59000,0.45000,0.19552,0.73176
0.60000,0.45000,0.15144,0.76614
0.61000,0.45000,0.11942,0.78915
0.62000,0.45000,0.098143,0.80311
0.63000,0.45000,0.086267,0.80997
0.64000,0.45000,0.082805,0.81096
0.65000,0.45000,0.087271,0.80657
0.66000,0.45000,0.099725,0.79651
0.67000,0.45000,0.12072,0.77991
0.68000,0.45000,0.15113,0.75555
0.69000,0.45000,0.19180,0.72220
0.70000,0.45000,0.24304,0.67912
0.71000,0.45000,0.30392,0.62662
0.72000,0.45000,0.37185,0.56648
0.73000,0.45000,0.44250,0.50201
0.74000,0.45000,0.51061,0.43754
0.75000,0.45000,0.57123,0.37751
0.76000,0.45000,0.62086,0.32553
0.77000,0.45000,0.65790,0.28398
0.78000,0.45000,0.68243,0.25395
0.79000,0.45000,0.69554,0.23562
0.80000,0.45000,0.69868,0.22864
0.81000,0.45000,0.69323,0.23240
0.82000,0.45000,0.68036,0.24612
0.83000,0.45000,0.66106,0.26879
0.84000,0.45000,0.63636,0.29904
0.85000,0.45000,0.60746,0.33501
0.86000,0.45000,0.57590,0.37433
0.87000,0.45000,0.54354,0.41426
0.88000,0.45000,0.51242,0.45205
0.89000,0.45000,0.48449,0.48528
0.90000,0.45000,0.46137,0.51220
0.91000,0.45000,0.44418,0.53183
0.92000,0.45000,0.43346,0.54399
0.93000,0.45000,0.42912,0.54912
0.94000,0.45000,0.43057,0.54815
0.95000,0.45000,0.43676,0.54235
0.96000,0.45000,0.44628,0.53320
0.97000,0.45000,0.45742,0.52241
0.98000,0.45000,0.46811,0.51200
0.99000,0.45000,0.47553,0.50477
1.0000,0.45000,0.47484,0.50572
0.0000,0.46000,0.47095,0.50940
0.010000,0.46000,0.46729,0.51333
0.020000,0.46000,0.46963,0.51059
0.030000,0.46000,0.47785,0.50122
0.040000,0.46000,0.49157,0.48549
0.050000,0.46000,0.50993,0.46411
0.060000,0.46000,0.53168,0.43833
0.070000,0.46000,0.55527,0.40987
0.080000,0.46000,0.57897,0.38086
0.090000,0.46000,0.60108,0.35362
0.10000,0.46000,0.61996,0.33048
0.11000,0.46000,0.63406,0.31353
0.12000,0.46000,0.64191,0.30457
0.13000,0.46000,0.64201,0.30501
0.14000,0.46000,0.63293,0.31581
0.15000,0.46000,0.61337,0.33741
0.16000,0.46000,0.58252,0.36957
0.17000,0.46000,0.54047,0.41115
0.18000,0.46000,0.48857,0.45993
0.19000,0.46000,0.42954,0.51276
0.20000,0.46000,0.36723,0.56596
0.21000,0.46000,0.30587,0.61610
0.22000,0.46000,0.24928,0.66069
0.23000,0.46000,0.20024,0.69844
0.24000,0.46000,0.16029,0.72918
0.25000,0.46000,0.12992,0.75342
0.26000,0.46000,0.10894,0.77185
0.27000,0.46000,0.096879,0.78495
0.28000,0.46000,0.093368,0.79274
0.29000,0.46000,0.098368,0.79467
0.30000,0.46000,0.11231,0.78950
0.31000,0.46000,0.13613,0.77543
0.32000,0.46000,0.17110,0.75033
0.33000,0.46000,0.21843,0.71213
0.34000,0.46000,0.27856,0.65960
0.35000,0.46000,0.35032,0.59327
0.36000,0.46000,0.43020,0.51602
0.37000,0.46000,0.51264,0.43306
0.38000,0.46000,0.59118,0.35081
0.39000,0.46000,0.66041,0.27519
0.40000,0.46000,0.71724,0.21028
0.41000,0.46000,0.76121,0.15783
0.42000,0.46000,0.79367,0.11771
0.43000,0.46000,0.81681,0.088656
0.44000,0.46000,0.83281,0.069036
0.45000,0.46000,0.84334,0.057332
0.46000,0.46000,0.84940,0.052422
0.47000,0.46000,0.85126,0.053713
0.48000,0.46000,0.84847,0.061198
0.49000,0.46000,0.83993,0.075486
0.50000,0.46000,0.82395,0.097779
0.51000,0.46000,0.79840,0.12976
0.52000,0.46000,0.76110,0.17326
0.53000,0.46000,0.71039,0.22966
0.54000,0.46000,0.64595,0.29892
0.55000,0.46000,0.56964,0.37867
0.56000,0.46000,0.48580,0.46386
0.57000,0.46000,0.40054,0.54768
0.58000,0.46000,0.32026,0.62345
0.59000,0.46000,0.24994,0.68658
0.60000,0.46000,0.19228,0.73538
0.61000,0.46000,0.14783,0.77055
0.62000,0.46000,0.11574,0.79413
0.63000,0.46000,0.094527,0.80844
0.64000,0.46000,0.082754,0.81539
0.65000,0.46000,0.079369,0.81622
0.66000,0.46000,0.083881,0.81139
0.67000,0.46000,0.096394,0.80066
0.68000,0.46000,0.11754,0.78320
0.69000,0.46000,0.14829,0.75787
0.70000,0.46000,0.18956,0.72353
0.71000,0.46000,0.24164,0.67951
0.72000,0.46000,0.30354,0.62620
0.73000,0.46000,0.37246,0.56546
0.74000,0.46000,0.44385,0.50064
0.75000,0.46000,0.51231,0.43610
0.76000,0.46000,0.57285,0.37626
0.77000,0.46000,0.62205,0.32472
0.78000,0.46000,0.65845,0.28379
0.79000,0.46000,0.68222,0.25452
0.80000,0.46000,0.69451,0.23708
0.81000,0.46000,0.69679,0.23108
0.82000,0.46000,0.69047,0.23588
0.83000,0.46000,0.67677,0.25064
0.84000,0.46000,0.65676,0.27426
0.85000,0.46000,0.63155,0.30525
0.86000,0.46000,0.60246,0.34159
0.87000,0.46000,0.57110,0.38078
0.88000,0.46000,0.53937,0.42005
0.89000,0.46000,0.50928,0.45667
0.90000,0.46000,0.48268,0.48836
0.91000,0.46000,0.46111,0.51352
0.92000,0.46000,0.44556,0.53135
0.93000,0.46000,0.43642,0.54178
0.94000,0.46000,0.43352,0.54538
0.95000,0.46000,0.43613,0.54316
0.96000,0.46000,0.44308,0.53649
0.97000,0.46000,0.45274,0.52703
0.98000,0.46000,0.46301,0.51692
0.99000,0.46000,0.47084,0.50920
1.0000,0.46000,0.47095,0.50940
0.0000,0.47000,0.46770,0.51240
0.010000,0.47000,0.46358,0.51692
0.020000,0.47000,0.46354,0.51683
0.030000,0.47000,0.46880,0.51081
0.040000,0.47000,0.47969,0.49835
0.050000,0.47000,0.49588,0.47959
0.060000,0.47000,0.51645,0.45530
0.070000,0.47000,0.54006,0.42686
0.080000,0.47000,0.56507,0.39620
0.090000,0.47000,0.58973,0.36559
0.10000,0.47000,0.61234,0.33744
0.11000,0.47000,0.63129,0.31411
0.12000,0.47000,0.64509,0.29768
0.13000,0.47000,0.65228,0.28986
0.14000,0.47000,0.65136,0.29196
0.15000,0.47000,0.64087,0.30486
0.16000,0.47000,0.61951,0.32894
0.17000,0.47000,0.58650,0.36385
0.18000,0.47000,0.54200,0.40831
0.19000,0.47000,0.48753,0.45991
0.20000,0.47000,0.42606,0.51528
0.21000,0.47000,0.36167,0.57058
0.22000,0.47000,0.29878,0.62230
0.23000,0.47000,0.24129,0.66797
0.24000,0.47000,0.19192,0.70643
0.25000,0.47000,0.15209,0.73763
0.26000,0.47000,0.12212,0.76217
0.27000,0.47000,0.10166,0.78078
0.28000,0.47000,0.090103,0.79395
0.29000,0.47000,0.087003,0.80172
0.30000,0.47000,0.092286,0.80348
0.31000,0.47000,0.10641,0.79799
0.32000,0.47000,0.13038,0.78344
0.33000,0.47000,0.16558,0.75765
0.34000,0.47000,0.21339,0.71852
0.35000,0.47000,0.27438,0.66480
0.36000,0.47000,0.34742,0.59695
0.37000,0.47000,0.42894,0.51794
0.38000,0.47000,0.51314,0.43313
0.39000,0.47000,0.59336,0.34917
0.40000,0.47000,0.66400,0.27219
0.41000,0.47000,0.72198,0.20640
0.42000,0.47000,0.76687,0.15355
0.43000,0.47000,0.80011,0.11339
0.44000,0.47000,0.82390,0.084527
0.45000,0.47000,0.84040,0.065178
0.46000,0.47000,0.85126,0.053713
0.47000,0.47000,0.85744,0.048935
0.48000,0.47000,0.85919,0.050220
0.49000,0.47000,0.85607,0.057575
0.50000,0.47000,0.84699,0.071661
0.51000,0.47000,0.83029,0.093774
0.52000,0.47000,0.80386,0.12573
0.53000,0.47000,0.76552,0.16951
0.54000,0.47000,0.71359,0.22662
0.55000,0.47000,0.64771,0.29709
0.56000,0.47000,0.56977,0.37842
0.57000,0.47000,0.48425,0.46532
0.58000,0.47000,0.39748,0.55068
0.59000,0.47000,0.31607,0.62763
0.60000,0.47000,0.24512,0.69155
0.61000,0.47000,0.18733,0.74080
0.62000,0.47000,0.14311,0.77617
0.63000,0.47000,0.11144,0.79975
0.64000,0.47000,0.090700,0.81383
0.65000,0.47000,0.079366,0.82034
0.66000,0.47000,0.076367,0.82048
0.67000,0.47000,0.081247,0.81474
0.68000,0.47000,0.094187,0.80292
0.69000,0.47000,0.11591,0.78427
0.70000,0.47000,0.14744,0.75770
0.71000,0.47000,0.18974,0.72216
0.72000,0.47000,0.24302,0.67710
0.73000,0.47000,0.30609,0.62298
0.74000,0.47000,0.37590,0.56177
0.75000,0.47000,0.44769,0.49687
0.76000,0.47000,0.51597,0.43265
0.77000,0.47000,0.57581,0.37349
0.78000,0.47000,0.62397,0.32292
0.79000,0.47000,0.65916,0.28316
0.80000,0.47000,0.68169,0.25521
0.81000,0.47000,0.69275,0.23916
0.82000,0.47000,0.69386,0.23460
0.83000,0.47000,0.68643,0.24085
0.84000,0.47000,0.67173,0.25697
0.85000,0.47000,0.65092,0.28176
0.86000,0.47000,0.62521,0.31356
0.87000,0.47000,0.59600,0.35019
0.88000,0.47000,0.56498,0.38906
0.89000,0.47000,0.53407,0.42736
0.90000,0.47000,0.50521,0.46246
0.91000,0.47000,0.48020,0.49224
0.92000,0.47000,0.46042,0.51530
0.93000,0.47000,0.44674,0.53101
0.94000,0.47000,0.43941,0.53946
0.95000,0.47000,0.43811,0.54132
0.96000,0.47000,0.44196,0.53773
0.97000,0.47000,0.44955,0.53026
0.98000,0.47000,0.45883,0.52101
0.99000,0.47000,0.46670,0.51313
1.0000,0.47000,0.46770,0.51240
0.0000,0.48000,0.46522,0.51462
0.010000,0.48000,0.46097,0.51929
0.020000,0.48000,0.45874,0.52162
0.030000,0.48000,0.46096,0.51899
0.040000,0.48000,0.46870,0.51013
0.050000,0.48000,0.48215,0.49463
0.060000,0.48000,0.50080,0.47275
0.070000,0.48000,0.52359,0.44547
0.080000,0.48000,0.54903,0.41437
0.090000,0.48000,0.57540,0.38157
0.10000,0.48000,0.60093,0.34951
0.11000,0.48000,0.62394,0.32069
0.12000,0.48000,0.64285,0.29746
0.13000,0.48000,0.65622,0.28184
0.14000,0.48000,0.66260,0.27545
0.15000,0.48000,0.66050,0.27947
0.16000,0.48000,0.64843,0.29471
0.17000,0.48000,0.62510,0.32146
0.18000,0.48000,0.58973,0.35927
0.19000,0.48000,0.54259,0.40673
0.20000,0.48000,0.48538,0.46123
0.21000,0.48000,0.42135,0.51916
0.22000,0.48000,0.35484,0.57651
0.23000,0.48000,0.29048,0.62973
0.24000,0.48000,0.23223,0.67640
0.25000,0.48000,0.18278,0.71547
0.26000,0.48000,0.14335,0.74701
0.27000,0.48000,0.11407,0.77169
0.28000,0.48000,0.094382,0.79029
0.29000,0.48000,0.083553,0.80332
0.30000,0.48000,0.081053,0.81078
0.31000,0.48000,0.086799,0.81205
0.32000,0.48000,0.10130,0.80591
0.33000,0.48000,0.12567,0.79051
0.34000,0.48000,0.16143,0.76365
0.35000,0.48000,0.21009,0.72321
0.36000,0.48000,0.27234,0.66788
0.37000,0.48000,0.34703,0.59817
0.38000,0.48000,0.43041,0.51714
0.39000,0.48000,0.51644,0.43038
0.40000,0.48000,0.59819,0.34482
0.41000,0.48000,0.66999,0.26682
0.42000,0.48000,0.72878,0.20062
0.43000,0.48000,0.77425,0.14789
0.44000,0.48000,0.80788,0.10820
0.45000,0.48000,0.83191,0.079947
0.46000,0.48000,0.84847,0.061198
0.47000,0.48000,0.85919,0.050220
0.48000,0.48000,0.86499,0.045775
0.49000,0.48000,0.86615,0.047250
0.50000,0.48000,0.86223,0.054700
0.51000,0.48000,0.85218,0.068873
0.52000,0.48000,0.83436,0.091178
0.53000,0.48000,0.80670,0.12356
0.54000,0.48000,0.76699,0.16813
0.55000,0.48000,0.71356,0.22646
0.56000,0.48000,0.64606,0.29849
0.57000,0.48000,0.56647,0.38153
0.58000,0.48000,0.47946,0.46997
0.59000,0.48000,0.39160,0.55642
0.60000,0.48000,0.30967,0.63394
0.61000,0.48000,0.23878,0.69797
0.62000,0.48000,0.18151,0.74701
0.63000,0.48000,0.13806,0.78197
0.64000,0.48000,0.10723,0.80497
0.65000,0.48000,0.087280,0.81830
0.66000,0.48000,0.076647,0.82388
0.67000,0.48000,0.074288,0.82293
0.68000,0.48000,0.079816,0.81595
0.69000,0.48000,0.093501,0.80280
0.70000,0.48000,0.11615,0.78277
0.71000,0.48000,0.14883,0.75487
0.72000,0.48000,0.19246,0.71813
0.73000,0.48000,0.24708,0.67209
0.74000,0.48000,0.31127,0.61736
0.75000,0.48000,0.38167,0.55596
0.76000,0.48000,0.45335,0.49138
0.77000,0.48000,0.52080,0.42798
0.78000,0.48000,0.57930,0.37005
0.79000,0.48000,0.62584,0.32101
0.80000,0.48000,0.65935,0.28296
0.81000,0.48000,0.68025,0.25680
0.82000,0.48000,0.68980,0.24258
0.83000,0.48000,0.68952,0.23983
0.84000,0.48000,0.68085,0.24780
0.85000,0.48000,0.66511,0.26547
0.86000,0.48000,0.64353,0.29147
0.87000,0.48000,0.61741,0.32398
0.88000,0.48000,0.58825,0.36067
0.89000,0.48000,0.55778,0.39886
0.90000,0.48000,0.52792,0.43580
0.91000,0.48000,0.50057,0.46898
0.92000,0.48000,0.47740,0.49648
0.93000,0.48000,0.45967,0.51710
0.94000,0.48000,0.44808,0.53042
0.95000,0.48000,0.44274,0.53668
0.96000,0.48000,0.44312,0.53670
0.97000,0.48000,0.44810,0.53181
0.98000,0.48000,0.45583,0.52401
0.99000,0.48000,0.46334,0.51638
1.0000,0.48000,0.46522,0.51462
0.0000,0.49000,0.46366,0.51600
0.010000,0.49000,0.45959,0.52042
0.020000,0.49000,0.45541,0.52482
0.030000,0.49000,0.45465,0.52544
0.040000,0.49000,0.45905,0.52034
0.050000,0.49000,0.46930,0.50856
0.060000,0.49000,0.48534,0.48990
0.070000,0.49000,0.50645,0.46485
0.080000,0.49000,0.53141,0.43458
0.090000,0.49000,0.55858,0.40091
0.10000,0.49000,0.58618,0.36618
0.11000,0.49000,0.61243,0.33295
0.12000,0.49000,0.63566,0.30382
0.13000,0.49000,0.65435,0.28108
0.14000,0.49000,0.66710,0.26664
0.15000,0.49000,0.67248,0.26198
0.16000,0.49000,0.66901,0.26819
0.17000,0.49000,0.65518,0.28597
0.18000,0.49000,0.62967,0.31554
0.19000,0.49000,0.59175,0.35636
0.20000,0.49000,0.54181,0.40686
0.21000,0.49000,0.48175,0.46422
0.22000,0.49000,0.41513,0.52461
0.23000,0.49000,0.34659,0.58387
0.24000,0.49000,0.28099,0.63841
0.25000,0.49000,0.22233,0.68588
0.26000,0.49000,0.17317,0.72535
0.27000,0.49000,0.13452,0.75700
0.28000,0.49000,0.10625,0.78157
0.29000,0.49000,0.087584,0.79988
0.30000,0.49000,0.077677,0.81243
0.31000,0.49000,0.075943,0.81922
0.32000,0.49000,0.082328,0.81967
0.33000,0.49000,0.097423,0.81251
0.34000,0.49000,0.12246,0.79591
0.35000,0.49000,0.15912,0.76764
0.36000,0.49000,0.20904,0.72554
0.37000,0.49000,0.27291,0.66831
0.38000,0.49000,0.34950,0.59650
0.39000,0.49000,0.43481,0.51337
0.40000,0.49000,0.52249,0.42480
0.41000,0.49000,0.60543,0.33802
0.42000,0.49000,0.67793,0.25953
0.43000,0.49000,0.73706,0.19355
0.44000,0.49000,0.78261,0.14152
0.45000,0.49000,0.81615,0.10278
0.46000,0.49000,0.83993,0.075486
0.47000,0.49000,0.85607,0.057575
0.48000,0.49000,0.86615,0.047250
0.49000,0.49000,0.87113,0.043279
0.50000,0.49000,0.87127,0.045100
0.51000,0.49000,0.86619,0.052852
0.52000,0.49000,0.85486,0.067387
0.53000,0.49000,0.83568,0.090234
0.54000,0.49000,0.80657,0.12346
0.55000,0.49000,0.76536,0.16924
0.56000,0.49000,0.71036,0.22912
0.57000,0.49000,0.64128,0.30287
0.58000,0.49000,0.56027,0.38749
0.59000,0.49000,0.47219,0.47704
0.60000,0.49000,0.38384,0.56395
0.61000,0.49000,0.30207,0.64131
0.62000,0.49000,0.23192,0.70474
0.63000,0.49000,0.17572,0.75294
0.64000,0.49000,0.13345,0.78693
0.65000,0.49000,0.10374,0.80886
0.66000,0.49000,0.084776,0.82104
0.67000,0.49000,0.075014,0.82537
0.68000,0.49000,0.073475,0.82308
0.69000,0.49000,0.079866,0.81471
0.70000,0.49000,0.094548,0.80013
0.71000,0.49000,0.11839,0.77872
0.72000,0.49000,0.15246,0.74956
0.73000,0.49000,0.19754,0.71177
0.74000,0.49000,0.25347,0.66500
0.75000,0.49000,0.31851,0.60996
0.76000,0.49000,0.38903,0.54878
0.77000,0.49000,0.46000,0.48501
0.78000,0.49000,0.52600,0.42296
0.79000,0.49000,0.58258,0.36680
0.80000,0.49000,0.62703,0.31979
0.81000,0.49000,0.65850,0.28390
0.82000,0.49000,0.67752,0.25992
0.83000,0.49000,0.68538,0.24784
0.84000,0.49000,0.68362,0.24713
0.85000,0.49000,0.67369,0.25696
0.86000,0.49000,0.65696,0.27619
0.87000,0.49000,0.63472,0.30329
0.88000,0.49000,0.60838,0.33625
0.89000,0.49000,0.57949,0.37264
0.90000,0.49000,0.54983,0.40974
0.91000,0.49000,0.52131,0.44487
0.92000,0.49000,0.49573,0.47573
0.93000,0.49000,0.47467,0.50062
0.94000,0.49000,0.45921,0.51855
0.95000,0.49000,0.44988,0.52928
0.96000,0.49000,0.44659,0.53325
0.97000,0.49000,0.44856,0.53147
0.98000,0.49000,0.45425,0.52568
0.99000,0.49000,0.46095,0.51875
1.0000,0.49000,0.46366,0.51600
0.0000,0.50000,0.46308,0.51649
0.010000,0.50000,0.45946,0.52032
0.020000,0.50000,0.45367,0.52637
0.030000,0.50000,0.45012,0.52995
0.040000,0.50000,0.45113,0.52856
0.050000,0.50000,0.45786,0.52079
0.060000,0.50000,0.47070,0.50597
0.070000,0.50000,0.48933,0.48411
0.080000,0.50000,0.51284,0.45590
0.090000,0.50000,0.53983,0.42276
0.10000,0.50000,0.56856,0.38676
0.11000,0.50000,0.59719,0.35043
0.12000,0.50000,0.62393,0.31647
0.13000,0.50000,0.64716,0.28746
0.14000,0.50000,0.66542,0.26563
0.15000,0.50000,0.67734,0.25273
0.16000,0.50000,0.68152,0.25011
0.17000,0.50000,0.67648,0.25871
0.18000,0.50000,0.66069,0.27918
0.19000,0.50000,0.63283,0.31164
0.20000,0.50000,0.59222,0.35548
0.21000,0.50000,0.53937,0.40895
0.22000,0.50000,0.47647,0.46902
0.23000,0.50000,0.40738,0.53165
0.24000,0.50000,0.33710,0.59254
0.25000,0.50000,0.27066,0.64810
0.26000,0.50000,0.21206,0.69606
0.27000,0.50000,0.16364,0.73562
0.28000,0.50000,0.12615,0.76707
0.29000,0.50000,0.099160,0.79119
0.30000,0.50000,0.081719,0.80884
0.31000,0.50000,0.072871,0.82055
0.32000,0.50000,0.072031,0.82633
0.33000,0.50000,0.079209,0.82560
0.34000,0.50000,0.095109,0.81711
0.35000,0.50000,0.12110,0.79903
0.36000,0.50000,0.15899,0.76910
0.37000,0.50000,0.21048,0.72513
0.38000,0.50000,0.27623,0.66584
0.39000,0.50000,0.35479,0.59191
0.40000,0.50000,0.44187,0.50685
0.41000,0.50000,0.53082,0.41687
0.42000,0.50000,0.61441,0.32945
0.43000,0.50000,0.68703,0.25116
0.44000,0.50000,0.74591,0.18603
0.45000,0.50000,0.79100,0.13523
0.46000,0.50000,0.82395,0.097779
0.47000,0.50000,0.84699,0.071661
0.48000,0.50000,0.86223,0.054700
0.49000,0.50000,0.87127,0.045100
0.50000,0.50000,0.87507,0.041680
0.51000,0.50000,0.87392,0.043959
0.52000,0.50000,0.86746,0.052184
0.53000,0.50000,0.85471,0.067320
0.54000,0.50000,0.83408,0.091010
0.55000,0.50000,0.80354,0.12539
0.56000,0.50000,0.76088,0.17265
0.57000,0.50000,0.70446,0.23422
0.58000,0.50000,0.63408,0.30959
0.59000,0.50000,0.55206,0.39541
0.60000,0.50000,0.46348,0.48545
0.61000,0.50000,0.37532,0.57209
0.62000,0.50000,0.29439,0.64858
0.63000,0.50000,0.22551,0.71079
0.64000,0.50000,0.17077,0.75763
0.65000,0.50000,0.12991,0.79024
0.66000,0.50000,0.10144,0.81078
0.67000,0.50000,0.083542,0.82157
0.68000,0.50000,0.074729,0.82449
0.69000,0.50000,0.074116,0.82079
0.70000,0.50000,0.081512,0.81101
0.71000,0.50000,0.097360,0.79509
0.72000,0.50000,0.12255,0.77245
0.73000,0.50000,0.15810,0.74224
0.74000,0.50000,0.20460,0.70366
0.75000,0.50000,0.26162,0.65648
0.76000,0.50000,0.32710,0.60153
0.77000,0.50000,0.39719,0.54104
0.78000,0.50000,0.46684,0.47857
0.79000,0.50000,0.53085,0.41835
0.80000,0.50000,0.58507,0.36443
0.81000,0.50000,0.62710,0.31987
0.82000,0.50000,0.65631,0.28648
0.83000,0.50000,0.67331,0.26495
0.84000,0.50000,0.67943,0.25519
0.85000,0.50000,0.67618,0.25662
0.86000,0.50000,0.66507,0.26830
0.87000,0.50000,0.64748,0.28895
0.88000,0.50000,0.62478,0.31688
0.89000,0.50000,0.59844,0.34993
0.90000,0.50000,0.57009,0.38558
0.91000,0.50000,0.54152,0.42114
0.92000,0.50000,0.51460,0.45407
0.93000,0.50000,0.49106,0.48227
0.94000,0.50000,0.47231,0.50427
0.95000,0.50000,0.45928,0.51933
0.96000,0.50000,0.45229,0.52740
0.97000,0.50000,0.45099,0.52912
0.98000,0.50000,0.45422,0.52586
0.99000,0.50000,0.45971,0.52010
1.0000,0.50000,0.46308,0.51649
0.0000,0.51000,0.46353,0.51609
0.010000,0.51000,0.46057,0.51907
0.020000,0.51000,0.45355,0.52631
0.030000,0.51000,0.44754,0.53242
0.040000,0.51000,0.44527,0.53450
0.050000,0.51000,0.44834,0.53080
0.060000,0.51000,0.45752,0.52023
0.070000,0.51000,0.47294,0.50234
0.080000,0.51000,0.49407,0.47732
0.090000,0.51000,0.51982,0.44611
0.10000,0.51000,0.54864,0.41036
0.11000,0.51000,0.57870,0.37239
0.12000,0.51000,0.60810,0.33492
0.13000,0.51000,0.63508,0.30071
0.14000,0.51000,0.65805,0.27232
0.15000,0.51000,0.67563,0.25180
0.16000,0.51000,0.68650,0.24077
0.17000,0.51000,0.68928,0.24038
0.18000,0.51000,0.68249,0.25151
0.19000,0.51000,0.66460,0.27470
0.20000,0.51000,0.63429,0.31003
0.21000,0.51000,0.59093,0.35678
0.22000,0.51000,0.53522,0.41303
0.23000,0.51000,0.46963,0.47551
0.24000,0.51000,0.39840,0.54002
0.25000,0.51000,0.32683,0.60215
0.26000,0.51000,0.26009,0.65832
0.27000,0.51000,0.20207,0.70638
0.28000,0.51000,0.15484,0.74566
0.29000,0.51000,0.11881,0.77651
0.30000,0.51000,0.093291,0.79980
0.31000,0.51000,0.077169,0.81642
0.32000,0.51000,0.069445,0.82694
0.33000,0.51000,0.069575,0.83140
0.34000,0.51000,0.077669,0.82924
0.35000,0.51000,0.094558,0.81922
0.36000,0.51000,0.12174,0.79950
0.37000,0.51000,0.16112,0.76780
0.38000,0.51000,0.21438,0.72193
0.39000,0.51000,0.28208,0.66065
0.40000,0.51000,0.36246,0.58482
0.41000,0.51000,0.45090,0.49825
0.42000,0.51000,0.54053,0.40746
0.43000,0.51000,0.62412,0.32012
0.44000,0.51000,0.69621,0.24271
0.45000,0.51000,0.75428,0.17899
0.46000,0.51000,0.79840,0.12976
0.47000,0.51000,0.83029,0.093774
0.48000,0.51000,0.85218,0.068873
0.49000,0.51000,0.86619,0.052852
0.50000,0.51000,0.87392,0.043959
0.51000,0.51000,0.87633,0.041102
0.52000,0.51000,0.87376,0.043909
0.53000,0.51000,0.86589,0.052736
0.54000,0.51000,0.85177,0.068658
0.55000,0.51000,0.82983,0.093398
0.56000,0.51000,0.79802,0.12912
0.57000,0.51000,0.75418,0.17795
0.58000,0.51000,0.69666,0.24109
0.59000,0.51000,0.62542,0.31772
0.60000,0.51000,0.54294,0.40417
0.61000,0.51000,0.45452,0.49401
0.62000,0.51000,0.36718,0.57969
0.63000,0.51000,0.28762,0.65470
0.64000,0.51000,0.22038,0.71523
0.65000,0.51000,0.16727,0.76039
0.66000,0.51000,0.12786,0.79138
0.67000,0.51000,0.10062,0.81039
0.68000,0.51000,0.083763,0.81972
0.69000,0.51000,0.075898,0.82124
0.70000,0.51000,0.076250,0.81620
0.71000,0.51000,0.084724,0.80516
0.72000,0.51000,0.10182,0.78810
0.73000,0.51000,0.12840,0.76448
0.74000,0.51000,0.16538,0.73350
0.75000,0.51000,0.21311,0.69448
0.76000,0.51000,0.27087,0.64726
0.77000,0.51000,0.33629,0.59281
0.78000,0.51000,0.40541,0.53344
0.79000,0.51000,0.47323,0.47271
0.80000,0.51000,0.53482,0.41476
0.81000,0.51000,0.58638,0.36344
0.82000,0.51000,0.62582,0.32161
0.83000,0.51000,0.65266,0.29093
0.84000,0.51000,0.66763,0.27199
0.85000,0.51000,0.67204,0.26462
0.86000,0.51000,0.66741,0.26815
0.87000,0.51000,0.65525,0.28154
0.88000,0.51000,0.63698,0.30336
0.89000,0.51000,0.61405,0.33176
0.90000,0.51000,0.58796,0.36447
0.91000,0.51000,0.56041,0.39893
0.92000,0.51000,0.53320,0.43253
0.93000,0.51000,0.50814,0.46292
0.94000,0.51000,0.48684,0.48821
0.95000,0.51000,0.47056,0.50718
0.96000,0.51000,0.46003,0.51929
0.97000,0.51000,0.45534,0.52473
0.98000,0.51000,0.45580,0.52442
0.99000,0.51000,0.45970,0.52030
1.0000,0.51000,0.46353,0.51609
0.0000,0.52000,0.46498,0.51479
0.010000,0.52000,0.46282,0.51679
0.020000,0.52000,0.45500,0.52473
0.030000,0.52000,0.44695,0.53285
0.040000,0.52000,0.44169,0.53802
0.050000,0.52000,0.44112,0.53822
0.060000,0.52000,0.44638,0.53206
0.070000,0.52000,0.45801,0.51868
0.080000,0.52000,0.47590,0.49780
0.090000,0.52000,0.49937,0.46981
0.10000,0.52000,0.52713,0.43586
0.11000,0.52000,0.55752,0.39789
0.12000,0.52000,0.58861,0.35844
0.13000,0.52000,0.61850,0.32035
0.14000,0.52000,0.64543,0.28642
0.15000,0.52000,0.66791,0.25907
0.16000,0.52000,0.68458,0.24020
0.17000,0.52000,0.69420,0.23123
0.18000,0.52000,0.69543,0.23318
0.19000,0.52000,0.68679,0.24684
0.20000,0.52000,0.66673,0.27268
0.21000,0.52000,0.63396,0.31073
0.22000,0.52000,0.58795,0.36014
0.23000,0.52000,0.52957,0.41880
0.24000,0.52000,0.46164,0.48328
0.25000,0.52000,0.38876,0.54918
0.26000,0.52000,0.31650,0.61205
0.27000,0.52000,0.25006,0.66838
0.28000,0.52000,0.19312,0.71610
0.29000,0.52000,0.14742,0.75467
0.30000,0.52000,0.11302,0.78453
0.31000,0.52000,0.089024,0.80664
0.32000,0.52000,0.074212,0.82192
0.33000,0.52000,0.067598,0.83099
0.34000,0.52000,0.068721,0.83393
0.35000,0.52000,0.077809,0.83021
0.36000,0.52000,0.095820,0.81861
0.37000,0.52000,0.12435,0.79727
0.38000,0.52000,0.16534,0.76389
0.39000,0.52000,0.22041,0.71630
0.40000,0.52000,0.28986,0.65333
0.41000,0.52000,0.37165,0.57607
0.42000,0.52000,0.46085,0.48860
0.43000,0.52000,0.55046,0.39775
0.44000,0.52000,0.63336,0.31120
0.45000,0.52000,0.70435,0.23524
0.46000,0.52000,0.76110,0.17326
0.47000,0.52000,0.80386,0.12573
0.48000,0.52000,0.83436,0.091178
0.49000,0.52000,0.85486,0.067387
0.50000,0.52000,0.86746,0.052184
0.51000,0.52000,0.87376,0.043909
0.52000,0.52000,0.87477,0.041579
0.53000,0.52000,0.87086,0.044936
0.54000,0.52000,0.86173,0.054441
0.55000,0.52000,0.84646,0.071251
0.56000,0.52000,0.82348,0.097130
0.57000,0.52000,0.79075,0.13421
0.58000,0.52000,0.74611,0.18446
0.59000,0.52000,0.68797,0.24885
0.60000,0.52000,0.61641,0.32622
0.61000,0.52000,0.53408,0.41263
0.62000,0.52000,0.44641,0.50161
0.63000,0.52000,0.36040,0.58576
0.64000,0.52000,0.28254,0.65891
0.65000,0.52000,0.21708,0.71751
0.66000,0.52000,0.16558,0.76084
0.67000,0.52000,0.12753,0.79017
0.68000,0.52000,0.10138,0.80768
0.69000,0.52000,0.085468,0.81564
0.70000,0.52000,0.078491,0.81590
0.71000,0.52000,0.079791,0.80971
0.72000,0.52000,0.089347,0.79766
0.73000,0.52000,0.10768,0.77973
0.74000,0.52000,0.13559,0.75543
0.75000,0.52000,0.17382,0.72402
0.76000,0.52000,0.22249,0.68488
0.77000,0.52000,0.28056,0.63799
0.78000,0.52000,0.34545,0.58442
0.79000,0.52000,0.41311,0.52655
0.80000,0.52000,0.47870,0.46792
0.81000,0.52000,0.53761,0.41255
0.82000,0.52000,0.58637,0.36407
0.83000,0.52000,0.62316,0.32514
0.84000,0.52000,0.64766,0.29727
0.85000,0.52000,0.66066,0.28093
0.86000,0.52000,0.66346,0.27588
0.87000,0.52000,0.65760,0.28137
0.88000,0.52000,0.64457,0.29623
0.89000,0.52000,0.62584,0.31888
0.90000,0.52000,0.60290,0.34735
0.91000,0.52000,0.57732,0.37929
0.92000,0.52000,0.55081,0.41216
0.93000,0.52000,0.52518,0.44349
0.94000,0.52000,0.50215,0.47109
0.95000,0.52000,0.48323,0.49333
0.96000,0.52000,0.46949,0.50921
0.97000,0.52000,0.46146,0.51841
0.98000,0.52000,0.45897,0.52134
0.99000,0.52000,0.46095,0.51927
1.0000,0.52000,0.46498,0.51479
0.0000,0.53000,0.46734,0.51266
0.010000,0.53000,0.46608,0.51364
0.020000,0.53000,0.45789,0.52182
0.030000,0.53000,0.44831,0.53137
0.040000,0.53000,0.44048,0.53909
0.050000,0.53000,0.43649,0.54284
0.060000,0.53000,0.43777,0.54101
0.070000,0.53000,0.44522,0.53241
0.080000,0.53000,0.45917,0.51635
0.090000,0.53000,0.47935,0.49268
0.10000,0.53000,0.50490,0.46199
0.11000,0.53000,0.53440,0.42571
0.12000,0.53000,0.56605,0.38600
0.13000,0.53000,0.59788,0.34559
0.14000,0.53000,0.62796,0.30742
0.15000,0.53000,0.65459,0.27422
0.16000,0.53000,0.67632,0.24825
0.17000,0.53000,0.69191,0.23123
0.18000,0.53000,0.70015,0.22440
0.19000,0.53000,0.69975,0.22865
0.20000,0.53000,0.68923,0.24470
0.21000,0.53000,0.66708,0.27299
0.22000,0.53000,0.63201,0.31345
0.23000,0.53000,0.58358,0.36511
0.24000,0.53000,0.52293,0.42571
0.25000,0.53000,0.45317,0.49162
0.26000,0.53000,0.37927,0.55835
0.27000,0.53000,0.30698,0.62144
0.28000,0.53000,0.24140,0.67742
0.29000,0.53000,0.18593,0.72438
0.30000,0.53000,0.14193,0.76185
0.31000,0.53000,0.10918,0.79041
0.32000,0.53000,0.086617,0.81106
0.33000,0.53000,0.073003,0.82481
0.34000,0.53000,0.067413,0.83231
0.35000,0.53000,0.069493,0.83370
0.36000,0.53000,0.079592,0.82847
0.37000,0.53000,0.098772,0.81542
0.38000,0.53000,0.12868,0.79266
0.39000,0.53000,0.17122,0.75790
0.40000,0.53000,0.22786,0.70898
0.41000,0.53000,0.29865,0.64484
0.42000,0.53000,0.38123,0.56679
0.43000,0.53000,0.47046,0.47918
0.44000,0.53000,0.55934,0.38899
0.45000,0.53000,0.64096,0.30382
0.46000,0.53000,0.71039,0.22966
0.47000,0.53000,0.76552,0.16951
0.48000,0.53000,0.80670,0.12356
0.49000,0.53000,0.83568,0.090234
0.50000,0.53000,0.85471,0.067320
0.51000,0.53000,0.86589,0.052736
0.52000,0.53000,0.87086,0.044936
0.53000,0.53000,0.87063,0.043055
0.54000,0.53000,0.86561,0.046938
0.55000,0.53000,0.85552,0.057129
0.56000,0.53000,0.83946,0.074829
0.57000,0.53000,0.81585,0.10179
0.58000,0.53000,0.78265,0.14006
0.59000,0.53000,0.73768,0.19143
0.60000,0.53000,0.67943,0.25656
0.61000,0.53000,0.60808,0.33406
0.62000,0.53000,0.52645,0.41981
0.63000,0.53000,0.44002,0.50739
0.64000,0.53000,0.35566,0.58967
0.65000,0.53000,0.27961,0.66077
0.66000,0.53000,0.21586,0.71740
0.67000,0.53000,0.16581,0.75897
0.68000,0.53000,0.12891,0.78675
0.69000,0.53000,0.10367,0.80292
0.70000,0.53000,0.088549,0.80971
0.71000,0.53000,0.082365,0.80895
0.72000,0.53000,0.084551,0.80188
0.73000,0.53000,0.095134,0.78911
0.74000,0.53000,0.11461,0.77061
0.75000,0.53000,0.14370,0.74594
0.76000,0.53000,0.18294,0.71439
0.77000,0.53000,0.23218,0.67544
0.78000,0.53000,0.29015,0.62918
0.79000,0.53000,0.35408,0.57678
0.80000,0.53000,0.41993,0.52069
0.81000,0.53000,0.48306,0.46442
0.82000,0.53000,0.53916,0.41181
0.83000,0.53000,0.58509,0.36630
0.84000,0.53000,0.61927,0.33033
0.85000,0.53000,0.64153,0.30526
0.86000,0.53000,0.65268,0.29145
0.87000,0.53000,0.65403,0.28858
0.88000,0.53000,0.64710,0.29580
0.89000,0.53000,0.63340,0.31182
0.90000,0.53000,0.61441,0.33494
0.91000,0.53000,0.59166,0.36309
0.92000,0.53000,0.56679,0.39389
0.93000,0.53000,0.54153,0.42487
0.94000,0.53000,0.51764,0.45370
0.95000,0.53000,0.49677,0.47841
0.96000,0.53000,0.48029,0.49757
0.97000,0.53000,0.46912,0.51037
0.98000,0.53000,0.46362,0.51667
0.99000,0.53000,0.46343,0.51698
1.0000,0.53000,0.46734,0.51266
0.0000,0.54000,0.47050,0.50974
0.010000,0.54000,0.47013,0.50979
0.020000,0.54000,0.46199,0.51780
0.030000,0.54000,0.45145,0.52819
0.040000,0.54000,0.44160,0.53785
0.050000,0.54000,0.43457,0.54463
0.060000,0.54000,0.43202,0.54680
0.070000,0.54000,0.43514,0.54298
0.080000,0.54000,0.44465,0.53210
0.090000,0.54000,0.46072,0.51356
0.10000,0.54000,0.48294,0.48740
0.11000,0.54000,0.51028,0.45442
0.12000,0.54000,0.54120,0.41627
0.13000,0.54000,0.57381,0.37535
0.14000,0.54000,0.60607,0.33453
0.15000,0.54000,0.63608,0.29673
0.16000,0.54000,0.66218,0.26460
0.17000,0.54000,0.68300,0.24020
0.18000,0.54000,0.69738,0.22507
0.19000,0.54000,0.70420,0.22027
0.20000,0.54000,0.70221,0.22664
0.21000,0.54000,0.68996,0.24482
0.22000,0.54000,0.66592,0.27519
0.23000,0.54000,0.62886,0.31762
0.24000,0.54000,0.57844,0.37099
0.25000,0.54000,0.51603,0.43291
0.26000,0.54000,0.44512,0.49963
0.27000,0.54000,0.37091,0.56660
0.28000,0.54000,0.29921,0.62937
0.29000,0.54000,0.23493,0.68458
0.30000,0.54000,0.18111,0.73041
0.31000,0.54000,0.13878,0.76653
0.32000,0.54000,0.10752,0.79358
0.33000,0.54000,0.086184,0.81267
0.34000,0.54000,0.073568,0.82485
0.35000,0.54000,0.068845,0.83084
0.36000,0.54000,0.071779,0.83083
0.37000,0.54000,0.082818,0.82434
0.38000,0.54000,0.10309,0.81014
0.39000,0.54000,0.13423,0.78636
0.40000,0.54000,0.17804,0.75069
0.41000,0.54000,0.23581,0.70099
0.42000,0.54000,0.30730,0.63635
0.43000,0.54000,0.38993,0.55825
0.44000,0.54000,0.47846,0.47126
0.45000,0.54000,0.56602,0.38234
0.46000,0.54000,0.64595,0.29892
0.47000,0.54000,0.71359,0.22662
0.48000,0.54000,0.76699,0.16813
0.49000,0.54000,0.80657,0.12346
0.50000,0.54000,0.83408,0.091010
0.51000,0.54000,0.85177,0.068658
0.52000,0.54000,0.86173,0.054441
0.53000,0.54000,0.86561,0.046938
0.54000,0.54000,0.86446,0.045391
0.55000,0.54000,0.85869,0.049724
0.56000,0.54000,0.84807,0.060530
0.57000,0.54000,0.83165,0.079015
0.58000,0.54000,0.80787,0.10688
0.59000,0.54000,0.77464,0.14603
0.60000,0.54000,0.72982,0.19804
0.61000,0.54000,0.67194,0.26337
0.62000,0.54000,0.60129,0.34041
0.63000,0.54000,0.52077,0.42500
0.64000,0.54000,0.43587,0.51086
0.65000,0.54000,0.35327,0.59113
0.66000,0.54000,0.27896,0.66022
0.67000,0.54000,0.21672,0.71503
0.68000,0.54000,0.16785,0.75503
0.69000,0.54000,0.13183,0.78151
0.70000,0.54000,0.10729,0.79659
0.71000,0.54000,0.092797,0.80248
0.72000,0.54000,0.087290,0.80098
0.73000,0.54000,0.090267,0.79333
0.74000,0.54000,0.10178,0.78011
0.75000,0.54000,0.12226,0.76133
0.76000,0.54000,0.15232,0.73653
0.77000,0.54000,0.19227,0.70509
0.78000,0.54000,0.24176,0.66656
0.79000,0.54000,0.29927,0.62113
0.80000,0.54000,0.36194,0.57011
0.81000,0.54000,0.42577,0.51599
0.82000,0.54000,0.48633,0.46221
0.83000,0.54000,0.53961,0.41245
0.84000,0.54000,0.58278,0.36993
0.85000,0.54000,0.61446,0.33689
0.86000,0.54000,0.63461,0.31452
0.87000,0.54000,0.64405,0.30310
0.88000,0.54000,0.64411,0.30221
0.89000,0.54000,0.63628,0.31089
0.90000,0.54000,0.62206,0.32776
0.91000,0.54000,0.60297,0.35102
0.92000,0.54000,0.58060,0.37853
0.93000,0.54000,0.55659,0.40792
0.94000,0.54000,0.53269,0.43683
0.95000,0.54000,0.51063,0.46306
0.96000,0.54000,0.49198,0.48484
0.97000,0.54000,0.47801,0.50090
0.98000,0.54000,0.46956,0.51054
0.99000,0.54000,0.46704,0.51349
1.0000,0.54000,0.47050,0.50974
0.0000,0.55000,0.47431,0.50614
0.010000,0.55000,0.47474,0.50544
0.020000,0.55000,0.46705,0.51294
0.030000,0.55000,0.45614,0.52358
0.040000,0.55000,0.44487,0.53452
0.050000,0.55000,0.43535,0.54370
0.060000,0.55000,0.42932,0.54939
0.070000,0.55000,0.42819,0.55006
0.080000,0.55000,0.43300,0.54440
0.090000,0.55000,0.44435,0.53147
0.10000,0.55000,0.46228,0.51077
0.11000,0.55000,0.48624,0.48251
0.12000,0.55000,0.51506,0.44769
0.13000,0.55000,0.54710,0.40819
0.14000,0.55000,0.58037,0.36657
0.15000,0.55000,0.61281,0.32577
0.16000,0.55000,0.64253,0.28869
0.17000,0.55000,0.66793,0.25779
0.18000,0.55000,0.68776,0.23497
0.19000,0.55000,0.70094,0.22158
0.20000,0.55000,0.70643,0.21859
0.21000,0.55000,0.70305,0.22674
0.22000,0.55000,0.68934,0.24663
0.23000,0.55000,0.66378,0.27858
0.24000,0.55000,0.62515,0.32237
0.25000,0.55000,0.57328,0.37679
0.26000,0.55000,0.50980,0.43936
0.27000,0.55000,0.43847,0.50627
0.28000,0.55000,0.36464,0.57293
0.29000,0.55000,0.29403,0.63497
0.30000,0.55000,0.23127,0.68909
0.31000,0.55000,0.17907,0.73360
0.32000,0.55000,0.13820,0.76826
0.33000,0.55000,0.10811,0.79380
0.34000,0.55000,0.087678,0.81139
0.35000,0.55000,0.075782,0.82216
0.36000,0.55000,0.071702,0.82690
0.37000,0.55000,0.075301,0.82583
0.38000,0.55000,0.087093,0.81846
0.39000,0.55000,0.10822,0.80359
0.40000,0.55000,0.14025,0.77931
0.41000,0.55000,0.18487,0.74331
0.42000,0.55000,0.24314,0.69351
0.43000,0.55000,0.31462,0.62909
0.44000,0.55000,0.39657,0.55168
0.45000,0.55000,0.48380,0.46591
0.46000,0.55000,0.56964,0.37867
0.47000,0.55000,0.64771,0.29709
0.48000,0.55000,0.71356,0.22646
0.49000,0.55000,0.76536,0.16924
0.50000,0.55000,0.80354,0.12539
0.51000,0.55000,0.82983,0.093398
0.52000,0.55000,0.84646,0.071251
0.53000,0.55000,0.85552,0.057129
0.54000,0.55000,0.85869,0.049724
0.55000,0.55000,0.85703,0.048363
0.56000,0.55000,0.85097,0.053020
0.57000,0.55000,0.84025,0.064296
0.58000,0.55000,0.82393,0.083363
0.59000,0.55000,0.80040,0.11183
0.60000,0.55000,0.76756,0.15145
0.61000,0.55000,0.72328,0.20364
0.62000,0.55000,0.66613,0.26864
0.63000,0.55000,0.59651,0.34476
0.64000,0.55000,0.51736,0.42789
0.65000,0.55000,0.43407,0.51193
0.66000,0.55000,0.35317,0.59026
0.67000,0.55000,0.28040,0.65754
0.68000,0.55000,0.21937,0.71079
0.69000,0.55000,0.17139,0.74952
0.70000,0.55000,0.13599,0.77499
0.71000,0.55000,0.11194,0.78927
0.72000,0.55000,0.097925,0.79455
0.73000,0.55000,0.092976,0.79259
0.74000,0.55000,0.096638,0.78462
0.75000,0.55000,0.10895,0.77120
0.76000,0.55000,0.13028,0.75234
0.77000,0.55000,0.16108,0.72760
0.78000,0.55000,0.20150,0.69641
0.79000,0.55000,0.25096,0.65841
0.80000,0.55000,0.30777,0.61394
0.81000,0.55000,0.36900,0.56440
0.82000,0.55000,0.43072,0.51233
0.83000,0.55000,0.48871,0.46109
0.84000,0.55000,0.53925,0.41417
0.85000,0.55000,0.57977,0.37458
0.86000,0.55000,0.60909,0.34437
0.87000,0.55000,0.62726,0.32457
0.88000,0.55000,0.63514,0.31536
0.89000,0.55000,0.63404,0.31623
0.90000,0.55000,0.62542,0.32614
0.91000,0.55000,0.61081,0.34359
0.92000,0.55000,0.59174,0.36673
0.93000,0.55000,0.56983,0.39338
0.94000,0.55000,0.54676,0.42122
0.95000,0.55000,0.52429,0.44797
0.96000,0.55000,0.50411,0.47158
0.97000,0.55000,0.48778,0.49040
0.98000,0.55000,0.47658,0.50317
0.99000,0.55000,0.47164,0.50887
1.0000,0.55000,0.47431,0.50614
0.0000,0.56000,0.47859,0.50198
0.010000,0.56000,0.47965,0.50079
0.020000,0.56000,0.47273,0.50751
0.030000,0.56000,0.46202,0.51788
0.040000,0.56000,0.45002,0.52943
0.050000,0.56000,0.43865,0.54032
0.060000,0.56000,0.42965,0.54889
0.070000,0.56000,0.42457,0.55355
0.080000,0.56000,0.42471,0.55288
0.090000,0.56000,0.43100,0.54565
0.10000,0.56000,0.44393,0.53096
0.11000,0.56000,0.46342,0.50848
0.12000,0.56000,0.48881,0.47855
0.13000,0.56000,0.51883,0.44237
0.14000,0.56000,0.55171,0.40200
0.15000,0.56000,0.58540,0.36010
0.16000,0.56000,0.61782,0.31964
0.17000,0.56000,0.64712,0.28341
0.18000,0.56000,0.67178,0.25372
0.19000,0.56000,0.69065,0.23230
0.20000,0.56000,0.70277,0.22036
0.21000,0.56000,0.70720,0.21878
0.22000,0.56000,0.70275,0.22824
0.23000,0.56000,0.68797,0.24928
0.24000,0.56000,0.66132,0.28216
0.25000,0.56000,0.62165,0.32661
0.26000,0.56000,0.56899,0.38140
0.27000,0.56000,0.50520,0.44398
0.28000,0.56000,0.43419,0.51054
0.29000,0.56000,0.36131,0.57651
0.30000,0.56000,0.29206,0.63755
0.31000,0.56000,0.23079,0.69048
0.32000,0.56000,0.17994,0.73367
0.33000,0.56000,0.14012,0.76696
0.34000,0.56000,0.11079,0.79117
0.35000,0.56000,0.090866,0.80753
0.36000,0.56000,0.079345,0.81725
0.37000,0.56000,0.075606,0.82115
0.38000,0.56000,0.079585,0.81947
0.39000,0.56000,0.091824,0.81175
0.40000,0.56000,0.11343,0.79676
0.41000,0.56000,0.14590,0.77258
0.42000,0.56000,0.19073,0.73690
0.43000,0.56000,0.24882,0.68766
0.44000,0.56000,0.31958,0.62413
0.45000,0.56000,0.40026,0.54799
0.46000,0.56000,0.48580,0.46386
0.47000,0.56000,0.56977,0.37842
0.48000,0.56000,0.64606,0.29849
0.49000,0.56000,0.71036,0.22912
0.50000,0.56000,0.76088,0.17265
0.51000,0.56000,0.79802,0.12912
0.52000,0.56000,0.82348,0.097130
0.53000,0.56000,0.83946,0.074829
0.54000,0.56000,0.84807,0.060530
0.55000,0.56000,0.85097,0.053020
0.56000,0.56000,0.84925,0.051675
0.57000,0.56000,0.84333,0.056488
0.58000,0.56000,0.83293,0.068034
0.59000,0.56000,0.81709,0.087421
0.60000,0.56000,0.79415,0.11615
0.61000,0.56000,0.76199,0.15584
0.62000,0.56000,0.71849,0.20775
0.63000,0.56000,0.66230,0.27204
0.64000,0.56000,0.59386,0.34698
0.65000,0.56000,0.51614,0.42854
0.66000,0.56000,0.43442,0.51084
0.67000,0.56000,0.35501,0.58748
0.68000,0.56000,0.28349,0.65325
0.69000,0.56000,0.22338,0.70527
0.70000,0.56000,0.17600,0.74305
0.71000,0.56000,0.14100,0.76780
0.72000,0.56000,0.11727,0.78158
0.73000,0.56000,0.10361,0.78649
0.74000,0.56000,0.099120,0.78431
0.75000,0.56000,0.10337,0.77621
0.76000,0.56000,0.11636,0.76275
0.77000,0.56000,0.13839,0.74392
0.78000,0.56000,0.16977,0.71931
0.79000,0.56000,0.21048,0.68842
0.80000,0.56000,0.25974,0.65099
0.81000,0.56000,0.31572,0.60750
0.82000,0.56000,0.37544,0.55947
0.83000,0.56000,0.43506,0.50945
0.84000,0.56000,0.49055,0.46071
0.85000,0.56000,0.53845,0.41658
0.86000,0.56000,0.57644,0.37982
0.87000,0.56000,0.60352,0.35231
0.88000,0.56000,0.61983,0.33494
0.89000,0.56000,0.62625,0.32777
0.90000,0.56000,0.62407,0.33022
0.91000,0.56000,0.61474,0.34116
0.92000,0.56000,0.59978,0.35902
0.93000,0.56000,0.58076,0.38189
0.94000,0.56000,0.55934,0.40757
0.95000,0.56000,0.53724,0.43380
0.96000,0.56000,0.51623,0.45837
0.97000,0.56000,0.49805,0.47930
0.98000,0.56000,0.48439,0.49485
0.99000,0.56000,0.47705,0.50328
1.0000,0.56000,0.47859,0.50198
0.0000,0.57000,0.48317,0.49740
0.010000,0.57000,0.48463,0.49603
0.020000,0.57000,0.47872,0.50181
0.030000,0.57000,0.46873,0.51144
0.040000,0.57000,0.45665,0.52298
0.050000,0.57000,0.44415,0.53487
0.060000,0.57000,0.43284,0.54558
0.070000,0.57000,0.42431,0.55360
0.080000,0.57000,0.42003,0.55742
0.090000,0.57000,0.42120,0.55565
0.10000,0.57000,0.42871,0.54713
0.11000,0.57000,0.44292,0.53105
0.12000,0.57000,0.46370,0.50718
0.13000,0.57000,0.49025,0.47601
0.14000,0.57000,0.52121,0.43891
0.15000,0.57000,0.55472,0.39804
0.16000,0.57000,0.58868,0.35615
0.17000,0.57000,0.62099,0.31615
0.18000,0.57000,0.64985,0.28072
0.19000,0.57000,0.67386,0.25203
0.20000,0.57000,0.69197,0.23165
0.21000,0.57000,0.70334,0.22071
0.22000,0.57000,0.70704,0.22000
0.23000,0.57000,0.70191,0.23014
0.24000,0.57000,0.68649,0.25163
0.25000,0.57000,0.65926,0.28474
0.26000,0.57000,0.61921,0.32918
0.27000,0.57000,0.56651,0.38373
0.28000,0.57000,0.50315,0.44584
0.29000,0.57000,0.43306,0.51169
0.30000,0.57000,0.36143,0.57677
0.31000,0.57000,0.29355,0.63679
0.32000,0.57000,0.23350,0.68862
0.33000,0.57000,0.18354,0.73071
0.34000,0.57000,0.14426,0.76295
0.35000,0.57000,0.11517,0.78620
0.36000,0.57000,0.095297,0.80178
0.37000,0.57000,0.083749,0.81093
0.38000,0.57000,0.079987,0.81451
0.39000,0.57000,0.083991,0.81278
0.40000,0.57000,0.096298,0.80528
0.41000,0.57000,0.11795,0.79076
0.42000,0.57000,0.15032,0.76726
0.43000,0.57000,0.19478,0.73247
0.44000,0.57000,0.25205,0.68433
0.45000,0.57000,0.32153,0.62217
0.46000,0.57000,0.40054,0.54768
0.47000,0.57000,0.48425,0.46532
0.48000,0.57000,0.56647,0.38153
0.49000,0.57000,0.64128,0.30287
0.50000,0.57000,0.70446,0.23422
0.51000,0.57000,0.75418,0.17795
0.52000,0.57000,0.79075,0.13421
0.53000,0.57000,0.81585,0.10179
0.54000,0.57000,0.83165,0.079015
0.55000,0.57000,0.84025,0.064296
0.56000,0.57000,0.84333,0.056488
0.57000,0.57000,0.84196,0.054990
0.58000,0.57000,0.83656,0.059775
0.59000,0.57000,0.82680,0.071372
0.60000,0.57000,0.81168,0.090806
0.61000,0.57000,0.78952,0.11948
0.62000,0.57000,0.75818,0.15890
0.63000,0.57000,0.71556,0.21022
0.64000,0.57000,0.66037,0.27358
0.65000,0.57000,0.59311,0.34726
0.66000,0.57000,0.51672,0.42735
0.67000,0.57000,0.43638,0.50814
0.68000,0.57000,0.35822,0.58338
0.69000,0.57000,0.28766,0.64800
0.70000,0.57000,0.22820,0.69912
0.71000,0.57000,0.18121,0.73624
0.72000,0.57000,0.14645,0.76054
0.73000,0.57000,0.12293,0.77402
0.74000,0.57000,0.10955,0.77877
0.75000,0.57000,0.10545,0.77650
0.76000,0.57000,0.11021,0.76838
0.77000,0.57000,0.12381,0.75493
0.78000,0.57000,0.14645,0.73615
0.79000,0.57000,0.17832,0.71166
0.80000,0.57000,0.21922,0.68102
0.81000,0.57000,0.26822,0.64412
0.82000,0.57000,0.32336,0.60158
0.83000,0.57000,0.38160,0.55500
0.84000,0.57000,0.43918,0.50698
0.85000,0.57000,0.49225,0.46068
0.86000,0.57000,0.53760,0.41923
0.87000,0.57000,0.57316,0.38520
0.88000,0.57000,0.59809,0.36027
0.89000,0.57000,0.61260,0.34521
0.90000,0.57000,0.61759,0.33997
0.91000,0.57000,0.61433,0.34389
0.92000,0.57000,0.60428,0.35575
0.93000,0.57000,0.58895,0.37394
0.94000,0.57000,0.56996,0.39647
0.95000,0.57000,0.54900,0.42117
0.96000,0.57000,0.52787,0.44577
0.97000,0.57000,0.50845,0.46806
0.98000,0.57000,0.49273,0.48591
0.99000,0.57000,0.48307,0.49693
1.0000,0.57000,0.48317,0.49740
0.0000,0.58000,0.48788,0.49255
0.010000,0.58000,0.48945,0.49134
0.020000,0.58000,0.48470,0.49609
0.030000,0.58000,0.47586,0.50462
0.040000,0.58000,0.46433,0.51559
0.050000,0.58000,0.45142,0.52778
0.060000,0.58000,0.43854,0.53989
0.070000,0.58000,0.42722,0.55051
0.080000,0.58000,0.41900,0.55815
0.090000,0.58000,0.41529,0.56135
0.10000,0.58000,0.41725,0.55877
0.11000,0.58000,0.42569,0.54928
0.12000,0.58000,0.44093,0.53216
0.13000,0.58000,0.46273,0.50728
0.14000,0.58000,0.49024,0.47524
0.15000,0.58000,0.52197,0.43753
0.16000,0.58000,0.55600,0.39640
0.17000,0.58000,0.59018,0.35460
0.18000,0.58000,0.62243,0.31497
0.19000,0.58000,0.65100,0.28009
0.20000,0.58000,0.67459,0.25199
0.21000,0.58000,0.69227,0.23216
0.22000,0.58000,0.70324,0.22161
0.23000,0.58000,0.70661,0.22109
0.24000,0.58000,0.70121,0.23122
0.25000,0.58000,0.68563,0.25249
0.26000,0.58000,0.65843,0.28521
0.27000,0.58000,0.61869,0.32912
0.28000,0.58000,0.56665,0.38300
0.29000,0.58000,0.50430,0.44435
0.30000,0.58000,0.43544,0.50937
0.31000,0.58000,0.36510,0.57360
0.32000,0.58000,0.29831,0.63280
0.33000,0.58000,0.23898,0.68388
0.34000,0.58000,0.18933,0.72528
0.35000,0.58000,0.15001,0.75693
0.36000,0.58000,0.12060,0.77975
0.37000,0.58000,0.10031,0.79507
0.38000,0.58000,0.088313,0.80421
0.39000,0.58000,0.084159,0.80804
0.40000,0.58000,0.087835,0.80684
0.41000,0.58000,0.099835,0.80011
0.42000,0.58000,0.12111,0.78656
0.43000,0.58000,0.15289,0.76420
0.44000,0.58000,0.19643,0.73069
0.45000,0.58000,0.25241,0.68400
0.46000,0.58000,0.32026,0.62345
0.47000,0.58000,0.39748,0.55068
0.48000,0.58000,0.47946,0.46997
0.49000,0.58000,0.56027,0.38749
0.50000,0.58000,0.63408,0.30959
0.51000,0.58000,0.69666,0.24109
0.52000,0.58000,0.74611,0.18446
0.53000,0.58000,0.78265,0.14006
0.54000,0.58000,0.80787,0.10688
0.55000,0.58000,0.82393,0.083363
0.56000,0.58000,0.83293,0.068034
0.57000,0.58000,0.83656,0.059775
0.58000,0.58000,0.83585,0.057978
0.59000,0.58000,0.83120,0.062574
0.60000,0.58000,0.82226,0.074028
0.61000,0.58000,0.80796,0.093285
0.62000,0.58000,0.78660,0.12166
0.63000,0.58000,0.75604,0.16059
0.64000,0.58000,0.71423,0.21119
0.65000,0.58000,0.65994,0.27357
0.66000,0.58000,0.59372,0.34609
0.67000,0.58000,0.51849,0.42494
0.68000,0.58000,0.43929,0.50452
0.69000,0.58000,0.36212,0.57870
0.70000,0.58000,0.29229,0.64246
0.71000,0.58000,0.23328,0.69295
0.72000,0.58000,0.18654,0.72963
0.73000,0.58000,0.15195,0.75366
0.74000,0.58000,0.12861,0.76698
0.75000,0.58000,0.11549,0.77165
0.76000,0.58000,0.11178,0.76936
0.77000,0.58000,0.11705,0.76122
0.78000,0.58000,0.13124,0.74775
0.79000,0.58000,0.15448,0.72894
0.80000,0.58000,0.18683,0.70446
0.81000,0.58000,0.22794,0.67397
0.82000,0.58000,0.27672,0.63750
0.83000,0.58000,0.33107,0.59582
0.84000,0.58000,0.38788,0.55063
0.85000,0.58000,0.44348,0.50454
0.86000,0.58000,0.49420,0.46060
0.87000,0.58000,0.53706,0.42175
0.88000,0.58000,0.57022,0.39037
0.89000,0.58000,0.59301,0.36795
0.90000,0.58000,0.60570,0.35514
0.91000,0.58000,0.60922,0.35178
0.92000,0.58000,0.60482,0.35713
0.93000,0.58000,0.59396,0.36991
0.94000,0.58000,0.57818,0.38842
0.95000,0.58000,0.55913,0.41063
0.96000,0.58000,0.53863,0.43432
0.97000,0.58000,0.51860,0.45716
0.98000,0.58000,0.50128,0.47671
0.99000,0.58000,0.48950,0.49005
1.0000,0.58000,0.48788,0.49255
0.0000,0.59000,0.49257,0.48761
0.010000,0.59000,0.49390,0.48691
0.020000,0.59000,0.49037,0.49062
0.030000,0.59000,0.48301,0.49778
0.040000,0.59000,0.47257,0.50770
0.050000,0.59000,0.45996,0.51956
0.060000,0.59000,0.44629,0.53232
0.070000,0.59000,0.43295,0.54474
0.080000,0.59000,0.42145,0.55542
0.090000,0.59000,0.41331,0.56290
0.10000,0.59000,0.40991,0.56574
0.11000,0.59000,0.41240,0.56261
0.12000,0.59000,0.42154,0.55246
0.13000,0.59000,0.43760,0.53462
0.14000,0.59000,0.46027,0.50901
0.15000,0.59000,0.48861,0.47636
0.16000,0.59000,0.52107,0.43821
0.17000,0.59000,0.55565,0.39684
0.18000,0.59000,0.59015,0.35499
0.19000,0.59000,0.62251,0.31544
0.20000,0.59000,0.65107,0.28065
0.21000,0.59000,0.67459,0.25259
0.22000,0.59000,0.69220,0.23265
0.23000,0.59000,0.70316,0.22182
0.24000,0.59000,0.70661,0.22084
0.25000,0.59000,0.70142,0.23035
0.26000,0.59000,0.68623,0.25089
0.27000,0.59000,0.65966,0.28280
0.28000,0.59000,0.62081,0.32585
0.29000,0.59000,0.56989,0.37887
0.30000,0.59000,0.50880,0.43939
0.31000,0.59000,0.44118,0.50370
0.32000,0.59000,0.37186,0.56737
0.33000,0.59000,0.30567,0.62619
0.34000,0.59000,0.24646,0.67701
0.35000,0.59000,0.19647,0.71828
0.36000,0.59000,0.15648,0.74992
0.37000,0.59000,0.12625,0.77287
0.38000,0.59000,0.10510,0.78853
0.39000,0.59000,0.092318,0.79822
0.40000,0.59000,0.087477,0.80284
0.41000,0.59000,0.090541,0.80265
0.42000,0.59000,0.10192,0.79710
0.43000,0.59000,0.12245,0.78485
0.44000,0.59000,0.15325,0.76385
0.45000,0.59000,0.19552,0.73176
0.46000,0.59000,0.24994,0.68658
0.47000,0.59000,0.31607,0.62763
0.48000,0.59000,0.39160,0.55642
0.49000,0.59000,0.47219,0.47704
0.50000,0.59000,0.55206,0.39541
0.51000,0.59000,0.62542,0.31772
0.52000,0.59000,0.68797,0.24885
0.53000,0.59000,0.73768,0.19143
0.54000,0.59000,0.77464,0.14603
0.55000,0.59000,0.80040,0.11183
0.56000,0.59000,0.81709,0.087421
0.57000,0.59000,0.82680,0.071372
0.58000,0.59000,0.83120,0.062574
0.59000,0.59000,0.83133,0.060385
0.60000,0.59000,0.82751,0.064682
0.61000,0.59000,0.81938,0.075864
0.62000,0.59000,0.80583,0.094807
0.63000,0.59000,0.78514,0.12277
0.64000,0.59000,0.75521,0.16114
0.65000,0.59000,0.71402,0.21103
0.66000,0.59000,0.66043,0.27256
0.67000,0.59000,0.59504,0.34414
0.68000,0.59000,0.52071,0.42202
0.69000,0.59000,0.44242,0.50070
0.70000,0.59000,0.36603,0.57410
0.71000,0.59000,0.29677,0.63724
0.72000,0.59000,0.23814,0.68727
0.73000,0.59000,0.19162,0.72363
0.74000,0.59000,0.15721,0.74745
0.75000,0.59000,0.13409,0.76066
0.76000,0.59000,0.12129,0.76525
0.77000,0.59000,0.11803,0.76289
0.78000,0.59000,0.12388,0.75464
0.79000,0.59000,0.13874,0.74102
0.80000,0.59000,0.16265,0.72202
0.81000,0.59000,0.19557,0.69740
0.82000,0.59000,0.23699,0.66693
0.83000,0.59000,0.28564,0.63077
0.84000,0.59000,0.33926,0.58985
0.85000,0.59000,0.39470,0.54599
0.86000,0.59000,0.44834,0.50177
0.87000,0.59000,0.49670,0.46013
0.88000,0.59000,0.53705,0.42386
0.89000,0.59000,0.56778,0.39509
0.90000,0.59000,0.58835,0.37519
0.91000,0.59000,0.59913,0.36464
0.92000,0.59000,0.60106,0.36321
0.93000,0.59000,0.59538,0.37004
0.94000,0.59000,0.58357,0.38378
0.95000,0.59000,0.56722,0.40265
0.96000,0.59000,0.54808,0.42453
0.97000,0.59000,0.52814,0.44707
0.98000,0.59000,0.50976,0.46763
0.99000,0.59000,0.49613,0.48292
1.0000,0.59000,0.49257,0.48761
0.0000,0.60000,0.49710,0.48276
0.010000,0.60000,0.49785,0.48287
0.020000,0.60000,0.49548,0.48562
0.030000,0.60000,0.48981,0.49125
0.040000,0.60000,0.48091,0.49974
0.050000,0.60000,0.46922,0.51070
0.060000,0.60000,0.45553,0.52341
0.070000,0.60000,0.44099,0.53684
0.080000,0.60000,0.42700,0.54973
0.090000,0.60000,0.41510,0.56066
0.10000,0.60000,0.40680,0.56820
0.11000,0.60000,0.40350,0.57090
0.12000,0.60000,0.40633,0.56749
0.13000,0.60000,0.41601,0.55691
0.14000,0.60000,0.43278,0.53855
0.15000,0.60000,0.45627,0.51240
0.16000,0.60000,0.48547,0.47920
0.17000,0.60000,0.51874,0.44056
0.18000,0.60000,0.55402,0.39876
0.19000,0.60000,0.58909,0.35651
0.20000,0.60000,0.62189,0.31654
0.21000,0.60000,0.65078,0.28126
0.22000,0.60000,0.67460,0.25258
0.23000,0.60000,0.69254,0.23188
0.24000,0.60000,0.70389,0.22018
0.25000,0.60000,0.70786,0.21824
0.26000,0.60000,0.70335,0.22675
0.27000,0.60000,0.68902,0.24629
0.28000,0.60000,0.66349,0.27720
0.29000,0.60000,0.62582,0.31932
0.30000,0.60000,0.57616,0.37152
0.31000,0.60000,0.51625,0.43141
0.32000,0.60000,0.44957,0.49537
0.33000,0.60000,0.38076,0.55897
0.34000,0.60000,0.31455,0.61796
0.35000,0.60000,0.25478,0.66914
0.36000,0.60000,0.20384,0.71088
0.37000,0.60000,0.16267,0.74309
0.38000,0.60000,0.13122,0.76674
0.39000,0.60000,0.10892,0.78325
0.40000,0.60000,0.095150,0.79398
0.41000,0.60000,0.089453,0.79980
0.42000,0.60000,0.091726,0.80092
0.43000,0.60000,0.10227,0.79672
0.44000,0.60000,0.12182,0.78581
0.45000,0.60000,0.15144,0.76614
0.46000,0.60000,0.19228,0.73538
0.47000,0.60000,0.24512,0.69155
0.48000,0.60000,0.30967,0.63394
0.49000,0.60000,0.38384,0.56395
0.50000,0.60000,0.46348,0.48545
0.51000,0.60000,0.54294,0.40417
0.52000,0.60000,0.61641,0.32622
0.53000,0.60000,0.67943,0.25656
0.54000,0.60000,0.72982,0.19804
0.55000,0.60000,0.76756,0.15145
0.56000,0.60000,0.79415,0.11615
0.57000,0.60000,0.81168,0.090806
0.58000,0.60000,0.82226,0.074028
0.59000,0.60000,0.82751,0.064682
0.60000,0.60000,0.82846,0.062082
0.61000,0.60000,0.82541,0.066045
0.62000,0.60000,0.81794,0.076912
0.63000,0.60000,0.80494,0.095511
0.64000,0.60000,0.78469,0.12306
0.65000,0.60000,0.75512,0.16095
0.66000,0.60000,0.71430,0.21027
0.67000,0.60000,0.66116,0.27117
0.68000,0.60000,0.59634,0.34208
0.69000,0.60000,0.52271,0.41930
0.70000,0.60000,0.44513,0.49734
0.71000,0.60000,0.36939,0.57016
0.72000,0.60000,0.30066,0.63279
0.73000,0.60000,0.24241,0.68240
0.74000,0.60000,0.19621,0.71845
0.75000,0.60000,0.16209,0.74204
0.76000,0.60000,0.13932,0.75505
0.77000,0.60000,0.12697,0.75947
0.78000,0.60000,0.12429,0.75690
0.79000,0.60000,0.13086,0.74839
0.80000,0.60000,0.14653,0.73443
0.81000,0.60000,0.17127,0.71507
0.82000,0.60000,0.20492,0.69013
0.83000,0.60000,0.24678,0.65952
0.84000,0.60000,0.29539,0.62356
0.85000,0.60000,0.34833,0.58335
0.86000,0.60000,0.40238,0.54078
0.87000,0.60000,0.45401,0.49843
0.88000,0.60000,0.49993,0.45911
0.89000,0.60000,0.53766,0.42543
0.90000,0.60000,0.56583,0.39933
0.91000,0.60000,0.58404,0.38201
0.92000,0.60000,0.59275,0.37382
0.93000,0.60000,0.59290,0.37441
0.94000,0.60000,0.58576,0.38282
0.95000,0.60000,0.57284,0.39759
0.96000,0.60000,0.55583,0.41682
0.97000,0.60000,0.53670,0.43821
0.98000,0.60000,0.51788,0.45905
0.99000,0.60000,0.50276,0.47582
1.0000,0.60000,0.49710,0.48276
0.0000,0.61000,0.50136,0.47815
0.010000,0.61000,0.50119,0.47937
0.020000,0.61000,0.49985,0.48126
0.030000,0.61000,0.49595,0.48530
0.040000,0.61000,0.48889,0.49211
0.050000,0.61000,0.47864,0.50172
0.060000,0.61000,0.46564,0.51375
0.070000,0.61000,0.45074,0.52743
0.080000,0.61000,0.43513,0.54167
0.090000,0.61000,0.42028,0.55519
0.10000,0.61000,0.40776,0.56657
0.11000,0.61000,0.39911,0.57434
0.12000,0.61000,0.39576,0.57709
0.13000,0.61000,0.39882,0.57354
0.14000,0.61000,0.40901,0.56266
0.15000,0.61000,0.42652,0.54385
0.16000,0.61000,0.45094,0.51713
0.17000,0.61000,0.48118,0.48327
0.18000,0.61000,0.51551,0.44387
0.19000,0.61000,0.55180,0.40124
0.20000,0.61000,0.58778,0.35807
0.21000,0.61000,0.62138,0.31707
0.22000,0.61000,0.65099,0.28065
0.23000,0.61000,0.67549,0.25075
0.24000,0.61000,0.69412,0.22880
0.25000,0.61000,0.70625,0.21586
0.26000,0.61000,0.71110,0.21274
0.27000,0.61000,0.70759,0.22015
0.28000,0.61000,0.69435,0.23868
0.29000,0.61000,0.66996,0.26868
0.30000,0.61000,0.63342,0.31003
0.31000,0.61000,0.58479,0.36169
0.32000,0.61000,0.52569,0.42138
0.33000,0.61000,0.45942,0.48550
0.34000,0.61000,0.39048,0.54964
0.35000,0.61000,0.32358,0.60943
0.36000,0.61000,0.26267,0.66156
0.37000,0.61000,0.21029,0.70433
0.38000,0.61000,0.16761,0.73762
0.39000,0.61000,0.13473,0.76241
0.40000,0.61000,0.11121,0.78016
0.41000,0.61000,0.096405,0.79221
0.42000,0.61000,0.089823,0.79940
0.43000,0.61000,0.091256,0.80185
0.44000,0.61000,0.10091,0.79891
0.45000,0.61000,0.11942,0.78915
0.46000,0.61000,0.14783,0.77055
0.47000,0.61000,0.18733,0.74080
0.48000,0.61000,0.23878,0.69797
0.49000,0.61000,0.30207,0.64131
0.50000,0.61000,0.37532,0.57209
0.51000,0.61000,0.45452,0.49401
0.52000,0.61000,0.53408,0.41263
0.53000,0.61000,0.60808,0.33406
0.54000,0.61000,0.67194,0.26337
0.55000,0.61000,0.72328,0.20364
0.56000,0.61000,0.76199,0.15584
0.57000,0.61000,0.78952,0.11948
0.58000,0.61000,0.80796,0.093285
0.59000,0.61000,0.81938,0.075864
0.60000,0.61000,0.82541,0.066045
0.61000,0.61000,0.82704,0.063089
0.62000,0.61000,0.82454,0.066760
0.63000,0.61000,0.81749,0.077356
0.64000,0.61000,0.80475,0.095674
0.65000,0.61000,0.78464,0.12292
0.66000,0.61000,0.75514,0.16049
0.67000,0.61000,0.71442,0.20947
0.68000,0.61000,0.66148,0.27002
0.69000,0.61000,0.59701,0.34056
0.70000,0.61000,0.52389,0.41736
0.71000,0.61000,0.44693,0.49492
0.72000,0.61000,0.37183,0.56723
0.73000,0.61000,0.30368,0.62934
0.74000,0.61000,0.24595,0.67848
0.75000,0.61000,0.20022,0.71410
0.76000,0.61000,0.16658,0.73732
0.77000,0.61000,0.14436,0.75000
0.78000,0.61000,0.13266,0.75408
0.79000,0.61000,0.13077,0.75111
0.80000,0.61000,0.13826,0.74212
0.81000,0.61000,0.15495,0.72763
0.82000,0.61000,0.18073,0.70771
0.83000,0.61000,0.21528,0.68229
0.84000,0.61000,0.25771,0.65142
0.85000,0.61000,0.30633,0.61562
0.86000,0.61000,0.35855,0.57610
0.87000,0.61000,0.41112,0.53485
0.88000,0.61000,0.46057,0.49442
0.89000,0.61000,0.50386,0.45751
0.90000,0.61000,0.53880,0.42651
0.91000,0.61000,0.56420,0.40321
0.92000,0.61000,0.57986,0.38860
0.93000,0.61000,0.58627,0.38290
0.94000,0.61000,0.58443,0.38564
0.95000,0.61000,0.57566,0.39573
0.96000,0.61000,0.56153,0.41154
0.97000,0.61000,0.54395,0.43097
0.98000,0.61000,0.52534,0.45134
0.99000,0.61000,0.50916,0.46903
1.0000,0.61000,0.50136,0.47815
0.0000,0.62000,0.50525,0.47397
0.010000,0.62000,0.50386,0.47649
0.020000,0.62000,0.50336,0.47770
0.030000,0.62000,0.50118,0.48019
0.040000,0.62000,0.49611,0.48516
0.050000,0.62000,0.48770,0.49309
0.060000,0.62000,0.47599,0.50391
0.070000,0.62000,0.46151,0.51714
0.080000,0.62000,0.44519,0.53192
0.090000,0.62000,0.42831,0.54713
0.10000,0.62000,0.41241,0.56142
0.11000,0.62000,0.39912,0.57337
0.12000,0.62000,0.39004,0.58149
0.13000,0.62000,0.38661,0.58436
0.14000,0.62000,0.38996,0.58071
0.15000,0.62000,0.40078,0.56949
0.16000,0.62000,0.41925,0.55012
0.17000,0.62000,0.44486,0.52260
0.18000,0.62000,0.47645,0.48774
0.19000,0.62000,0.51220,0.44714
0.20000,0.62000,0.54987,0.40312
0.21000,0.62000,0.58712,0.35840
0.22000,0.62000,0.62188,0.31577
0.23000,0.62000,0.65255,0.27769
0.24000,0.62000,0.67805,0.24619
0.25000,0.62000,0.69768,0.22279
0.26000,0.62000,0.71083,0.20857
0.27000,0.62000,0.71672,0.20437
0.28000,0.62000,0.71424,0.21087
0.29000,0.62000,0.70199,0.22863
0.30000,0.62000,0.67850,0.25803
0.31000,0.62000,0.64273,0.29901
0.32000,0.62000,0.59465,0.35062
0.33000,0.62000,0.53576,0.41066
0.34000,0.62000,0.46925,0.47557
0.35000,0.62000,0.39954,0.54084
0.36000,0.62000,0.33139,0.60198
0.37000,0.62000,0.26888,0.65554
0.38000,0.62000,0.21481,0.69972
0.39000,0.62000,0.17053,0.73441
0.40000,0.62000,0.13627,0.76060
0.41000,0.62000,0.11164,0.77973
0.42000,0.62000,0.095942,0.79312
0.43000,0.62000,0.088598,0.80155
0.44000,0.62000,0.089295,0.80511
0.45000,0.62000,0.098143,0.80311
0.46000,0.62000,0.11574,0.79413
0.47000,0.62000,0.14311,0.77617
0.48000,0.62000,0.18151,0.74701
0.49000,0.62000,0.23192,0.70474
0.50000,0.62000,0.29439,0.64858
0.51000,0.62000,0.36718,0.57969
0.52000,0.62000,0.44641,0.50161
0.53000,0.62000,0.52645,0.41981
0.54000,0.62000,0.60129,0.34041
0.55000,0.62000,0.66613,0.26864
0.56000,0.62000,0.71849,0.20775
0.57000,0.62000,0.75818,0.15890
0.58000,0.62000,0.78660,0.12166
0.59000,0.62000,0.80583,0.094807
0.60000,0.62000,0.81794,0.076912
0.61000,0.62000,0.82454,0.066760
0.62000,0.62000,0.82660,0.063562
0.63000,0.62000,0.82438,0.067044
0.64000,0.62000,0.81743,0.077477
0.65000,0.62000,0.80464,0.095652
0.66000,0.62000,0.78437,0.12278
0.67000,0.62000,0.75468,0.16025
0.68000,0.62000,0.71381,0.20917
0.69000,0.62000,0.66086,0.26965
0.70000,0.62000,0.59659,0.34005
0.71000,0.62000,0.52390,0.41659
0.72000,0.62000,0.44755,0.49374
0.73000,0.62000,0.37316,0.56548
0.74000,0.62000,0.30576,0.62694
0.75000,0.62000,0.24877,0.67542
0.76000,0.62000,0.20376,0.71043
0.77000,0.62000,0.17087,0.73308
0.78000,0.62000,0.14944,0.74522
0.79000,0.62000,0.13865,0.74873
0.80000,0.62000,0.13779,0.74514
0.81000,0.62000,0.14645,0.73548
0.82000,0.62000,0.16440,0.72025
0.83000,0.62000,0.19143,0.69961
0.84000,0.62000,0.22704,0.67359
0.85000,0.62000,0.27010,0.64241
0.86000,0.62000,0.31869,0.60676
0.87000,0.62000,0.37005,0.56800
0.88000,0.62000,0.42089,0.52819
0.89000,0.62000,0.46792,0.48981
0.90000,0.62000,0.50833,0.45545
0.91000,0.62000,0.54022,0.42731
0.92000,0.62000,0.56263,0.40697
0.93000,0.62000,0.57549,0.39524
0.94000,0.62000,0.57939,0.39220
0.95000,0.62000,0.57537,0.39719
0.96000,0.62000,0.56483,0.40897
0.97000,0.62000,0.54955,0.42568
0.98000,0.62000,0.53185,0.44481
0.99000,0.62000,0.51514,0.46284
1.0000,0.62000,0.50525,0.47397
0.0000,0.63000,0.50870,0.47034
0.010000,0.63000,0.50586,0.47430
0.020000,0.63000,0.50593,0.47503
0.030000,0.63000,0.50532,0.47608
0.040000,0.63000,0.50228,0.47919
0.050000,0.63000,0.49593,0.48522
0.060000,0.63000,0.48598,0.49443
0.070000,0.63000,0.47261,0.50661
0.080000,0.63000,0.45644,0.52118
0.090000,0.63000,0.43851,0.53719
0.10000,0.63000,0.42021,0.55346
0.11000,0.63000,0.40315,0.56861
0.12000,0.63000,0.38907,0.58116
0.13000,0.63000,0.37963,0.58962
0.14000,0.63000,0.37628,0.59255
0.15000,0.63000,0.38015,0.58866
0.16000,0.63000,0.39192,0.57689
0.17000,0.63000,0.41169,0.55665
0.18000,0.63000,0.43889,0.52794
0.19000,0.63000,0.47224,0.49157
0.20000,0.63000,0.50979,0.44920
0.21000,0.63000,0.54921,0.40319
0.22000,0.63000,0.58806,0.35638
0.23000,0.63000,0.62425,0.31166
0.24000,0.63000,0.65620,0.27167
0.25000,0.63000,0.68287,0.23852
0.26000,0.63000,0.70359,0.21381
0.27000,0.63000,0.71774,0.19862
0.28000,0.63000,0.72453,0.19373
0.29000,0.63000,0.72280,0.19976
0.30000,0.63000,0.71114,0.21722
0.31000,0.63000,0.68805,0.24653
0.32000,0.63000,0.65247,0.28767
0.33000,0.63000,0.60432,0.33980
0.34000,0.63000,0.54500,0.40080
0.35000,0.63000,0.47761,0.46705
0.36000,0.63000,0.40658,0.53394
0.37000,0.63000,0.33678,0.59680
0.38000,0.63000,0.27250,0.65204
0.39000,0.63000,0.21675,0.69780
0.40000,0.63000,0.17103,0.73395
0.41000,0.63000,0.13568,0.76150
0.42000,0.63000,0.11023,0.78188
0.43000,0.63000,0.093935,0.79637
0.44000,0.63000,0.086085,0.80571
0.45000,0.63000,0.086267,0.80997
0.46000,0.63000,0.094527,0.80844
0.47000,0.63000,0.11144,0.79975
0.48000,0.63000,0.13806,0.78197
0.49000,0.63000,0.17572,0.75294
0.50000,0.63000,0.22551,0.71079
0.51000,0.63000,0.28762,0.65470
0.52000,0.63000,0.36040,0.58576
0.53000,0.63000,0.44002,0.50739
0.54000,0.63000,0.52077,0.42500
0.55000,0.63000,0.59651,0.34476
0.56000,0.63000,0.66230,0.27204
0.57000,0.63000,0.71556,0.21022
0.58000,0.63000,0.75604,0.16059
0.59000,0.63000,0.78514,0.12277
0.60000,0.63000,0.80494,0.095511
0.61000,0.63000,0.81749,0.077356
0.62000,0.63000,0.82438,0.067044
0.63000,0.63000,0.82657,0.063751
0.64000,0.63000,0.82431,0.067181
0.65000,0.63000,0.81716,0.077600
0.66000,0.63000,0.80404,0.095809
0.67000,0.63000,0.78336,0.12303
0.68000,0.63000,0.75325,0.16067
0.69000,0.63000,0.71204,0.20978
0.70000,0.63000,0.65895,0.27043
0.71000,0.63000,0.59482,0.34087
0.72000,0.63000,0.52256,0.41721
0.73000,0.63000,0.44692,0.49386
0.74000,0.63000,0.37343,0.56486
0.75000,0.63000,0.30703,0.62544
0.76000,0.63000,0.25107,0.67301
0.77000,0.63000,0.20709,0.70715
0.78000,0.63000,0.17523,0.72898
0.79000,0.63000,0.15489,0.74034
0.80000,0.63000,0.14527,0.74306
0.81000,0.63000,0.14572,0.73865
0.82000,0.63000,0.15581,0.72811
0.83000,0.63000,0.17527,0.71198
0.84000,0.63000,0.20373,0.69051
0.85000,0.63000,0.24048,0.66386
0.86000,0.63000,0.28413,0.63240
0.87000,0.63000,0.33251,0.59699
0.88000,0.63000,0.38272,0.55914
0.89000,0.63000,0.43152,0.52093
0.90000,0.63000,0.47579,0.48482
0.91000,0.63000,0.51302,0.45320
0.92000,0.63000,0.54158,0.42812
0.93000,0.63000,0.56074,0.41092
0.94000,0.63000,0.57059,0.40225
0.95000,0.63000,0.57179,0.40196
0.96000,0.63000,0.56547,0.40924
0.97000,0.63000,0.55321,0.42258
0.98000,0.63000,0.53715,0.43976
0.99000,0.63000,0.52048,0.45748
1.0000,0.63000,0.50870,0.47034
0.0000,0.64000,0.51162,0.46739
0.010000,0.64000,0.50718,0.47284
0.020000,0.64000,0.50757,0.47329
0.030000,0.64000,0.50830,0.47309
0.040000,0.64000,0.50716,0.47443
0.050000,0.64000,0.50295,0.47848
0.060000,0.64000,0.49507,0.48579
0.070000,0.64000,0.48336,0.49645
0.080000,0.64000,0.46813,0.51013
0.090000,0.64000,0.45010,0.52613
0.10000,0.64000,0.43044,0.54344
0.11000,0.64000,0.41067,0.56079
0.12000,0.64000,0.39253,0.57675
0.13000,0.64000,0.37783,0.58981
0.14000,0.64000,0.36828,0.59845
0.15000,0.64000,0.36535,0.60122
0.16000,0.64000,0.37016,0.59678
0.17000,0.64000,0.38333,0.58409
0.18000,0.64000,0.40487,0.56252
0.19000,0.64000,0.43410,0.53210
0.20000,0.64000,0.46961,0.49366
0.21000,0.64000,0.50930,0.44893
0.22000,0.64000,0.55070,0.40044
0.23000,0.64000,0.59132,0.35118
0.24000,0.64000,0.62903,0.30425
0.25000,0.64000,0.66227,0.26244
0.26000,0.64000,0.69003,0.22798
0.27000,0.64000,0.71165,0.20245
0.28000,0.64000,0.72650,0.18688
0.29000,0.64000,0.73376,0.18192
0.30000,0.64000,0.73227,0.18807
0.31000,0.64000,0.72061,0.20583
0.32000,0.64000,0.69730,0.23561
0.33000,0.64000,0.66127,0.27751
0.34000,0.64000,0.61239,0.33077
0.35000,0.64000,0.55202,0.39324
0.36000,0.64000,0.48325,0.46125
0.37000,0.64000,0.41056,0.53001
0.38000,0.64000,0.33899,0.59469
0.39000,0.64000,0.27304,0.65156
0.40000,0.64000,0.21589,0.69876
0.41000,0.64000,0.16916,0.73616
0.42000,0.64000,0.13316,0.76478
0.43000,0.64000,0.10735,0.78605
0.44000,0.64000,0.090839,0.80120
0.45000,0.64000,0.082805,0.81096
0.46000,0.64000,0.082754,0.81539
0.47000,0.64000,0.090700,0.81383
0.48000,0.64000,0.10723,0.80497
0.49000,0.64000,0.13345,0.78693
0.50000,0.64000,0.17077,0.75763
0.51000,0.64000,0.22038,0.71523
0.52000,0.64000,0.28254,0.65891
0.53000,0.64000,0.35566,0.58967
0.54000,0.64000,0.43587,0.51086
0.55000,0.64000,0.51736,0.42789
0.56000,0.64000,0.59386,0.34698
0.57000,0.64000,0.66037,0.27358
0.58000,0.64000,0.71423,0.21119
0.59000,0.64000,0.75521,0.16114
0.60000,0.64000,0.78469,0.12306
0.61000,0.64000,0.80475,0.095674
0.62000,0.64000,0.81743,0.077477
0.63000,0.64000,0.82431,0.067181
0.64000,0.64000,0.82633,0.063942
0.65000,0.64000,0.82375,0.067466
0.66000,0.64000,0.81615,0.078035
0.67000,0.64000,0.80248,0.096470
0.68000,0.64000,0.78120,0.12401
0.69000,0.64000,0.75052,0.16204
0.70000,0.64000,0.70890,0.21159
0.71000,0.64000,0.65563,0.27257
0.72000,0.64000,0.59166,0.34311
0.73000,0.64000,0.51994,0.41917
0.74000,0.64000,0.44520,0.49515
0.75000,0.64000,0.37288,0.56515
0.76000,0.64000,0.30779,0.62455
0.77000,0.64000,0.25318,0.67090
0.78000,0.64000,0.21055,0.70389
0.79000,0.64000,0.18004,0.72466
0.80000,0.64000,0.16108,0.73501
0.81000,0.64000,0.15293,0.73674
0.82000,0.64000,0.15496,0.73132
0.83000,0.64000,0.16672,0.71976
0.84000,0.64000,0.18786,0.70265
0.85000,0.64000,0.21785,0.68032
0.86000,0.64000,0.25570,0.65306
0.87000,0.64000,0.29976,0.62143
0.88000,0.64000,0.34762,0.58645
0.89000,0.64000,0.39630,0.54971
0.90000,0.64000,0.44264,0.51336
0.91000,0.64000,0.48378,0.47974
0.92000,0.64000,0.51752,0.45110
0.93000,0.64000,0.54250,0.42927
0.94000,0.64000,0.55822,0.41539
0.95000,0.64000,0.56489,0.40987
0.96000,0.64000,0.56328,0.41237
0.97000,0.64000,0.55469,0.42183
0.98000,0.64000,0.54097,0.43640
0.99000,0.64000,0.52500,0.45318
1.0000,0.64000,0.51162,0.46739
0.0000,0.65000,0.51394,0.46520
0.010000,0.65000,0.50788,0.47210
0.020000,0.65000,0.50833,0.47246
0.030000,0.65000,0.51009,0.47126
0.040000,0.65000,0.51063,0.47102
0.050000,0.65000,0.50849,0.47313
0.060000,0.65000,0.50282,0.47841
0.070000,0.65000,0.49317,0.48719
0.080000,0.65000,0.47951,0.49944
0.090000,0.65000,0.46227,0.51469
0.10000,0.65000,0.44232,0.53214
0.11000,0.65000,0.42097,0.55069
0.12000,0.65000,0.39988,0.56900
0.13000,0.65000,0.38092,0.58560
0.14000,0.65000,0.36597,0.59892
0.15000,0.65000,0.35677,0.60744
0.16000,0.65000,0.35480,0.60966
0.17000,0.65000,0.36108,0.60425
0.18000,0.65000,0.37616,0.59014
0.19000,0.65000,0.39993,0.56671
0.20000,0.65000,0.43157,0.53403
0.21000,0.65000,0.46950,0.49301
0.22000,0.65000,0.51149,0.44552
0.23000,0.65000,0.55491,0.39429
0.24000,0.65000,0.59723,0.34256
0.25000,0.65000,0.63628,0.29366
0.26000,0.65000,0.67055,0.25053
0.27000,0.65000,0.69905,0.21544
0.28000,0.65000,0.72112,0.18986
0.29000,0.65000,0.73613,0.17466
0.30000,0.65000,0.74326,0.17031
0.31000,0.65000,0.74136,0.17723
0.32000,0.65000,0.72906,0.19587
0.33000,0.65000,0.70490,0.22671
0.34000,0.65000,0.66784,0.26991
0.35000,0.65000,0.61771,0.32475
0.36000,0.65000,0.55586,0.38905
0.37000,0.65000,0.48541,0.45899
0.38000,0.65000,0.41098,0.52959
0.39000,0.65000,0.33780,0.59585
0.40000,0.65000,0.27056,0.65403
0.41000,0.65000,0.21254,0.70226
0.42000,0.65000,0.16539,0.74046
0.43000,0.65000,0.12931,0.76966
0.44000,0.65000,0.10361,0.79129
0.45000,0.65000,0.087271,0.80657
0.46000,0.65000,0.079369,0.81622
0.47000,0.65000,0.079366,0.82034
0.48000,0.65000,0.087280,0.81830
0.49000,0.65000,0.10374,0.80886
0.50000,0.65000,0.12991,0.79024
0.51000,0.65000,0.16727,0.76039
0.52000,0.65000,0.21708,0.71751
0.53000,0.65000,0.27961,0.66077
0.54000,0.65000,0.35327,0.59113
0.55000,0.65000,0.43407,0.51193
0.56000,0.65000,0.51614,0.42854
0.57000,0.65000,0.59311,0.34726
0.58000,0.65000,0.65994,0.27357
0.59000,0.65000,0.71402,0.21103
0.60000,0.65000,0.75512,0.16095
0.61000,0.65000,0.78464,0.12292
0.62000,0.65000,0.80464,0.095652
0.63000,0.65000,0.81716,0.077600
0.64000,0.65000,0.82375,0.067466
0.65000,0.65000,0.82536,0.064414
0.66000,0.65000,0.82225,0.068169
0.67000,0.65000,0.81401,0.079044
0.68000,0.65000,0.79965,0.097887
0.69000,0.65000,0.77768,0.12595
0.70000,0.65000,0.74639,0.16458
0.71000,0.65000,0.70433,0.21470
0.72000,0.65000,0.65094,0.27609
0.73000,0.65000,0.58725,0.34668
0.74000,0.65000,0.51627,0.42230
0.75000,0.65000,0.44270,0.49733
0.76000,0.65000,0.37186,0.56600
0.77000,0.65000,0.30842,0.62389
0.78000,0.65000,0.25550,0.66873
0.79000,0.65000,0.21454,0.70030
0.80000,0.65000,0.18567,0.71978
0.81000,0.65000,0.16838,0.72892
0.82000,0.65000,0.16196,0.72950
0.83000,0.65000,0.16580,0.72295
0.84000,0.65000,0.17944,0.71031
0.85000,0.65000,0.20237,0.69220
0.86000,0.65000,0.23385,0.66906
0.87000,0.65000,0.27262,0.64133
0.88000,0.65000,0.31675,0.60971
0.89000,0.65000,0.36365,0.57538
0.90000,0.65000,0.41034,0.54004
0.91000,0.65000,0.45380,0.50579
0.92000,0.65000,0.49147,0.47491
0.93000,0.65000,0.52145,0.44947
0.94000,0.65000,0.54267,0.43105
0.95000,0.65000,0.55481,0.42059
0.96000,0.65000,0.55822,0.41825
0.97000,0.65000,0.55382,0.42347
0.98000,0.65000,0.54312,0.43487
0.99000,0.65000,0.52849,0.45010
1.0000,0.65000,0.51394,0.46520
0.0000,0.66000,0.51561,0.46381
0.010000,0.66000,0.50801,0.47203
0.020000,0.66000,0.50829,0.47249
0.030000,0.66000,0.51076,0.47058
0.040000,0.66000,0.51266,0.46901
0.050000,0.66000,0.51239,0.46936
0.060000,0.66000,0.50890,0.47260
0.070000,0.66000,0.50152,0.47932
0.080000,0.66000,0.48993,0.48970
0.090000,0.66000,0.47423,0.50357
0.10000,0.66000,0.45497,0.52035
0.11000,0.66000,0.43320,0.53914
0.12000,0.66000,0.41039,0.55874
0.13000,0.66000,0.38836,0.57775
0.14000,0.66000,0.36907,0.59464
0.15000,0.66000,0.35445,0.60784
0.16000,0.66000,0.34623,0.61579
0.17000,0.66000,0.34579,0.61699
0.18000,0.66000,0.35409,0.61010
0.19000,0.66000,0.37153,0.59407
0.20000,0.66000,0.39787,0.56830
0.21000,0.66000,0.43211,0.53293
0.22000,0.66000,0.47251,0.48900
0.23000,0.66000,0.51667,0.43860
0.24000,0.66000,0.56188,0.38472
0.25000,0.66000,0.60554,0.33091
0.26000,0.66000,0.64551,0.28069
0.27000,0.66000,0.68030,0.23709
0.28000,0.66000,0.70895,0.20226
0.29000,0.66000,0.73084,0.17749
0.30000,0.66000,0.74535,0.16340
0.31000,0.66000,0.75169,0.16031
0.32000,0.66000,0.74878,0.16853
0.33000,0.66000,0.73528,0.18856
0.34000,0.66000,0.70979,0.22092
0.35000,0.66000,0.67126,0.26583
0.36000,0.66000,0.61954,0.32254
0.37000,0.66000,0.55602,0.38877
0.38000,0.66000,0.48389,0.46050
0.39000,0.66000,0.40794,0.53257
0.40000,0.66000,0.33358,0.59993
0.41000,0.66000,0.26564,0.65882
0.42000,0.66000,0.20744,0.70747
0.43000,0.66000,0.16051,0.74587
0.44000,0.66000,0.12489,0.77508
0.45000,0.66000,0.099725,0.79651
0.46000,0.66000,0.083881,0.81139
0.47000,0.66000,0.076367,0.82048
0.48000,0.66000,0.076647,0.82388
0.49000,0.66000,0.084776,0.82104
0.50000,0.66000,0.10144,0.81078
0.51000,0.66000,0.12786,0.79138
0.52000,0.66000,0.16558,0.76084
0.53000,0.66000,0.21586,0.71740
0.54000,0.66000,0.27896,0.66022
0.55000,0.66000,0.35317,0.59026
0.56000,0.66000,0.43442,0.51084
0.57000,0.66000,0.51672,0.42735
0.58000,0.66000,0.59372,0.34609
0.59000,0.66000,0.66043,0.27256
0.60000,0.66000,0.71430,0.21027
0.61000,0.66000,0.75514,0.16049
0.62000,0.66000,0.78437,0.12278
0.63000,0.66000,0.80404,0.095809
0.64000,0.66000,0.81615,0.078035
0.65000,0.66000,0.82225,0.068169
0.66000,0.66000,0.82328,0.065404
0.67000,0.66000,0.81950,0.069505
0.68000,0.66000,0.81054,0.080821
0.69000,0.66000,0.79543,0.10023
0.70000,0.66000,0.77276,0.12897
0.71000,0.66000,0.74089,0.16833
0.72000,0.66000,0.69849,0.21910
0.73000,0.66000,0.64511,0.28087
0.74000,0.66000,0.58190,0.35135
0.75000,0.66000,0.51191,0.42627
0.76000,0.66000,0.43982,0.50002
0.77000,0.66000,0.37080,0.56702
0.78000,0.66000,0.30935,0.62308
0.79000,0.66000,0.25844,0.66614
0.80000,0.66000,0.21944,0.69607
0.81000,0.66000,0.19249,0.71408
0.82000,0.66000,0.17711,0.72188
0.83000,0.66000,0.17264,0.72121
0.84000,0.66000,0.17847,0.71350
0.85000,0.66000,0.19407,0.69978
0.86000,0.66000,0.21876,0.68074
0.87000,0.66000,0.25156,0.65692
0.88000,0.66000,0.29092,0.62890
0.89000,0.66000,0.33468,0.59754
0.90000,0.66000,0.38012,0.56414
0.91000,0.66000,0.42434,0.53045
0.92000,0.66000,0.46455,0.49858
0.93000,0.66000,0.49847,0.47065
0.94000,0.66000,0.52453,0.44856
0.95000,0.66000,0.54188,0.43365
0.96000,0.66000,0.55040,0.42661
0.97000,0.66000,0.55056,0.42741
0.98000,0.66000,0.54343,0.43522
0.99000,0.66000,0.53080,0.44833
1.0000,0.66000,0.51561,0.46381
0.0000,0.67000,0.51657,0.46323
0.010000,0.67000,0.50764,0.47256
0.020000,0.67000,0.50757,0.47327
0.030000,0.67000,0.51041,0.47094
0.040000,0.67000,0.51331,0.46838
0.050000,0.67000,0.51459,0.46722
0.060000,0.67000,0.51312,0.46857
0.070000,0.67000,0.50805,0.47318
0.080000,0.67000,0.49882,0.48144
0.090000,0.67000,0.48524,0.49342
0.10000,0.67000,0.46755,0.50881
0.11000,0.67000,0.44647,0.52693
0.12000,0.67000,0.42321,0.54678
0.13000,0.67000,0.39943,0.56708
0.14000,0.67000,0.37705,0.58639
0.15000,0.67000,0.35809,0.60313
0.16000,0.67000,0.34448,0.61572
0.17000,0.67000,0.33787,0.62261
0.18000,0.67000,0.33953,0.62230
0.19000,0.67000,0.35026,0.61347
0.20000,0.67000,0.37033,0.59511
0.21000,0.67000,0.39932,0.56667
0.22000,0.67000,0.43608,0.52840
0.23000,0.67000,0.47869,0.48154
0.24000,0.67000,0.52461,0.42845
0.25000,0.67000,0.57107,0.37244
0.26000,0.67000,0.61546,0.31732
0.27000,0.67000,0.65569,0.26675
0.28000,0.67000,0.69031,0.22367
0.29000,0.67000,0.71843,0.19003
0.30000,0.67000,0.73945,0.16682
0.31000,0.67000,0.75284,0.15444
0.32000,0.67000,0.75784,0.15307
0.33000,0.67000,0.75346,0.16300
0.34000,0.67000,0.73839,0.18475
0.35000,0.67000,0.71129,0.21894
0.36000,0.67000,0.67110,0.26575
0.37000,0.67000,0.61773,0.32437
0.38000,0.67000,0.55260,0.39231
0.39000,0.67000,0.47906,0.46539
0.40000,0.67000,0.40207,0.53831
0.41000,0.67000,0.32719,0.60602
0.42000,0.67000,0.25928,0.66490
0.43000,0.67000,0.20158,0.71329
0.44000,0.67000,0.15545,0.75126
0.45000,0.67000,0.12072,0.77991
0.46000,0.67000,0.096394,0.80066
0.47000,0.67000,0.081247,0.81474
0.48000,0.67000,0.074288,0.82293
0.49000,0.67000,0.075014,0.82537
0.50000,0.67000,0.083542,0.82157
0.51000,0.67000,0.10062,0.81039
0.52000,0.67000,0.12753,0.79017
0.53000,0.67000,0.16581,0.75897
0.54000,0.67000,0.21672,0.71503
0.55000,0.67000,0.28040,0.65754
0.56000,0.67000,0.35501,0.58748
0.57000,0.67000,0.43638,0.50814
0.58000,0.67000,0.51849,0.42494
0.59000,0.67000,0.59504,0.34414
0.60000,0.67000,0.66116,0.27117
0.61000,0.67000,0.71442,0.20947
0.62000,0.67000,0.75468,0.16025
0.63000,0.67000,0.78336,0.12303
0.64000,0.67000,0.80248,0.096470
0.65000,0.67000,0.81401,0.079044
0.66000,0.67000,0.81950,0.069505
0.67000,0.67000,0.81986,0.067095
0.68000,0.67000,0.81538,0.071626
0.69000,0.67000,0.80569,0.083487
0.70000,0.67000,0.78988,0.10357
0.71000,0.67000,0.76657,0.13309
0.72000,0.67000,0.73423,0.17324
0.73000,0.67000,0.69163,0.22464
0.74000,0.67000,0.63846,0.28666
0.75000,0.67000,0.57597,0.35680
0.76000,0.67000,0.50728,0.43071
0.77000,0.67000,0.43699,0.50284
0.78000,0.67000,0.37011,0.56784
0.79000,0.67000,0.31096,0.62181
0.80000,0.67000,0.26235,0.66287
0.81000,0.67000,0.22556,0.69100
0.82000,0.67000,0.20074,0.70742
0.83000,0.67000,0.18746,0.71382
0.84000,0.67000,0.18509,0.71189
0.85000,0.67000,0.19300,0.70304
0.86000,0.67000,0.21053,0.68832
0.87000,0.67000,0.23683,0.66849
0.88000,0.67000,0.27064,0.64418
0.89000,0.67000,0.31015,0.61610
0.90000,0.67000,0.35302,0.58526
0.91000,0.67000,0.39651,0.55304
0.92000,0.67000,0.43785,0.52127
0.93000,0.67000,0.47451,0.49198
0.94000,0.67000,0.50452,0.46715
0.95000,0.67000,0.52658,0.44848
0.96000,0.67000,0.54006,0.43710
0.97000,0.67000,0.54496,0.43349
0.98000,0.67000,0.54184,0.43742
0.99000,0.67000,0.53179,0.44793
1.0000,0.67000,0.51657,0.46323
0.0000,0.68000,0.51678,0.46345
0.010000,0.68000,0.50684,0.47361
0.020000,0.68000,0.50631,0.47467
0.030000,0.68000,0.50920,0.47222
0.040000,0.68000,0.51271,0.46901
0.050000,0.68000,0.51518,0.46669
0.060000,0.68000,0.51543,0.46640
0.070000,0.68000,0.51254,0.46898
0.080000,0.68000,0.50577,0.47502
0.090000,0.68000,0.49470,0.48478
0.10000,0.68000,0.47927,0.49820
0.11000,0.68000,0.45986,0.51486
0.12000,0.68000,0.43738,0.53398
0.13000,0.68000,0.41321,0.55447
0.14000,0.68000,0.38913,0.57500
0.15000,0.68000,0.36714,0.59409
0.16000,0.68000,0.34925,0.61017
0.17000,0.68000,0.33730,0.62166
0.18000,0.68000,0.33282,0.62702
0.19000,0.68000,0.33693,0.62481
0.20000,0.68000,0.35027,0.61374
0.21000,0.68000,0.37293,0.59283
0.22000,0.68000,0.40435,0.56166
0.23000,0.68000,0.44321,0.52061
0.24000,0.68000,0.48745,0.47118
0.25000,0.68000,0.53444,0.41603
0.26000,0.68000,0.58141,0.35878
0.27000,0.68000,0.62576,0.30341
0.28000,0.68000,0.66549,0.25357
0.29000,0.68000,0.69922,0.21197
0.30000,0.68000,0.72614,0.18025
0.31000,0.68000,0.74573,0.15912
0.32000,0.68000,0.75752,0.14879
0.33000,0.68000,0.76085,0.14938
0.34000,0.68000,0.75475,0.16120
0.35000,0.68000,0.73798,0.18485
0.36000,0.68000,0.70922,0.22093
0.37000,0.68000,0.66746,0.26959
0.38000,0.68000,0.61262,0.32984
0.39000,0.68000,0.54624,0.39901
0.40000,0.68000,0.47183,0.47272
0.41000,0.68000,0.39447,0.54567
0.42000,0.68000,0.31981,0.61293
0.43000,0.68000,0.25265,0.67106
0.44000,0.68000,0.19605,0.71855
0.45000,0.68000,0.15113,0.75555
0.46000,0.68000,0.11754,0.78320
0.47000,0.68000,0.094187,0.80292
0.48000,0.68000,0.079816,0.81595
0.49000,0.68000,0.073475,0.82308
0.50000,0.68000,0.074729,0.82449
0.51000,0.68000,0.083763,0.81972
0.52000,0.68000,0.10138,0.80768
0.53000,0.68000,0.12891,0.78675
0.54000,0.68000,0.16785,0.75503
0.55000,0.68000,0.21937,0.71079
0.56000,0.68000,0.28349,0.65325
0.57000,0.68000,0.35822,0.58338
0.58000,0.68000,0.43929,0.50452
0.59000,0.68000,0.52071,0.42202
0.60000,0.68000,0.59634,0.34208
0.61000,0.68000,0.66148,0.27002
0.62000,0.68000,0.71381,0.20917
0.63000,0.68000,0.75325,0.16067
0.64000,0.68000,0.78120,0.12401
0.65000,0.68000,0.79965,0.097887
0.66000,0.68000,0.81054,0.080821
0.67000,0.68000,0.81538,0.071626
0.68000,0.68000,0.81508,0.069601
0.69000,0.68000,0.80993,0.074613
0.70000,0.68000,0.79959,0.087085
0.71000,0.68000,0.78317,0.10791
0.72000,0.68000,0.75936,0.13824
0.73000,0.68000,0.72672,0.17916
0.74000,0.68000,0.68411,0.23108
0.75000,0.68000,0.63138,0.29314
0.76000,0.68000,0.56988,0.36266
0.77000,0.68000,0.50279,0.43523
0.78000,0.68000,0.43459,0.50543
0.79000,0.68000,0.37015,0.56818
0.80000,0.68000,0.31354,0.61985
0.81000,0.68000,0.26744,0.65877
0.82000,0.68000,0.23305,0.68502
0.83000,0.68000,0.21053,0.69982
0.84000,0.68000,0.19947,0.70482
0.85000,0.68000,0.19927,0.70168
0.86000,0.68000,0.20924,0.69179
0.87000,0.68000,0.22857,0.67621
0.88000,0.68000,0.25619,0.65576
0.89000,0.68000,0.29059,0.63116
0.90000,0.68000,0.32976,0.60326
0.91000,0.68000,0.37124,0.57316
0.92000,0.68000,0.41235,0.54237
0.93000,0.68000,0.45051,0.51271
0.94000,0.68000,0.48347,0.48612
0.95000,0.68000,0.50952,0.46448
0.96000,0.68000,0.52759,0.44926
0.97000,0.68000,0.53720,0.44143
0.98000,0.68000,0.53835,0.44137
0.99000,0.68000,0.53140,0.44888
1.0000,0.68000,0.51678,0.46345
0.0000,0.69000,0.51624,0.46442
0.010000,0.69000,0.50567,0.47506
0.020000,0.69000,0.50463,0.47654
0.030000,0.69000,0.50732,0.47422
0.040000,0.69000,0.51105,0.47074
0.050000,0.69000,0.51429,0.46764
0.060000,0.69000,0.51590,0.46604
0.070000,0.69000,0.51491,0.46683
0.080000,0.69000,0.51053,0.47069
0.090000,0.69000,0.50215,0.47805
0.10000,0.69000,0.48946,0.48909
0.11000,0.69000,0.47253,0.50363
0.12000,0.69000,0.45192,0.52114
0.13000,0.69000,0.42869,0.54077
0.14000,0.69000,0.40435,0.56137
0.15000,0.69000,0.38076,0.58160
0.16000,0.69000,0.35990,0.59996
0.17000,0.69000,0.34371,0.61489
0.18000,0.69000,0.33390,0.62487
0.19000,0.69000,0.33182,0.62840
0.20000,0.69000,0.33842,0.62408
0.21000,0.69000,0.35420,0.61070
0.22000,0.69000,0.37909,0.58734
0.23000,0.69000,0.41237,0.55371
0.24000,0.69000,0.45261,0.51038
0.25000,0.69000,0.49765,0.45912
0.26000,0.69000,0.54486,0.40289
0.27000,0.69000,0.59147,0.34552
0.28000,0.69000,0.63499,0.29103
0.29000,0.69000,0.67349,0.24287
0.30000,0.69000,0.70572,0.20345
0.31000,0.69000,0.73096,0.17408
0.32000,0.69000,0.74876,0.15524
0.33000,0.69000,0.75873,0.14704
0.34000,0.69000,0.76028,0.14960
0.35000,0.69000,0.75248,0.16330
0.36000,0.69000,0.73415,0.18877
0.37000,0.69000,0.70396,0.22658
0.38000,0.69000,0.66094,0.27675
0.39000,0.69000,0.60508,0.33809
0.40000,0.69000,0.53803,0.40772
0.41000,0.69000,0.46342,0.48120
0.42000,0.69000,0.38646,0.55333
0.43000,0.69000,0.31274,0.61938
0.44000,0.69000,0.24692,0.67611
0.45000,0.69000,0.19180,0.72220
0.46000,0.69000,0.14829,0.75787
0.47000,0.69000,0.11591,0.78427
0.48000,0.69000,0.093501,0.80280
0.49000,0.69000,0.079866,0.81471
0.50000,0.69000,0.074116,0.82079
0.51000,0.69000,0.075898,0.82124
0.52000,0.69000,0.085468,0.81564
0.53000,0.69000,0.10367,0.80292
0.54000,0.69000,0.13183,0.78151
0.55000,0.69000,0.17139,0.74952
0.56000,0.69000,0.22338,0.70527
0.57000,0.69000,0.28766,0.64800
0.58000,0.69000,0.36212,0.57870
0.59000,0.69000,0.44242,0.50070
0.60000,0.69000,0.52271,0.41930
0.61000,0.69000,0.59701,0.34056
0.62000,0.69000,0.66086,0.26965
0.63000,0.69000,0.71204,0.20978
0.64000,0.69000,0.75052,0.16204
0.65000,0.69000,0.77768,0.12595
0.66000,0.69000,0.79543,0.10023
0.67000,0.69000,0.80569,0.083487
0.68000,0.69000,0.80993,0.074613
0.69000,0.69000,0.80905,0.072975
0.70000,0.69000,0.80335,0.078488
0.71000,0.69000,0.79249,0.091596
0.72000,0.69000,0.77561,0.11317
0.73000,0.69000,0.75147,0.14429
0.74000,0.69000,0.71870,0.18588
0.75000,0.69000,0.67630,0.23815
0.76000,0.69000,0.62423,0.30000
0.77000,0.69000,0.56399,0.36861
0.78000,0.69000,0.49875,0.43954
0.79000,0.69000,0.43291,0.50757
0.80000,0.69000,0.37112,0.56787
0.81000,0.69000,0.31725,0.61712
0.82000,0.69000,0.27381,0.65385
0.83000,0.69000,0.24194,0.67821
0.84000,0.69000,0.22180,0.69142
0.85000,0.69000,0.21302,0.69509
0.86000,0.69000,0.21496,0.69084
0.87000,0.69000,0.22685,0.68003
0.88000,0.69000,0.24774,0.66374
0.89000,0.69000,0.27631,0.64285
0.90000,0.69000,0.31086,0.61816
0.91000,0.69000,0.34922,0.59063
0.92000,0.69000,0.38890,0.56148
0.93000,0.69000,0.42735,0.53227
0.94000,0.69000,0.46217,0.50483
0.95000,0.69000,0.49137,0.48103
0.96000,0.69000,0.51349,0.46259
0.97000,0.69000,0.52757,0.45089
0.98000,0.69000,0.53307,0.44686
0.99000,0.69000,0.52959,0.45111
1.0000,0.69000,0.51624,0.46442
0.0000,0.70000,0.51493,0.46607
0.010000,0.70000,0.50421,0.47681
0.020000,0.70000,0.50268,0.47870
0.030000,0.70000,0.50494,0.47675
0.040000,0.70000,0.50856,0.47334
0.050000,0.70000,0.51216,0.46987
0.060000,0.70000,0.51469,0.46735
0.070000,0.70000,0.51526,0.46666
0.080000,0.70000,0.51304,0.46851
0.090000,0.70000,0.50733,0.47348
0.10000,0.70000,0.49762,0.48190
0.11000,0.70000,0.48374,0.49382
0.12000,0.70000,0.46590,0.50900
0.13000,0.70000,0.44479,0.52683
0.14000,0.70000,0.42159,0.54641
0.15000,0.70000,0.39788,0.56659
0.16000,0.70000,0.37550,0.58600
0.17000,0.70000,0.35637,0.60318
0.18000,0.70000,0.34228,0.61664
0.19000,0.70000,0.33476,0.62489
0.20000,0.70000,0.33500,0.62651
0.21000,0.70000,0.34379,0.62017
0.22000,0.70000,0.36148,0.60471
0.23000,0.70000,0.38788,0.57932
0.24000,0.70000,0.42219,0.54385
0.25000,0.70000,0.46288,0.49908
0.26000,0.70000,0.50779,0.44703
0.27000,0.70000,0.55432,0.39089
0.28000,0.70000,0.59978,0.33454
0.29000,0.70000,0.64178,0.28187
0.30000,0.70000,0.67853,0.23605
0.31000,0.70000,0.70887,0.19915
0.32000,0.70000,0.73218,0.17221
0.33000,0.70000,0.74811,0.15557
0.34000,0.70000,0.75631,0.14933
0.35000,0.70000,0.75624,0.15368
0.36000,0.70000,0.74703,0.16903
0.37000,0.70000,0.72748,0.19601
0.38000,0.70000,0.69631,0.23512
0.39000,0.70000,0.65255,0.28619
0.40000,0.70000,0.59628,0.34783
0.41000,0.70000,0.52926,0.41706
0.42000,0.70000,0.45521,0.48945
0.43000,0.70000,0.37935,0.55999
0.44000,0.70000,0.30715,0.62421
0.45000,0.70000,0.24304,0.67912
0.46000,0.70000,0.18956,0.72353
0.47000,0.70000,0.14744,0.75770
0.48000,0.70000,0.11615,0.78277
0.49000,0.70000,0.094548,0.80013
0.50000,0.70000,0.081512,0.81101
0.51000,0.70000,0.076250,0.81620
0.52000,0.70000,0.078491,0.81590
0.53000,0.70000,0.088549,0.80971
0.54000,0.70000,0.10729,0.79659
0.55000,0.70000,0.13599,0.77499
0.56000,0.70000,0.17600,0.74305
0.57000,0.70000,0.22820,0.69912
0.58000,0.70000,0.29229,0.64246
0.59000,0.70000,0.36603,0.57410
0.60000,0.70000,0.44513,0.49734
0.61000,0.70000,0.52389,0.41736
0.62000,0.70000,0.59659,0.34005
0.63000,0.70000,0.65895,0.27043
0.64000,0.70000,0.70890,0.21159
0.65000,0.70000,0.74639,0.16458
0.66000,0.70000,0.77276,0.12897
0.67000,0.70000,0.78988,0.10357
0.68000,0.70000,0.79959,0.087085
0.69000,0.70000,0.80335,0.078488
0.70000,0.70000,0.80203,0.077212
0.71000,0.70000,0.79591,0.083214
0.72000,0.70000,0.78469,0.096943
0.73000,0.70000,0.76753,0.11923
0.74000,0.70000,0.74323,0.15106
0.75000,0.70000,0.71052,0.19318
0.76000,0.70000,0.66852,0.24559
0.77000,0.70000,0.61734,0.30698
0.78000,0.70000,0.55857,0.37441
0.79000,0.70000,0.49539,0.44347
0.80000,0.70000,0.43209,0.50914
0.81000,0.70000,0.37310,0.56691
0.82000,0.70000,0.32207,0.61370
0.83000,0.70000,0.28137,0.64824
0.84000,0.70000,0.25208,0.67076
0.85000,0.70000,0.23435,0.68246
0.86000,0.70000,0.22781,0.68490
0.87000,0.70000,0.23179,0.67966
0.88000,0.70000,0.24541,0.66807
0.89000,0.70000,0.26754,0.65122
0.90000,0.70000,0.29670,0.63003
0.91000,0.70000,0.33099,0.60539
0.92000,0.70000,0.36816,0.57837
0.93000,0.70000,0.40576,0.55028
0.94000,0.70000,0.44137,0.52274
0.95000,0.70000,0.47281,0.49757
0.96000,0.70000,0.49829,0.47659
0.97000,0.70000,0.51644,0.46148
0.98000,0.70000,0.52621,0.45365
0.99000,0.70000,0.52643,0.45450
1.0000,0.70000,0.51493,0.46607
0.0000,0.71000,0.51290,0.46831
0.010000,0.71000,0.50250,0.47875
0.020000,0.71000,0.50056,0.48102
0.030000,0.71000,0.50225,0.47960
0.040000,0.71000,0.50547,0.47657
0.050000,0.71000,0.50904,0.47310
0.060000,0.71000,0.51208,0.47008
0.070000,0.71000,0.51380,0.46828
0.080000,0.71000,0.51340,0.46843
0.090000,0.71000,0.51016,0.47114
0.10000,0.71000,0.50347,0.47687
0.11000,0.71000,0.49294,0.48589
0.12000,0.71000,0.47850,0.49818
0.13000,0.71000,0.46048,0.51343
0.14000,0.71000,0.43966,0.53101
0.15000,0.71000,0.41727,0.55002
0.16000,0.71000,0.39487,0.56929
0.17000,0.71000,0.37423,0.58751
0.18000,0.71000,0.35711,0.60327
0.19000,0.71000,0.34515,0.61515
0.20000,0.71000,0.33969,0.62173
0.21000,0.71000,0.34179,0.62167
0.22000,0.71000,0.35210,0.61368
0.23000,0.71000,0.37088,0.59670
0.24000,0.71000,0.39788,0.57002
0.25000,0.71000,0.43223,0.53361
0.26000,0.71000,0.47241,0.48847
0.27000,0.71000,0.51630,0.43679
0.28000,0.71000,0.56138,0.38185
0.29000,0.71000,0.60507,0.32744
0.30000,0.71000,0.64512,0.27721
0.31000,0.71000,0.67984,0.23399
0.32000,0.71000,0.70820,0.19957
0.33000,0.71000,0.72965,0.17481
0.34000,0.71000,0.74389,0.16005
0.35000,0.71000,0.75063,0.15540
0.36000,0.71000,0.74934,0.16114
0.37000,0.71000,0.73918,0.17770
0.38000,0.71000,0.71895,0.20568
0.39000,0.71000,0.68737,0.24542
0.40000,0.71000,0.64352,0.29660
0.41000,0.71000,0.58753,0.35768
0.42000,0.71000,0.52124,0.42564
0.43000,0.71000,0.44843,0.49620
0.44000,0.71000,0.37423,0.56459
0.45000,0.71000,0.30392,0.62662
0.46000,0.71000,0.24164,0.67951
0.47000,0.71000,0.18974,0.72216
0.48000,0.71000,0.14883,0.75487
0.49000,0.71000,0.11839,0.77872
0.50000,0.71000,0.097360,0.79509
0.51000,0.71000,0.084724,0.80516
0.52000,0.71000,0.079791,0.80971
0.53000,0.71000,0.082365,0.80895
0.54000,0.71000,0.092797,0.80248
0.55000,0.71000,0.11194,0.78927
0.56000,0.71000,0.14100,0.76780
0.57000,0.71000,0.18121,0.73624
0.58000,0.71000,0.23328,0.69295
0.59000,0.71000,0.29677,0.63724
0.60000,0.71000,0.36939,0.57016
0.61000,0.71000,0.44693,0.49492
0.62000,0.71000,0.52390,0.41659
0.63000,0.71000,0.59482,0.34087
0.64000,0.71000,0.65563,0.27257
0.65000,0.71000,0.70433,0.21470
0.66000,0.71000,0.74089,0.16833
0.67000,0.71000,0.76657,0.13309
0.68000,0.71000,0.78317,0.10791
0.69000,0.71000,0.79249,0.091596
0.70000,0.71000,0.79591,0.083214
0.71000,0.71000,0.79431,0.082256
0.72000,0.71000,0.78796,0.088710
0.73000,0.71000,0.77655,0.10302
0.74000,0.71000,0.75926,0.12594
0.75000,0.71000,0.73496,0.15836
0.76000,0.71000,0.70246,0.20085
0.77000,0.71000,0.66102,0.25320
0.78000,0.71000,0.61087,0.31392
0.79000,0.71000,0.55373,0.37996
0.80000,0.71000,0.49275,0.44700
0.81000,0.71000,0.43208,0.51022
0.82000,0.71000,0.37597,0.56542
0.83000,0.71000,0.32783,0.60978
0.84000,0.71000,0.28990,0.64220
0.85000,0.71000,0.26318,0.66296
0.86000,0.71000,0.24783,0.67325
0.87000,0.71000,0.24345,0.67457
0.88000,0.71000,0.24931,0.66845
0.89000,0.71000,0.26444,0.65618
0.90000,0.71000,0.28752,0.63886
0.91000,0.71000,0.31693,0.61744
0.92000,0.71000,0.35064,0.59293
0.93000,0.71000,0.38637,0.56647
0.94000,0.71000,0.42175,0.53949
0.95000,0.71000,0.45449,0.51366
0.96000,0.71000,0.48255,0.49081
0.97000,0.71000,0.50423,0.47281
0.98000,0.71000,0.51800,0.46149
0.99000,0.71000,0.52201,0.45891
1.0000,0.71000,0.51290,0.46831
0.0000,0.72000,0.51019,0.47105
0.010000,0.72000,0.50061,0.48080
0.020000,0.72000,0.49838,0.48337
0.030000,0.72000,0.49943,0.48258
0.040000,0.72000,0.50203,0.48016
0.050000,0.72000,0.50524,0.47703
0.060000,0.72000,0.50839,0.47390
0.070000,0.72000,0.51082,0.47141
0.080000,0.72000,0.51185,0.47021
0.090000,0.72000,0.51077,0.47091
0.10000,0.72000,0.50693,0.47407
0.11000,0.72000,0.49982,0.48008
0.12000,0.72000,0.48913,0.48915
0.13000,0.72000,0.47486,0.50123
0.14000,0.72000,0.45742,0.51600
0.15000,0.72000,0.43760,0.53283
0.16000,0.72000,0.41661,0.55085
0.17000,0.72000,0.39593,0.56893
0.18000,0.72000,0.37718,0.58582
0.19000,0.72000,0.36197,0.60019
0.20000,0.72000,0.35177,0.61067
0.21000,0.72000,0.34779,0.61595
0.22000,0.72000,0.35096,0.61471
0.23000,0.72000,0.36189,0.60576
0.24000,0.72000,0.38078,0.58806
0.25000,0.72000,0.40736,0.56101
0.26000,0.72000,0.44081,0.52472
0.27000,0.72000,0.47964,0.48030
0.28000,0.72000,0.52183,0.43005
0.29000,0.72000,0.56495,0.37716
0.30000,0.72000,0.60656,0.32525
0.31000,0.72000,0.64452,0.27765
0.32000,0.72000,0.67727,0.23690
0.33000,0.72000,0.70384,0.20460
0.34000,0.72000,0.72375,0.18157
0.35000,0.72000,0.73672,0.16816
0.36000,0.72000,0.74249,0.16457
0.37000,0.72000,0.74055,0.17113
0.38000,0.72000,0.73002,0.18830
0.39000,0.72000,0.70972,0.21656
0.40000,0.72000,0.67837,0.25616
0.41000,0.72000,0.63506,0.30660
0.42000,0.72000,0.58000,0.36631
0.43000,0.72000,0.51507,0.43232
0.44000,0.72000,0.44403,0.50054
0.45000,0.72000,0.37185,0.56648
0.46000,0.72000,0.30354,0.62620
0.47000,0.72000,0.24302,0.67710
0.48000,0.72000,0.19246,0.71813
0.49000,0.72000,0.15246,0.74956
0.50000,0.72000,0.12255,0.77245
0.51000,0.72000,0.10182,0.78810
0.52000,0.72000,0.089347,0.79766
0.53000,0.72000,0.084551,0.80188
0.54000,0.72000,0.087290,0.80098
0.55000,0.72000,0.097925,0.79455
0.56000,0.72000,0.11727,0.78158
0.57000,0.72000,0.14645,0.76054
0.58000,0.72000,0.18654,0.72963
0.59000,0.72000,0.23814,0.68727
0.60000,0.72000,0.30066,0.63279
0.61000,0.72000,0.37183,0.56723
0.62000,0.72000,0.44755,0.49374
0.63000,0.72000,0.52256,0.41721
0.64000,0.72000,0.59166,0.34311
0.65000,0.72000,0.65094,0.27609
0.66000,0.72000,0.69849,0.21910
0.67000,0.72000,0.73423,0.17324
0.68000,0.72000,0.75936,0.13824
0.69000,0.72000,0.77561,0.11317
0.70000,0.72000,0.78469,0.096943
0.71000,0.72000,0.78796,0.088710
0.72000,0.72000,0.78626,0.088020
0.73000,0.72000,0.77982,0.094876
0.74000,0.72000,0.76836,0.10970
0.75000,0.72000,0.75108,0.13318
0.76000,0.72000,0.72688,0.16608
0.77000,0.72000,0.69469,0.20878
0.78000,0.72000,0.65390,0.26090
0.79000,0.72000,0.60489,0.32077
0.80000,0.72000,0.54944,0.38530
0.81000,0.72000,0.49072,0.45024
0.82000,0.72000,0.43273,0.51100
0.83000,0.72000,0.37949,0.56366
0.84000,0.72000,0.33423,0.60566
0.85000,0.72000,0.29904,0.63603
0.86000,0.72000,0.27487,0.65512
0.87000,0.72000,0.26184,0.66408
0.88000,0.72000,0.25951,0.66436
0.89000,0.72000,0.26711,0.65740
0.90000,0.72000,0.28353,0.64449
0.91000,0.72000,0.30733,0.62670
0.92000,0.72000,0.33675,0.60507
0.93000,0.72000,0.36969,0.58068
0.94000,0.72000,0.40387,0.55479
0.95000,0.72000,0.43697,0.52892
0.96000,0.72000,0.46680,0.50485
0.97000,0.72000,0.49138,0.48453
0.98000,0.72000,0.50876,0.47009
0.99000,0.72000,0.51650,0.46417
1.0000,0.72000,0.51019,0.47105
0.0000,0.73000,0.50689,0.47422
0.010000,0.73000,0.49856,0.48289
0.020000,0.73000,0.49622,0.48563
0.030000,0.73000,0.49662,0.48552
0.040000,0.73000,0.49845,0.48387
0.050000,0.73000,0.50105,0.48136
0.060000,0.73000,0.50397,0.47846
0.070000,0.73000,0.50672,0.47567
0.080000,0.73000,0.50874,0.47351
0.090000,0.73000,0.50942,0.47256
0.10000,0.73000,0.50813,0.47338
0.11000,0.73000,0.50428,0.47646
0.12000,0.73000,0.49741,0.48218
0.13000,0.73000,0.48725,0.49074
0.14000,0.73000,0.47385,0.50210
0.15000,0.73000,0.45759,0.51595
0.16000,0.73000,0.43925,0.53172
0.17000,0.73000,0.41993,0.54856
0.18000,0.73000,0.40098,0.56544
0.19000,0.73000,0.38388,0.58116
0.20000,0.73000,0.37008,0.59446
0.21000,0.73000,0.36092,0.60405
0.22000,0.73000,0.35754,0.60864
0.23000,0.73000,0.36083,0.60698
0.24000,0.73000,0.37137,0.59788
0.25000,0.73000,0.38940,0.58038
0.26000,0.73000,0.41470,0.55394
0.27000,0.73000,0.44651,0.51874
0.28000,0.73000,0.48343,0.47598
0.29000,0.73000,0.52353,0.42788
0.30000,0.73000,0.56452,0.37752
0.31000,0.73000,0.60406,0.32823
0.32000,0.73000,0.64012,0.28307
0.33000,0.73000,0.67123,0.24436
0.34000,0.73000,0.69645,0.21362
0.35000,0.73000,0.71533,0.19168
0.36000,0.73000,0.72762,0.17898
0.37000,0.73000,0.73303,0.17581
0.38000,0.73000,0.73104,0.18253
0.39000,0.73000,0.72075,0.19958
0.40000,0.73000,0.70096,0.22738
0.41000,0.73000,0.67039,0.26605
0.42000,0.73000,0.62818,0.31503
0.43000,0.73000,0.57456,0.37275
0.44000,0.73000,0.51145,0.43636
0.45000,0.73000,0.44250,0.50201
0.46000,0.73000,0.37246,0.56546
0.47000,0.73000,0.30609,0.62298
0.48000,0.73000,0.24708,0.67209
0.49000,0.73000,0.19754,0.71177
0.50000,0.73000,0.15810,0.74224
0.51000,0.73000,0.12840,0.76448
0.52000,0.73000,0.10768,0.77973
0.53000,0.73000,0.095134,0.78911
0.54000,0.73000,0.090267,0.79333
0.55000,0.73000,0.092976,0.79259
0.56000,0.73000,0.10361,0.78649
0.57000,0.73000,0.12293,0.77402
0.58000,0.73000,0.15195,0.75366
0.59000,0.73000,0.19162,0.72363
0.60000,0.73000,0.24241,0.68240
0.61000,0.73000,0.30368,0.62934
0.62000,0.73000,0.37316,0.56548
0.63000,0.73000,0.44692,0.49386
0.64000,0.73000,0.51994,0.41917
0.65000,0.73000,0.58725,0.34668
0.66000,0.73000,0.64511,0.28087
0.67000,0.73000,0.69163,0.22464
0.68000,0.73000,0.72672,0.17916
0.69000,0.73000,0.75147,0.14429
0.70000,0.73000,0.76753,0.11923
0.71000,0.73000,0.77655,0.10302
0.72000,0.73000,0.77982,0.094876
0.73000,0.73000,0.77815,0.094407
0.74000,0.73000,0.77176,0.10162
0.75000,0.73000,0.76035,0.11690
0.76000,0.73000,0.74314,0.14087
0.77000,0.73000,0.71910,0.17414
0.78000,0.73000,0.68726,0.21695
0.79000,0.73000,0.64714,0.26873
0.80000,0.73000,0.59928,0.32767
0.81000,0.73000,0.54555,0.39062
0.82000,0.73000,0.48907,0.45344
0.83000,0.73000,0.43373,0.51177
0.84000,0.73000,0.38333,0.56195
0.85000,0.73000,0.34092,0.60164
0.86000,0.73000,0.30843,0.63004
0.87000,0.73000,0.28676,0.64751
0.88000,0.73000,0.27599,0.65517
0.89000,0.73000,0.27565,0.65441
0.90000,0.73000,0.28488,0.64660
0.91000,0.73000,0.30245,0.63298
0.92000,0.73000,0.32683,0.61467
0.93000,0.73000,0.35613,0.59276
0.94000,0.73000,0.38821,0.56843
0.95000,0.73000,0.42077,0.54308
0.96000,0.73000,0.45154,0.51839
0.97000,0.73000,0.47831,0.49631
0.98000,0.73000,0.49880,0.47919
0.99000,0.73000,0.51008,0.47011
1.0000,0.73000,0.50689,0.47422
0.0000,0.74000,0.50308,0.47773
0.010000,0.74000,0.49641,0.48499
0.020000,0.74000,0.49414,0.48775
0.030000,0.74000,0.49393,0.48829
0.040000,0.74000,0.49492,0.48750
0.050000,0.74000,0.49676,0.48577
0.060000,0.74000,0.49918,0.48338
0.070000,0.74000,0.50189,0.48064
0.080000,0.74000,0.50450,0.47792
0.090000,0.74000,0.50651,0.47570
0.10000,0.74000,0.50737,0.47452
0.11000,0.74000,0.50647,0.47490
0.12000,0.74000,0.50324,0.47735
0.13000,0.74000,0.49723,0.48226
0.14000,0.74000,0.48819,0.48986
0.15000,0.74000,0.47612,0.50015
0.16000,0.74000,0.46136,0.51289
0.17000,0.74000,0.44459,0.52755
0.18000,0.74000,0.42679,0.54336
0.19000,0.74000,0.40918,0.55933
0.20000,0.74000,0.39310,0.57434
0.21000,0.74000,0.37990,0.58717
0.22000,0.74000,0.37086,0.59657
0.23000,0.74000,0.36711,0.60126
0.24000,0.74000,0.36954,0.59999
0.25000,0.74000,0.37882,0.59159
0.26000,0.74000,0.39525,0.57513
0.27000,0.74000,0.41868,0.55010
0.28000,0.74000,0.44844,0.51673
0.29000,0.74000,0.48324,0.47618
0.30000,0.74000,0.52124,0.43058
0.31000,0.74000,0.56025,0.38278
0.32000,0.74000,0.59803,0.33587
0.33000,0.74000,0.63263,0.29266
0.34000,0.74000,0.66262,0.25537
0.35000,0.74000,0.68709,0.22550
0.36000,0.74000,0.70557,0.20396
0.37000,0.74000,0.71779,0.19128
0.38000,0.74000,0.72344,0.18784
0.39000,0.74000,0.72195,0.19405
0.40000,0.74000,0.71241,0.21030
0.41000,0.74000,0.69359,0.23696
0.42000,0.74000,0.66422,0.27408
0.43000,0.74000,0.62349,0.32110
0.44000,0.74000,0.57166,0.37648
0.45000,0.74000,0.51061,0.43754
0.46000,0.74000,0.44385,0.50064
0.47000,0.74000,0.37590,0.56177
0.48000,0.74000,0.31127,0.61736
0.49000,0.74000,0.25347,0.66500
0.50000,0.74000,0.20460,0.70366
0.51000,0.74000,0.16538,0.73350
0.52000,0.74000,0.13559,0.75543
0.53000,0.74000,0.11461,0.77061
0.54000,0.74000,0.10178,0.78011
0.55000,0.74000,0.096638,0.78462
0.56000,0.74000,0.099120,0.78431
0.57000,0.74000,0.10955,0.77877
0.58000,0.74000,0.12861,0.76698
0.59000,0.74000,0.15721,0.74745
0.60000,0.74000,0.19621,0.71845
0.61000,0.74000,0.24595,0.67848
0.62000,0.74000,0.30576,0.62694
0.63000,0.74000,0.37343,0.56486
0.64000,0.74000,0.44520,0.49515
0.65000,0.74000,0.51627,0.42230
0.66000,0.74000,0.58190,0.35135
0.67000,0.74000,0.63846,0.28666
0.68000,0.74000,0.68411,0.23108
0.69000,0.74000,0.71870,0.18588
0.70000,0.74000,0.74323,0.15106
0.71000,0.74000,0.75926,0.12594
0.72000,0.74000,0.76836,0.10970
0.73000,0.74000,0.77176,0.10162
0.74000,0.74000,0.77022,0.10134
0.75000,0.74000,0.76394,0.10889
0.76000,0.74000,0.75260,0.12459
0.77000,0.74000,0.73547,0.14900
0.78000,0.74000,0.71158,0.18260
0.79000,0.74000,0.68005,0.22548
0.80000,0.74000,0.64058,0.27687
0.81000,0.74000,0.59384,0.33484
0.82000,0.74000,0.54177,0.39621
0.83000,0.74000,0.48750,0.45693
0.84000,0.74000,0.43476,0.51285
0.85000,0.74000,0.38715,0.56058
0.86000,0.74000,0.34754,0.59801
0.87000,0.74000,0.31774,0.62445
0.88000,0.74000,0.29857,0.64029
0.89000,0.74000,0.29005,0.64661
0.90000,0.74000,0.29167,0.64472
0.91000,0.74000,0.30248,0.63594
0.92000,0.74000,0.32116,0.62150
0.93000,0.74000,0.34606,0.60254
0.94000,0.74000,0.37519,0.58024
0.95000,0.74000,0.40634,0.55592
0.96000,0.74000,0.43721,0.53116
0.97000,0.74000,0.46543,0.50789
0.98000,0.74000,0.48845,0.48855
0.99000,0.74000,0.50296,0.47657
1.0000,0.74000,0.50308,0.47773
0.0000,0.75000,0.49886,0.48152
0.010000,0.75000,0.49418,0.48706
0.020000,0.75000,0.49216,0.48967
0.030000,0.75000,0.49144,0.49078
0.040000,0.75000,0.49162,0.49085
0.050000,0.75000,0.49260,0.49001
0.060000,0.75000,0.49435,0.48832
0.070000,0.75000,0.49675,0.48590
0.080000,0.75000,0.49959,0.48297
0.090000,0.75000,0.50253,0.47988
0.10000,0.75000,0.50507,0.47709
0.11000,0.75000,0.50667,0.47512
0.12000,0.75000,0.50672,0.47455
0.13000,0.75000,0.50464,0.47591
0.14000,0.75000,0.49994,0.47966
0.15000,0.75000,0.49232,0.48609
0.16000,0.75000,0.48172,0.49525
0.17000,0.75000,0.46838,0.50698
0.18000,0.75000,0.45287,0.52082
0.19000,0.75000,0.43605,0.53603
0.20000,0.75000,0.41905,0.55168
0.21000,0.75000,0.40311,0.56667
0.22000,0.75000,0.38957,0.57979
0.23000,0.75000,0.37971,0.58976
0.24000,0.75000,0.37469,0.59531
0.25000,0.75000,0.37553,0.59515
0.26000,0.75000,0.38296,0.58812
0.27000,0.75000,0.39737,0.57328
0.28000,0.75000,0.41872,0.55015
0.29000,0.75000,0.44642,0.51894
0.30000,0.75000,0.47924,0.48076
0.31000,0.75000,0.51543,0.43758
0.32000,0.75000,0.55288,0.39202
0.33000,0.75000,0.58943,0.34696
0.34000,0.75000,0.62318,0.30507
0.35000,0.75000,0.65268,0.26851
0.36000,0.75000,0.67702,0.23881
0.37000,0.75000,0.69569,0.21699
0.38000,0.75000,0.70839,0.20370
0.39000,0.75000,0.71476,0.19940
0.40000,0.75000,0.71418,0.20451
0.41000,0.75000,0.70573,0.21944
0.42000,0.75000,0.68815,0.24449
0.43000,0.75000,0.66021,0.27970
0.44000,0.75000,0.62114,0.32453
0.45000,0.75000,0.57123,0.37751
0.46000,0.75000,0.51231,0.43610
0.47000,0.75000,0.44769,0.49687
0.48000,0.75000,0.38167,0.55596
0.49000,0.75000,0.31851,0.60996
0.50000,0.75000,0.26162,0.65648
0.51000,0.75000,0.21311,0.69448
0.52000,0.75000,0.17382,0.72402
0.53000,0.75000,0.14370,0.74594
0.54000,0.75000,0.12226,0.76133
0.55000,0.75000,0.10895,0.77120
0.56000,0.75000,0.10337,0.77621
0.57000,0.75000,0.10545,0.77650
0.58000,0.75000,0.11549,0.77165
0.59000,0.75000,0.13409,0.76066
0.60000,0.75000,0.16209,0.74204
0.61000,0.75000,0.20022,0.71410
0.62000,0.75000,0.24877,0.67542
0.63000,0.75000,0.30703,0.62544
0.64000,0.75000,0.37288,0.56515
0.65000,0.75000,0.44270,0.49733
0.66000,0.75000,0.51191,0.42627
0.67000,0.75000,0.57597,0.35680
0.68000,0.75000,0.63138,0.29314
0.69000,0.75000,0.67630,0.23815
0.70000,0.75000,0.71052,0.19318
0.71000,0.75000,0.73496,0.15836
0.72000,0.75000,0.75108,0.13318
0.73000,0.75000,0.76035,0.11690
0.74000,0.75000,0.76394,0.10889
0.75000,0.75000,0.76256,0.10882
0.76000,0.75000,0.75639,0.11670
0.77000,0.75000,0.74510,0.13284
0.78000,0.75000,0.72799,0.15770
0.79000,0.75000,0.70416,0.19164
0.80000,0.75000,0.67287,0.23458
0.81000,0.75000,0.63397,0.28559
0.82000,0.75000,0.58827,0.34260
0.83000,0.75000,0.53781,0.40238
0.84000,0.75000,0.48568,0.46100
0.85000,0.75000,0.43549,0.51452
0.86000,0.75000,0.39065,0.55979
0.87000,0.75000,0.35385,0.59493
0.88000,0.75000,0.32677,0.61935
0.89000,0.75000,0.31013,0.63347
0.90000,0.75000,0.30392,0.63832
0.91000,0.75000,0.30754,0.63514
0.92000,0.75000,0.31997,0.62521
0.93000,0.75000,0.33977,0.60976
0.94000,0.75000,0.36517,0.58999
0.95000,0.75000,0.39408,0.56721
0.96000,0.75000,0.42421,0.54292
0.97000,0.75000,0.45310,0.51901
0.98000,0.75000,0.47803,0.49797
0.99000,0.75000,0.49538,0.48339
1.0000,0.75000,0.49886,0.48152
0.0000,0.76000,0.49436,0.48553
0.010000,0.76000,0.49190,0.48910
0.020000,0.76000,0.49032,0.49140
0.030000,0.76000,0.48922,0.49296
0.040000,0.76000,0.48866,0.49382
0.050000,0.76000,0.48879,0.49387
0.060000,0.76000,0.48978,0.49296
0.070000,0.76000,0.49169,0.49105
0.080000,0.76000,0.49449,0.48820
0.090000,0.76000,0.49795,0.48460
0.10000,0.76000,0.50174,0.48062
0.11000,0.76000,0.50534,0.47673
0.12000,0.76000,0.50818,0.47352
0.13000,0.76000,0.50958,0.47163
0.14000,0.76000,0.50893,0.47168
0.15000,0.76000,0.50566,0.47419
0.16000,0.76000,0.49940,0.47954
0.17000,0.76000,0.48999,0.48786
0.18000,0.76000,0.47758,0.49903
0.19000,0.76000,0.46266,0.51261
0.20000,0.76000,0.44602,0.52792
0.21000,0.76000,0.42871,0.54399
0.22000,0.76000,0.41200,0.55972
0.23000,0.76000,0.39725,0.57384
0.24000,0.76000,0.38580,0.58504
0.25000,0.76000,0.37895,0.59199
0.26000,0.76000,0.37779,0.59339
0.27000,0.76000,0.38317,0.58806
0.28000,0.76000,0.39557,0.57506
0.29000,0.76000,0.41501,0.55392
0.30000,0.76000,0.44094,0.52481
0.31000,0.76000,0.47221,0.48876
0.32000,0.76000,0.50713,0.44759
0.33000,0.76000,0.54362,0.40374
0.34000,0.76000,0.57957,0.35990
0.35000,0.76000,0.61307,0.31865
0.36000,0.76000,0.64268,0.28215
0.37000,0.76000,0.66743,0.25202
0.38000,0.76000,0.68676,0.22939
0.39000,0.76000,0.70033,0.21501
0.40000,0.76000,0.70770,0.20943
0.41000,0.76000,0.70825,0.21308
0.42000,0.76000,0.70100,0.22639
0.43000,0.76000,0.68473,0.24964
0.44000,0.76000,0.65826,0.28286
0.45000,0.76000,0.62086,0.32553
0.46000,0.76000,0.57285,0.37626
0.47000,0.76000,0.51597,0.43265
0.48000,0.76000,0.45335,0.49138
0.49000,0.76000,0.38903,0.54878
0.50000,0.76000,0.32710,0.60153
0.51000,0.76000,0.27087,0.64726
0.52000,0.76000,0.22249,0.68488
0.53000,0.76000,0.18294,0.71439
0.54000,0.76000,0.15232,0.73653
0.55000,0.76000,0.13028,0.75234
0.56000,0.76000,0.11636,0.76275
0.57000,0.76000,0.11021,0.76838
0.58000,0.76000,0.11178,0.76936
0.59000,0.76000,0.12129,0.76525
0.60000,0.76000,0.13932,0.75505
0.61000,0.76000,0.16658,0.73732
0.62000,0.76000,0.20376,0.71043
0.63000,0.76000,0.25107,0.67301
0.64000,0.76000,0.30779,0.62455
0.65000,0.76000,0.37186,0.56600
0.66000,0.76000,0.43982,0.50002
0.67000,0.76000,0.50728,0.43071
0.68000,0.76000,0.56988,0.36266
0.69000,0.76000,0.62423,0.30000
0.70000,0.76000,0.66852,0.24559
0.71000,0.76000,0.70246,0.20085
0.72000,0.76000,0.72688,0.16608
0.73000,0.76000,0.74314,0.14087
0.74000,0.76000,0.75260,0.12459
0.75000,0.76000,0.75639,0.11670
0.76000,0.76000,0.75514,0.11689
0.77000,0.76000,0.74901,0.12517
0.78000,0.76000,0.73768,0.14180
0.79000,0.76000,0.72047,0.16717
0.80000,0.76000,0.69659,0.20150
0.81000,0.76000,0.66543,0.24455
0.82000,0.76000,0.62700,0.29520
0.83000,0.76000,0.58228,0.35124
0.84000,0.76000,0.53338,0.40942
0.85000,0.76000,0.48337,0.46589
0.86000,0.76000,0.43572,0.51694
0.87000,0.76000,0.39368,0.55967
0.88000,0.76000,0.35975,0.59241
0.89000,0.76000,0.33546,0.61467
0.90000,0.76000,0.32147,0.62690
0.91000,0.76000,0.31768,0.63006
0.92000,0.76000,0.32341,0.62537
0.93000,0.76000,0.33752,0.61407
0.94000,0.76000,0.35847,0.59742
0.95000,0.76000,0.38434,0.57673
0.96000,0.76000,0.41290,0.55347
0.97000,0.76000,0.44168,0.52948
0.98000,0.76000,0.46783,0.50724
0.99000,0.76000,0.48756,0.49043
1.0000,0.76000,0.49436,0.48553
0.0000,0.77000,0.48968,0.48969
0.010000,0.77000,0.48960,0.49111
0.020000,0.77000,0.48861,0.49295
0.030000,0.77000,0.48730,0.49480
0.040000,0.77000,0.48612,0.49633
0.050000,0.77000,0.48548,0.49717
0.060000,0.77000,0.48572,0.49705
0.070000,0.77000,0.48706,0.49575
0.080000,0.77000,0.48961,0.49317
0.090000,0.77000,0.49329,0.48938
0.10000,0.77000,0.49789,0.48460
0.11000,0.77000,0.50298,0.47926
0.12000,0.77000,0.50803,0.47390
0.13000,0.77000,0.51235,0.46920
0.14000,0.77000,0.51522,0.46591
0.15000,0.77000,0.51591,0.46473
0.16000,0.77000,0.51381,0.46629
0.17000,0.77000,0.50844,0.47101
0.18000,0.77000,0.49960,0.47908
0.19000,0.77000,0.48736,0.49037
0.20000,0.77000,0.47217,0.50447
0.21000,0.77000,0.45480,0.52062
0.22000,0.77000,0.43634,0.53783
0.23000,0.77000,0.41810,0.55491
0.24000,0.77000,0.40153,0.57053
0.25000,0.77000,0.38811,0.58332
0.26000,0.77000,0.37922,0.59190
0.27000,0.77000,0.37610,0.59494
0.28000,0.77000,0.37964,0.59126
0.29000,0.77000,0.39039,0.57993
0.30000,0.77000,0.40839,0.56049
0.31000,0.77000,0.43312,0.53311
0.32000,0.77000,0.46346,0.49869
0.33000,0.77000,0.49772,0.45895
0.34000,0.77000,0.53387,0.41617
0.35000,0.77000,0.56980,0.37293
0.36000,0.77000,0.60358,0.33174
0.37000,0.77000,0.63373,0.29481
0.38000,0.77000,0.65924,0.26384
0.39000,0.77000,0.67950,0.24007
0.40000,0.77000,0.69409,0.22435
0.41000,0.77000,0.70254,0.21731
0.42000,0.77000,0.70419,0.21942
0.43000,0.77000,0.69808,0.23108
0.44000,0.77000,0.68303,0.25260
0.45000,0.77000,0.65790,0.28398
0.46000,0.77000,0.62205,0.32472
0.47000,0.77000,0.57581,0.37349
0.48000,0.77000,0.52080,0.42798
0.49000,0.77000,0.46000,0.48501
0.50000,0.77000,0.39719,0.54104
0.51000,0.77000,0.33629,0.59281
0.52000,0.77000,0.28056,0.63799
0.53000,0.77000,0.23218,0.67544
0.54000,0.77000,0.19227,0.70509
0.55000,0.77000,0.16108,0.72760
0.56000,0.77000,0.13839,0.74392
0.57000,0.77000,0.12381,0.75493
0.58000,0.77000,0.11705,0.76122
0.59000,0.77000,0.11803,0.76289
0.60000,0.77000,0.12697,0.75947
0.61000,0.77000,0.14436,0.75000
0.62000,0.77000,0.17087,0.73308
0.63000,0.77000,0.20709,0.70715
0.64000,0.77000,0.25318,0.67090
0.65000,0.77000,0.30842,0.62389
0.66000,0.77000,0.37080,0.56702
0.67000,0.77000,0.43699,0.50284
0.68000,0.77000,0.50279,0.43523
0.69000,0.77000,0.56399,0.36861
0.70000,0.77000,0.61734,0.30698
0.71000,0.77000,0.66102,0.25320
0.72000,0.77000,0.69469,0.20878
0.73000,0.77000,0.71910,0.17414
0.74000,0.77000,0.73547,0.14900
0.75000,0.77000,0.74510,0.13284
0.76000,0.77000,0.74901,0.12517
0.77000,0.77000,0.74780,0.12572
0.78000,0.77000,0.74159,0.13450
0.79000,0.77000,0.73008,0.15173
0.80000,0.77000,0.71264,0.17770
0.81000,0.77000,0.68859,0.21251
0.82000,0.77000,0.65746,0.25570
0.83000,0.77000,0.61943,0.30599
0.84000,0.77000,0.57565,0.36101
0.85000,0.77000,0.52831,0.41748
0.86000,0.77000,0.48043,0.47167
0.87000,0.77000,0.43539,0.52011
0.88000,0.77000,0.39623,0.56015
0.89000,0.77000,0.36529,0.59030
0.90000,0.77000,0.34396,0.61020
0.91000,0.77000,0.33279,0.62029
0.92000,0.77000,0.33156,0.62153
0.93000,0.77000,0.33951,0.61508
0.94000,0.77000,0.35537,0.60219
0.95000,0.77000,0.37743,0.58420
0.96000,0.77000,0.40362,0.56256
0.97000,0.77000,0.43150,0.53909
0.98000,0.77000,0.45815,0.51619
0.99000,0.77000,0.47972,0.49756
1.0000,0.77000,0.48968,0.48969
0.0000,0.78000,0.48495,0.49395
0.010000,0.78000,0.48731,0.49311
0.020000,0.78000,0.48705,0.49433
0.030000,0.78000,0.48568,0.49631
0.040000,0.78000,0.48405,0.49832
0.050000,0.78000,0.48279,0.49983
0.060000,0.78000,0.48236,0.50040
0.070000,0.78000,0.48313,0.49970
0.080000,0.78000,0.48532,0.49751
0.090000,0.78000,0.48899,0.49376
0.10000,0.78000,0.49403,0.48855
0.11000,0.78000,0.50012,0.48221
0.12000,0.78000,0.50677,0.47524
0.13000,0.78000,0.51334,0.46830
0.14000,0.78000,0.51906,0.46221
0.15000,0.78000,0.52312,0.45779
0.16000,0.78000,0.52471,0.45585
0.17000,0.78000,0.52316,0.45706
0.18000,0.78000,0.51795,0.46188
0.19000,0.78000,0.50883,0.47047
0.20000,0.78000,0.49589,0.48268
0.21000,0.78000,0.47959,0.49801
0.22000,0.78000,0.46075,0.51563
0.23000,0.78000,0.44053,0.53446
0.24000,0.78000,0.42034,0.55321
0.25000,0.78000,0.40177,0.57048
0.26000,0.78000,0.38640,0.58484
0.27000,0.78000,0.37573,0.59487
0.28000,0.78000,0.37104,0.59926
0.29000,0.78000,0.37328,0.59684
0.30000,0.78000,0.38299,0.58673
0.31000,0.78000,0.40022,0.56848
0.32000,0.78000,0.42441,0.54223
0.33000,0.78000,0.45444,0.50887
0.34000,0.78000,0.48864,0.46996
0.35000,0.78000,0.52496,0.42769
0.36000,0.78000,0.56128,0.38455
0.37000,0.78000,0.59566,0.34304
0.38000,0.78000,0.62657,0.30539
0.39000,0.78000,0.65295,0.27341
0.40000,0.78000,0.67415,0.24842
0.41000,0.78000,0.68970,0.23139
0.42000,0.78000,0.69910,0.22298
0.43000,0.78000,0.70167,0.22368
0.44000,0.78000,0.69649,0.23392
0.45000,0.78000,0.68243,0.25395
0.46000,0.78000,0.65845,0.28379
0.47000,0.78000,0.62397,0.32292
0.48000,0.78000,0.57930,0.37005
0.49000,0.78000,0.52600,0.42296
0.50000,0.78000,0.46684,0.47857
0.51000,0.78000,0.40541,0.53344
0.52000,0.78000,0.34545,0.58442
0.53000,0.78000,0.29015,0.62918
0.54000,0.78000,0.24176,0.66656
0.55000,0.78000,0.20150,0.69641
0.56000,0.78000,0.16977,0.71931
0.57000,0.78000,0.14645,0.73615
0.58000,0.78000,0.13124,0.74775
0.59000,0.78000,0.12388,0.75464
0.60000,0.78000,0.12429,0.75690
0.61000,0.78000,0.13266,0.75408
0.62000,0.78000,0.14944,0.74522
0.63000,0.78000,0.17523,0.72898
0.64000,0.78000,0.21055,0.70389
0.65000,0.78000,0.25550,0.66873
0.66000,0.78000,0.30935,0.62308
0.67000,0.78000,0.37011,0.56784
0.68000,0.78000,0.43459,0.50543
0.69000,0.78000,0.49875,0.43954
0.70000,0.78000,0.55857,0.37441
0.71000,0.78000,0.61087,0.31392
0.72000,0.78000,0.65390,0.26090
0.73000,0.78000,0.68726,0.21695
0.74000,0.78000,0.71158,0.18260
0.75000,0.78000,0.72799,0.15770
0.76000,0.78000,0.73768,0.14180
0.77000,0.78000,0.74159,0.13450
0.78000,0.78000,0.74028,0.13556
0.79000,0.78000,0.73386,0.14497
0.80000,0.78000,0.72203,0.16293
0.81000,0.78000,0.70423,0.18961
0.82000,0.78000,0.67990,0.22494
0.83000,0.78000,0.64873,0.26829
0.84000,0.78000,0.61109,0.31813
0.85000,0.78000,0.56826,0.37198
0.86000,0.78000,0.52253,0.42656
0.87000,0.78000,0.47690,0.47827
0.88000,0.78000,0.43459,0.52387
0.89000,0.78000,0.39848,0.56098
0.90000,0.78000,0.37071,0.58832
0.91000,0.78000,0.35253,0.60560
0.92000,0.78000,0.34433,0.61331
0.93000,0.78000,0.34581,0.61236
0.94000,0.78000,0.35606,0.60392
0.95000,0.78000,0.37364,0.58930
0.96000,0.78000,0.39668,0.56994
0.97000,0.78000,0.42284,0.54760
0.98000,0.78000,0.44927,0.52463
0.99000,0.78000,0.47209,0.50464
1.0000,0.78000,0.48495,0.49395
0.0000,0.79000,0.48030,0.49825
0.010000,0.79000,0.48506,0.49508
0.020000,0.79000,0.48563,0.49557
0.030000,0.79000,0.48435,0.49752
0.040000,0.79000,0.48247,0.49982
0.050000,0.79000,0.48077,0.50179
0.060000,0.79000,0.47984,0.50290
0.070000,0.79000,0.48011,0.50272
0.080000,0.79000,0.48191,0.50094
0.090000,0.79000,0.48541,0.49738
0.10000,0.79000,0.49059,0.49204
0.11000,0.79000,0.49723,0.48514
0.12000,0.79000,0.50491,0.47710
0.13000,0.79000,0.51304,0.46856
0.14000,0.79000,0.52086,0.46031
0.15000,0.79000,0.52752,0.45327
0.16000,0.79000,0.53215,0.44836
0.17000,0.79000,0.53391,0.44641
0.18000,0.79000,0.53208,0.44810
0.19000,0.79000,0.52617,0.45384
0.20000,0.79000,0.51596,0.46373
0.21000,0.79000,0.50159,0.47750
0.22000,0.79000,0.48357,0.49456
0.23000,0.79000,0.46283,0.51396
0.24000,0.79000,0.44062,0.53451
0.25000,0.79000,0.41851,0.55484
0.26000,0.79000,0.39816,0.57350
0.27000,0.79000,0.38128,0.58904
0.28000,0.79000,0.36941,0.60003
0.29000,0.79000,0.36385,0.60521
0.30000,0.79000,0.36552,0.60347
0.31000,0.79000,0.37493,0.59397
0.32000,0.79000,0.39205,0.57631
0.33000,0.79000,0.41632,0.55063
0.34000,0.79000,0.44657,0.51777
0.35000,0.79000,0.48111,0.47922
0.36000,0.79000,0.51789,0.43707
0.37000,0.79000,0.55478,0.39375
0.38000,0.79000,0.58982,0.35176
0.39000,0.79000,0.62145,0.31337
0.40000,0.79000,0.64859,0.28046
0.41000,0.79000,0.67054,0.25445
0.42000,0.79000,0.68680,0.23634
0.43000,0.79000,0.69687,0.22685
0.44000,0.79000,0.70008,0.22648
0.45000,0.79000,0.69554,0.23562
0.46000,0.79000,0.68222,0.25452
0.47000,0.79000,0.65916,0.28316
0.48000,0.79000,0.62584,0.32101
0.49000,0.79000,0.58258,0.36680
0.50000,0.79000,0.53085,0.41835
0.51000,0.79000,0.47323,0.47271
0.52000,0.79000,0.41311,0.52655
0.53000,0.79000,0.35408,0.57678
0.54000,0.79000,0.29927,0.62113
0.55000,0.79000,0.25096,0.65841
0.56000,0.79000,0.21048,0.68842
0.57000,0.79000,0.17832,0.71166
0.58000,0.79000,0.15448,0.72894
0.59000,0.79000,0.13874,0.74102
0.60000,0.79000,0.13086,0.74839
0.61000,0.79000,0.13077,0.75111
0.62000,0.79000,0.13865,0.74873
0.63000,0.79000,0.15489,0.74034
0.64000,0.79000,0.18004,0.72466
0.65000,0.79000,0.21454,0.70030
0.66000,0.79000,0.25844,0.66614
0.67000,0.79000,0.31096,0.62181
0.68000,0.79000,0.37015,0.56818
0.69000,0.79000,0.43291,0.50757
0.70000,0.79000,0.49539,0.44347
0.71000,0.79000,0.55373,0.37996
0.72000,0.79000,0.60489,0.32077
0.73000,0.79000,0.64714,0.26873
0.74000,0.79000,0.68005,0.22548
0.75000,0.79000,0.70416,0.19164
0.76000,0.79000,0.72047,0.16717
0.77000,0.79000,0.73008,0.15173
0.78000,0.79000,0.73386,0.14497
0.79000,0.79000,0.73231,0.14670
0.80000,0.79000,0.72553,0.15691
0.81000,0.79000,0.71326,0.17570
0.82000,0.79000,0.69502,0.20315
0.83000,0.79000,0.67035,0.23900
0.84000,0.79000,0.63914,0.28240
0.85000,0.79000,0.60193,0.33163
0.86000,0.79000,0.56017,0.38407
0.87000,0.79000,0.51619,0.43646
0.88000,0.79000,0.47296,0.48540
0.89000,0.79000,0.43357,0.52790
0.90000,0.79000,0.40070,0.56184
0.91000,0.79000,0.37630,0.58610
0.92000,0.79000,0.36144,0.60052
0.93000,0.79000,0.35638,0.60560
0.94000,0.79000,0.36065,0.60226
0.95000,0.79000,0.37318,0.59169
0.96000,0.79000,0.39234,0.57530
0.97000,0.79000,0.41601,0.55477
0.98000,0.79000,0.44143,0.53237
0.99000,0.79000,0.46488,0.51153
1.0000,0.79000,0.48030,0.49825
0.0000,0.80000,0.47584,0.50249
0.010000,0.80000,0.48291,0.49704
0.020000,0.80000,0.48434,0.49671
0.030000,0.80000,0.48331,0.49845
0.040000,0.80000,0.48137,0.50084
0.050000,0.80000,0.47945,0.50306
0.060000,0.80000,0.47820,0.50450
0.070000,0.80000,0.47811,0.50470
0.080000,0.80000,0.47958,0.50327
0.090000,0.80000,0.48283,0.49998
0.10000,0.80000,0.48792,0.49474
0.11000,0.80000,0.49473,0.48765
0.12000,0.80000,0.50290,0.47908
0.13000,0.80000,0.51191,0.46958
0.14000,0.80000,0.52106,0.45991
0.15000,0.80000,0.52951,0.45099
0.16000,0.80000,0.53638,0.44378
0.17000,0.80000,0.54076,0.43923
0.18000,0.80000,0.54183,0.43815
0.19000,0.80000,0.53892,0.44114
0.20000,0.80000,0.53158,0.44850
0.21000,0.80000,0.51968,0.46021
0.22000,0.80000,0.50343,0.47588
0.23000,0.80000,0.48346,0.49477
0.24000,0.80000,0.46080,0.51583
0.25000,0.80000,0.43684,0.53780
0.26000,0.80000,0.41323,0.55925
0.27000,0.80000,0.39172,0.57872
0.28000,0.80000,0.37406,0.59478
0.29000,0.80000,0.36178,0.60607
0.30000,0.80000,0.35614,0.61138
0.31000,0.80000,0.35799,0.60968
0.32000,0.80000,0.36776,0.60021
0.33000,0.80000,0.38535,0.58262
0.34000,0.80000,0.41013,0.55706
0.35000,0.80000,0.44090,0.52432
0.36000,0.80000,0.47595,0.48584
0.37000,0.80000,0.51322,0.44364
0.38000,0.80000,0.55058,0.40012
0.39000,0.80000,0.58609,0.35775
0.40000,0.80000,0.61818,0.31884
0.41000,0.80000,0.64577,0.28531
0.42000,0.80000,0.66813,0.25863
0.43000,0.80000,0.68476,0.23985
0.44000,0.80000,0.69515,0.22969
0.45000,0.80000,0.69868,0.22864
0.46000,0.80000,0.69451,0.23708
0.47000,0.80000,0.68169,0.25521
0.48000,0.80000,0.65935,0.28296
0.49000,0.80000,0.62703,0.31979
0.50000,0.80000,0.58507,0.36443
0.51000,0.80000,0.53482,0.41476
0.52000,0.80000,0.47870,0.46792
0.53000,0.80000,0.41993,0.52069
0.54000,0.80000,0.36194,0.57011
0.55000,0.80000,0.30777,0.61394
0.56000,0.80000,0.25974,0.65099
0.57000,0.80000,0.21922,0.68102
0.58000,0.80000,0.18683,0.70446
0.59000,0.80000,0.16265,0.72202
0.60000,0.80000,0.14653,0.73443
0.61000,0.80000,0.13826,0.74212
0.62000,0.80000,0.13779,0.74514
0.63000,0.80000,0.14527,0.74306
0.64000,0.80000,0.16108,0.73501
0.65000,0.80000,0.18567,0.71978
0.66000,0.80000,0.21944,0.69607
0.67000,0.80000,0.26235,0.66287
0.68000,0.80000,0.31354,0.61985
0.69000,0.80000,0.37112,0.56787
0.70000,0.80000,0.43209,0.50914
0.71000,0.80000,0.49275,0.44700
0.72000,0.80000,0.54944,0.38530
0.73000,0.80000,0.59928,0.32767
0.74000,0.80000,0.64058,0.27687
0.75000,0.80000,0.67287,0.23458
0.76000,0.80000,0.69659,0.20150
0.77000,0.80000,0.71264,0.17770
0.78000,0.80000,0.72203,0.16293
0.79000,0.80000,0.72553,0.15691
0.80000,0.80000,0.72362,0.15946
0.81000,0.80000,0.71639,0.17057
0.82000,0.80000,0.70361,0.19026
0.83000,0.80000,0.68489,0.21847
0.84000,0.80000,0.65992,0.25474
0.85000,0.80000,0.62874,0.29797
0.86000,0.80000,0.59209,0.34628
0.87000,0.80000,0.55155,0.39696
0.88000,0.80000,0.50952,0.44684
0.89000,0.80000,0.46891,0.49269
0.90000,0.80000,0.43265,0.53181
0.91000,0.80000,0.40322,0.56232
0.92000,0.80000,0.38237,0.58330
0.93000,0.80000,0.37097,0.59465
0.94000,0.80000,0.36910,0.59692
0.95000,0.80000,0.37614,0.59106
0.96000,0.80000,0.39081,0.57834
0.97000,0.80000,0.41124,0.56033
0.98000,0.80000,0.43491,0.53918
0.99000,0.80000,0.45830,0.51806
1.0000,0.80000,0.47584,0.50249
0.0000,0.81000,0.47172,0.50658
0.010000,0.81000,0.48089,0.49895
0.020000,0.81000,0.48320,0.49775
0.030000,0.81000,0.48253,0.49915
0.040000,0.81000,0.48072,0.50143
0.050000,0.81000,0.47880,0.50366
0.060000,0.81000,0.47745,0.50521
0.070000,0.81000,0.47719,0.50560
0.080000,0.81000,0.47842,0.50443
0.090000,0.81000,0.48140,0.50141
0.10000,0.81000,0.48626,0.49641
0.11000,0.81000,0.49291,0.48946
0.12000,0.81000,0.50110,0.48084
0.13000,0.81000,0.51038,0.47100
0.14000,0.81000,0.52011,0.46066
0.15000,0.81000,0.52954,0.45065
0.16000,0.81000,0.53780,0.44194
0.17000,0.81000,0.54402,0.43548
0.18000,0.81000,0.54733,0.43217
0.19000,0.81000,0.54698,0.43272
0.20000,0.81000,0.54238,0.43759
0.21000,0.81000,0.53318,0.44693
0.22000,0.81000,0.51935,0.46059
0.23000,0.81000,0.50120,0.47804
0.24000,0.81000,0.47948,0.49844
0.25000,0.81000,0.45532,0.52066
0.26000,0.81000,0.43019,0.54340
0.27000,0.81000,0.40581,0.56526
0.28000,0.81000,0.38397,0.58480
0.29000,0.81000,0.36639,0.60065
0.30000,0.81000,0.35453,0.61156
0.31000,0.81000,0.34955,0.61640
0.32000,0.81000,0.35220,0.61422
0.33000,0.81000,0.36281,0.60436
0.34000,0.81000,0.38120,0.58649
0.35000,0.81000,0.40668,0.56079
0.36000,0.81000,0.43799,0.52801
0.37000,0.81000,0.47344,0.48956
0.38000,0.81000,0.51097,0.44739
0.39000,0.81000,0.54849,0.40385
0.40000,0.81000,0.58408,0.36140
0.41000,0.81000,0.61623,0.32236
0.42000,0.81000,0.64384,0.28866
0.43000,0.81000,0.66622,0.26179
0.44000,0.81000,0.68284,0.24280
0.45000,0.81000,0.69323,0.23240
0.46000,0.81000,0.69679,0.23108
0.47000,0.81000,0.69275,0.23916
0.48000,0.81000,0.68025,0.25680
0.49000,0.81000,0.65850,0.28390
0.50000,0.81000,0.62710,0.31987
0.51000,0.81000,0.58638,0.36344
0.52000,0.81000,0.53761,0.41255
0.53000,0.81000,0.48306,0.46442
0.54000,0.81000,0.42577,0.51599
0.55000,0.81000,0.36900,0.56440
0.56000,0.81000,0.31572,0.60750
0.57000,0.81000,0.26822,0.64412
0.58000,0.81000,0.22794,0.67397
0.59000,0.81000,0.19557,0.69740
0.60000,0.81000,0.17127,0.71507
0.61000,0.81000,0.15495,0.72763
0.62000,0.81000,0.14645,0.73548
0.63000,0.81000,0.14572,0.73865
0.64000,0.81000,0.15293,0.73674
0.65000,0.81000,0.16838,0.72892
0.66000,0.81000,0.19249,0.71408
0.67000,0.81000,0.22556,0.69100
0.68000,0.81000,0.26744,0.65877
0.69000,0.81000,0.31725,0.61712
0.70000,0.81000,0.37310,0.56691
0.71000,0.81000,0.43208,0.51022
0.72000,0.81000,0.49072,0.45024
0.73000,0.81000,0.54555,0.39062
0.74000,0.81000,0.59384,0.33484
0.75000,0.81000,0.63397,0.28559
0.76000,0.81000,0.66543,0.24455
0.77000,0.81000,0.68859,0.21251
0.78000,0.81000,0.70423,0.18961
0.79000,0.81000,0.71326,0.17570
0.80000,0.81000,0.71639,0.17057
0.81000,0.81000,0.71405,0.17406
0.82000,0.81000,0.70632,0.18612
0.83000,0.81000,0.69303,0.20669
0.84000,0.81000,0.67388,0.23552
0.85000,0.81000,0.64870,0.27196
0.86000,0.81000,0.61771,0.31471
0.87000,0.81000,0.58180,0.36171
0.88000,0.81000,0.54270,0.41024
0.89000,0.81000,0.50285,0.45724
0.90000,0.81000,0.46508,0.49971
0.91000,0.81000,0.43214,0.53522
0.92000,0.81000,0.40632,0.56212
0.93000,0.81000,0.38912,0.57965
0.94000,0.81000,0.38123,0.58780
0.95000,0.81000,0.38254,0.58717
0.96000,0.81000,0.39221,0.57878
0.97000,0.81000,0.40874,0.56401
0.98000,0.81000,0.42991,0.54481
0.99000,0.81000,0.45257,0.52404
1.0000,0.81000,0.47172,0.50658
0.0000,0.82000,0.46806,0.51042
0.010000,0.82000,0.47906,0.50077
0.020000,0.82000,0.48221,0.49871
0.030000,0.82000,0.48200,0.49965
0.040000,0.82000,0.48049,0.50164
0.050000,0.82000,0.47878,0.50366
0.060000,0.82000,0.47754,0.50510
0.070000,0.82000,0.47730,0.50548
0.080000,0.82000,0.47842,0.50442
0.090000,0.82000,0.48118,0.50163
0.10000,0.82000,0.48571,0.49696
0.11000,0.82000,0.49198,0.49040
0.12000,0.82000,0.49979,0.48212
0.13000,0.82000,0.50878,0.47253
0.14000,0.82000,0.51842,0.46221
0.15000,0.82000,0.52805,0.45191
0.16000,0.82000,0.53689,0.44251
0.17000,0.82000,0.54414,0.43493
0.18000,0.82000,0.54896,0.43005
0.19000,0.82000,0.55060,0.42862
0.20000,0.82000,0.54840,0.43121
0.21000,0.82000,0.54187,0.43813
0.22000,0.82000,0.53078,0.44939
0.23000,0.82000,0.51519,0.46468
0.24000,0.82000,0.49553,0.48339
0.25000,0.82000,0.47262,0.50461
0.26000,0.82000,0.44767,0.52723
0.27000,0.82000,0.42221,0.54994
0.28000,0.82000,0.39796,0.57141
0.29000,0.82000,0.37666,0.59029
0.30000,0.82000,0.35995,0.60530
0.31000,0.82000,0.34920,0.61529
0.32000,0.82000,0.34542,0.61922
0.33000,0.82000,0.34926,0.61626
0.34000,0.82000,0.36093,0.60578
0.35000,0.82000,0.38017,0.58751
0.36000,0.82000,0.40624,0.56163
0.37000,0.82000,0.43787,0.52889
0.38000,0.82000,0.47336,0.49063
0.39000,0.82000,0.51073,0.44875
0.40000,0.82000,0.54793,0.40556
0.41000,0.82000,0.58313,0.36349
0.42000,0.82000,0.61486,0.32481
0.43000,0.82000,0.64207,0.29145
0.44000,0.82000,0.66407,0.26487
0.45000,0.82000,0.68036,0.24612
0.46000,0.82000,0.69047,0.23588
0.47000,0.82000,0.69386,0.23460
0.48000,0.82000,0.68980,0.24258
0.49000,0.82000,0.67752,0.25992
0.50000,0.82000,0.65631,0.28648
0.51000,0.82000,0.62582,0.32161
0.52000,0.82000,0.58637,0.36407
0.53000,0.82000,0.53916,0.41181
0.54000,0.82000,0.48633,0.46221
0.55000,0.82000,0.43072,0.51233
0.56000,0.82000,0.37544,0.55947
0.57000,0.82000,0.32336,0.60158
0.58000,0.82000,0.27672,0.63750
0.59000,0.82000,0.23699,0.66693
0.60000,0.82000,0.20492,0.69013
0.61000,0.82000,0.18073,0.70771
0.62000,0.82000,0.16440,0.72025
0.63000,0.82000,0.15581,0.72811
0.64000,0.82000,0.15496,0.73132
0.65000,0.82000,0.16196,0.72950
0.66000,0.82000,0.17711,0.72188
0.67000,0.82000,0.20074,0.70742
0.68000,0.82000,0.23305,0.68502
0.69000,0.82000,0.27381,0.65385
0.70000,0.82000,0.32207,0.61370
0.71000,0.82000,0.37597,0.56542
0.72000,0.82000,0.43273,0.51100
0.73000,0.82000,0.48907,0.45344
0.74000,0.82000,0.54177,0.39621
0.75000,0.82000,0.58827,0.34260
0.76000,0.82000,0.62700,0.29520
0.77000,0.82000,0.65746,0.25570
0.78000,0.82000,0.67990,0.22494
0.79000,0.82000,0.69502,0.20315
0.80000,0.82000,0.70361,0.19026
0.81000,0.82000,0.70632,0.18612
0.82000,0.82000,0.70354,0.19058
0.83000,0.82000,0.69536,0.20354
0.84000,0.82000,0.68164,0.22484
0.85000,0.82000,0.66219,0.25405
0.86000,0.82000,0.63695,0.29031
0.87000,0.82000,0.60633,0.33215
0.88000,0.82000,0.57139,0.37742
0.89000,0.82000,0.53397,0.42342
0.90000,0.82000,0.49651,0.46722
0.91000,0.82000,0.46175,0.50609
0.92000,0.82000,0.43228,0.53783
0.93000,0.82000,0.41014,0.56101
0.94000,0.82000,0.39663,0.57502
0.95000,0.82000,0.39220,0.57994
0.96000,0.82000,0.39656,0.57641
0.97000,0.82000,0.40864,0.56556
0.98000,0.82000,0.42664,0.54903
0.99000,0.82000,0.44786,0.52928
1.0000,0.82000,0.46806,0.51042
0.0000,0.83000,0.46498,0.51386
0.010000,0.83000,0.47749,0.50246
0.020000,0.83000,0.48140,0.49956
0.030000,0.83000,0.48170,0.49997
0.040000,0.83000,0.48063,0.50151
0.050000,0.83000,0.47930,0.50314
0.060000,0.83000,0.47839,0.50425
0.070000,0.83000,0.47834,0.50443
0.080000,0.83000,0.47950,0.50333
0.090000,0.83000,0.48210,0.50071
0.10000,0.83000,0.48625,0.49641
0.11000,0.83000,0.49197,0.49040
0.12000,0.83000,0.49910,0.48282
0.13000,0.83000,0.50736,0.47395
0.14000,0.83000,0.51634,0.46427
0.15000,0.83000,0.52548,0.45440
0.16000,0.83000,0.53415,0.44510
0.17000,0.83000,0.54166,0.43717
0.18000,0.83000,0.54726,0.43142
0.19000,0.83000,0.55025,0.42860
0.20000,0.83000,0.54997,0.42928
0.21000,0.83000,0.54588,0.43389
0.22000,0.83000,0.53760,0.44257
0.23000,0.83000,0.52498,0.45522
0.24000,0.83000,0.50818,0.47146
0.25000,0.83000,0.48770,0.49064
0.26000,0.83000,0.46441,0.51186
0.27000,0.83000,0.43955,0.53403
0.28000,0.83000,0.41464,0.55593
0.29000,0.83000,0.39136,0.57633
0.30000,0.83000,0.37135,0.59398
0.31000,0.83000,0.35612,0.60771
0.32000,0.83000,0.34691,0.61647
0.33000,0.83000,0.34460,0.61931
0.34000,0.83000,0.34971,0.61546
0.35000,0.83000,0.36237,0.60436
0.36000,0.83000,0.38225,0.58579
0.37000,0.83000,0.40858,0.55991
0.38000,0.83000,0.44008,0.52744
0.39000,0.83000,0.47512,0.48970
0.40000,0.83000,0.51179,0.44853
0.41000,0.83000,0.54815,0.40617
0.42000,0.83000,0.58246,0.36497
0.43000,0.83000,0.61333,0.32717
0.44000,0.83000,0.63976,0.29463
0.45000,0.83000,0.66106,0.26879
0.46000,0.83000,0.67677,0.25064
0.47000,0.83000,0.68643,0.24085
0.48000,0.83000,0.68952,0.23983
0.49000,0.83000,0.68538,0.24784
0.50000,0.83000,0.67331,0.26495
0.51000,0.83000,0.65266,0.29093
0.52000,0.83000,0.62316,0.32514
0.53000,0.83000,0.58509,0.36630
0.54000,0.83000,0.53961,0.41245
0.55000,0.83000,0.48871,0.46109
0.56000,0.83000,0.43506,0.50945
0.57000,0.83000,0.38160,0.55500
0.58000,0.83000,0.33107,0.59582
0.59000,0.83000,0.28564,0.63077
0.60000,0.83000,0.24678,0.65952
0.61000,0.83000,0.21528,0.68229
0.62000,0.83000,0.19143,0.69961
0.63000,0.83000,0.17527,0.71198
0.64000,0.83000,0.16672,0.71976
0.65000,0.83000,0.16580,0.72295
0.66000,0.83000,0.17264,0.72121
0.67000,0.83000,0.18746,0.71382
0.68000,0.83000,0.21053,0.69982
0.69000,0.83000,0.24194,0.67821
0.70000,0.83000,0.28137,0.64824
0.71000,0.83000,0.32783,0.60978
0.72000,0.83000,0.37949,0.56366
0.73000,0.83000,0.43373,0.51177
0.74000,0.83000,0.48750,0.45693
0.75000,0.83000,0.53781,0.40238
0.76000,0.83000,0.58228,0.35124
0.77000,0.83000,0.61943,0.30599
0.78000,0.83000,0.64873,0.26829
0.79000,0.83000,0.67035,0.23900
0.80000,0.83000,0.68489,0.21847
0.81000,0.83000,0.69303,0.20669
0.82000,0.83000,0.69536,0.20354
0.83000,0.83000,0.69221,0.20891
0.84000,0.83000,0.68368,0.22261
0.85000,0.83000,0.66967,0.24436
0.86000,0.83000,0.65007,0.27359
0.87000,0.83000,0.62497,0.30926
0.88000,0.83000,0.59493,0.34976
0.89000,0.83000,0.56117,0.39290
0.90000,0.83000,0.52562,0.43605
0.91000,0.83000,0.49072,0.47645
0.92000,0.83000,0.45910,0.51160
0.93000,0.83000,0.43316,0.53951
0.94000,0.83000,0.41471,0.55897
0.95000,0.83000,0.40482,0.56946
0.96000,0.83000,0.40376,0.57116
0.97000,0.83000,0.41099,0.56478
0.98000,0.83000,0.42524,0.55159
0.99000,0.83000,0.44435,0.53356
1.0000,0.83000,0.46498,0.51386
0.0000,0.84000,0.46259,0.51677
0.010000,0.84000,0.47623,0.50395
0.020000,0.84000,0.48079,0.50029
0.030000,0.84000,0.48162,0.50012
0.040000,0.84000,0.48109,0.50110
0.050000,0.84000,0.48030,0.50218
0.060000,0.84000,0.47987,0.50281
0.070000,0.84000,0.48018,0.50262
0.080000,0.84000,0.48150,0.50135
0.090000,0.84000,0.48400,0.49881
0.10000,0.84000,0.48778,0.49489
0.11000,0.84000,0.49283,0.48955
0.12000,0.84000,0.49906,0.48289
0.13000,0.84000,0.50625,0.47512
0.14000,0.84000,0.51410,0.46659
0.15000,0.84000,0.52220,0.45777
0.16000,0.84000,0.53008,0.44925
0.17000,0.84000,0.53717,0.44169
0.18000,0.84000,0.54287,0.43576
0.19000,0.84000,0.54658,0.43214
0.20000,0.84000,0.54769,0.43138
0.21000,0.84000,0.54566,0.43394
0.22000,0.84000,0.54003,0.44007
0.23000,0.84000,0.53052,0.44986
0.24000,0.84000,0.51704,0.46312
0.25000,0.84000,0.49980,0.47946
0.26000,0.84000,0.47933,0.49825
0.27000,0.84000,0.45652,0.51864
0.28000,0.84000,0.43260,0.53965
0.29000,0.84000,0.40903,0.56015
0.30000,0.84000,0.38736,0.57902
0.31000,0.84000,0.36914,0.59511
0.32000,0.84000,0.35571,0.60737
0.33000,0.84000,0.34818,0.61481
0.34000,0.84000,0.34730,0.61658
0.35000,0.84000,0.35351,0.61197
0.36000,0.84000,0.36685,0.60045
0.37000,0.84000,0.38696,0.58182
0.38000,0.84000,0.41304,0.55625
0.39000,0.84000,0.44388,0.52443
0.40000,0.84000,0.47791,0.48764
0.41000,0.84000,0.51334,0.44765
0.42000,0.84000,0.54837,0.40661
0.43000,0.84000,0.58136,0.36680
0.44000,0.84000,0.61101,0.33034
0.45000,0.84000,0.63636,0.29904
0.46000,0.84000,0.65676,0.27426
0.47000,0.84000,0.67173,0.25697
0.48000,0.84000,0.68085,0.24780
0.49000,0.84000,0.68362,0.24713
0.50000,0.84000,0.67943,0.25519
0.51000,0.84000,0.66763,0.27199
0.52000,0.84000,0.64766,0.29727
0.53000,0.84000,0.61927,0.33033
0.54000,0.84000,0.58278,0.36993
0.55000,0.84000,0.53925,0.41417
0.56000,0.84000,0.49055,0.46071
0.57000,0.84000,0.43918,0.50698
0.58000,0.84000,0.38788,0.55063
0.59000,0.84000,0.33926,0.58985
0.60000,0.84000,0.29539,0.62356
0.61000,0.84000,0.25771,0.65142
0.62000,0.84000,0.22704,0.67359
0.63000,0.84000,0.20373,0.69051
0.64000,0.84000,0.18786,0.70265
0.65000,0.84000,0.17944,0.71031
0.66000,0.84000,0.17847,0.71350
0.67000,0.84000,0.18509,0.71189
0.68000,0.84000,0.19947,0.70482
0.69000,0.84000,0.22180,0.69142
0.70000,0.84000,0.25208,0.67076
0.71000,0.84000,0.28990,0.64220
0.72000,0.84000,0.33423,0.60566
0.73000,0.84000,0.38333,0.56195
0.74000,0.84000,0.43476,0.51285
0.75000,0.84000,0.48568,0.46100
0.76000,0.84000,0.53338,0.40942
0.77000,0.84000,0.57565,0.36101
0.78000,0.84000,0.61109,0.31813
0.79000,0.84000,0.63914,0.28240
0.80000,0.84000,0.65992,0.25474
0.81000,0.84000,0.67388,0.23552
0.82000,0.84000,0.68164,0.22484
0.83000,0.84000,0.68368,0.22261
0.84000,0.84000,0.68030,0.22870
0.85000,0.84000,0.67157,0.24288
0.86000,0.84000,0.65743,0.26474
0.87000,0.84000,0.63786,0.29358
0.88000,0.84000,0.61307,0.32824
0.89000,0.84000,0.58380,0.36702
0.90000,0.84000,0.55139,0.40774
0.91000,0.84000,0.51784,0.44784
0.92000,0.84000,0.48560,0.48475
0.93000,0.84000,0.45715,0.51616
0.94000,0.84000,0.43472,0.54029
0.95000,0.84000,0.41990,0.55606
0.96000,0.84000,0.41355,0.56308
0.97000,0.84000,0.41574,0.56158
0.98000,0.84000,0.42577,0.55233
0.99000,0.84000,0.44216,0.53668
1.0000,0.84000,0.46259,0.51677
0.0000,0.85000,0.46099,0.51901
0.010000,0.85000,0.47534,0.50517
0.020000,0.85000,0.48041,0.50086
0.030000,0.85000,0.48177,0.50010
0.040000,0.85000,0.48183,0.50045
0.050000,0.85000,0.48167,0.50088
0.060000,0.85000,0.48183,0.50089
0.070000,0.85000,0.48261,0.50022
0.080000,0.85000,0.48419,0.49868
0.090000,0.85000,0.48666,0.49616
0.10000,0.85000,0.49007,0.49261
0.11000,0.85000,0.49440,0.48802
0.12000,0.85000,0.49958,0.48244
0.13000,0.85000,0.50547,0.47603
0.14000,0.85000,0.51187,0.46901
0.15000,0.85000,0.51853,0.46170
0.16000,0.85000,0.52512,0.45450
0.17000,0.85000,0.53126,0.44789
0.18000,0.85000,0.53649,0.44240
0.19000,0.85000,0.54035,0.43854
0.20000,0.85000,0.54232,0.43684
0.21000,0.85000,0.54189,0.43772
0.22000,0.85000,0.53861,0.44152
0.23000,0.85000,0.53208,0.44842
0.24000,0.85000,0.52207,0.45846
0.25000,0.85000,0.50852,0.47147
0.26000,0.85000,0.49165,0.48709
0.27000,0.85000,0.47201,0.50475
0.28000,0.85000,0.45045,0.52371
0.29000,0.85000,0.42813,0.54308
0.30000,0.85000,0.40642,0.56184
0.31000,0.85000,0.38675,0.57897
0.32000,0.85000,0.37051,0.59344
0.33000,0.85000,0.35891,0.60425
0.34000,0.85000,0.35292,0.61052
0.35000,0.85000,0.35322,0.61142
0.36000,0.85000,0.36014,0.60630
0.37000,0.85000,0.37368,0.59467
0.38000,0.85000,0.39348,0.57633
0.39000,0.85000,0.41877,0.55145
0.40000,0.85000,0.44840,0.52072
0.41000,0.85000,0.48090,0.48533
0.42000,0.85000,0.51464,0.44699
0.43000,0.85000,0.54794,0.40774
0.44000,0.85000,0.57928,0.36974
0.45000,0.85000,0.60746,0.33501
0.46000,0.85000,0.63155,0.30525
0.47000,0.85000,0.65092,0.28176
0.48000,0.85000,0.66511,0.26547
0.49000,0.85000,0.67369,0.25696
0.50000,0.85000,0.67618,0.25662
0.51000,0.85000,0.67204,0.26462
0.52000,0.85000,0.66066,0.28093
0.53000,0.85000,0.64153,0.30526
0.54000,0.85000,0.61446,0.33689
0.55000,0.85000,0.57977,0.37458
0.56000,0.85000,0.53845,0.41658
0.57000,0.85000,0.49225,0.46068
0.58000,0.85000,0.44348,0.50454
0.59000,0.85000,0.39470,0.54599
0.60000,0.85000,0.34833,0.58335
0.61000,0.85000,0.30633,0.61562
0.62000,0.85000,0.27010,0.64241
0.63000,0.85000,0.24048,0.66386
0.64000,0.85000,0.21785,0.68032
0.65000,0.85000,0.20237,0.69220
0.66000,0.85000,0.19407,0.69978
0.67000,0.85000,0.19300,0.70304
0.68000,0.85000,0.19927,0.70168
0.69000,0.85000,0.21302,0.69509
0.70000,0.85000,0.23435,0.68246
0.71000,0.85000,0.26318,0.66296
0.72000,0.85000,0.29904,0.63603
0.73000,0.85000,0.34092,0.60164
0.74000,0.85000,0.38715,0.56058
0.75000,0.85000,0.43549,0.51452
0.76000,0.85000,0.48337,0.46589
0.77000,0.85000,0.52831,0.41748
0.78000,0.85000,0.56826,0.37198
0.79000,0.85000,0.60193,0.33163
0.80000,0.85000,0.62874,0.29797
0.81000,0.85000,0.64870,0.27196
0.82000,0.85000,0.66219,0.25405
0.83000,0.85000,0.66967,0.24436
0.84000,0.85000,0.67157,0.24288
0.85000,0.85000,0.66810,0.24944
0.86000,0.85000,0.65932,0.26376
0.87000,0.85000,0.64521,0.28537
0.88000,0.85000,0.62581,0.31345
0.89000,0.85000,0.60148,0.34676
0.90000,0.85000,0.57309,0.38356
0.91000,0.85000,0.54213,0.42168
0.92000,0.85000,0.51066,0.45868
0.93000,0.85000,0.48109,0.49212
0.94000,0.85000,0.45580,0.51986
0.95000,0.85000,0.43682,0.54029
0.96000,0.85000,0.42556,0.55244
0.97000,0.85000,0.42271,0.55598
0.98000,0.85000,0.42822,0.55111
0.99000,0.85000,0.44139,0.53847
1.0000,0.85000,0.46099,0.51901
0.0000,0.86000,0.46022,0.52048
0.010000,0.86000,0.47485,0.50605
0.020000,0.86000,0.48029,0.50123
0.030000,0.86000,0.48214,0.49989
0.040000,0.86000,0.48281,0.49958
0.050000,0.86000,0.48332,0.49931
0.060000,0.86000,0.48413,0.49866
0.070000,0.86000,0.48543,0.49744
0.080000,0.86000,0.48731,0.49558
0.090000,0.86000,0.48979,0.49305
0.10000,0.86000,0.49284,0.48986
0.11000,0.86000,0.49642,0.48604
0.12000,0.86000,0.50048,0.48163
0.13000,0.86000,0.50495,0.47672
0.14000,0.86000,0.50973,0.47142
0.15000,0.86000,0.51470,0.46590
0.16000,0.86000,0.51969,0.46039
0.17000,0.86000,0.52449,0.45517
0.18000,0.86000,0.52883,0.45057
0.19000,0.86000,0.53236,0.44699
0.20000,0.86000,0.53470,0.44481
0.21000,0.86000,0.53542,0.44444
0.22000,0.86000,0.53407,0.44623
0.23000,0.86000,0.53024,0.45045
0.24000,0.86000,0.52356,0.45728
0.25000,0.86000,0.51381,0.46677
0.26000,0.86000,0.50093,0.47880
0.27000,0.86000,0.48514,0.49308
0.28000,0.86000,0.46695,0.50914
0.29000,0.86000,0.44716,0.52632
0.30000,0.86000,0.42684,0.54384
0.31000,0.86000,0.40723,0.56079
0.32000,0.86000,0.38964,0.57622
0.33000,0.86000,0.37531,0.58918
0.34000,0.86000,0.36533,0.59876
0.35000,0.86000,0.36056,0.60410
0.36000,0.86000,0.36159,0.60445
0.37000,0.86000,0.36873,0.59916
0.38000,0.86000,0.38195,0.58778
0.39000,0.86000,0.40091,0.57011
0.40000,0.86000,0.42489,0.54634
0.41000,0.86000,0.45283,0.51709
0.42000,0.86000,0.48341,0.48352
0.43000,0.86000,0.51510,0.44724
0.44000,0.86000,0.54640,0.41017
0.45000,0.86000,0.57590,0.37433
0.46000,0.86000,0.60246,0.34159
0.47000,0.86000,0.62521,0.31356
0.48000,0.86000,0.64353,0.29147
0.49000,0.86000,0.65696,0.27619
0.50000,0.86000,0.66507,0.26830
0.51000,0.86000,0.66741,0.26815
0.52000,0.86000,0.66346,0.27588
0.53000,0.86000,0.65268,0.29145
0.54000,0.86000,0.63461,0.31452
0.55000,0.86000,0.60909,0.34437
0.56000,0.86000,0.57644,0.37982
0.57000,0.86000,0.53760,0.41923
0.58000,0.86000,0.49420,0.46060
0.59000,0.86000,0.44834,0.50177
0.60000,0.86000,0.40238,0.54078
0.61000,0.86000,0.35855,0.57610
0.62000,0.86000,0.31869,0.60676
0.63000,0.86000,0.28413,0.63240
0.64000,0.86000,0.25570,0.65306
0.65000,0.86000,0.23385,0.66906
0.66000,0.86000,0.21876,0.68074
0.67000,0.86000,0.21053,0.68832
0.68000,0.86000,0.20924,0.69179
0.69000,0.86000,0.21496,0.69084
0.70000,0.86000,0.22781,0.68490
0.71000,0.86000,0.24783,0.67325
0.72000,0.86000,0.27487,0.65512
0.73000,0.86000,0.30843,0.63004
0.74000,0.86000,0.34754,0.59801
0.75000,0.86000,0.39065,0.55979
0.76000,0.86000,0.43572,0.51694
0.77000,0.86000,0.48043,0.47167
0.78000,0.86000,0.52253,0.42656
0.79000,0.86000,0.56017,0.38407
0.80000,0.86000,0.59209,0.34628
0.81000,0.86000,0.61771,0.31471
0.82000,0.86000,0.63695,0.29031
0.83000,0.86000,0.65007,0.27359
0.84000,0.86000,0.65743,0.26474
0.85000,0.86000,0.65932,0.26376
0.86000,0.86000,0.65591,0.27051
0.87000,0.86000,0.64721,0.28467
0.88000,0.86000,0.63323,0.30571
0.89000,0.86000,0.61409,0.33274
0.90000,0.86000,0.59029,0.36449
0.91000,0.86000,0.56283,0.39918
0.92000,0.86000,0.53335,0.43468
0.93000,0.86000,0.50396,0.46862
0.94000,0.86000,0.47703,0.49869
0.95000,0.86000,0.45485,0.52287
0.96000,0.86000,0.43930,0.53968
0.97000,0.86000,0.43164,0.54817
0.98000,0.86000,0.43252,0.54793
0.99000,0.86000,0.44205,0.53881
1.0000,0.86000,0.46022,0.52048
0.0000,0.87000,0.46033,0.52107
0.010000,0.87000,0.47482,0.50652
0.020000,0.87000,0.48044,0.50135
0.030000,0.87000,0.48273,0.49949
0.040000,0.87000,0.48398,0.49854
0.050000,0.87000,0.48516,0.49757
0.060000,0.87000,0.48660,0.49625
0.070000,0.87000,0.48843,0.49449
0.080000,0.87000,0.49061,0.49231
0.090000,0.87000,0.49308,0.48978
0.10000,0.87000,0.49577,0.48696
0.11000,0.87000,0.49861,0.48392
0.12000,0.87000,0.50155,0.48069
0.13000,0.87000,0.50457,0.47731
0.14000,0.87000,0.50768,0.47379
0.15000,0.87000,0.51087,0.47017
0.16000,0.87000,0.51412,0.46651
0.17000,0.87000,0.51739,0.46290
0.18000,0.87000,0.52055,0.45952
0.19000,0.87000,0.52341,0.45658
0.20000,0.87000,0.52572,0.45435
0.21000,0.87000,0.52715,0.45317
0.22000,0.87000,0.52729,0.45335
0.23000,0.87000,0.52573,0.45523
0.24000,0.87000,0.52205,0.45910
0.25000,0.87000,0.51590,0.46515
0.26000,0.87000,0.50704,0.47349
0.27000,0.87000,0.49540,0.48407
0.28000,0.87000,0.48117,0.49669
0.29000,0.87000,0.46479,0.51095
0.30000,0.87000,0.44702,0.52629
0.31000,0.87000,0.42880,0.54200
0.32000,0.87000,0.41127,0.55726
0.33000,0.87000,0.39560,0.57119
0.34000,0.87000,0.38290,0.58290
0.35000,0.87000,0.37417,0.59154
0.36000,0.87000,0.37017,0.59628
0.37000,0.87000,0.37147,0.59641
0.38000,0.87000,0.37833,0.59130
0.39000,0.87000,0.39074,0.58052
0.40000,0.87000,0.40840,0.56389
0.41000,0.87000,0.43066,0.54157
0.42000,0.87000,0.45658,0.51417
0.43000,0.87000,0.48495,0.48277
0.44000,0.87000,0.51440,0.44887
0.45000,0.87000,0.54354,0.41426
0.46000,0.87000,0.57110,0.38078
0.47000,0.87000,0.59600,0.35019
0.48000,0.87000,0.61741,0.32398
0.49000,0.87000,0.63472,0.30329
0.50000,0.87000,0.64748,0.28895
0.51000,0.87000,0.65525,0.28154
0.52000,0.87000,0.65760,0.28137
0.53000,0.87000,0.65403,0.28858
0.54000,0.87000,0.64405,0.30310
0.55000,0.87000,0.62726,0.32457
0.56000,0.87000,0.60352,0.35231
0.57000,0.87000,0.57316,0.38520
0.58000,0.87000,0.53706,0.42175
0.59000,0.87000,0.49670,0.46013
0.60000,0.87000,0.45401,0.49843
0.61000,0.87000,0.41112,0.53485
0.62000,0.87000,0.37005,0.56800
0.63000,0.87000,0.33251,0.59699
0.64000,0.87000,0.29976,0.62143
0.65000,0.87000,0.27262,0.64133
0.66000,0.87000,0.25156,0.65692
0.67000,0.87000,0.23683,0.66849
0.68000,0.87000,0.22857,0.67621
0.69000,0.87000,0.22685,0.68003
0.70000,0.87000,0.23179,0.67966
0.71000,0.87000,0.24345,0.67457
0.72000,0.87000,0.26184,0.66408
0.73000,0.87000,0.28676,0.64751
0.74000,0.87000,0.31774,0.62445
0.75000,0.87000,0.35385,0.59493
0.76000,0.87000,0.39368,0.55967
0.77000,0.87000,0.43539,0.52011
0.78000,0.87000,0.47690,0.47827
0.79000,0.87000,0.51619,0.43646
0.80000,0.87000,0.55155,0.39696
0.81000,0.87000,0.58180,0.36171
0.82000,0.87000,0.60633,0.33215
0.83000,0.87000,0.62497,0.30926
0.84000,0.87000,0.63786,0.29358
0.85000,0.87000,0.64521,0.28537
0.86000,0.87000,0.64721,0.28467
0.87000,0.87000,0.64395,0.29136
0.88000,0.87000,0.63540,0.30511
0.89000,0.87000,0.62158,0.32536
0.90000,0.87000,0.60272,0.35120
0.91000,0.87000,0.57944,0.38130
0.92000,0.87000,0.55291,0.41390
0.93000,0.87000,0.52489,0.44685
0.94000,0.87000,0.49754,0.47785
0.95000,0.87000,0.47324,0.50466
0.96000,0.87000,0.45418,0.52536
0.97000,0.87000,0.44216,0.53846
0.98000,0.87000,0.43848,0.54288
0.99000,0.87000,0.44412,0.53764
1.0000,0.87000,0.46033,0.52107
0.0000,0.88000,0.46130,0.52074
0.010000,0.88000,0.47523,0.50654
0.020000,0.88000,0.48089,0.50120
0.030000,0.88000,0.48353,0.49888
0.040000,0.88000,0.48532,0.49734
0.050000,0.88000,0.48709,0.49573
0.060000,0.88000,0.48911,0.49381
0.070000,0.88000,0.49139,0.49158
0.080000,0.88000,0.49381,0.48915
0.090000,0.88000,0.49624,0.48665
0.10000,0.88000,0.49855,0.48422
0.11000,0.88000,0.50065,0.48195
0.12000,0.88000,0.50252,0.47986
0.13000,0.88000,0.50416,0.47794
0.14000,0.88000,0.50567,0.47613
0.15000,0.88000,0.50714,0.47434
0.16000,0.88000,0.50869,0.47251
0.17000,0.88000,0.51038,0.47057
0.18000,0.88000,0.51225,0.46853
0.19000,0.88000,0.51425,0.46646
0.20000,0.88000,0.51624,0.46451
0.21000,0.88000,0.51798,0.46290
0.22000,0.88000,0.51916,0.46193
0.23000,0.88000,0.51939,0.46192
0.24000,0.88000,0.51824,0.46323
0.25000,0.88000,0.51528,0.46617
0.26000,0.88000,0.51015,0.47100
0.27000,0.88000,0.50257,0.47789
0.28000,0.88000,0.49247,0.48686
0.29000,0.88000,0.47999,0.49776
0.30000,0.88000,0.46554,0.51028
0.31000,0.88000,0.44976,0.52391
0.32000,0.88000,0.43353,0.53802
0.33000,0.88000,0.41786,0.55184
0.34000,0.88000,0.40380,0.56455
0.35000,0.88000,0.39236,0.57532
0.36000,0.88000,0.38444,0.58332
0.37000,0.88000,0.38078,0.58779
0.38000,0.88000,0.38189,0.58801
0.39000,0.88000,0.38805,0.58339
0.40000,0.88000,0.39928,0.57351
0.41000,0.88000,0.41531,0.55820
0.42000,0.88000,0.43559,0.53762
0.43000,0.88000,0.45929,0.51234
0.44000,0.88000,0.48531,0.48335
0.45000,0.88000,0.51242,0.45205
0.46000,0.88000,0.53937,0.42005
0.47000,0.88000,0.56498,0.38906
0.48000,0.88000,0.58825,0.36067
0.49000,0.88000,0.60838,0.33625
0.50000,0.88000,0.62478,0.31688
0.51000,0.88000,0.63698,0.30336
0.52000,0.88000,0.64457,0.29623
0.53000,0.88000,0.64710,0.29580
0.54000,0.88000,0.64411,0.30221
0.55000,0.88000,0.63514,0.31536
0.56000,0.88000,0.61983,0.33494
0.57000,0.88000,0.59809,0.36027
0.58000,0.88000,0.57022,0.39037
0.59000,0.88000,0.53705,0.42386
0.60000,0.88000,0.49993,0.45911
0.61000,0.88000,0.46057,0.49442
0.62000,0.88000,0.42089,0.52819
0.63000,0.88000,0.38272,0.55914
0.64000,0.88000,0.34762,0.58645
0.65000,0.88000,0.31675,0.60971
0.66000,0.88000,0.29092,0.62890
0.67000,0.88000,0.27064,0.64418
0.68000,0.88000,0.25619,0.65576
0.69000,0.88000,0.24774,0.66374
0.70000,0.88000,0.24541,0.66807
0.71000,0.88000,0.24931,0.66845
0.72000,0.88000,0.25951,0.66436
0.73000,0.88000,0.27599,0.65517
0.74000,0.88000,0.29857,0.64029
0.75000,0.88000,0.32677,0.61935
0.76000,0.88000,0.35975,0.59241
0.77000,0.88000,0.39623,0.56015
0.78000,0.88000,0.43459,0.52387
0.79000,0.88000,0.47296,0.48540
0.80000,0.88000,0.50952,0.44684
0.81000,0.88000,0.54270,0.41024
0.82000,0.88000,0.57139,0.37742
0.83000,0.88000,0.59493,0.34976
0.84000,0.88000,0.61307,0.32824
0.85000,0.88000,0.62581,0.31345
0.86000,0.88000,0.63323,0.30571
0.87000,0.88000,0.63540,0.30511
0.88000,0.88000,0.63229,0.31156
0.89000,0.88000,0.62388,0.32477
0.90000,0.88000,0.61020,0.34415
0.91000,0.88000,0.59158,0.36877
0.92000,0.88000,0.56878,0.39728
0.93000,0.88000,0.54313,0.42786
0.94000,0.88000,0.51653,0.45839
0.95000,0.88000,0.49123,0.48657
0.96000,0.88000,0.46959,0.51018
0.97000,0.88000,0.45383,0.52728
0.98000,0.88000,0.44587,0.53615
0.99000,0.88000,0.44751,0.53497
1.0000,0.88000,0.46130,0.52074
0.0000,0.89000,0.46309,0.51948
0.010000,0.89000,0.47610,0.50608
0.020000,0.89000,0.48163,0.50073
0.030000,0.89000,0.48454,0.49806
0.040000,0.89000,0.48677,0.49601
0.050000,0.89000,0.48904,0.49387
0.060000,0.89000,0.49152,0.49146
0.070000,0.89000,0.49412,0.48889
0.080000,0.89000,0.49667,0.48632
0.090000,0.89000,0.49897,0.48395
0.10000,0.89000,0.50088,0.48195
0.11000,0.89000,0.50227,0.48041
0.12000,0.89000,0.50315,0.47936
0.13000,0.89000,0.50356,0.47876
0.14000,0.89000,0.50365,0.47846
0.15000,0.89000,0.50359,0.47831
0.16000,0.89000,0.50359,0.47812
0.17000,0.89000,0.50383,0.47773
0.18000,0.89000,0.50445,0.47700
0.19000,0.89000,0.50552,0.47588
0.20000,0.89000,0.50700,0.47440
0.21000,0.89000,0.50877,0.47271
0.22000,0.89000,0.51058,0.47101
0.23000,0.89000,0.51209,0.46962
0.24000,0.89000,0.51291,0.46889
0.25000,0.89000,0.51258,0.46922
0.26000,0.89000,0.51066,0.47096
0.27000,0.89000,0.50676,0.47444
0.28000,0.89000,0.50061,0.47986
0.29000,0.89000,0.49210,0.48729
0.30000,0.89000,0.48133,0.49664
0.31000,0.89000,0.46868,0.50762
0.32000,0.89000,0.45470,0.51980
0.33000,0.89000,0.44019,0.53258
0.34000,0.89000,0.42605,0.54525
0.35000,0.89000,0.41323,0.55704
0.36000,0.89000,0.40267,0.56715
0.37000,0.89000,0.39519,0.57480
0.38000,0.89000,0.39150,0.57925
0.39000,0.89000,0.39208,0.57981
0.40000,0.89000,0.39725,0.57591
0.41000,0.89000,0.40705,0.56716
0.42000,0.89000,0.42128,0.55337
0.43000,0.89000,0.43946,0.53471
0.44000,0.89000,0.46085,0.51171
0.45000,0.89000,0.48449,0.48528
0.46000,0.89000,0.50928,0.45667
0.47000,0.89000,0.53407,0.42736
0.48000,0.89000,0.55778,0.39886
0.49000,0.89000,0.57949,0.37264
0.50000,0.89000,0.59844,0.34993
0.51000,0.89000,0.61405,0.33176
0.52000,0.89000,0.62584,0.31888
0.53000,0.89000,0.63340,0.31182
0.54000,0.89000,0.63628,0.31089
0.55000,0.89000,0.63404,0.31623
0.56000,0.89000,0.62625,0.32777
0.57000,0.89000,0.61260,0.34521
0.58000,0.89000,0.59301,0.36795
0.59000,0.89000,0.56778,0.39509
0.60000,0.89000,0.53766,0.42543
0.61000,0.89000,0.50386,0.45751
0.62000,0.89000,0.46792,0.48981
0.63000,0.89000,0.43152,0.52093
0.64000,0.89000,0.39630,0.54971
0.65000,0.89000,0.36365,0.57538
0.66000,0.89000,0.33468,0.59754
0.67000,0.89000,0.31015,0.61610
0.68000,0.89000,0.29059,0.63116
0.69000,0.89000,0.27631,0.64285
0.70000,0.89000,0.26754,0.65122
0.71000,0.89000,0.26444,0.65618
0.72000,0.89000,0.26711,0.65740
0.73000,0.89000,0.27565,0.65441
0.74000,0.89000,0.29005,0.64661
0.75000,0.89000,0.31013,0.63347
0.76000,0.89000,0.33546,0.61467
0.77000,0.89000,0.36529,0.59030
0.78000,0.89000,0.39848,0.56098
0.79000,0.89000,0.43357,0.52790
0.80000,0.89000,0.46891,0.49269
0.81000,0.89000,0.50285,0.45724
0.82000,0.89000,0.53397,0.42342
0.83000,0.89000,0.56117,0.39290
0.84000,0.89000,0.58380,0.36702
0.85000,0.89000,0.60148,0.34676
0.86000,0.89000,0.61409,0.33274
0.87000,0.89000,0.62158,0.32536
0.88000,0.89000,0.62388,0.32477
0.89000,0.89000,0.62089,0.33093
0.90000,0.89000,0.61254,0.34356
0.91000,0.89000,0.59892,0.36209
0.92000,0.89000,0.58046,0.38557
0.93000,0.89000,0.55807,0.41258
0.94000,0.89000,0.53326,0.44129
0.95000,0.89000,0.50808,0.46951
0.96000,0.89000,0.48489,0.49490
0.97000,0.89000,0.46617,0.51518
0.98000,0.89000,0.45437,0.52806
0.99000,0.89000,0.45208,0.53092
1.0000,0.89000,0.46309,0.51948
0.0000,0.90000,0.46564,0.51733
0.010000,0.90000,0.47739,0.50514
0.020000,0.90000,0.48266,0.49996
0.030000,0.90000,0.48574,0.49704
0.040000,0.90000,0.48830,0.49460
0.050000,0.90000,0.49093,0.49206
0.060000,0.90000,0.49370,0.48934
0.070000,0.90000,0.49645,0.48659
0.080000,0.90000,0.49898,0.48403
0.090000,0.90000,0.50106,0.48190
0.10000,0.90000,0.50251,0.48037
0.11000,0.90000,0.50323,0.47953
0.12000,0.90000,0.50324,0.47940
0.13000,0.90000,0.50262,0.47989
0.14000,0.90000,0.50155,0.48083
0.15000,0.90000,0.50025,0.48200
0.16000,0.90000,0.49899,0.48316
0.17000,0.90000,0.49802,0.48404
0.18000,0.90000,0.49755,0.48445
0.19000,0.90000,0.49774,0.48423
0.20000,0.90000,0.49865,0.48332
0.21000,0.90000,0.50023,0.48177
0.22000,0.90000,0.50232,0.47973
0.23000,0.90000,0.50464,0.47745
0.24000,0.90000,0.50685,0.47527
0.25000,0.90000,0.50851,0.47359
0.26000,0.90000,0.50916,0.47284
0.27000,0.90000,0.50834,0.47341
0.28000,0.90000,0.50565,0.47564
0.29000,0.90000,0.50083,0.47977
0.30000,0.90000,0.49375,0.48590
0.31000,0.90000,0.48450,0.49396
0.32000,0.90000,0.47338,0.50370
0.33000,0.90000,0.46092,0.51471
0.34000,0.90000,0.44781,0.52644
0.35000,0.90000,0.43487,0.53823
0.36000,0.90000,0.42297,0.54934
0.37000,0.90000,0.41296,0.55902
0.38000,0.90000,0.40564,0.56652
0.39000,0.90000,0.40166,0.57113
0.40000,0.90000,0.40153,0.57218
0.41000,0.90000,0.40555,0.56915
0.42000,0.90000,0.41382,0.56163
0.43000,0.90000,0.42619,0.54949
0.44000,0.90000,0.44225,0.53285
0.45000,0.90000,0.46137,0.51220
0.46000,0.90000,0.48268,0.48836
0.47000,0.90000,0.50521,0.46246
0.48000,0.90000,0.52792,0.43580
0.49000,0.90000,0.54983,0.40974
0.50000,0.90000,0.57009,0.38558
0.51000,0.90000,0.58796,0.36447
0.52000,0.90000,0.60290,0.34735
0.53000,0.90000,0.61441,0.33494
0.54000,0.90000,0.62206,0.32776
0.55000,0.90000,0.62542,0.32614
0.56000,0.90000,0.62407,0.33022
0.57000,0.90000,0.61759,0.33997
0.58000,0.90000,0.60570,0.35514
0.59000,0.90000,0.58835,0.37519
0.60000,0.90000,0.56583,0.39933
0.61000,0.90000,0.53880,0.42651
0.62000,0.90000,0.50833,0.45545
0.63000,0.90000,0.47579,0.48482
0.64000,0.90000,0.44264,0.51336
0.65000,0.90000,0.41034,0.54004
0.66000,0.90000,0.38012,0.56414
0.67000,0.90000,0.35302,0.58526
0.68000,0.90000,0.32976,0.60326
0.69000,0.90000,0.31086,0.61816
0.70000,0.90000,0.29670,0.63003
0.71000,0.90000,0.28752,0.63886
0.72000,0.90000,0.28353,0.64449
0.73000,0.90000,0.28488,0.64660
0.74000,0.90000,0.29167,0.64472
0.75000,0.90000,0.30392,0.63832
0.76000,0.90000,0.32147,0.62690
0.77000,0.90000,0.34396,0.61020
0.78000,0.90000,0.37071,0.58832
0.79000,0.90000,0.40070,0.56184
0.80000,0.90000,0.43265,0.53181
0.81000,0.90000,0.46508,0.49971
0.82000,0.90000,0.49651,0.46722
0.83000,0.90000,0.52562,0.43605
0.84000,0.90000,0.55139,0.40774
0.85000,0.90000,0.57309,0.38356
0.86000,0.90000,0.59029,0.36449
0.87000,0.90000,0.60272,0.35120
0.88000,0.90000,0.61020,0.34415
0.89000,0.90000,0.61254,0.34356
0.90000,0.90000,0.60957,0.34944
0.91000,0.90000,0.60118,0.36155
0.92000,0.90000,0.58752,0.37932
0.93000,0.90000,0.56912,0.40177
0.94000,0.90000,0.54709,0.42742
0.95000,0.90000,0.52312,0.45436
0.96000,0.90000,0.49945,0.48030
0.97000,0.90000,0.47868,0.50274
0.98000,0.90000,0.46364,0.51897
0.99000,0.90000,0.45765,0.52566
1.0000,0.90000,0.46564,0.51733
0.0000,0.91000,0.46884,0.51439
0.010000,0.91000,0.47906,0.50376
0.020000,0.91000,0.48394,0.49890
0.030000,0.91000,0.48708,0.49585
0.040000,0.91000,0.48985,0.49316
0.050000,0.91000,0.49267,0.49039
0.060000,0.91000,0.49554,0.48754
0.070000,0.91000,0.49826,0.48481
0.080000,0.91000,0.50059,0.48245
0.090000,0.91000,0.50232,0.48067
0.10000,0.91000,0.50328,0.47965
0.11000,0.91000,0.50339,0.47945
0.12000,0.91000,0.50268,0.48008
0.13000,0.91000,0.50127,0.48141
0.14000,0.91000,0.49934,0.48325
0.15000,0.91000,0.49715,0.48537
0.16000,0.91000,0.49498,0.48748
0.17000,0.91000,0.49312,0.48930
0.18000,0.91000,0.49183,0.49057
0.19000,0.91000,0.49130,0.49109
0.20000,0.91000,0.49166,0.49073
0.21000,0.91000,0.49292,0.48947
0.22000,0.91000,0.49502,0.48739
0.23000,0.91000,0.49773,0.48468
0.24000,0.91000,0.50078,0.48162
0.25000,0.91000,0.50378,0.47859
0.26000,0.91000,0.50627,0.47600
0.27000,0.91000,0.50781,0.47430
0.28000,0.91000,0.50794,0.47391
0.29000,0.91000,0.50627,0.47516
0.30000,0.91000,0.50254,0.47830
0.31000,0.91000,0.49663,0.48343
0.32000,0.91000,0.48861,0.49049
0.33000,0.91000,0.47875,0.49927
0.34000,0.91000,0.46751,0.50937
0.35000,0.91000,0.45551,0.52027
0.36000,0.91000,0.44350,0.53137
0.37000,0.91000,0.43227,0.54197
0.38000,0.91000,0.42262,0.55135
0.39000,0.91000,0.41528,0.55881
0.40000,0.91000,0.41091,0.56366
0.41000,0.91000,0.40999,0.56528
0.42000,0.91000,0.41285,0.56316
0.43000,0.91000,0.41960,0.55693
0.44000,0.91000,0.43016,0.54644
0.45000,0.91000,0.44418,0.53183
0.46000,0.91000,0.46111,0.51352
0.47000,0.91000,0.48020,0.49224
0.48000,0.91000,0.50057,0.46898
0.49000,0.91000,0.52131,0.44487
0.50000,0.91000,0.54152,0.42114
0.51000,0.91000,0.56041,0.39893
0.52000,0.91000,0.57732,0.37929
0.53000,0.91000,0.59166,0.36309
0.54000,0.91000,0.60297,0.35102
0.55000,0.91000,0.61081,0.34359
0.56000,0.91000,0.61474,0.34116
0.57000,0.91000,0.61433,0.34389
0.58000,0.91000,0.60922,0.35178
0.59000,0.91000,0.59913,0.36464
0.60000,0.91000,0.58404,0.38201
0.61000,0.91000,0.56420,0.40321
0.62000,0.91000,0.54022,0.42731
0.63000,0.91000,0.51302,0.45320
0.64000,0.91000,0.48378,0.47974
0.65000,0.91000,0.45380,0.50579
0.66000,0.91000,0.42434,0.53045
0.67000,0.91000,0.39651,0.55304
0.68000,0.91000,0.37124,0.57316
0.69000,0.91000,0.34922,0.59063
0.70000,0.91000,0.33099,0.60539
0.71000,0.91000,0.31693,0.61744
0.72000,0.91000,0.30733,0.62670
0.73000,0.91000,0.30245,0.63298
0.74000,0.91000,0.30248,0.63594
0.75000,0.91000,0.30754,0.63514
0.76000,0.91000,0.31768,0.63006
0.77000,0.91000,0.33279,0.62029
0.78000,0.91000,0.35253,0.60560
0.79000,0.91000,0.37630,0.58610
0.80000,0.91000,0.40322,0.56232
0.81000,0.91000,0.43214,0.53522
0.82000,0.91000,0.46175,0.50609
0.83000,0.91000,0.49072,0.47645
0.84000,0.91000,0.51784,0.44784
0.85000,0.91000,0.54213,0.42168
0.86000,0.91000,0.56283,0.39918
0.87000,0.91000,0.57944,0.38130
0.88000,0.91000,0.59158,0.36877
0.89000,0.91000,0.59892,0.36209
0.90000,0.91000,0.60118,0.36155
0.91000,0.91000,0.59810,0.36722
0.92000,0.91000,0.58957,0.37891
0.93000,0.91000,0.57576,0.39603
0.94000,0.91000,0.55736,0.41757
0.95000,0.91000,0.53567,0.44197
0.96000,0.91000,0.51263,0.46715
0.97000,0.91000,0.49081,0.49062
0.98000,0.91000,0.47329,0.50935
0.99000,0.91000,0.46398,0.51944
1.0000,0.91000,0.46884,0.51439
0.0000,0.92000,0.47257,0.51081
0.010000,0.92000,0.48104,0.50199
0.020000,0.92000,0.48543,0.49758
0.030000,0.92000,0.48852,0.49453
0.040000,0.92000,0.49136,0.49174
0.050000,0.92000,0.49419,0.48893
0.060000,0.92000,0.49695,0.48617
0.070000,0.92000,0.49943,0.48367
0.080000,0.92000,0.50140,0.48167
0.090000,0.92000,0.50267,0.48035
0.10000,0.92000,0.50311,0.47986
0.11000,0.92000,0.50268,0.48023
0.12000,0.92000,0.50143,0.48142
0.13000,0.92000,0.49948,0.48331
0.14000,0.92000,0.49703,0.48571
0.15000,0.92000,0.49432,0.48838
0.16000,0.92000,0.49164,0.49103
0.17000,0.92000,0.48925,0.49340
0.18000,0.92000,0.48743,0.49521
0.19000,0.92000,0.48640,0.49624
0.20000,0.92000,0.48630,0.49634
0.21000,0.92000,0.48722,0.49543
0.22000,0.92000,0.48913,0.49353
0.23000,0.92000,0.49190,0.49075
0.24000,0.92000,0.49530,0.48732
0.25000,0.92000,0.49901,0.48355
0.26000,0.92000,0.50266,0.47982
0.27000,0.92000,0.50579,0.47657
0.28000,0.92000,0.50797,0.47421
0.29000,0.92000,0.50878,0.47316
0.30000,0.92000,0.50784,0.47375
0.31000,0.92000,0.50492,0.47621
0.32000,0.92000,0.49989,0.48062
0.33000,0.92000,0.49283,0.48695
0.34000,0.92000,0.48396,0.49497
0.35000,0.92000,0.47371,0.50434
0.36000,0.92000,0.46262,0.51457
0.37000,0.92000,0.45137,0.52508
0.38000,0.92000,0.44069,0.53524
0.39000,0.92000,0.43131,0.54437
0.40000,0.92000,0.42393,0.55181
0.41000,0.92000,0.41916,0.55690
0.42000,0.92000,0.41749,0.55907
0.43000,0.92000,0.41926,0.55783
0.44000,0.92000,0.42460,0.55285
0.45000,0.92000,0.43346,0.54399
0.46000,0.92000,0.44556,0.53135
0.47000,0.92000,0.46042,0.51530
0.48000,0.92000,0.47740,0.49648
0.49000,0.92000,0.49573,0.47573
0.50000,0.92000,0.51460,0.45407
0.51000,0.92000,0.53320,0.43253
0.52000,0.92000,0.55081,0.41216
0.53000,0.92000,0.56679,0.39389
0.54000,0.92000,0.58060,0.37853
0.55000,0.92000,0.59174,0.36673
0.56000,0.92000,0.59978,0.35902
0.57000,0.92000,0.60428,0.35575
0.58000,0.92000,0.60482,0.35713
0.59000,0.92000,0.60106,0.36321
0.60000,0.92000,0.59275,0.37382
0.61000,0.92000,0.57986,0.38860
0.62000,0.92000,0.56263,0.40697
0.63000,0.92000,0.54158,0.42812
0.64000,0.92000,0.51752,0.45110
0.65000,0.92000,0.49147,0.47491
0.66000,0.92000,0.46455,0.49858
0.67000,0.92000,0.43785,0.52127
0.68000,0.92000,0.41235,0.54237
0.69000,0.92000,0.38890,0.56148
0.70000,0.92000,0.36816,0.57837
0.71000,0.92000,0.35064,0.59293
0.72000,0.92000,0.33675,0.60507
0.73000,0.92000,0.32683,0.61467
0.74000,0.92000,0.32116,0.62150
0.75000,0.92000,0.31997,0.62521
0.76000,0.92000,0.32341,0.62537
0.77000,0.92000,0.33156,0.62153
0.78000,0.92000,0.34433,0.61331
0.79000,0.92000,0.36144,0.60052
0.80000,0.92000,0.38237,0.58330
0.81000,0.92000,0.40632,0.56212
0.82000,0.92000,0.43228,0.53783
0.83000,0.92000,0.45910,0.51160
0.84000,0.92000,0.48560,0.48475
0.85000,0.92000,0.51066,0.45868
0.86000,0.92000,0.53335,0.43468
0.87000,0.92000,0.55291,0.41390
0.88000,0.92000,0.56878,0.39728
0.89000,0.92000,0.58046,0.38557
0.90000,0.92000,0.58752,0.37932
0.91000,0.92000,0.58957,0.37891
0.92000,0.92000,0.58626,0.38446
0.93000,0.92000,0.57748,0.39581
0.94000,0.92000,0.56346,0.41239
0.95000,0.92000,0.54504,0.43310
0.96000,0.92000,0.52377,0.45625
0.97000,0.92000,0.50200,0.47949
0.98000,0.92000,0.48291,0.49971
0.99000,0.92000,0.47082,0.51258
1.0000,0.92000,0.47257,0.51081
0.0000,0.93000,0.47664,0.50676
0.010000,0.93000,0.48323,0.49993
0.020000,0.93000,0.48705,0.49608
0.030000,0.93000,0.48999,0.49315
0.040000,0.93000,0.49274,0.49042
0.050000,0.93000,0.49539,0.48777
0.060000,0.93000,0.49785,0.48530
0.070000,0.93000,0.49990,0.48323
0.080000,0.93000,0.50136,0.48173
0.090000,0.93000,0.50209,0.48096
0.10000,0.93000,0.50202,0.48099
0.11000,0.93000,0.50114,0.48181
0.12000,0.93000,0.49953,0.48338
0.13000,0.93000,0.49731,0.48555
0.14000,0.93000,0.49466,0.48816
0.15000,0.93000,0.49179,0.49099
0.16000,0.93000,0.48896,0.49379
0.17000,0.93000,0.48640,0.49633
0.18000,0.93000,0.48437,0.49835
0.19000,0.93000,0.48308,0.49965
0.20000,0.93000,0.48269,0.50006
0.21000,0.93000,0.48329,0.49947
0.22000,0.93000,0.48491,0.49786
0.23000,0.93000,0.48748,0.49529
0.24000,0.93000,0.49084,0.49190
0.25000,0.93000,0.49475,0.48794
0.26000,0.93000,0.49890,0.48371
0.27000,0.93000,0.50292,0.47960
0.28000,0.93000,0.50639,0.47600
0.29000,0.93000,0.50890,0.47332
0.30000,0.93000,0.51007,0.47194
0.31000,0.93000,0.50958,0.47216
0.32000,0.93000,0.50720,0.47420
0.33000,0.93000,0.50282,0.47812
0.34000,0.93000,0.49650,0.48388
0.35000,0.93000,0.48846,0.49129
0.36000,0.93000,0.47905,0.50001
0.37000,0.93000,0.46877,0.50961
0.38000,0.93000,0.45822,0.51955
0.39000,0.93000,0.44807,0.52925
0.40000,0.93000,0.43898,0.53809
0.41000,0.93000,0.43162,0.54545
0.42000,0.93000,0.42655,0.55072
0.43000,0.93000,0.42425,0.55337
0.44000,0.93000,0.42505,0.55294
0.45000,0.93000,0.42912,0.54912
0.46000,0.93000,0.43642,0.54178
0.47000,0.93000,0.44674,0.53101
0.48000,0.93000,0.45967,0.51710
0.49000,0.93000,0.47467,0.50062
0.50000,0.93000,0.49106,0.48227
0.51000,0.93000,0.50814,0.46292
0.52000,0.93000,0.52518,0.44349
0.53000,0.93000,0.54153,0.42487
0.54000,0.93000,0.55659,0.40792
0.55000,0.93000,0.56983,0.39338
0.56000,0.93000,0.58076,0.38189
0.57000,0.93000,0.58895,0.37394
0.58000,0.93000,0.59396,0.36991
0.59000,0.93000,0.59538,0.37004
0.60000,0.93000,0.59290,0.37441
0.61000,0.93000,0.58627,0.38290
0.62000,0.93000,0.57549,0.39524
0.63000,0.93000,0.56074,0.41092
0.64000,0.93000,0.54250,0.42927
0.65000,0.93000,0.52145,0.44947
0.66000,0.93000,0.49847,0.47065
0.67000,0.93000,0.47451,0.49198
0.68000,0.93000,0.45051,0.51271
0.69000,0.93000,0.42735,0.53227
0.70000,0.93000,0.40576,0.55028
0.71000,0.93000,0.38637,0.56647
0.72000,0.93000,0.36969,0.58068
0.73000,0.93000,0.35613,0.59276
0.74000,0.93000,0.34606,0.60254
0.75000,0.93000,0.33977,0.60976
0.76000,0.93000,0.33752,0.61407
0.77000,0.93000,0.33951,0.61508
0.78000,0.93000,0.34581,0.61236
0.79000,0.93000,0.35638,0.60560
0.80000,0.93000,0.37097,0.59465
0.81000,0.93000,0.38912,0.57965
0.82000,0.93000,0.41014,0.56101
0.83000,0.93000,0.43316,0.53951
0.84000,0.93000,0.45715,0.51616
0.85000,0.93000,0.48109,0.49212
0.86000,0.93000,0.50396,0.46862
0.87000,0.93000,0.52489,0.44685
0.88000,0.93000,0.54313,0.42786
0.89000,0.93000,0.55807,0.41258
0.90000,0.93000,0.56912,0.40177
0.91000,0.93000,0.57576,0.39603
0.92000,0.93000,0.57748,0.39581
0.93000,0.93000,0.57386,0.40129
0.94000,0.93000,0.56476,0.41237
0.95000,0.93000,0.55050,0.42846
0.96000,0.93000,0.53213,0.44836
0.97000,0.93000,0.51161,0.47007
0.98000,0.93000,0.49200,0.49062
0.99000,0.93000,0.47785,0.50546
1.0000,0.93000,0.47664,0.50676
0.0000,0.94000,0.48087,0.50251
0.010000,0.94000,0.48554,0.49770
0.020000,0.94000,0.48871,0.49449
0.030000,0.94000,0.49140,0.49180
0.040000,0.94000,0.49390,0.48930
0.050000,0.94000,0.49620,0.48699
0.060000,0.94000,0.49817,0.48501
0.070000,0.94000,0.49964,0.48352
0.080000,0.94000,0.50049,0.48263
0.090000,0.94000,0.50065,0.48242
0.10000,0.94000,0.50011,0.48291
0.11000,0.94000,0.49891,0.48406
0.12000,0.94000,0.49713,0.48580
0.13000,0.94000,0.49487,0.48800
0.14000,0.94000,0.49230,0.49052
0.15000,0.94000,0.48959,0.49318
0.16000,0.94000,0.48692,0.49580
0.17000,0.94000,0.48452,0.49818
0.18000,0.94000,0.48257,0.50012
0.19000,0.94000,0.48125,0.50144
0.20000,0.94000,0.48073,0.50198
0.21000,0.94000,0.48109,0.50164
0.22000,0.94000,0.48240,0.50037
0.23000,0.94000,0.48462,0.49816
0.24000,0.94000,0.48766,0.49511
0.25000,0.94000,0.49137,0.49137
0.26000,0.94000,0.49550,0.48718
0.27000,0.94000,0.49976,0.48282
0.28000,0.94000,0.50382,0.47865
0.29000,0.94000,0.50731,0.47504
0.30000,0.94000,0.50986,0.47234
0.31000,0.94000,0.51114,0.47090
0.32000,0.94000,0.51085,0.47098
0.33000,0.94000,0.50881,0.47277
0.34000,0.94000,0.50493,0.47634
0.35000,0.94000,0.49924,0.48162
0.36000,0.94000,0.49193,0.48845
0.37000,0.94000,0.48331,0.49654
0.38000,0.94000,0.47384,0.50547
0.39000,0.94000,0.46402,0.51479
0.40000,0.94000,0.45446,0.52395
0.41000,0.94000,0.44578,0.53240
0.42000,0.94000,0.43855,0.53956
0.43000,0.94000,0.43334,0.54489
0.44000,0.94000,0.43057,0.54789
0.45000,0.94000,0.43057,0.54815
0.46000,0.94000,0.43352,0.54538
0.47000,0.94000,0.43941,0.53946
0.48000,0.94000,0.44808,0.53042
0.49000,0.94000,0.45921,0.51855
0.50000,0.94000,0.47231,0.50427
0.51000,0.94000,0.48684,0.48821
0.52000,0.94000,0.50215,0.47109
0.53000,0.94000,0.51764,0.45370
0.54000,0.94000,0.53269,0.43683
0.55000,0.94000,0.54676,0.42122
0.56000,0.94000,0.55934,0.40757
0.57000,0.94000,0.56996,0.39647
0.58000,0.94000,0.57818,0.38842
0.59000,0.94000,0.58357,0.38378
0.60000,0.94000,0.58576,0.38282
0.61000,0.94000,0.58443,0.38564
0.62000,0.94000,0.57939,0.39220
0.63000,0.94000,0.57059,0.40225
0.64000,0.94000,0.55822,0.41539
0.65000,0.94000,0.54267,0.43105
0.66000,0.94000,0.52453,0.44856
0.67000,0.94000,0.50452,0.46715
0.68000,0.94000,0.48347,0.48612
0.69000,0.94000,0.46217,0.50483
0.70000,0.94000,0.44137,0.52274
0.71000,0.94000,0.42175,0.53949
0.72000,0.94000,0.40387,0.55479
0.73000,0.94000,0.38821,0.56843
0.74000,0.94000,0.37519,0.58024
0.75000,0.94000,0.36517,0.58999
0.76000,0.94000,0.35847,0.59742
0.77000,0.94000,0.35537,0.60219
0.78000,0.94000,0.35606,0.60392
0.79000,0.94000,0.36065,0.60226
0.80000,0.94000,0.36910,0.59692
0.81000,0.94000,0.38123,0.58780
0.82000,0.94000,0.39663,0.57502
0.83000,0.94000,0.41471,0.55897
0.84000,0.94000,0.43472,0.54029
0.85000,0.94000,0.45580,0.51986
0.86000,0.94000,0.47703,0.49869
0.87000,0.94000,0.49754,0.47785
0.88000,0.94000,0.51653,0.45839
0.89000,0.94000,0.53326,0.44129
0.90000,0.94000,0.54709,0.42742
0.91000,0.94000,0.55736,0.41757
0.92000,0.94000,0.56346,0.41239
0.93000,0.94000,0.56476,0.41237
0.94000,0.94000,0.56078,0.41782
0.95000,0.94000,0.55136,0.42864
0.96000,0.94000,0.53694,0.44422
0.97000,0.94000,0.51892,0.46311
0.98000,0.94000,0.49999,0.48270
0.99000,0.94000,0.48470,0.49852
1.0000,0.94000,0.48087,0.50251
0.0000,0.95000,0.48498,0.49834
0.010000,0.95000,0.48780,0.49547
0.020000,0.95000,0.49032,0.49293
0.030000,0.95000,0.49264,0.49060
0.040000,0.95000,0.49475,0.48849
0.050000,0.95000,0.49653,0.48670
0.060000,0.95000,0.49786,0.48535
0.070000,0.95000,0.49865,0.48453
0.080000,0.95000,0.49885,0.48429
0.090000,0.95000,0.49847,0.48461
0.10000,0.95000,0.49756,0.48547
0.11000,0.95000,0.49616,0.48680
0.12000,0.95000,0.49437,0.48852
0.13000,0.95000,0.49228,0.49053
0.14000,0.95000,0.49001,0.49272
0.15000,0.95000,0.48768,0.49497
0.16000,0.95000,0.48544,0.49715
0.17000,0.95000,0.48343,0.49911
0.18000,0.95000,0.48179,0.50072
0.19000,0.95000,0.48067,0.50184
0.20000,0.95000,0.48019,0.50236
0.21000,0.95000,0.48043,0.50215
0.22000,0.95000,0.48146,0.50118
0.23000,0.95000,0.48328,0.49940
0.24000,0.95000,0.48586,0.49685
0.25000,0.95000,0.48909,0.49361
0.26000,0.95000,0.49282,0.48984
0.27000,0.95000,0.49684,0.48574
0.28000,0.95000,0.50090,0.48158
0.29000,0.95000,0.50470,0.47766
0.30000,0.95000,0.50794,0.47429
0.31000,0.95000,0.51030,0.47180
0.32000,0.95000,0.51149,0.47048
0.33000,0.95000,0.51126,0.47057
0.34000,0.95000,0.50945,0.47220
0.35000,0.95000,0.50598,0.47546
0.36000,0.95000,0.50088,0.48028
0.37000,0.95000,0.49431,0.48651
0.38000,0.95000,0.48653,0.49389
0.39000,0.95000,0.47791,0.50208
0.40000,0.95000,0.46893,0.51066
0.41000,0.95000,0.46009,0.51916
0.42000,0.95000,0.45195,0.52707
0.43000,0.95000,0.44503,0.53389
0.44000,0.95000,0.43983,0.53913
0.45000,0.95000,0.43676,0.54235
0.46000,0.95000,0.43613,0.54316
0.47000,0.95000,0.43811,0.54132
0.48000,0.95000,0.44274,0.53668
0.49000,0.95000,0.44988,0.52928
0.50000,0.95000,0.45928,0.51933
0.51000,0.95000,0.47056,0.50718
0.52000,0.95000,0.48323,0.49333
0.53000,0.95000,0.49677,0.47841
0.54000,0.95000,0.51063,0.46306
0.55000,0.95000,0.52429,0.44797
0.56000,0.95000,0.53724,0.43380
0.57000,0.95000,0.54900,0.42117
0.58000,0.95000,0.55913,0.41063
0.59000,0.95000,0.56722,0.40265
0.60000,0.95000,0.57284,0.39759
0.61000,0.95000,0.57566,0.39573
0.62000,0.95000,0.57537,0.39719
0.63000,0.95000,0.57179,0.40196
0.64000,0.95000,0.56489,0.40987
0.65000,0.95000,0.55481,0.42059
0.66000,0.95000,0.54188,0.43365
0.67000,0.95000,0.52658,0.44848
0.68000,0.95000,0.50952,0.46448
0.69000,0.95000,0.49137,0.48103
0.70000,0.95000,0.47281,0.49757
0.71000,0.95000,0.45449,0.51366
0.72000,0.95000,0.43697,0.52892
0.73000,0.95000,0.42077,0.54308
0.74000,0.95000,0.40634,0.55592
0.75000,0.95000,0.39408,0.56721
0.76000,0.95000,0.38434,0.57673
0.77000,0.95000,0.37743,0.58420
0.78000,0.95000,0.37364,0.58930
0.79000,0.95000,0.37318,0.59169
0.80000,0.95000,0.37614,0.59106
0.81000,0.95000,0.38254,0.58717
0.82000,0.95000,0.39220,0.57994
0.83000,0.95000,0.40482,0.56946
0.84000,0.95000,0.41990,0.55606
0.85000,0.95000,0.43682,0.54029
0.86000,0.95000,0.45485,0.52287
0.87000,0.95000,0.47324,0.50466
0.88000,0.95000,0.49123,0.48657
0.89000,0.95000,0.50808,0.46951
0.90000,0.95000,0.52312,0.45436
0.91000,0.95000,0.53567,0.44197
0.92000,0.95000,0.54504,0.43310
0.93000,0.95000,0.55050,0.42846
0.94000,0.95000,0.55136,0.42864
0.95000,0.95000,0.54704,0.43401
0.96000,0.95000,0.53739,0.44451
0.97000,0.95000,0.52309,0.45939
0.98000,0.95000,0.50620,0.47667
0.99000,0.95000,0.49088,0.49229
1.0000,0.95000,0.48498,0.49834
0.0000,0.96000,0.48868,0.49460
0.010000,0.96000,0.48987,0.49341
0.020000,0.96000,0.49173,0.49154
0.030000,0.96000,0.49359,0.48967
0.040000,0.96000,0.49516,0.48810
0.050000,0.96000,0.49628,0.48697
0.060000,0.96000,0.49687,0.48636
0.070000,0.96000,0.49694,0.48626
0.080000,0.96000,0.49653,0.48662
0.090000,0.96000,0.49569,0.48739
0.10000,0.96000,0.49450,0.48850
0.11000,0.96000,0.49304,0.48986
0.12000,0.96000,0.49137,0.49141
0.13000,0.96000,0.48959,0.49307
0.14000,0.96000,0.48776,0.49477
0.15000,0.96000,0.48597,0.49644
0.16000,0.96000,0.48431,0.49801
0.17000,0.96000,0.48286,0.49938
0.18000,0.96000,0.48171,0.50049
0.19000,0.96000,0.48095,0.50125
0.20000,0.96000,0.48067,0.50156
0.21000,0.96000,0.48093,0.50137
0.22000,0.96000,0.48179,0.50060
0.23000,0.96000,0.48326,0.49921
0.24000,0.96000,0.48534,0.49719
0.25000,0.96000,0.48798,0.49458
0.26000,0.96000,0.49110,0.49145
0.27000,0.96000,0.49457,0.48793
0.28000,0.96000,0.49820,0.48420
0.29000,0.96000,0.50181,0.48047
0.30000,0.96000,0.50514,0.47700
0.31000,0.96000,0.50794,0.47406
0.32000,0.96000,0.50996,0.47192
0.33000,0.96000,0.51094,0.47083
0.34000,0.96000,0.51070,0.47098
0.35000,0.96000,0.50908,0.47250
0.36000,0.96000,0.50602,0.47545
0.37000,0.96000,0.50153,0.47977
0.38000,0.96000,0.49573,0.48533
0.39000,0.96000,0.48885,0.49193
0.40000,0.96000,0.48120,0.49926
0.41000,0.96000,0.47317,0.50697
0.42000,0.96000,0.46519,0.51464
0.43000,0.96000,0.45775,0.52187
0.44000,0.96000,0.45130,0.52819
0.45000,0.96000,0.44628,0.53320
0.46000,0.96000,0.44308,0.53649
0.47000,0.96000,0.44196,0.53773
0.48000,0.96000,0.44312,0.53670
0.49000,0.96000,0.44659,0.53325
0.50000,0.96000,0.45229,0.52740
0.51000,0.96000,0.46003,0.51929
0.52000,0.96000,0.46949,0.50921
0.53000,0.96000,0.48029,0.49757
0.54000,0.96000,0.49198,0.48484
0.55000,0.96000,0.50411,0.47158
0.56000,0.96000,0.51623,0.45837
0.57000,0.96000,0.52787,0.44577
0.58000,0.96000,0.53863,0.43432
0.59000,0.96000,0.54808,0.42453
0.60000,0.96000,0.55583,0.41682
0.61000,0.96000,0.56153,0.41154
0.62000,0.96000,0.56483,0.40897
0.63000,0.96000,0.56547,0.40924
0.64000,0.96000,0.56328,0.41237
0.65000,0.96000,0.55822,0.41825
0.66000,0.96000,0.55040,0.42661
0.67000,0.96000,0.54006,0.43710
0.68000,0.96000,0.52759,0.44926
0.69000,0.96000,0.51349,0.46259
0.70000,0.96000,0.49829,0.47659
0.71000,0.96000,0.48255,0.49081
0.72000,0.96000,0.46680,0.50485
0.73000,0.96000,0.45154,0.51839
0.74000,0.96000,0.43721,0.53116
0.75000,0.96000,0.42421,0.54292
0.76000,0.96000,0.41290,0.55347
0.77000,0.96000,0.40362,0.56256
0.78000,0.96000,0.39668,0.56994
0.79000,0.96000,0.39234,0.57530
0.80000,0.96000,0.39081,0.57834
0.81000,0.96000,0.39221,0.57878
0.82000,0.96000,0.39656,0.57641
0.83000,0.96000,0.40376,0.57116
0.84000,0.96000,0.41355,0.56308
0.85000,0.96000,0.42556,0.55244
0.86000,0.96000,0.43930,0.53968
0.87000,0.96000,0.45418,0.52536
0.88000,0.96000,0.46959,0.51018
0.89000,0.96000,0.48489,0.49490
0.90000,0.96000,0.49945,0.48030
0.91000,0.96000,0.51263,0.46715
0.92000,0.96000,0.52377,0.45625
0.93000,0.96000,0.53213,0.44836
0.94000,0.96000,0.53694,0.44422
0.95000,0.96000,0.53739,0.44451
0.96000,0.96000,0.53285,0.44967
0.97000,0.96000,0.52327,0.45964
0.98000,0.96000,0.50980,0.47328
0.99000,0.96000,0.49583,0.48737
1.0000,0.96000,0.48868,0.49460
0.0000,0.97000,0.49158,0.49169
0.010000,0.97000,0.49154,0.49174
0.020000,0.97000,0.49281,0.49047
0.030000,0.97000,0.49412,0.48916
0.040000,0.97000,0.49500,0.48828
0.050000,0.97000,0.49533,0.48794
0.060000,0.97000,0.49515,0.48810
0.070000,0.97000,0.49452,0.48869
0.080000,0.97000,0.49356,0.48960
0.090000,0.97000,0.49234,0.49072
0.10000,0.97000,0.49097,0.49197
0.11000,0.97000,0.48952,0.49326
0.12000,0.97000,0.48805,0.49455
0.13000,0.97000,0.48663,0.49577
0.14000,0.97000,0.48530,0.49690
0.15000,0.97000,0.48411,0.49791
0.16000,0.97000,0.48309,0.49877
0.17000,0.97000,0.48230,0.49945
0.18000,0.97000,0.48176,0.49993
0.19000,0.97000,0.48152,0.50017
0.20000,0.97000,0.48161,0.50014
0.21000,0.97000,0.48207,0.49977
0.22000,0.97000,0.48294,0.49904
0.23000,0.97000,0.48422,0.49789
0.24000,0.97000,0.48593,0.49630
0.25000,0.97000,0.48806,0.49426
0.26000,0.97000,0.49055,0.49180
0.27000,0.97000,0.49334,0.48898
0.28000,0.97000,0.49634,0.48589
0.29000,0.97000,0.49941,0.48268
0.30000,0.97000,0.50240,0.47953
0.31000,0.97000,0.50512,0.47664
0.32000,0.97000,0.50737,0.47424
0.33000,0.97000,0.50895,0.47254
0.34000,0.97000,0.50966,0.47174
0.35000,0.97000,0.50935,0.47201
0.36000,0.97000,0.50790,0.47345
0.37000,0.97000,0.50523,0.47608
0.38000,0.97000,0.50137,0.47989
0.39000,0.97000,0.49639,0.48475
0.40000,0.97000,0.49047,0.49049
0.41000,0.97000,0.48386,0.49687
0.42000,0.97000,0.47688,0.50359
0.43000,0.97000,0.46988,0.51032
0.44000,0.97000,0.46326,0.51672
0.45000,0.97000,0.45742,0.52241
0.46000,0.97000,0.45274,0.52703
0.47000,0.97000,0.44955,0.53026
0.48000,0.97000,0.44810,0.53181
0.49000,0.97000,0.44856,0.53147
0.50000,0.97000,0.45099,0.52912
0.51000,0.97000,0.45534,0.52473
0.52000,0.97000,0.46146,0.51841
0.53000,0.97000,0.46912,0.51037
0.54000,0.97000,0.47801,0.50090
0.55000,0.97000,0.48778,0.49040
0.56000,0.97000,0.49805,0.47930
0.57000,0.97000,0.50845,0.46806
0.58000,0.97000,0.51860,0.45716
0.59000,0.97000,0.52814,0.44707
0.60000,0.97000,0.53670,0.43821
0.61000,0.97000,0.54395,0.43097
0.62000,0.97000,0.54955,0.42568
0.63000,0.97000,0.55321,0.42258
0.64000,0.97000,0.55469,0.42183
0.65000,0.97000,0.55382,0.42347
0.66000,0.97000,0.55056,0.42741
0.67000,0.97000,0.54496,0.43349
0.68000,0.97000,0.53720,0.44143
0.69000,0.97000,0.52757,0.45089
0.70000,0.97000,0.51644,0.46148
0.71000,0.97000,0.50423,0.47281
0.72000,0.97000,0.49138,0.48453
0.73000,0.97000,0.47831,0.49631
0.74000,0.97000,0.46543,0.50789
0.75000,0.97000,0.45310,0.51901
0.76000,0.97000,0.44168,0.52948
0.77000,0.97000,0.43150,0.53909
0.78000,0.97000,0.42284,0.54760
0.79000,0.97000,0.41601,0.55477
0.80000,0.97000,0.41124,0.56033
0.81000,0.97000,0.40874,0.56401
0.82000,0.97000,0.40864,0.56556
0.83000,0.97000,0.41099,0.56478
0.84000,0.97000,0.41574,0.56158
0.85000,0.97000,0.42271,0.55598
0.86000,0.97000,0.43164,0.54817
0.87000,0.97000,0.44216,0.53846
0.88000,0.97000,0.45383,0.52728
0.89000,0.97000,0.46617,0.51518
0.90000,0.97000,0.47868,0.50274
0.91000,0.97000,0.49081,0.49062
0.92000,0.97000,0.50200,0.47949
0.93000,0.97000,0.51161,0.47007
0.94000,0.97000,0.51892,0.46311
0.95000,0.97000,0.52309,0.45939
0.96000,0.97000,0.52327,0.45964
0.97000,0.97000,0.51884,0.46436
0.98000,0.97000,0.50998,0.47329
0.99000,0.97000,0.49885,0.48441
1.0000,0.97000,0.49158,0.49169
0.0000,0.98000,0.49333,0.48993
0.010000,0.98000,0.49269,0.49058
0.020000,0.98000,0.49347,0.48981
0.030000,0.98000,0.49408,0.48920
0.040000,0.98000,0.49412,0.48917
0.050000,0.98000,0.49357,0.48972
0.060000,0.98000,0.49256,0.49071
0.070000,0.98000,0.49123,0.49200
0.080000,0.98000,0.48972,0.49344
0.090000,0.98000,0.48813,0.49490
0.10000,0.98000,0.48656,0.49628
0.11000,0.98000,0.48509,0.49751
0.12000,0.98000,0.48378,0.49854
0.13000,0.98000,0.48268,0.49933
0.14000,0.98000,0.48181,0.49989
0.15000,0.98000,0.48121,0.50021
0.16000,0.98000,0.48086,0.50031
0.17000,0.98000,0.48079,0.50021
0.18000,0.98000,0.48098,0.49992
0.19000,0.98000,0.48143,0.49947
0.20000,0.98000,0.48214,0.49885
0.21000,0.98000,0.48309,0.49804
0.22000,0.98000,0.48429,0.49704
0.23000,0.98000,0.48573,0.49581
0.24000,0.98000,0.48741,0.49434
0.25000,0.98000,0.48932,0.49260
0.26000,0.98000,0.49144,0.49058
0.27000,0.98000,0.49373,0.48831
0.28000,0.98000,0.49614,0.48583
0.29000,0.98000,0.49860,0.48322
0.30000,0.98000,0.50102,0.48059
0.31000,0.98000,0.50330,0.47809
0.32000,0.98000,0.50529,0.47587
0.33000,0.98000,0.50687,0.47412
0.34000,0.98000,0.50788,0.47299
0.35000,0.98000,0.50820,0.47263
0.36000,0.98000,0.50769,0.47316
0.37000,0.98000,0.50628,0.47464
0.38000,0.98000,0.50389,0.47711
0.39000,0.98000,0.50055,0.48050
0.40000,0.98000,0.49631,0.48474
0.41000,0.98000,0.49130,0.48967
0.42000,0.98000,0.48571,0.49510
0.43000,0.98000,0.47978,0.50081
0.44000,0.98000,0.47381,0.50653
0.45000,0.98000,0.46811,0.51200
0.46000,0.98000,0.46301,0.51692
0.47000,0.98000,0.45883,0.52101
0.48000,0.98000,0.45583,0.52401
0.49000,0.98000,0.45425,0.52568
0.50000,0.98000,0.45422,0.52586
0.51000,0.98000,0.45580,0.52442
0.52000,0.98000,0.45897,0.52134
0.53000,0.98000,0.46362,0.51667
0.54000,0.98000,0.46956,0.51054
0.55000,0.98000,0.47658,0.50317
0.56000,0.98000,0.48439,0.49485
0.57000,0.98000,0.49273,0.48591
0.58000,0.98000,0.50128,0.47671
0.59000,0.98000,0.50976,0.46763
0.60000,0.98000,0.51788,0.45905
0.61000,0.98000,0.52534,0.45134
0.62000,0.98000,0.53185,0.44481
0.63000,0.98000,0.53715,0.43976
0.64000,0.98000,0.54097,0.43640
0.65000,0.98000,0.54312,0.43487
0.66000,0.98000,0.54343,0.43522
0.67000,0.98000,0.54184,0.43742
0.68000,0.98000,0.53835,0.44137
0.69000,0.98000,0.53307,0.44686
0.70000,0.98000,0.52621,0.45365
0.71000,0.98000,0.51800,0.46149
0.72000,0.98000,0.50876,0.47009
0.73000,0.98000,0.49880,0.47919
0.74000,0.98000,0.48845,0.48855
0.75000,0.98000,0.47803,0.49797
0.76000,0.98000,0.46783,0.50724
0.77000,0.98000,0.45815,0.51619
0.78000,0.98000,0.44927,0.52463
0.79000,0.98000,0.44143,0.53237
0.80000,0.98000,0.43491,0.53918
0.81000,0.98000,0.42991,0.54481
0.82000,0.98000,0.42664,0.54903
0.83000,0.98000,0.42524,0.55159
0.84000,0.98000,0.42577,0.55233
0.85000,0.98000,0.42822,0.55111
0.86000,0.98000,0.43252,0.54793
0.87000,0.98000,0.43848,0.54288
0.88000,0.98000,0.44587,0.53615
0.89000,0.98000,0.45437,0.52806
0.90000,0.98000,0.46364,0.51897
0.91000,0.98000,0.47329,0.50935
0.92000,0.98000,0.48291,0.49971
0.93000,0.98000,0.49200,0.49062
0.94000,0.98000,0.49999,0.48270
0.95000,0.98000,0.50620,0.47667
0.96000,0.98000,0.50980,0.47328
0.97000,0.98000,0.50998,0.47329
0.98000,0.98000,0.50622,0.47712
0.99000,0.98000,0.49929,0.48401
1.0000,0.98000,0.49333,0.48993
0.0000,0.99000,0.49384,0.48942
0.010000,0.99000,0.49342,0.48985
0.020000,0.99000,0.49375,0.48952
0.030000,0.99000,0.49349,0.48978
0.040000,0.99000,0.49247,0.49081
0.050000,0.99000,0.49081,0.49248
0.060000,0.99000,0.48874,0.49456
0.070000,0.99000,0.48646,0.49683
0.080000,0.99000,0.48412,0.49908
0.090000,0.99000,0.48187,0.50117
0.10000,0.99000,0.47982,0.50297
0.11000,0.99000,0.47806,0.50438
0.12000,0.99000,0.47667,0.50535
0.13000,0.99000,0.47569,0.50586
0.14000,0.99000,0.47516,0.50591
0.15000,0.99000,0.47509,0.50553
0.16000,0.99000,0.47546,0.50476
0.17000,0.99000,0.47626,0.50367
0.18000,0.99000,0.47744,0.50232
0.19000,0.99000,0.47895,0.50078
0.20000,0.99000,0.48075,0.49908
0.21000,0.99000,0.48277,0.49726
0.22000,0.99000,0.48496,0.49536
0.23000,0.99000,0.48728,0.49339
0.24000,0.99000,0.48968,0.49133
0.25000,0.99000,0.49211,0.48920
0.26000,0.99000,0.49454,0.48699
0.27000,0.99000,0.49692,0.48471
0.28000,0.99000,0.49921,0.48240
0.29000,0.99000,0.50137,0.48011
0.30000,0.99000,0.50333,0.47791
0.31000,0.99000,0.50505,0.47589
0.32000,0.99000,0.50646,0.47416
0.33000,0.99000,0.50749,0.47284
0.34000,0.99000,0.50806,0.47205
0.35000,0.99000,0.50812,0.47189
0.36000,0.99000,0.50758,0.47243
0.37000,0.99000,0.50640,0.47373
0.38000,0.99000,0.50452,0.47579
0.39000,0.99000,0.50194,0.47858
0.40000,0.99000,0.49867,0.48204
0.41000,0.99000,0.49476,0.48606
0.42000,0.99000,0.49032,0.49051
0.43000,0.99000,0.48550,0.49523
0.44000,0.99000,0.48050,0.50005
0.45000,0.99000,0.47553,0.50477
0.46000,0.99000,0.47084,0.50920
0.47000,0.99000,0.46670,0.51313
0.48000,0.99000,0.46334,0.51638
0.49000,0.99000,0.46095,0.51875
0.50000,0.99000,0.45971,0.52010
0.51000,0.99000,0.45970,0.52030
0.52000,0.99000,0.46095,0.51927
0.53000,0.99000,0.46343,0.51698
0.54000,0.99000,0.46704,0.51349
0.55000,0.99000,0.47164,0.50887
0.56000,0.99000,0.47705,0.50328
0.57000,0.99000,0.48307,0.49693
0.58000,0.99000,0.48950,0.49005
0.59000,0.99000,0.49613,0.48292
0.60000,0.99000,0.50276,0.47582
0.61000,0.99000,0.50916,0.46903
0.62000,0.99000,0.51514,0.46284
0.63000,0.99000,0.52048,0.45748
0.64000,0.99000,0.52500,0.45318
0.65000,0.99000,0.52849,0.45010
0.66000,0.99000,0.53080,0.44833
0.67000,0.99000,0.53179,0.44793
0.68000,0.99000,0.53140,0.44888
0.69000,0.99000,0.52959,0.45111
0.70000,0.99000,0.52643,0.45450
0.71000,0.99000,0.52201,0.45891
0.72000,0.99000,0.51650,0.46417
0.73000,0.99000,0.51008,0.47011
0.74000,0.99000,0.50296,0.47657
0.75000,0.99000,0.49538,0.48339
0.76000,0.99000,0.48756,0.49043
0.77000,0.99000,0.47972,0.49756
0.78000,0.99000,0.47209,0.50464
0.79000,0.99000,0.46488,0.51153
0.80000,0.99000,0.45830,0.51806
0.81000,0.99000,0.45257,0.52404
0.82000,0.99000,0.44786,0.52928
0.83000,0.99000,0.44435,0.53356
0.84000,0.99000,0.44216,0.53668
0.85000,0.99000,0.44139,0.53847
0.86000,0.99000,0.44205,0.53881
0.87000,0.99000,0.44412,0.53764
0.88000,0.99000,0.44751,0.53497
0.89000,0.99000,0.45208,0.53092
0.90000,0.99000,0.45765,0.52566
0.91000,0.99000,0.46398,0.51944
0.92000,0.99000,0.47082,0.51258
0.93000,0.99000,0.47785,0.50546
0.94000,0.99000,0.48470,0.49852
0.95000,0.99000,0.49088,0.49229
0.96000,0.99000,0.49583,0.48737
0.97000,0.99000,0.49885,0.48441
0.98000,0.99000,0.49929,0.48401
0.99000,0.99000,0.49702,0.48627
1.0000,0.99000,0.49384,0.48942
0.0000,1.0000,0.49381,0.48945
0.010000,1.0000,0.49434,0.48891
0.020000,1.0000,0.49435,0.48889
0.030000,1.0000,0.49301,0.49022
0.040000,1.0000,0.49038,0.49288
0.050000,1.0000,0.48683,0.49649
0.060000,1.0000,0.48274,0.50067
0.070000,1.0000,0.47846,0.50504
0.080000,1.0000,0.47424,0.50928
0.090000,1.0000,0.47031,0.51313
0.10000,1.0000,0.46685,0.51636
0.11000,1.0000,0.46399,0.51882
0.12000,1.0000,0.46186,0.52040
0.13000,1.0000,0.46055,0.52103
0.14000,1.0000,0.46010,0.52072
0.15000,1.0000,0.46054,0.51952
0.16000,1.0000,0.46185,0.51750
0.17000,1.0000,0.46398,0.51478
0.18000,1.0000,0.46685,0.51149
0.19000,1.0000,0.47036,0.50778
0.20000,1.0000,0.47439,0.50376
0.21000,1.0000,0.47881,0.49957
0.22000,1.0000,0.48348,0.49529
0.23000,1.0000,0.48827,0.49102
0.24000,1.0000,0.49304,0.48681
0.25000,1.0000,0.49768,0.48274
0.26000,1.0000,0.50204,0.47886
0.27000,1.0000,0.50602,0.47523
0.28000,1.0000,0.50949,0.47192
0.29000,1.0000,0.51236,0.46902
0.30000,1.0000,0.51456,0.46662
0.31000,1.0000,0.51602,0.46480
0.32000,1.0000,0.51671,0.46366
0.33000,1.0000,0.51663,0.46326
0.34000,1.0000,0.51579,0.46368
0.35000,1.0000,0.51423,0.46492
0.36000,1.0000,0.51200,0.46699
0.37000,1.0000,0.50916,0.46984
0.38000,1.0000,0.50578,0.47340
0.39000,1.0000,0.50194,0.47754
0.40000,1.0000,0.49771,0.48212
0.41000,1.0000,0.49320,0.48698
0.42000,1.0000,0.48852,0.49195
0.43000,1.0000,0.48379,0.49685
0.44000,1.0000,0.47917,0.50149
0.45000,1.0000,0.47484,0.50572
0.46000,1.0000,0.47095,0.50940
0.47000,1.0000,0.46770,0.51240
0.48000,1.0000,0.46522,0.51462
0.49000,1.0000,0.46366,0.51600
0.50000,1.0000,0.46308,0.51649
0.51000,1.0000,0.46353,0.51609
0.52000,1.0000,0.46498,0.51479
0.53000,1.0000,0.46734,0.51266
0.54000,1.0000,0.47050,0.50974
0.55000,1.0000,0.47431,0.50614
0.56000,1.0000,0.47859,0.50198
0.57000,1.0000,0.48317,0.49740
0.58000,1.0000,0.48788,0.49255
0.59000,1.0000,0.49257,0.48761
0.60000,1.0000,0.49710,0.48276
0.61000,1.0000,0.50136,0.47815
0.62000,1.0000,0.50525,0.47397
0.63000,1.0000,0.50870,0.47034
0.64000,1.0000,0.51162,0.46739
0.65000,1.0000,0.51394,0.46520
0.66000,1.0000,0.51561,0.46381
0.67000,1.0000,0.51657,0.46323
0.68000,1.0000,0.51678,0.46345
0.69000,1.0000,0.51624,0.46442
0.70000,1.0000,0.51493,0.46607
0.71000,1.0000,0.51290,0.46831
0.72000,1.0000,0.51019,0.47105
0.73000,1.0000,0.50689,0.47422
0.74000,1.0000,0.50308,0.47773
0.75000,1.0000,0.49886,0.48152
0.76000,1.0000,0.49436,0.48553
0.77000,1.0000,0.48968,0.48969
0.78000,1.0000,0.48495,0.49395
0.79000,1.0000,0.48030,0.49825
0.80000,1.0000,0.47584,0.50249
0.81000,1.0000,0.47172,0.50658
0.82000,1.0000,0.46806,0.51042
0.83000,1.0000,0.46498,0.51386
0.84000,1.0000,0.46259,0.51677
0.85000,1.0000,0.46099,0.51901
0.86000,1.0000,0.46022,0.52048
0.87000,1.0000,0.46033,0.52107
0.88000,1.0000,0.46130,0.52074
0.89000,1.0000,0.46309,0.51948
0.90000,1.0000,0.46564,0.51733
0.91000,1.0000,0.46884,0.51439
0.92000,1.0000,0.47257,0.51081
0.93000,1.0000,0.47664,0.50676
0.94000,1.0000,0.48087,0.50251
0.95000,1.0000,0.48498,0.49834
0.96000,1.0000,0.48868,0.49460
0.97000,1.0000,0.49158,0.49169
0.98000,1.0000,0.49333,0.48993
0.99000,1.0000,0.49384,0.48942
1.0000,1.0000,0.49381,0.48945
