0.00000000e+00,0.00000000e+00,4.93810000e-01,4.89450000e-01
2.00000000e-02,0.00000000e+00,4.94350000e-01,4.88890000e-01
4.00000000e-02,0.00000000e+00,4.90380000e-01,4.92880000e-01
6.00000000e-02,0.00000000e+00,4.82740000e-01,5.00670000e-01
8.00000000e-02,0.00000000e+00,4.74240000e-01,5.09280000e-01
1.00000000e-01,0.00000000e+00,4.66850000e-01,5.16360000e-01
1.20000000e-01,0.00000000e+00,4.61860000e-01,5.20400000e-01
1.40000000e-01,0.00000000e+00,4.60100000e-01,5.20720000e-01
1.60000000e-01,0.00000000e+00,4.61850000e-01,5.17500000e-01
1.80000000e-01,0.00000000e+00,4.66850000e-01,5.11490000e-01
2.00000000e-01,0.00000000e+00,4.74390000e-01,5.03760000e-01
2.20000000e-01,0.00000000e+00,4.83480000e-01,4.95290000e-01
2.40000000e-01,0.00000000e+00,4.93040000e-01,4.86810000e-01
2.60000000e-01,0.00000000e+00,5.02040000e-01,4.78860000e-01
2.80000000e-01,0.00000000e+00,5.09490000e-01,4.71920000e-01
3.00000000e-01,0.00000000e+00,5.14560000e-01,4.66620000e-01
3.20000000e-01,0.00000000e+00,5.16710000e-01,4.63660000e-01
3.40000000e-01,0.00000000e+00,5.15790000e-01,4.63680000e-01
3.60000000e-01,0.00000000e+00,5.12000000e-01,4.66990000e-01
3.80000000e-01,0.00000000e+00,5.05780000e-01,4.73400000e-01
4.00000000e-01,0.00000000e+00,4.97710000e-01,4.82120000e-01
4.20000000e-01,0.00000000e+00,4.88520000e-01,4.91950000e-01
4.40000000e-01,0.00000000e+00,4.79170000e-01,5.01490000e-01
4.60000000e-01,0.00000000e+00,4.70950000e-01,5.09400000e-01
4.80000000e-01,0.00000000e+00,4.65220000e-01,5.14620000e-01
5.00000000e-01,0.00000000e+00,4.63080000e-01,5.16490000e-01
5.20000000e-01,0.00000000e+00,4.64980000e-01,5.14790000e-01
5.40000000e-01,0.00000000e+00,4.70500000e-01,5.09740000e-01
5.60000000e-01,0.00000000e+00,4.78590000e-01,5.01980000e-01
5.80000000e-01,0.00000000e+00,4.87880000e-01,4.92550000e-01
6.00000000e-01,0.00000000e+00,4.97100000e-01,4.82760000e-01
6.20000000e-01,0.00000000e+00,5.05250000e-01,4.73970000e-01
6.40000000e-01,0.00000000e+00,5.11620000e-01,4.67390000e-01
6.60000000e-01,0.00000000e+00,5.15610000e-01,4.63810000e-01
6.80000000e-01,0.00000000e+00,5.16780000e-01,4.63450000e-01
7.00000000e-01,0.00000000e+00,5.14930000e-01,4.66070000e-01
7.20000000e-01,0.00000000e+00,5.10190000e-01,4.71050000e-01
7.40000000e-01,0.00000000e+00,5.03080000e-01,4.77730000e-01
7.60000000e-01,0.00000000e+00,4.94360000e-01,4.85530000e-01
7.80000000e-01,0.00000000e+00,4.84950000e-01,4.93950000e-01
8.00000000e-01,0.00000000e+00,4.75840000e-01,5.02490000e-01
8.20000000e-01,0.00000000e+00,4.68060000e-01,5.10420000e-01
8.40000000e-01,0.00000000e+00,4.62590000e-01,5.16770000e-01
8.60000000e-01,0.00000000e+00,4.60220000e-01,5.20480000e-01
8.80000000e-01,0.00000000e+00,4.61300000e-01,5.20740000e-01
9.00000000e-01,0.00000000e+00,4.65640000e-01,5.17330000e-01
9.20000000e-01,0.00000000e+00,4.72570000e-01,5.10810000e-01
9.40000000e-01,0.00000000e+00,4.80870000e-01,5.02510000e-01
9.60000000e-01,0.00000000e+00,4.88680000e-01,4.94600000e-01
9.80000000e-01,0.00000000e+00,4.93330000e-01,4.89930000e-01
1.00000000e+00,0.00000000e+00,4.93810000e-01,4.89450000e-01
0.00000000e+00,2.00000000e-02,4.94350000e-01,4.88890000e-01
2.00000000e-02,2.00000000e-02,5.06420000e-01,4.76870000e-01
4.00000000e-02,2.00000000e-02,5.10010000e-01,4.73040000e-01
6.00000000e-02,2.00000000e-02,5.00280000e-01,4.82410000e-01
8.00000000e-02,2.00000000e-02,4.83220000e-01,4.99470000e-01
1.00000000e-01,2.00000000e-02,4.63910000e-01,5.18820000e-01
1.20000000e-01,2.00000000e-02,4.46030000e-01,5.36090000e-01
1.40000000e-01,2.00000000e-02,4.32530000e-01,5.47960000e-01
1.60000000e-01,2.00000000e-02,4.25610000e-01,5.52420000e-01
1.80000000e-01,2.00000000e-02,4.26350000e-01,5.49180000e-01
2.00000000e-01,2.00000000e-02,4.34530000e-01,5.39400000e-01
2.20000000e-01,2.00000000e-02,4.48870000e-01,5.24910000e-01
2.40000000e-01,2.00000000e-02,4.67490000e-01,5.07550000e-01
2.60000000e-01,2.00000000e-02,4.88200000e-01,4.88860000e-01
2.80000000e-01,2.00000000e-02,5.08620000e-01,4.70330000e-01
3.00000000e-01,2.00000000e-02,5.26180000e-01,4.53780000e-01
3.20000000e-01,2.00000000e-02,5.38440000e-01,4.41330000e-01
3.40000000e-01,2.00000000e-02,5.43640000e-01,4.35010000e-01
3.60000000e-01,2.00000000e-02,5.41280000e-01,4.36060000e-01
3.80000000e-01,2.00000000e-02,5.32230000e-01,4.44410000e-01
4.00000000e-01,2.00000000e-02,5.18290000e-01,4.58660000e-01
4.20000000e-01,2.00000000e-02,5.01660000e-01,4.76410000e-01
4.40000000e-01,2.00000000e-02,4.84660000e-01,4.94700000e-01
4.60000000e-01,2.00000000e-02,4.69630000e-01,5.10590000e-01
4.80000000e-01,2.00000000e-02,4.58740000e-01,5.21620000e-01
5.00000000e-01,2.00000000e-02,4.53670000e-01,5.26370000e-01
5.20000000e-01,2.00000000e-02,4.55000000e-01,5.24730000e-01
5.40000000e-01,2.00000000e-02,4.61990000e-01,5.17800000e-01
5.60000000e-01,2.00000000e-02,4.72730000e-01,5.07510000e-01
5.80000000e-01,2.00000000e-02,4.84700000e-01,4.96090000e-01
6.00000000e-01,2.00000000e-02,4.95480000e-01,4.85620000e-01
6.20000000e-01,2.00000000e-02,5.03360000e-01,4.77700000e-01
6.40000000e-01,2.00000000e-02,5.07570000e-01,4.73290000e-01
6.60000000e-01,2.00000000e-02,5.08290000e-01,4.72490000e-01
6.80000000e-01,2.00000000e-02,5.06310000e-01,4.74670000e-01
7.00000000e-01,2.00000000e-02,5.02680000e-01,4.78700000e-01
7.20000000e-01,2.00000000e-02,4.98380000e-01,4.83370000e-01
7.40000000e-01,2.00000000e-02,4.94140000e-01,4.87750000e-01
7.60000000e-01,2.00000000e-02,4.90320000e-01,4.91400000e-01
7.80000000e-01,2.00000000e-02,4.87050000e-01,4.94330000e-01
8.00000000e-01,2.00000000e-02,4.84340000e-01,4.96710000e-01
8.20000000e-01,2.00000000e-02,4.82210000e-01,4.98710000e-01
8.40000000e-01,2.00000000e-02,4.80790000e-01,5.00290000e-01
8.60000000e-01,2.00000000e-02,4.80290000e-01,5.01230000e-01
8.80000000e-01,2.00000000e-02,4.80890000e-01,5.01200000e-01
9.00000000e-01,2.00000000e-02,4.82660000e-01,4.99960000e-01
9.20000000e-01,2.00000000e-02,4.85430000e-01,4.97580000e-01
9.40000000e-01,2.00000000e-02,4.88710000e-01,4.94490000e-01
9.60000000e-01,2.00000000e-02,4.91730000e-01,4.91540000e-01
9.80000000e-01,2.00000000e-02,4.93470000e-01,4.89810000e-01
1.00000000e+00,2.00000000e-02,4.94350000e-01,4.88890000e-01
0.00000000e+00,4.00000000e-02,4.90380000e-01,4.92880000e-01
2.00000000e-02,4.00000000e-02,5.10010000e-01,4.73040000e-01
4.00000000e-02,4.00000000e-02,5.32760000e-01,4.49740000e-01
6.00000000e-02,4.00000000e-02,5.36830000e-01,4.44330000e-01
8.00000000e-02,4.00000000e-02,5.23720000e-01,4.56330000e-01
1.00000000e-01,4.00000000e-02,4.99460000e-01,4.80350000e-01
1.20000000e-01,4.00000000e-02,4.69620000e-01,5.10210000e-01
1.40000000e-01,4.00000000e-02,4.39310000e-01,5.39680000e-01
1.60000000e-01,4.00000000e-02,4.13510000e-01,5.63090000e-01
1.80000000e-01,4.00000000e-02,3.96470000e-01,5.76440000e-01
2.00000000e-01,4.00000000e-02,3.90680000e-01,5.78400000e-01
2.20000000e-01,4.00000000e-02,3.96570000e-01,5.70040000e-01
2.40000000e-01,4.00000000e-02,4.12840000e-01,5.53580000e-01
2.60000000e-01,4.00000000e-02,4.37240000e-01,5.31230000e-01
2.80000000e-01,4.00000000e-02,4.66940000e-01,5.04850000e-01
3.00000000e-01,4.00000000e-02,4.98520000e-01,4.76470000e-01
3.20000000e-01,4.00000000e-02,5.27910000e-01,4.48990000e-01
3.40000000e-01,4.00000000e-02,5.50780000e-01,4.26230000e-01
3.60000000e-01,4.00000000e-02,5.63710000e-01,4.11950000e-01
3.80000000e-01,4.00000000e-02,5.65230000e-01,4.08620000e-01
4.00000000e-01,4.00000000e-02,5.56150000e-01,4.16640000e-01
4.20000000e-01,4.00000000e-02,5.38780000e-01,4.34410000e-01
4.40000000e-01,4.00000000e-02,5.16140000e-01,4.58740000e-01
4.60000000e-01,4.00000000e-02,4.91570000e-01,4.85490000e-01
4.80000000e-01,4.00000000e-02,4.68700000e-01,5.10130000e-01
5.00000000e-01,4.00000000e-02,4.51130000e-01,5.28560000e-01
5.20000000e-01,4.00000000e-02,4.41690000e-01,5.38020000e-01
5.40000000e-01,4.00000000e-02,4.41600000e-01,5.37850000e-01
5.60000000e-01,4.00000000e-02,4.50020000e-01,5.29430000e-01
5.80000000e-01,4.00000000e-02,4.64330000e-01,5.15590000e-01
6.00000000e-01,4.00000000e-02,4.80910000e-01,4.99740000e-01
6.20000000e-01,4.00000000e-02,4.96110000e-01,4.85160000e-01
6.40000000e-01,4.00000000e-02,5.07160000e-01,4.74430000e-01
6.60000000e-01,4.00000000e-02,5.12660000e-01,4.69010000e-01
6.80000000e-01,4.00000000e-02,5.12710000e-01,4.69010000e-01
7.00000000e-01,4.00000000e-02,5.08560000e-01,4.73340000e-01
7.20000000e-01,4.00000000e-02,5.02030000e-01,4.80160000e-01
7.40000000e-01,4.00000000e-02,4.94920000e-01,4.87500000e-01
7.60000000e-01,4.00000000e-02,4.88660000e-01,4.93820000e-01
7.80000000e-01,4.00000000e-02,4.84050000e-01,4.98320000e-01
8.00000000e-01,4.00000000e-02,4.81370000e-01,5.00840000e-01
8.20000000e-01,4.00000000e-02,4.80490000e-01,5.01640000e-01
8.40000000e-01,4.00000000e-02,4.81090000e-01,5.01100000e-01
8.60000000e-01,4.00000000e-02,4.82810000e-01,4.99580000e-01
8.80000000e-01,4.00000000e-02,4.85320000e-01,4.97340000e-01
9.00000000e-01,4.00000000e-02,4.88300000e-01,4.94600000e-01
9.20000000e-01,4.00000000e-02,4.91360000e-01,4.91740000e-01
9.40000000e-01,4.00000000e-02,4.93900000e-01,4.89300000e-01
9.60000000e-01,4.00000000e-02,4.95160000e-01,4.88100000e-01
9.80000000e-01,4.00000000e-02,4.94120000e-01,4.89170000e-01
1.00000000e+00,4.00000000e-02,4.90380000e-01,4.92880000e-01
0.00000000e+00,6.00000000e-02,4.82740000e-01,5.00670000e-01
2.00000000e-02,6.00000000e-02,5.00280000e-01,4.82410000e-01
4.00000000e-02,6.00000000e-02,5.36830000e-01,4.44330000e-01
6.00000000e-02,6.00000000e-02,5.60570000e-01,4.18060000e-01
8.00000000e-02,6.00000000e-02,5.63260000e-01,4.12630000e-01
1.00000000e-01,6.00000000e-02,5.46960000e-01,4.27620000e-01
1.20000000e-01,6.00000000e-02,5.16460000e-01,4.58520000e-01
1.40000000e-01,6.00000000e-02,4.76990000e-01,4.98760000e-01
1.60000000e-01,6.00000000e-02,4.34680000e-01,5.40330000e-01
1.80000000e-01,6.00000000e-02,3.96580000e-01,5.75060000e-01
2.00000000e-01,6.00000000e-02,3.69100000e-01,5.96960000e-01
2.20000000e-01,6.00000000e-02,3.56130000e-01,6.03950000e-01
2.40000000e-01,6.00000000e-02,3.58680000e-01,5.97400000e-01
2.60000000e-01,6.00000000e-02,3.75540000e-01,5.80120000e-01
2.80000000e-01,6.00000000e-02,4.04350000e-01,5.54540000e-01
3.00000000e-01,6.00000000e-02,4.41920000e-01,5.22370000e-01
3.20000000e-01,6.00000000e-02,4.84020000e-01,4.85650000e-01
3.40000000e-01,6.00000000e-02,5.25040000e-01,4.48050000e-01
3.60000000e-01,6.00000000e-02,5.58640000e-01,4.15000000e-01
3.80000000e-01,6.00000000e-02,5.79650000e-01,3.92070000e-01
4.00000000e-01,6.00000000e-02,5.85780000e-01,3.83110000e-01
4.20000000e-01,6.00000000e-02,5.77890000e-01,3.89180000e-01
4.40000000e-01,6.00000000e-02,5.58700000e-01,4.08770000e-01
4.60000000e-01,6.00000000e-02,5.31680000e-01,4.38330000e-01
4.80000000e-01,6.00000000e-02,5.00800000e-01,4.72750000e-01
5.00000000e-01,6.00000000e-02,4.70700000e-01,5.05970000e-01
5.20000000e-01,6.00000000e-02,4.46380000e-01,5.32060000e-01
5.40000000e-01,6.00000000e-02,4.32020000e-01,5.46800000e-01
5.60000000e-01,6.00000000e-02,4.29650000e-01,5.48890000e-01
5.80000000e-01,6.00000000e-02,4.38540000e-01,5.39890000e-01
6.00000000e-01,6.00000000e-02,4.55530000e-01,5.23410000e-01
6.20000000e-01,6.00000000e-02,4.75990000e-01,5.03910000e-01
6.40000000e-01,6.00000000e-02,4.95070000e-01,4.85790000e-01
6.60000000e-01,6.00000000e-02,5.08900000e-01,4.72600000e-01
6.80000000e-01,6.00000000e-02,5.15430000e-01,4.66400000e-01
7.00000000e-01,6.00000000e-02,5.14690000e-01,4.67350000e-01
7.20000000e-01,6.00000000e-02,5.08390000e-01,4.73900000e-01
7.40000000e-01,6.00000000e-02,4.99180000e-01,4.83380000e-01
7.60000000e-01,6.00000000e-02,4.89780000e-01,4.92960000e-01
7.80000000e-01,6.00000000e-02,4.82360000e-01,5.00400000e-01
8.00000000e-01,6.00000000e-02,4.78200000e-01,5.04500000e-01
8.20000000e-01,6.00000000e-02,4.77540000e-01,5.05100000e-01
8.40000000e-01,6.00000000e-02,4.79870000e-01,5.02810000e-01
8.60000000e-01,6.00000000e-02,4.84130000e-01,4.98660000e-01
8.80000000e-01,6.00000000e-02,4.89110000e-01,4.93810000e-01
9.00000000e-01,6.00000000e-02,4.93700000e-01,4.89340000e-01
9.20000000e-01,6.00000000e-02,4.96950000e-01,4.86170000e-01
9.40000000e-01,6.00000000e-02,4.98170000e-01,4.85010000e-01
9.60000000e-01,6.00000000e-02,4.96870000e-01,4.86360000e-01
9.80000000e-01,6.00000000e-02,4.92560000e-01,4.90710000e-01
1.00000000e+00,6.00000000e-02,4.82740000e-01,5.00670000e-01
0.00000000e+00,8.00000000e-02,4.74240000e-01,5.09280000e-01
2.00000000e-02,8.00000000e-02,4.83220000e-01,4.99470000e-01
4.00000000e-02,8.00000000e-02,5.23720000e-01,4.56330000e-01
6.00000000e-02,8.00000000e-02,5.63260000e-01,4.12630000e-01
8.00000000e-02,8.00000000e-02,5.86030000e-01,3.84780000e-01
1.00000000e-01,8.00000000e-02,5.87310000e-01,3.79640000e-01
1.20000000e-01,8.00000000e-02,5.68600000e-01,3.97540000e-01
1.40000000e-01,8.00000000e-02,5.33210000e-01,4.34870000e-01
1.60000000e-01,8.00000000e-02,4.85500000e-01,4.84870000e-01
1.80000000e-01,8.00000000e-02,4.32250000e-01,5.37890000e-01
2.00000000e-01,8.00000000e-02,3.82470000e-01,5.83290000e-01
2.20000000e-01,8.00000000e-02,3.44620000e-01,6.13200000e-01
2.40000000e-01,8.00000000e-02,3.23930000e-01,6.25150000e-01
2.60000000e-01,8.00000000e-02,3.21880000e-01,6.21130000e-01
2.80000000e-01,8.00000000e-02,3.37580000e-01,6.04560000e-01
3.00000000e-01,8.00000000e-02,3.68970000e-01,5.77760000e-01
3.20000000e-01,8.00000000e-02,4.13020000e-01,5.41770000e-01
3.40000000e-01,8.00000000e-02,4.64970000e-01,4.98110000e-01
3.60000000e-01,8.00000000e-02,5.17650000e-01,4.50930000e-01
3.80000000e-01,8.00000000e-02,5.62450000e-01,4.07280000e-01
4.00000000e-01,8.00000000e-02,5.92220000e-01,3.74760000e-01
4.20000000e-01,8.00000000e-02,6.03890000e-01,3.58740000e-01
4.40000000e-01,8.00000000e-02,5.98450000e-01,3.61130000e-01
4.60000000e-01,8.00000000e-02,5.78970000e-01,3.80860000e-01
4.80000000e-01,8.00000000e-02,5.49030000e-01,4.14370000e-01
5.00000000e-01,8.00000000e-02,5.12840000e-01,4.55900000e-01
5.20000000e-01,8.00000000e-02,4.75900000e-01,4.97800000e-01
5.40000000e-01,8.00000000e-02,4.44650000e-01,5.32100000e-01
5.60000000e-01,8.00000000e-02,4.24710000e-01,5.52880000e-01
5.80000000e-01,8.00000000e-02,4.19000000e-01,5.58150000e-01
6.00000000e-01,8.00000000e-02,4.27000000e-01,5.49730000e-01
6.20000000e-01,8.00000000e-02,4.45190000e-01,5.31920000e-01
6.40000000e-01,8.00000000e-02,4.68130000e-01,5.10130000e-01
6.60000000e-01,8.00000000e-02,4.89930000e-01,4.89700000e-01
6.80000000e-01,8.00000000e-02,5.05770000e-01,4.75020000e-01
7.00000000e-01,8.00000000e-02,5.13040000e-01,4.68510000e-01
7.20000000e-01,8.00000000e-02,5.11850000e-01,4.70210000e-01
7.40000000e-01,8.00000000e-02,5.04500000e-01,4.77920000e-01
7.60000000e-01,8.00000000e-02,4.94490000e-01,4.88200000e-01
7.80000000e-01,8.00000000e-02,4.85320000e-01,4.97510000e-01
8.00000000e-01,8.00000000e-02,4.79580000e-01,5.03270000e-01
8.20000000e-01,8.00000000e-02,4.78420000e-01,5.04420000e-01
8.40000000e-01,8.00000000e-02,4.81500000e-01,5.01350000e-01
8.60000000e-01,8.00000000e-02,4.87310000e-01,4.95580000e-01
8.80000000e-01,8.00000000e-02,4.93810000e-01,4.89150000e-01
9.00000000e-01,8.00000000e-02,4.98980000e-01,4.84030000e-01
9.20000000e-01,8.00000000e-02,5.01400000e-01,4.81670000e-01
9.40000000e-01,8.00000000e-02,5.00490000e-01,4.82630000e-01
9.60000000e-01,8.00000000e-02,4.96530000e-01,4.86620000e-01
9.80000000e-01,8.00000000e-02,4.89720000e-01,4.93440000e-01
1.00000000e+00,8.00000000e-02,4.74240000e-01,5.09280000e-01
0.00000000e+00,1.00000000e-01,4.66850000e-01,5.16360000e-01
2.00000000e-02,1.00000000e-01,4.63910000e-01,5.18820000e-01
4.00000000e-02,1.00000000e-01,4.99460000e-01,4.80350000e-01
6.00000000e-02,1.00000000e-01,5.46960000e-01,4.27620000e-01
8.00000000e-02,1.00000000e-01,5.87310000e-01,3.79640000e-01
1.00000000e-01,1.00000000e-01,6.09320000e-01,3.49810000e-01
1.20000000e-01,1.00000000e-01,6.09940000e-01,3.44520000e-01
1.40000000e-01,1.00000000e-01,5.90060000e-01,3.64780000e-01
1.60000000e-01,1.00000000e-01,5.51230000e-01,4.07910000e-01
1.80000000e-01,1.00000000e-01,4.96490000e-01,4.67240000e-01
2.00000000e-01,1.00000000e-01,4.32870000e-01,5.31670000e-01
2.20000000e-01,1.00000000e-01,3.71220000e-01,5.88000000e-01
2.40000000e-01,1.00000000e-01,3.22280000e-01,6.26410000e-01
2.60000000e-01,1.00000000e-01,2.92670000e-01,6.44070000e-01
2.80000000e-01,1.00000000e-01,2.84550000e-01,6.43740000e-01
3.00000000e-01,1.00000000e-01,2.97520000e-01,6.29300000e-01
3.20000000e-01,1.00000000e-01,3.30190000e-01,6.02690000e-01
3.40000000e-01,1.00000000e-01,3.80070000e-01,5.63890000e-01
3.60000000e-01,1.00000000e-01,4.42080000e-01,5.13600000e-01
3.80000000e-01,1.00000000e-01,5.07350000e-01,4.56340000e-01
4.00000000e-01,1.00000000e-01,5.64480000e-01,4.00970000e-01
4.20000000e-01,1.00000000e-01,6.04020000e-01,3.57460000e-01
4.40000000e-01,1.00000000e-01,6.22090000e-01,3.32970000e-01
4.60000000e-01,1.00000000e-01,6.19960000e-01,3.30480000e-01
4.80000000e-01,1.00000000e-01,6.00930000e-01,3.49510000e-01
5.00000000e-01,1.00000000e-01,5.68560000e-01,3.86760000e-01
5.20000000e-01,1.00000000e-01,5.27130000e-01,4.35860000e-01
5.40000000e-01,1.00000000e-01,4.82940000e-01,4.87400000e-01
5.60000000e-01,1.00000000e-01,4.43930000e-01,5.30960000e-01
5.80000000e-01,1.00000000e-01,4.17250000e-01,5.58770000e-01
6.00000000e-01,1.00000000e-01,4.06800000e-01,5.68200000e-01
6.20000000e-01,1.00000000e-01,4.12410000e-01,5.61420000e-01
6.40000000e-01,1.00000000e-01,4.30440000e-01,5.43440000e-01
6.60000000e-01,1.00000000e-01,4.54970000e-01,5.20350000e-01
6.80000000e-01,1.00000000e-01,4.79270000e-01,4.98200000e-01
7.00000000e-01,1.00000000e-01,4.97620000e-01,4.81900000e-01
7.20000000e-01,1.00000000e-01,5.06930000e-01,4.74070000e-01
7.40000000e-01,1.00000000e-01,5.07370000e-01,4.74520000e-01
7.60000000e-01,1.00000000e-01,5.01740000e-01,4.80620000e-01
7.80000000e-01,1.00000000e-01,4.94030000e-01,4.88550000e-01
8.00000000e-01,1.00000000e-01,4.87920000e-01,4.94740000e-01
8.20000000e-01,1.00000000e-01,4.85710000e-01,4.96960000e-01
8.40000000e-01,1.00000000e-01,4.87780000e-01,4.94890000e-01
8.60000000e-01,1.00000000e-01,4.92840000e-01,4.89860000e-01
8.80000000e-01,1.00000000e-01,4.98550000e-01,4.84220000e-01
9.00000000e-01,1.00000000e-01,5.02510000e-01,4.80370000e-01
9.20000000e-01,1.00000000e-01,5.03110000e-01,4.79860000e-01
9.40000000e-01,1.00000000e-01,5.00110000e-01,4.82910000e-01
9.60000000e-01,1.00000000e-01,4.94500000e-01,4.88500000e-01
9.80000000e-01,1.00000000e-01,4.86560000e-01,4.96280000e-01
1.00000000e+00,1.00000000e-01,4.66850000e-01,5.16360000e-01
0.00000000e+00,1.20000000e-01,4.61860000e-01,5.20400000e-01
2.00000000e-02,1.20000000e-01,4.46030000e-01,5.36090000e-01
4.00000000e-02,1.20000000e-01,4.69620000e-01,5.10210000e-01
6.00000000e-02,1.20000000e-01,5.16460000e-01,4.58520000e-01
8.00000000e-02,1.20000000e-01,5.68600000e-01,3.97540000e-01
1.00000000e-01,1.20000000e-01,6.09940000e-01,3.44520000e-01
1.20000000e-01,1.20000000e-01,6.32000000e-01,3.11940000e-01
1.40000000e-01,1.20000000e-01,6.32960000e-01,3.05990000e-01
1.60000000e-01,1.20000000e-01,6.12920000e-01,3.28350000e-01
1.80000000e-01,1.20000000e-01,5.71440000e-01,3.77290000e-01
2.00000000e-01,1.20000000e-01,5.09860000e-01,4.46460000e-01
2.20000000e-01,1.20000000e-01,4.35290000e-01,5.23280000e-01
2.40000000e-01,1.20000000e-01,3.60730000e-01,5.91650000e-01
2.60000000e-01,1.20000000e-01,2.99660000e-01,6.39440000e-01
2.80000000e-01,1.20000000e-01,2.60440000e-01,6.63520000e-01
3.00000000e-01,1.20000000e-01,2.45880000e-01,6.67410000e-01
3.20000000e-01,1.20000000e-01,2.56010000e-01,6.55450000e-01
3.40000000e-01,1.20000000e-01,2.90020000e-01,6.29100000e-01
3.60000000e-01,1.20000000e-01,3.46030000e-01,5.87260000e-01
3.80000000e-01,1.20000000e-01,4.18830000e-01,5.29680000e-01
4.00000000e-01,1.20000000e-01,4.97620000e-01,4.61300000e-01
4.20000000e-01,1.20000000e-01,5.67850000e-01,3.93080000e-01
4.40000000e-01,1.20000000e-01,6.17460000e-01,3.37780000e-01
4.60000000e-01,1.20000000e-01,6.41910000e-01,3.04570000e-01
4.80000000e-01,1.20000000e-01,6.42850000e-01,2.97460000e-01
5.00000000e-01,1.20000000e-01,6.23930000e-01,3.16470000e-01
5.20000000e-01,1.20000000e-01,5.88610000e-01,3.58440000e-01
5.40000000e-01,1.20000000e-01,5.41200000e-01,4.16270000e-01
5.60000000e-01,1.20000000e-01,4.88810000e-01,4.78550000e-01
5.80000000e-01,1.20000000e-01,4.40930000e-01,5.32160000e-01
6.00000000e-01,1.20000000e-01,4.06330000e-01,5.67490000e-01
6.20000000e-01,1.20000000e-01,3.90040000e-01,5.81490000e-01
6.40000000e-01,1.20000000e-01,3.92530000e-01,5.76750000e-01
6.60000000e-01,1.20000000e-01,4.10390000e-01,5.58740000e-01
6.80000000e-01,1.20000000e-01,4.37380000e-01,5.33980000e-01
7.00000000e-01,1.20000000e-01,4.65900000e-01,5.09000000e-01
7.20000000e-01,1.20000000e-01,4.89130000e-01,4.89150000e-01
7.40000000e-01,1.20000000e-01,5.03240000e-01,4.77350000e-01
7.60000000e-01,1.20000000e-01,5.08180000e-01,4.73520000e-01
7.80000000e-01,1.20000000e-01,5.06770000e-01,4.75240000e-01
8.00000000e-01,1.20000000e-01,5.02900000e-01,4.79080000e-01
8.20000000e-01,1.20000000e-01,4.99790000e-01,4.82120000e-01
8.40000000e-01,1.20000000e-01,4.99060000e-01,4.82890000e-01
8.60000000e-01,1.20000000e-01,5.00480000e-01,4.81630000e-01
8.80000000e-01,1.20000000e-01,5.02520000e-01,4.79860000e-01
9.00000000e-01,1.20000000e-01,5.03240000e-01,4.79400000e-01
9.20000000e-01,1.20000000e-01,5.01430000e-01,4.81420000e-01
9.40000000e-01,1.20000000e-01,4.97130000e-01,4.85800000e-01
9.60000000e-01,1.20000000e-01,4.91370000e-01,4.91410000e-01
9.80000000e-01,1.20000000e-01,4.83780000e-01,4.98540000e-01
1.00000000e+00,1.20000000e-01,4.61860000e-01,5.20400000e-01
0.00000000e+00,1.40000000e-01,4.60100000e-01,5.20720000e-01
2.00000000e-02,1.40000000e-01,4.32530000e-01,5.47960000e-01
4.00000000e-02,1.40000000e-01,4.39310000e-01,5.39680000e-01
6.00000000e-02,1.40000000e-01,4.76990000e-01,4.98760000e-01
8.00000000e-02,1.40000000e-01,5.33210000e-01,4.34870000e-01
1.00000000e-01,1.40000000e-01,5.90060000e-01,3.64780000e-01
1.20000000e-01,1.40000000e-01,6.32960000e-01,3.05990000e-01
1.40000000e-01,1.40000000e-01,6.55700000e-01,2.70650000e-01
1.60000000e-01,1.40000000e-01,6.57380000e-01,2.64640000e-01
1.80000000e-01,1.40000000e-01,6.37140000e-01,2.89930000e-01
2.00000000e-01,1.40000000e-01,5.92590000e-01,3.45620000e-01
2.20000000e-01,1.40000000e-01,5.23340000e-01,4.25710000e-01
2.40000000e-01,1.40000000e-01,4.36730000e-01,5.16020000e-01
2.60000000e-01,1.40000000e-01,3.48500000e-01,5.97130000e-01
2.80000000e-01,1.40000000e-01,2.75420000e-01,6.54420000e-01
3.00000000e-01,1.40000000e-01,2.27680000e-01,6.84550000e-01
3.20000000e-01,1.40000000e-01,2.08260000e-01,6.91970000e-01
3.40000000e-01,1.40000000e-01,2.16940000e-01,6.81570000e-01
3.60000000e-01,1.40000000e-01,2.53160000e-01,6.54550000e-01
3.80000000e-01,1.40000000e-01,3.15690000e-01,6.08840000e-01
4.00000000e-01,1.40000000e-01,3.99340000e-01,5.43290000e-01
4.20000000e-01,1.40000000e-01,4.91470000e-01,4.63260000e-01
4.40000000e-01,1.40000000e-01,5.74190000e-01,3.82140000e-01
4.60000000e-01,1.40000000e-01,6.32930000e-01,3.15810000e-01
4.80000000e-01,1.40000000e-01,6.62600000e-01,2.75450000e-01
5.00000000e-01,1.40000000e-01,6.65420000e-01,2.65630000e-01
5.20000000e-01,1.40000000e-01,6.45430000e-01,2.86420000e-01
5.40000000e-01,1.40000000e-01,6.06070000e-01,3.34530000e-01
5.60000000e-01,1.40000000e-01,5.51710000e-01,4.02000000e-01
5.80000000e-01,1.40000000e-01,4.90240000e-01,4.75240000e-01
6.00000000e-01,1.40000000e-01,4.32780000e-01,5.38550000e-01
6.20000000e-01,1.40000000e-01,3.89960000e-01,5.80710000e-01
6.40000000e-01,1.40000000e-01,3.68280000e-01,5.98450000e-01
6.60000000e-01,1.40000000e-01,3.69070000e-01,5.94640000e-01
6.80000000e-01,1.40000000e-01,3.89130000e-01,5.75000000e-01
7.00000000e-01,1.40000000e-01,4.21590000e-01,5.46410000e-01
7.20000000e-01,1.40000000e-01,4.57420000e-01,5.16000000e-01
7.40000000e-01,1.40000000e-01,4.88190000e-01,4.89860000e-01
7.60000000e-01,1.40000000e-01,5.08930000e-01,4.71680000e-01
7.80000000e-01,1.40000000e-01,5.19060000e-01,4.62210000e-01
8.00000000e-01,1.40000000e-01,5.21060000e-01,4.59910000e-01
8.20000000e-01,1.40000000e-01,5.18420000e-01,4.62210000e-01
8.40000000e-01,1.40000000e-01,5.14100000e-01,4.66590000e-01
8.60000000e-01,1.40000000e-01,5.09730000e-01,4.71420000e-01
8.80000000e-01,1.40000000e-01,5.05670000e-01,4.76130000e-01
9.00000000e-01,1.40000000e-01,5.01550000e-01,4.80830000e-01
9.20000000e-01,1.40000000e-01,4.97030000e-01,4.85710000e-01
9.40000000e-01,1.40000000e-01,4.92300000e-01,4.90520000e-01
9.60000000e-01,1.40000000e-01,4.87760000e-01,4.94770000e-01
9.80000000e-01,1.40000000e-01,4.81810000e-01,4.99890000e-01
1.00000000e+00,1.40000000e-01,4.60100000e-01,5.20720000e-01
0.00000000e+00,1.60000000e-01,4.61850000e-01,5.17500000e-01
2.00000000e-02,1.60000000e-01,4.25610000e-01,5.52420000e-01
4.00000000e-02,1.60000000e-01,4.13510000e-01,5.63090000e-01
6.00000000e-02,1.60000000e-01,4.34680000e-01,5.40330000e-01
8.00000000e-02,1.60000000e-01,4.85500000e-01,4.84870000e-01
1.00000000e-01,1.60000000e-01,5.51230000e-01,4.07910000e-01
1.20000000e-01,1.60000000e-01,6.12920000e-01,3.28350000e-01
1.40000000e-01,1.60000000e-01,6.57380000e-01,2.64640000e-01
1.60000000e-01,1.60000000e-01,6.80450000e-01,2.28330000e-01
1.80000000e-01,1.60000000e-01,6.82050000e-01,2.24200000e-01
2.00000000e-01,1.60000000e-01,6.60580000e-01,2.53900000e-01
2.20000000e-01,1.60000000e-01,6.11930000e-01,3.17230000e-01
2.40000000e-01,1.60000000e-01,5.34230000e-01,4.08610000e-01
2.60000000e-01,1.60000000e-01,4.35330000e-01,5.12290000e-01
2.80000000e-01,1.60000000e-01,3.34200000e-01,6.05440000e-01
3.00000000e-01,1.60000000e-01,2.51190000e-01,6.71000000e-01
3.20000000e-01,1.60000000e-01,1.97710000e-01,7.05680000e-01
3.40000000e-01,1.60000000e-01,1.75970000e-01,7.15050000e-01
3.60000000e-01,1.60000000e-01,1.84840000e-01,7.04800000e-01
3.80000000e-01,1.60000000e-01,2.23790000e-01,6.76110000e-01
4.00000000e-01,1.60000000e-01,2.92370000e-01,6.26130000e-01
4.20000000e-01,1.60000000e-01,3.85610000e-01,5.52820000e-01
4.40000000e-01,1.60000000e-01,4.89290000e-01,4.61960000e-01
4.60000000e-01,1.60000000e-01,5.82520000e-01,3.69570000e-01
4.80000000e-01,1.60000000e-01,6.48430000e-01,2.94710000e-01
5.00000000e-01,1.60000000e-01,6.81520000e-01,2.50110000e-01
5.20000000e-01,1.60000000e-01,6.84580000e-01,2.40200000e-01
5.40000000e-01,1.60000000e-01,6.62180000e-01,2.64600000e-01
5.60000000e-01,1.60000000e-01,6.17820000e-01,3.19640000e-01
5.80000000e-01,1.60000000e-01,5.56000000e-01,3.96400000e-01
6.00000000e-01,1.60000000e-01,4.85470000e-01,4.79200000e-01
6.20000000e-01,1.60000000e-01,4.19250000e-01,5.50120000e-01
6.40000000e-01,1.60000000e-01,3.70160000e-01,5.96780000e-01
6.60000000e-01,1.60000000e-01,3.46230000e-01,6.15790000e-01
6.80000000e-01,1.60000000e-01,3.49250000e-01,6.10170000e-01
7.00000000e-01,1.60000000e-01,3.75500000e-01,5.86000000e-01
7.20000000e-01,1.60000000e-01,4.16610000e-01,5.50850000e-01
7.40000000e-01,1.60000000e-01,4.61360000e-01,5.12890000e-01
7.60000000e-01,1.60000000e-01,4.99400000e-01,4.79540000e-01
7.80000000e-01,1.60000000e-01,5.24710000e-01,4.55850000e-01
8.00000000e-01,1.60000000e-01,5.36380000e-01,4.43780000e-01
8.20000000e-01,1.60000000e-01,5.36890000e-01,4.42510000e-01
8.40000000e-01,1.60000000e-01,5.30080000e-01,4.49250000e-01
8.60000000e-01,1.60000000e-01,5.19690000e-01,4.60390000e-01
8.80000000e-01,1.60000000e-01,5.08690000e-01,4.72510000e-01
9.00000000e-01,1.60000000e-01,4.98990000e-01,4.83160000e-01
9.20000000e-01,1.60000000e-01,4.91640000e-01,4.91030000e-01
9.40000000e-01,1.60000000e-01,4.86920000e-01,4.95800000e-01
9.60000000e-01,1.60000000e-01,4.84310000e-01,4.98010000e-01
9.80000000e-01,1.60000000e-01,4.80860000e-01,5.00310000e-01
1.00000000e+00,1.60000000e-01,4.61850000e-01,5.17500000e-01
0.00000000e+00,1.80000000e-01,4.66850000e-01,5.11490000e-01
2.00000000e-02,1.80000000e-01,4.26350000e-01,5.49180000e-01
4.00000000e-02,1.80000000e-01,3.96470000e-01,5.76440000e-01
6.00000000e-02,1.80000000e-01,3.96580000e-01,5.75060000e-01
8.00000000e-02,1.80000000e-01,4.32250000e-01,5.37890000e-01
1.00000000e-01,1.80000000e-01,4.96490000e-01,4.67240000e-01
1.20000000e-01,1.80000000e-01,5.71440000e-01,3.77290000e-01
1.40000000e-01,1.80000000e-01,6.37140000e-01,2.89930000e-01
1.60000000e-01,1.80000000e-01,6.82050000e-01,2.24200000e-01
1.80000000e-01,1.80000000e-01,7.04180000e-01,1.89800000e-01
2.00000000e-01,1.80000000e-01,7.04390000e-01,1.89470000e-01
2.20000000e-01,1.80000000e-01,6.80670000e-01,2.24290000e-01
2.40000000e-01,1.80000000e-01,6.27540000e-01,2.94870000e-01
2.60000000e-01,1.80000000e-01,5.41800000e-01,3.96370000e-01
2.80000000e-01,1.80000000e-01,4.31960000e-01,5.11680000e-01
3.00000000e-01,1.80000000e-01,3.20370000e-01,6.14850000e-01
3.20000000e-01,1.80000000e-01,2.30570000e-01,6.86670000e-01
3.40000000e-01,1.80000000e-01,1.74210000e-01,7.24050000e-01
3.60000000e-01,1.80000000e-01,1.51970000e-01,7.33880000e-01
3.80000000e-01,1.80000000e-01,1.61640000e-01,7.22850000e-01
4.00000000e-01,1.80000000e-01,2.02800000e-01,6.92310000e-01
4.20000000e-01,1.80000000e-01,2.75810000e-01,6.38770000e-01
4.40000000e-01,1.80000000e-01,3.76150000e-01,5.59280000e-01
4.60000000e-01,1.80000000e-01,4.88570000e-01,4.59930000e-01
4.80000000e-01,1.80000000e-01,5.89730000e-01,3.59270000e-01
5.00000000e-01,1.80000000e-01,6.60690000e-01,2.79180000e-01
5.20000000e-01,1.80000000e-01,6.95430000e-01,2.33180000e-01
5.40000000e-01,1.80000000e-01,6.97380000e-01,2.25070000e-01
5.60000000e-01,1.80000000e-01,6.71780000e-01,2.53720000e-01
5.80000000e-01,1.80000000e-01,6.22430000e-01,3.14970000e-01
6.00000000e-01,1.80000000e-01,5.54020000e-01,3.98760000e-01
6.20000000e-01,1.80000000e-01,4.76450000e-01,4.87740000e-01
6.40000000e-01,1.80000000e-01,4.04870000e-01,5.62520000e-01
6.60000000e-01,1.80000000e-01,3.54090000e-01,6.10100000e-01
6.80000000e-01,1.80000000e-01,3.32820000e-01,6.27020000e-01
7.00000000e-01,1.80000000e-01,3.42280000e-01,6.16640000e-01
7.20000000e-01,1.80000000e-01,3.77180000e-01,5.85820000e-01
7.40000000e-01,1.80000000e-01,4.26790000e-01,5.43360000e-01
7.60000000e-01,1.80000000e-01,4.77580000e-01,4.99030000e-01
7.80000000e-01,1.80000000e-01,5.17950000e-01,4.61880000e-01
8.00000000e-01,1.80000000e-01,5.41830000e-01,4.38150000e-01
8.20000000e-01,1.80000000e-01,5.48960000e-01,4.30050000e-01
8.40000000e-01,1.80000000e-01,5.42870000e-01,4.35760000e-01
8.60000000e-01,1.80000000e-01,5.28830000e-01,4.50570000e-01
8.80000000e-01,1.80000000e-01,5.12250000e-01,4.68530000e-01
9.00000000e-01,1.80000000e-01,4.97550000e-01,4.84450000e-01
9.20000000e-01,1.80000000e-01,4.87430000e-01,4.95210000e-01
9.40000000e-01,1.80000000e-01,4.82570000e-01,5.00120000e-01
9.60000000e-01,1.80000000e-01,4.81710000e-01,5.00490000e-01
9.80000000e-01,1.80000000e-01,4.80980000e-01,4.99920000e-01
1.00000000e+00,1.80000000e-01,4.66850000e-01,5.11490000e-01
0.00000000e+00,2.00000000e-01,4.74390000e-01,5.03760000e-01
2.00000000e-02,2.00000000e-01,4.34530000e-01,5.39400000e-01
4.00000000e-02,2.00000000e-01,3.90680000e-01,5.78400000e-01
6.00000000e-02,2.00000000e-01,3.69100000e-01,5.96960000e-01
8.00000000e-02,2.00000000e-01,3.82470000e-01,5.83290000e-01
1.00000000e-01,2.00000000e-01,4.32870000e-01,5.31670000e-01
1.20000000e-01,2.00000000e-01,5.09860000e-01,4.46460000e-01
1.40000000e-01,2.00000000e-01,5.92590000e-01,3.45620000e-01
1.60000000e-01,2.00000000e-01,6.60580000e-01,2.53900000e-01
1.80000000e-01,2.00000000e-01,7.04390000e-01,1.89470000e-01
2.00000000e-01,2.00000000e-01,7.24380000e-01,1.58900000e-01
2.20000000e-01,2.00000000e-01,7.22560000e-01,1.62760000e-01
2.40000000e-01,2.00000000e-01,6.96680000e-01,2.01880000e-01
2.60000000e-01,2.00000000e-01,6.39980000e-01,2.77960000e-01
2.80000000e-01,2.00000000e-01,5.47950000e-01,3.87110000e-01
3.00000000e-01,2.00000000e-01,4.29660000e-01,5.11420000e-01
3.20000000e-01,2.00000000e-01,3.10510000e-01,6.22330000e-01
3.40000000e-01,2.00000000e-01,2.16390000e-01,6.98670000e-01
3.60000000e-01,2.00000000e-01,1.58490000e-01,7.37560000e-01
3.80000000e-01,2.00000000e-01,1.35930000e-01,7.47250000e-01
4.00000000e-01,2.00000000e-01,1.45680000e-01,7.35550000e-01
4.20000000e-01,2.00000000e-01,1.87590000e-01,7.04200000e-01
4.40000000e-01,2.00000000e-01,2.62770000e-01,6.49030000e-01
4.60000000e-01,2.00000000e-01,3.67230000e-01,5.65960000e-01
4.80000000e-01,2.00000000e-01,4.85380000e-01,4.61230000e-01
5.00000000e-01,2.00000000e-01,5.92220000e-01,3.55480000e-01
5.20000000e-01,2.00000000e-01,6.66730000e-01,2.72680000e-01
5.40000000e-01,2.00000000e-01,7.02210000e-01,2.26640000e-01
5.60000000e-01,2.00000000e-01,7.02770000e-01,2.20360000e-01
5.80000000e-01,2.00000000e-01,6.74590000e-01,2.51990000e-01
6.00000000e-01,2.00000000e-01,6.21890000e-01,3.16540000e-01
6.20000000e-01,2.00000000e-01,5.49870000e-01,4.03120000e-01
6.40000000e-01,2.00000000e-01,4.69610000e-01,4.93660000e-01
6.60000000e-01,2.00000000e-01,3.97870000e-01,5.68300000e-01
6.80000000e-01,2.00000000e-01,3.50270000e-01,6.13740000e-01
7.00000000e-01,2.00000000e-01,3.35000000e-01,6.26510000e-01
7.20000000e-01,2.00000000e-01,3.51770000e-01,6.10670000e-01
7.40000000e-01,2.00000000e-01,3.93100000e-01,5.74340000e-01
7.60000000e-01,2.00000000e-01,4.46020000e-01,5.27920000e-01
7.80000000e-01,2.00000000e-01,4.95890000e-01,4.82680000e-01
8.00000000e-01,2.00000000e-01,5.31580000e-01,4.48500000e-01
8.20000000e-01,2.00000000e-01,5.48400000e-01,4.31210000e-01
8.40000000e-01,2.00000000e-01,5.47690000e-01,4.31380000e-01
8.60000000e-01,2.00000000e-01,5.34700000e-01,4.44810000e-01
8.80000000e-01,2.00000000e-01,5.16240000e-01,4.64510000e-01
9.00000000e-01,2.00000000e-01,4.98650000e-01,4.83320000e-01
9.20000000e-01,2.00000000e-01,4.86300000e-01,4.96340000e-01
9.40000000e-01,2.00000000e-01,4.80730000e-01,5.01980000e-01
9.60000000e-01,2.00000000e-01,4.80670000e-01,5.01560000e-01
9.80000000e-01,2.00000000e-01,4.82140000e-01,4.98850000e-01
1.00000000e+00,2.00000000e-01,4.74390000e-01,5.03760000e-01
0.00000000e+00,2.20000000e-01,4.83480000e-01,4.95290000e-01
2.00000000e-02,2.20000000e-01,4.48870000e-01,5.24910000e-01
4.00000000e-02,2.20000000e-01,3.96570000e-01,5.70040000e-01
6.00000000e-02,2.20000000e-01,3.56130000e-01,6.03950000e-01
8.00000000e-02,2.20000000e-01,3.44620000e-01,6.13200000e-01
1.00000000e-01,2.20000000e-01,3.71220000e-01,5.88000000e-01
1.20000000e-01,2.20000000e-01,4.35290000e-01,5.23280000e-01
1.40000000e-01,2.20000000e-01,5.23340000e-01,4.25710000e-01
1.60000000e-01,2.20000000e-01,6.11930000e-01,3.17230000e-01
1.80000000e-01,2.20000000e-01,6.80670000e-01,2.24290000e-01
2.00000000e-01,2.20000000e-01,7.22560000e-01,1.62760000e-01
2.20000000e-01,2.20000000e-01,7.40380000e-01,1.35970000e-01
2.40000000e-01,2.20000000e-01,7.37140000e-01,1.42870000e-01
2.60000000e-01,2.20000000e-01,7.10290000e-01,1.84450000e-01
2.80000000e-01,2.20000000e-01,6.51790000e-01,2.63550000e-01
3.00000000e-01,2.20000000e-01,5.55700000e-01,3.77590000e-01
3.20000000e-01,2.20000000e-01,4.31370000e-01,5.08580000e-01
3.40000000e-01,2.20000000e-01,3.06500000e-01,6.25770000e-01
3.60000000e-01,2.20000000e-01,2.08700000e-01,7.05920000e-01
3.80000000e-01,2.20000000e-01,1.48760000e-01,7.46220000e-01
4.00000000e-01,2.20000000e-01,1.24810000e-01,7.56350000e-01
4.20000000e-01,2.20000000e-01,1.33470000e-01,7.45430000e-01
4.40000000e-01,2.20000000e-01,1.74530000e-01,7.15280000e-01
4.60000000e-01,2.20000000e-01,2.49280000e-01,6.60690000e-01
4.80000000e-01,2.20000000e-01,3.54840000e-01,5.76510000e-01
5.00000000e-01,2.20000000e-01,4.76470000e-01,4.69020000e-01
5.20000000e-01,2.20000000e-01,5.87950000e-01,3.60140000e-01
5.40000000e-01,2.20000000e-01,6.65920000e-01,2.75190000e-01
5.60000000e-01,2.20000000e-01,7.02750000e-01,2.28240000e-01
5.80000000e-01,2.20000000e-01,7.03240000e-01,2.21610000e-01
6.00000000e-01,2.20000000e-01,6.74600000e-01,2.52580000e-01
6.20000000e-01,2.20000000e-01,6.21880000e-01,3.15770000e-01
6.40000000e-01,2.20000000e-01,5.50700000e-01,4.00440000e-01
6.60000000e-01,2.20000000e-01,4.72510000e-01,4.89000000e-01
6.80000000e-01,2.20000000e-01,4.04350000e-01,5.61660000e-01
7.00000000e-01,2.20000000e-01,3.61480000e-01,6.04710000e-01
7.20000000e-01,2.20000000e-01,3.50960000e-01,6.14710000e-01
7.40000000e-01,2.20000000e-01,3.70860000e-01,5.96570000e-01
7.60000000e-01,2.20000000e-01,4.12000000e-01,5.59720000e-01
7.80000000e-01,2.20000000e-01,4.60750000e-01,5.15630000e-01
8.00000000e-01,2.20000000e-01,5.03430000e-01,4.75880000e-01
8.20000000e-01,2.20000000e-01,5.30780000e-01,4.49390000e-01
8.40000000e-01,2.20000000e-01,5.40030000e-01,4.40070000e-01
8.60000000e-01,2.20000000e-01,5.34070000e-01,4.46230000e-01
8.80000000e-01,2.20000000e-01,5.19160000e-01,4.61930000e-01
9.00000000e-01,2.20000000e-01,5.02320000e-01,4.79730000e-01
9.20000000e-01,2.20000000e-01,4.89130000e-01,4.93530000e-01
9.40000000e-01,2.20000000e-01,4.82400000e-01,5.00370000e-01
9.60000000e-01,2.20000000e-01,4.81790000e-01,5.00600000e-01
9.80000000e-01,2.20000000e-01,4.84290000e-01,4.97040000e-01
1.00000000e+00,2.20000000e-01,4.83480000e-01,4.95290000e-01
0.00000000e+00,2.40000000e-01,4.93040000e-01,4.86810000e-01
2.00000000e-02,2.40000000e-01,4.67490000e-01,5.07550000e-01
4.00000000e-02,2.40000000e-01,4.12840000e-01,5.53580000e-01
6.00000000e-02,2.40000000e-01,3.58680000e-01,5.97400000e-01
8.00000000e-02,2.40000000e-01,3.23930000e-01,6.25150000e-01
1.00000000e-01,2.40000000e-01,3.22280000e-01,6.26410000e-01
1.20000000e-01,2.40000000e-01,3.60730000e-01,5.91650000e-01
1.40000000e-01,2.40000000e-01,4.36730000e-01,5.16020000e-01
1.60000000e-01,2.40000000e-01,5.34230000e-01,4.08610000e-01
1.80000000e-01,2.40000000e-01,6.27540000e-01,2.94870000e-01
2.00000000e-01,2.40000000e-01,6.96680000e-01,2.01880000e-01
2.20000000e-01,2.40000000e-01,7.37140000e-01,1.42870000e-01
2.40000000e-01,2.40000000e-01,7.53880000e-01,1.18540000e-01
2.60000000e-01,2.40000000e-01,7.50620000e-01,1.26810000e-01
2.80000000e-01,2.40000000e-01,7.24280000e-01,1.68890000e-01
3.00000000e-01,2.40000000e-01,6.65520000e-01,2.48820000e-01
3.20000000e-01,2.40000000e-01,5.66950000e-01,3.65720000e-01
3.40000000e-01,2.40000000e-01,4.37710000e-01,5.02180000e-01
3.60000000e-01,2.40000000e-01,3.07220000e-01,6.25410000e-01
3.80000000e-01,2.40000000e-01,2.04830000e-01,7.09800000e-01
4.00000000e-01,2.40000000e-01,1.41720000e-01,7.52610000e-01
4.20000000e-01,2.40000000e-01,1.15590000e-01,7.65030000e-01
4.40000000e-01,2.40000000e-01,1.22100000e-01,7.56780000e-01
4.60000000e-01,2.40000000e-01,1.60290000e-01,7.29180000e-01
4.80000000e-01,2.40000000e-01,2.32230000e-01,6.76400000e-01
5.00000000e-01,2.40000000e-01,3.37100000e-01,5.92540000e-01
5.20000000e-01,2.40000000e-01,4.61640000e-01,4.83280000e-01
5.40000000e-01,2.40000000e-01,5.78440000e-01,3.70990000e-01
5.60000000e-01,2.40000000e-01,6.61320000e-01,2.82160000e-01
5.80000000e-01,2.40000000e-01,7.01210000e-01,2.31220000e-01
6.00000000e-01,2.40000000e-01,7.03890000e-01,2.20180000e-01
6.20000000e-01,2.40000000e-01,6.78050000e-01,2.46190000e-01
6.40000000e-01,2.40000000e-01,6.29030000e-01,3.04250000e-01
6.60000000e-01,2.40000000e-01,5.61880000e-01,3.84720000e-01
6.80000000e-01,2.40000000e-01,4.87450000e-01,4.71180000e-01
7.00000000e-01,2.40000000e-01,4.22190000e-01,5.43850000e-01
7.20000000e-01,2.40000000e-01,3.80780000e-01,5.88060000e-01
7.40000000e-01,2.40000000e-01,3.69540000e-01,5.99990000e-01
7.60000000e-01,2.40000000e-01,3.85800000e-01,5.85040000e-01
7.80000000e-01,2.40000000e-01,4.20340000e-01,5.53210000e-01
8.00000000e-01,2.40000000e-01,4.60800000e-01,5.15830000e-01
8.20000000e-01,2.40000000e-01,4.95530000e-01,4.83390000e-01
8.40000000e-01,2.40000000e-01,5.17040000e-01,4.63120000e-01
8.60000000e-01,2.40000000e-01,5.23560000e-01,4.57280000e-01
8.80000000e-01,2.40000000e-01,5.18240000e-01,4.63230000e-01
9.00000000e-01,2.40000000e-01,5.06850000e-01,4.75270000e-01
9.20000000e-01,2.40000000e-01,4.95300000e-01,4.87320000e-01
9.40000000e-01,2.40000000e-01,4.87660000e-01,4.95110000e-01
9.60000000e-01,2.40000000e-01,4.85340000e-01,4.97190000e-01
9.80000000e-01,2.40000000e-01,4.87410000e-01,4.94340000e-01
1.00000000e+00,2.40000000e-01,4.93040000e-01,4.86810000e-01
0.00000000e+00,2.60000000e-01,5.02040000e-01,4.78860000e-01
2.00000000e-02,2.60000000e-01,4.88200000e-01,4.88860000e-01
4.00000000e-02,2.60000000e-01,4.37240000e-01,5.31230000e-01
6.00000000e-02,2.60000000e-01,3.75540000e-01,5.80120000e-01
8.00000000e-02,2.60000000e-01,3.21880000e-01,6.21130000e-01
1.00000000e-01,2.60000000e-01,2.92670000e-01,6.44070000e-01
1.20000000e-01,2.60000000e-01,2.99660000e-01,6.39440000e-01
1.40000000e-01,2.60000000e-01,3.48500000e-01,5.97130000e-01
1.60000000e-01,2.60000000e-01,4.35330000e-01,5.12290000e-01
1.80000000e-01,2.60000000e-01,5.41800000e-01,3.96370000e-01
2.00000000e-01,2.60000000e-01,6.39980000e-01,2.77960000e-01
2.20000000e-01,2.60000000e-01,7.10290000e-01,1.84450000e-01
2.40000000e-01,2.60000000e-01,7.50620000e-01,1.26810000e-01
2.60000000e-01,2.60000000e-01,7.67650000e-01,1.03700000e-01
2.80000000e-01,2.60000000e-01,7.65480000e-01,1.12140000e-01
3.00000000e-01,2.60000000e-01,7.40410000e-01,1.53490000e-01
3.20000000e-01,2.60000000e-01,6.81840000e-01,2.33060000e-01
3.40000000e-01,2.60000000e-01,5.80940000e-01,3.52090000e-01
3.60000000e-01,2.60000000e-01,4.46380000e-01,4.94070000e-01
3.80000000e-01,2.60000000e-01,3.09220000e-01,6.24090000e-01
4.00000000e-01,2.60000000e-01,2.01270000e-01,7.13990000e-01
4.20000000e-01,2.60000000e-01,1.34510000e-01,7.60950000e-01
4.40000000e-01,2.60000000e-01,1.05600000e-01,7.76920000e-01
4.60000000e-01,2.60000000e-01,1.08940000e-01,7.71850000e-01
4.80000000e-01,2.60000000e-01,1.43350000e-01,7.47010000e-01
5.00000000e-01,2.60000000e-01,2.12060000e-01,6.96060000e-01
5.20000000e-01,2.60000000e-01,3.16500000e-01,6.12050000e-01
5.40000000e-01,2.60000000e-01,4.45120000e-01,4.99630000e-01
5.60000000e-01,2.60000000e-01,5.68990000e-01,3.81400000e-01
5.80000000e-01,2.60000000e-01,6.58430000e-01,2.85210000e-01
6.00000000e-01,2.60000000e-01,7.03350000e-01,2.26750000e-01
6.20000000e-01,2.60000000e-01,7.10830000e-01,2.08570000e-01
6.40000000e-01,2.60000000e-01,6.90030000e-01,2.27980000e-01
6.60000000e-01,2.60000000e-01,6.45510000e-01,2.80690000e-01
6.80000000e-01,2.60000000e-01,5.81410000e-01,3.58780000e-01
7.00000000e-01,2.60000000e-01,5.07790000e-01,4.47030000e-01
7.20000000e-01,2.60000000e-01,4.40810000e-01,5.24720000e-01
7.40000000e-01,2.60000000e-01,3.95250000e-01,5.75130000e-01
7.60000000e-01,2.60000000e-01,3.77790000e-01,5.93390000e-01
7.80000000e-01,2.60000000e-01,3.86400000e-01,5.84840000e-01
8.00000000e-01,2.60000000e-01,4.13230000e-01,5.59250000e-01
8.20000000e-01,2.60000000e-01,4.47670000e-01,5.27230000e-01
8.40000000e-01,2.60000000e-01,4.79330000e-01,4.98250000e-01
8.60000000e-01,2.60000000e-01,5.00930000e-01,4.78800000e-01
8.80000000e-01,2.60000000e-01,5.10150000e-01,4.71000000e-01
9.00000000e-01,2.60000000e-01,5.09160000e-01,4.72840000e-01
9.20000000e-01,2.60000000e-01,5.02660000e-01,4.79820000e-01
9.40000000e-01,2.60000000e-01,4.95500000e-01,4.87180000e-01
9.60000000e-01,2.60000000e-01,4.91100000e-01,4.91450000e-01
9.80000000e-01,2.60000000e-01,4.91440000e-01,4.90580000e-01
1.00000000e+00,2.60000000e-01,5.02040000e-01,4.78860000e-01
0.00000000e+00,2.80000000e-01,5.09490000e-01,4.71920000e-01
2.00000000e-02,2.80000000e-01,5.08620000e-01,4.70330000e-01
4.00000000e-02,2.80000000e-01,4.66940000e-01,5.04850000e-01
6.00000000e-02,2.80000000e-01,4.04350000e-01,5.54540000e-01
8.00000000e-02,2.80000000e-01,3.37580000e-01,6.04560000e-01
1.00000000e-01,2.80000000e-01,2.84550000e-01,6.43740000e-01
1.20000000e-01,2.80000000e-01,2.60440000e-01,6.63520000e-01
1.40000000e-01,2.80000000e-01,2.75420000e-01,6.54420000e-01
1.60000000e-01,2.80000000e-01,3.34200000e-01,6.05440000e-01
1.80000000e-01,2.80000000e-01,4.31960000e-01,5.11680000e-01
2.00000000e-01,2.80000000e-01,5.47950000e-01,3.87110000e-01
2.20000000e-01,2.80000000e-01,6.51790000e-01,2.63550000e-01
2.40000000e-01,2.80000000e-01,7.24280000e-01,1.68890000e-01
2.60000000e-01,2.80000000e-01,7.65480000e-01,1.12140000e-01
2.80000000e-01,2.80000000e-01,7.83480000e-01,8.99320000e-02
3.00000000e-01,2.80000000e-01,7.82450000e-01,9.82820000e-02
3.20000000e-01,2.80000000e-01,7.58120000e-01,1.38720000e-01
3.40000000e-01,2.80000000e-01,6.98870000e-01,2.18030000e-01
3.60000000e-01,2.80000000e-01,5.94510000e-01,3.39740000e-01
3.80000000e-01,2.80000000e-01,4.53320000e-01,4.88170000e-01
4.00000000e-01,2.80000000e-01,3.08500000e-01,6.25880000e-01
4.20000000e-01,2.80000000e-01,1.94720000e-01,7.21980000e-01
4.40000000e-01,2.80000000e-01,1.24530000e-01,7.73380000e-01
4.60000000e-01,2.80000000e-01,9.33680000e-02,7.92740000e-01
4.80000000e-01,2.80000000e-01,9.43820000e-02,7.90290000e-01
5.00000000e-01,2.80000000e-01,1.26150000e-01,7.67070000e-01
5.20000000e-01,2.80000000e-01,1.93120000e-01,7.16100000e-01
5.40000000e-01,2.80000000e-01,2.99210000e-01,6.29370000e-01
5.60000000e-01,2.80000000e-01,4.34190000e-01,5.10540000e-01
5.80000000e-01,2.80000000e-01,5.66650000e-01,3.83000000e-01
6.00000000e-01,2.80000000e-01,6.63490000e-01,2.77200000e-01
6.20000000e-01,2.80000000e-01,7.14240000e-01,2.10870000e-01
6.40000000e-01,2.80000000e-01,7.26500000e-01,1.86880000e-01
6.60000000e-01,2.80000000e-01,7.08950000e-01,2.02260000e-01
6.80000000e-01,2.80000000e-01,6.65490000e-01,2.53570000e-01
7.00000000e-01,2.80000000e-01,5.99780000e-01,3.34540000e-01
7.20000000e-01,2.80000000e-01,5.21830000e-01,4.30050000e-01
7.40000000e-01,2.80000000e-01,4.48440000e-01,5.16730000e-01
7.60000000e-01,2.80000000e-01,3.95570000e-01,5.75060000e-01
7.80000000e-01,2.80000000e-01,3.71040000e-01,5.99260000e-01
8.00000000e-01,2.80000000e-01,3.74060000e-01,5.94780000e-01
8.20000000e-01,2.80000000e-01,3.97960000e-01,5.71410000e-01
8.40000000e-01,2.80000000e-01,4.32600000e-01,5.39650000e-01
8.60000000e-01,2.80000000e-01,4.66950000e-01,5.09140000e-01
8.80000000e-01,2.80000000e-01,4.92470000e-01,4.86860000e-01
9.00000000e-01,2.80000000e-01,5.05650000e-01,4.75640000e-01
9.20000000e-01,2.80000000e-01,5.07970000e-01,4.74210000e-01
9.40000000e-01,2.80000000e-01,5.03820000e-01,4.78650000e-01
9.60000000e-01,2.80000000e-01,4.98200000e-01,4.84200000e-01
9.80000000e-01,2.80000000e-01,4.96140000e-01,4.85830000e-01
1.00000000e+00,2.80000000e-01,5.09490000e-01,4.71920000e-01
0.00000000e+00,3.00000000e-01,5.14560000e-01,4.66620000e-01
2.00000000e-02,3.00000000e-01,5.26180000e-01,4.53780000e-01
4.00000000e-02,3.00000000e-01,4.98520000e-01,4.76470000e-01
6.00000000e-02,3.00000000e-01,4.41920000e-01,5.22370000e-01
8.00000000e-02,3.00000000e-01,3.68970000e-01,5.77760000e-01
1.00000000e-01,3.00000000e-01,2.97520000e-01,6.29300000e-01
1.20000000e-01,3.00000000e-01,2.45880000e-01,6.67410000e-01
1.40000000e-01,3.00000000e-01,2.27680000e-01,6.84550000e-01
1.60000000e-01,3.00000000e-01,2.51190000e-01,6.71000000e-01
1.80000000e-01,3.00000000e-01,3.20370000e-01,6.14850000e-01
2.00000000e-01,3.00000000e-01,4.29660000e-01,5.11420000e-01
2.20000000e-01,3.00000000e-01,5.55700000e-01,3.77590000e-01
2.40000000e-01,3.00000000e-01,6.65520000e-01,2.48820000e-01
2.60000000e-01,3.00000000e-01,7.40410000e-01,1.53490000e-01
2.80000000e-01,3.00000000e-01,7.82450000e-01,9.82820000e-02
3.00000000e-01,3.00000000e-01,8.00830000e-01,7.75190000e-02
3.20000000e-01,3.00000000e-01,7.99830000e-01,8.62800000e-02
3.40000000e-01,3.00000000e-01,7.74760000e-01,1.26530000e-01
3.60000000e-01,3.00000000e-01,7.13190000e-01,2.06720000e-01
3.80000000e-01,3.00000000e-01,6.03710000e-01,3.32480000e-01
4.00000000e-01,3.00000000e-01,4.54620000e-01,4.88180000e-01
4.20000000e-01,3.00000000e-01,3.02050000e-01,6.33360000e-01
4.40000000e-01,3.00000000e-01,1.83790000e-01,7.34760000e-01
4.60000000e-01,3.00000000e-01,1.12310000e-01,7.89500000e-01
4.80000000e-01,3.00000000e-01,8.10530000e-02,8.10780000e-01
5.00000000e-01,3.00000000e-01,8.17190000e-02,8.08840000e-01
5.20000000e-01,3.00000000e-01,1.13020000e-01,7.84530000e-01
5.40000000e-01,3.00000000e-01,1.81110000e-01,7.30410000e-01
5.60000000e-01,3.00000000e-01,2.92060000e-01,6.37550000e-01
5.80000000e-01,3.00000000e-01,4.35440000e-01,5.09370000e-01
6.00000000e-01,3.00000000e-01,5.76160000e-01,3.71520000e-01
6.20000000e-01,3.00000000e-01,6.78500000e-01,2.58030000e-01
6.40000000e-01,3.00000000e-01,7.32270000e-01,1.88070000e-01
6.60000000e-01,3.00000000e-01,7.45350000e-01,1.63400000e-01
6.80000000e-01,3.00000000e-01,7.26140000e-01,1.80250000e-01
7.00000000e-01,3.00000000e-01,6.78530000e-01,2.36050000e-01
7.20000000e-01,3.00000000e-01,6.06560000e-01,3.25250000e-01
7.40000000e-01,3.00000000e-01,5.21240000e-01,4.30580000e-01
7.60000000e-01,3.00000000e-01,4.40940000e-01,5.24810000e-01
7.80000000e-01,3.00000000e-01,3.82990000e-01,5.86730000e-01
8.00000000e-01,3.00000000e-01,3.56140000e-01,6.11380000e-01
8.20000000e-01,3.00000000e-01,3.59950000e-01,6.05300000e-01
8.40000000e-01,3.00000000e-01,3.87360000e-01,5.79020000e-01
8.60000000e-01,3.00000000e-01,4.26840000e-01,5.43840000e-01
8.80000000e-01,3.00000000e-01,4.65540000e-01,5.10280000e-01
9.00000000e-01,3.00000000e-01,4.93750000e-01,4.85900000e-01
9.20000000e-01,3.00000000e-01,5.07840000e-01,4.73750000e-01
9.40000000e-01,3.00000000e-01,5.09860000e-01,4.72340000e-01
9.60000000e-01,3.00000000e-01,5.05140000e-01,4.77000000e-01
9.80000000e-01,3.00000000e-01,5.01020000e-01,4.80590000e-01
1.00000000e+00,3.00000000e-01,5.14560000e-01,4.66620000e-01
0.00000000e+00,3.20000000e-01,5.16710000e-01,4.63660000e-01
2.00000000e-02,3.20000000e-01,5.38440000e-01,4.41330000e-01
4.00000000e-02,3.20000000e-01,5.27910000e-01,4.48990000e-01
6.00000000e-02,3.20000000e-01,4.84020000e-01,4.85650000e-01
8.00000000e-02,3.20000000e-01,4.13020000e-01,5.41770000e-01
1.00000000e-01,3.20000000e-01,3.30190000e-01,6.02690000e-01
1.20000000e-01,3.20000000e-01,2.56010000e-01,6.55450000e-01
1.40000000e-01,3.20000000e-01,2.08260000e-01,6.91970000e-01
1.60000000e-01,3.20000000e-01,1.97710000e-01,7.05680000e-01
1.80000000e-01,3.20000000e-01,2.30570000e-01,6.86670000e-01
2.00000000e-01,3.20000000e-01,3.10510000e-01,6.22330000e-01
2.20000000e-01,3.20000000e-01,4.31370000e-01,5.08580000e-01
2.40000000e-01,3.20000000e-01,5.66950000e-01,3.65720000e-01
2.60000000e-01,3.20000000e-01,6.81840000e-01,2.33060000e-01
2.80000000e-01,3.20000000e-01,7.58120000e-01,1.38720000e-01
3.00000000e-01,3.20000000e-01,7.99830000e-01,8.62800000e-02
3.20000000e-01,3.20000000e-01,8.17110000e-01,6.77350000e-02
3.40000000e-01,3.20000000e-01,8.14450000e-01,7.76640000e-02
3.60000000e-01,3.20000000e-01,7.86970000e-01,1.18890000e-01
3.80000000e-01,3.20000000e-01,7.21500000e-01,2.01530000e-01
4.00000000e-01,3.20000000e-01,6.05720000e-01,3.32570000e-01
4.20000000e-01,3.20000000e-01,4.48780000e-01,4.95240000e-01
4.40000000e-01,3.20000000e-01,2.90530000e-01,6.46000000e-01
4.60000000e-01,3.20000000e-01,1.71100000e-01,7.50330000e-01
4.80000000e-01,3.20000000e-01,1.01300000e-01,8.05910000e-01
5.00000000e-01,3.20000000e-01,7.20310000e-02,8.26330000e-01
5.20000000e-01,3.20000000e-01,7.42120000e-02,8.21920000e-01
5.40000000e-01,3.20000000e-01,1.07520000e-01,7.93580000e-01
5.60000000e-01,3.20000000e-01,1.79940000e-01,7.33670000e-01
5.80000000e-01,3.20000000e-01,2.98310000e-01,6.32800000e-01
6.00000000e-01,3.20000000e-01,4.49570000e-01,4.95370000e-01
6.20000000e-01,3.20000000e-01,5.94650000e-01,3.50620000e-01
6.40000000e-01,3.20000000e-01,6.97300000e-01,2.35610000e-01
6.60000000e-01,3.20000000e-01,7.48780000e-01,1.68530000e-01
6.80000000e-01,3.20000000e-01,7.57520000e-01,1.48790000e-01
7.00000000e-01,3.20000000e-01,7.32180000e-01,1.72210000e-01
7.20000000e-01,3.20000000e-01,6.77270000e-01,2.36900000e-01
7.40000000e-01,3.20000000e-01,5.98030000e-01,3.35870000e-01
7.60000000e-01,3.20000000e-01,5.07130000e-01,4.47590000e-01
7.80000000e-01,3.20000000e-01,4.24410000e-01,5.42230000e-01
8.00000000e-01,3.20000000e-01,3.67760000e-01,6.00210000e-01
8.20000000e-01,3.20000000e-01,3.45420000e-01,6.19220000e-01
8.40000000e-01,3.20000000e-01,3.55710000e-01,6.07370000e-01
8.60000000e-01,3.20000000e-01,3.89640000e-01,5.76220000e-01
8.80000000e-01,3.20000000e-01,4.33530000e-01,5.38020000e-01
9.00000000e-01,3.20000000e-01,4.73380000e-01,5.03700000e-01
9.20000000e-01,3.20000000e-01,4.99890000e-01,4.80620000e-01
9.40000000e-01,3.20000000e-01,5.10850000e-01,4.70980000e-01
9.60000000e-01,3.20000000e-01,5.09960000e-01,4.71920000e-01
9.80000000e-01,3.20000000e-01,5.05290000e-01,4.75870000e-01
1.00000000e+00,3.20000000e-01,5.16710000e-01,4.63660000e-01
0.00000000e+00,3.40000000e-01,5.15790000e-01,4.63680000e-01
2.00000000e-02,3.40000000e-01,5.43640000e-01,4.35010000e-01
4.00000000e-02,3.40000000e-01,5.50780000e-01,4.26230000e-01
6.00000000e-02,3.40000000e-01,5.25040000e-01,4.48050000e-01
8.00000000e-02,3.40000000e-01,4.64970000e-01,4.98110000e-01
1.00000000e-01,3.40000000e-01,3.80070000e-01,5.63890000e-01
1.20000000e-01,3.40000000e-01,2.90020000e-01,6.29100000e-01
1.40000000e-01,3.40000000e-01,2.16940000e-01,6.81570000e-01
1.60000000e-01,3.40000000e-01,1.75970000e-01,7.15050000e-01
1.80000000e-01,3.40000000e-01,1.74210000e-01,7.24050000e-01
2.00000000e-01,3.40000000e-01,2.16390000e-01,6.98670000e-01
2.20000000e-01,3.40000000e-01,3.06500000e-01,6.25770000e-01
2.40000000e-01,3.40000000e-01,4.37710000e-01,5.02180000e-01
2.60000000e-01,3.40000000e-01,5.80940000e-01,3.52090000e-01
2.80000000e-01,3.40000000e-01,6.98870000e-01,2.18030000e-01
3.00000000e-01,3.40000000e-01,7.74760000e-01,1.26530000e-01
3.20000000e-01,3.40000000e-01,8.14450000e-01,7.76640000e-02
3.40000000e-01,3.40000000e-01,8.29030000e-01,6.16700000e-02
3.60000000e-01,3.40000000e-01,8.23330000e-01,7.33130000e-02
3.80000000e-01,3.40000000e-01,7.92420000e-01,1.16550000e-01
4.00000000e-01,3.40000000e-01,7.22560000e-01,2.02750000e-01
4.20000000e-01,3.40000000e-01,6.00960000e-01,3.39020000e-01
4.40000000e-01,3.40000000e-01,4.38540000e-01,5.06550000e-01
4.60000000e-01,3.40000000e-01,2.78560000e-01,6.59600000e-01
4.80000000e-01,3.40000000e-01,1.61430000e-01,7.63650000e-01
5.00000000e-01,3.40000000e-01,9.51090000e-02,8.17110000e-01
5.20000000e-01,3.40000000e-01,6.87210000e-02,8.33930000e-01
5.40000000e-01,3.40000000e-01,7.35680000e-02,8.24850000e-01
5.60000000e-01,3.40000000e-01,1.10790000e-01,7.91170000e-01
5.80000000e-01,3.40000000e-01,1.89330000e-01,7.25280000e-01
6.00000000e-01,3.40000000e-01,3.14550000e-01,6.17960000e-01
6.20000000e-01,3.40000000e-01,4.69250000e-01,4.75570000e-01
6.40000000e-01,3.40000000e-01,6.12390000e-01,3.30770000e-01
6.60000000e-01,3.40000000e-01,7.09790000e-01,2.20920000e-01
6.80000000e-01,3.40000000e-01,7.54750000e-01,1.61200000e-01
7.00000000e-01,3.40000000e-01,7.56310000e-01,1.49330000e-01
7.20000000e-01,3.40000000e-01,7.23750000e-01,1.81570000e-01
7.40000000e-01,3.40000000e-01,6.62620000e-01,2.55370000e-01
7.60000000e-01,3.40000000e-01,5.79570000e-01,3.59900000e-01
7.80000000e-01,3.40000000e-01,4.88640000e-01,4.69960000e-01
8.00000000e-01,3.40000000e-01,4.10130000e-01,5.57060000e-01
8.20000000e-01,3.40000000e-01,3.60930000e-01,6.05780000e-01
8.40000000e-01,3.40000000e-01,3.47300000e-01,6.16580000e-01
8.60000000e-01,3.40000000e-01,3.65330000e-01,5.98760000e-01
8.80000000e-01,3.40000000e-01,4.03800000e-01,5.64550000e-01
9.00000000e-01,3.40000000e-01,4.47810000e-01,5.26440000e-01
9.20000000e-01,3.40000000e-01,4.83960000e-01,4.94970000e-01
9.40000000e-01,3.40000000e-01,5.04930000e-01,4.76340000e-01
9.60000000e-01,3.40000000e-01,5.10700000e-01,4.70980000e-01
9.80000000e-01,3.40000000e-01,5.07880000e-01,4.72990000e-01
1.00000000e+00,3.40000000e-01,5.15790000e-01,4.63680000e-01
0.00000000e+00,3.60000000e-01,5.12000000e-01,4.66990000e-01
2.00000000e-02,3.60000000e-01,5.41280000e-01,4.36060000e-01
4.00000000e-02,3.60000000e-01,5.63710000e-01,4.11950000e-01
6.00000000e-02,3.60000000e-01,5.58640000e-01,4.15000000e-01
8.00000000e-02,3.60000000e-01,5.17650000e-01,4.50930000e-01
1.00000000e-01,3.60000000e-01,4.42080000e-01,5.13600000e-01
1.20000000e-01,3.60000000e-01,3.46030000e-01,5.87260000e-01
1.40000000e-01,3.60000000e-01,2.53160000e-01,6.54550000e-01
1.60000000e-01,3.60000000e-01,1.84840000e-01,7.04800000e-01
1.80000000e-01,3.60000000e-01,1.51970000e-01,7.33880000e-01
2.00000000e-01,3.60000000e-01,1.58490000e-01,7.37560000e-01
2.20000000e-01,3.60000000e-01,2.08700000e-01,7.05920000e-01
2.40000000e-01,3.60000000e-01,3.07220000e-01,6.25410000e-01
2.60000000e-01,3.60000000e-01,4.46380000e-01,4.94070000e-01
2.80000000e-01,3.60000000e-01,5.94510000e-01,3.39740000e-01
3.00000000e-01,3.60000000e-01,7.13190000e-01,2.06720000e-01
3.20000000e-01,3.60000000e-01,7.86970000e-01,1.18890000e-01
3.40000000e-01,3.60000000e-01,8.23330000e-01,7.33130000e-02
3.60000000e-01,3.60000000e-01,8.34340000e-01,5.94950000e-02
3.80000000e-01,3.60000000e-01,8.25330000e-01,7.28950000e-02
4.00000000e-01,3.60000000e-01,7.91400000e-01,1.18400000e-01
4.20000000e-01,3.60000000e-01,7.18440000e-01,2.07770000e-01
4.40000000e-01,3.60000000e-01,5.93830000e-01,3.47210000e-01
4.60000000e-01,3.60000000e-01,4.30200000e-01,5.16020000e-01
4.80000000e-01,3.60000000e-01,2.72340000e-01,6.67880000e-01
5.00000000e-01,3.60000000e-01,1.58990000e-01,7.69100000e-01
5.20000000e-01,3.60000000e-01,9.58200000e-02,8.18610000e-01
5.40000000e-01,3.60000000e-01,7.17790000e-02,8.30830000e-01
5.60000000e-01,3.60000000e-01,7.93450000e-02,8.17250000e-01
5.80000000e-01,3.60000000e-01,1.20600000e-01,7.79750000e-01
6.00000000e-01,3.60000000e-01,2.03840000e-01,7.10880000e-01
6.20000000e-01,3.60000000e-01,3.31390000e-01,6.01980000e-01
6.40000000e-01,3.60000000e-01,4.83250000e-01,4.61250000e-01
6.60000000e-01,3.60000000e-01,6.19540000e-01,3.22540000e-01
6.80000000e-01,3.60000000e-01,7.09220000e-01,2.20930000e-01
7.00000000e-01,3.60000000e-01,7.47030000e-01,1.69030000e-01
7.20000000e-01,3.60000000e-01,7.42490000e-01,1.64570000e-01
7.40000000e-01,3.60000000e-01,7.05570000e-01,2.03960000e-01
7.60000000e-01,3.60000000e-01,6.42680000e-01,2.82150000e-01
7.80000000e-01,3.60000000e-01,5.61280000e-01,3.84550000e-01
8.00000000e-01,3.60000000e-01,4.75950000e-01,4.85840000e-01
8.20000000e-01,3.60000000e-01,4.06240000e-01,5.61630000e-01
8.40000000e-01,3.60000000e-01,3.66850000e-01,6.00450000e-01
8.60000000e-01,3.60000000e-01,3.61590000e-01,6.04450000e-01
8.80000000e-01,3.60000000e-01,3.84440000e-01,5.83320000e-01
9.00000000e-01,3.60000000e-01,4.22970000e-01,5.49340000e-01
9.20000000e-01,3.60000000e-01,4.62620000e-01,5.14570000e-01
9.40000000e-01,3.60000000e-01,4.91930000e-01,4.88450000e-01
9.60000000e-01,3.60000000e-01,5.06020000e-01,4.75450000e-01
9.80000000e-01,3.60000000e-01,5.07690000e-01,4.73160000e-01
1.00000000e+00,3.60000000e-01,5.12000000e-01,4.66990000e-01
0.00000000e+00,3.80000000e-01,5.05780000e-01,4.73400000e-01
2.00000000e-02,3.80000000e-01,5.32230000e-01,4.44410000e-01
4.00000000e-02,3.80000000e-01,5.65230000e-01,4.08620000e-01
6.00000000e-02,3.80000000e-01,5.79650000e-01,3.92070000e-01
8.00000000e-02,3.80000000e-01,5.62450000e-01,4.07280000e-01
1.00000000e-01,3.80000000e-01,5.07350000e-01,4.56340000e-01
1.20000000e-01,3.80000000e-01,4.18830000e-01,5.29680000e-01
1.40000000e-01,3.80000000e-01,3.15690000e-01,6.08840000e-01
1.60000000e-01,3.80000000e-01,2.23790000e-01,6.76110000e-01
1.80000000e-01,3.80000000e-01,1.61640000e-01,7.22850000e-01
2.00000000e-01,3.80000000e-01,1.35930000e-01,7.47250000e-01
2.20000000e-01,3.80000000e-01,1.48760000e-01,7.46220000e-01
2.40000000e-01,3.80000000e-01,2.04830000e-01,7.09800000e-01
2.60000000e-01,3.80000000e-01,3.09220000e-01,6.24090000e-01
2.80000000e-01,3.80000000e-01,4.53320000e-01,4.88170000e-01
3.00000000e-01,3.80000000e-01,6.03710000e-01,3.32480000e-01
3.20000000e-01,3.80000000e-01,7.21500000e-01,2.01530000e-01
3.40000000e-01,3.80000000e-01,7.92420000e-01,1.16550000e-01
3.60000000e-01,3.80000000e-01,8.25330000e-01,7.28950000e-02
3.80000000e-01,3.80000000e-01,8.33340000e-01,6.01900000e-02
4.00000000e-01,3.80000000e-01,8.22280000e-01,7.45640000e-02
4.20000000e-01,3.80000000e-01,7.87400000e-01,1.21350000e-01
4.40000000e-01,3.80000000e-01,7.14570000e-01,2.11850000e-01
4.60000000e-01,3.80000000e-01,5.91180000e-01,3.50810000e-01
4.80000000e-01,3.80000000e-01,4.30410000e-01,5.17140000e-01
5.00000000e-01,3.80000000e-01,2.76230000e-01,6.65840000e-01
5.20000000e-01,3.80000000e-01,1.65340000e-01,7.63890000e-01
5.40000000e-01,3.80000000e-01,1.03090000e-01,8.10140000e-01
5.60000000e-01,3.80000000e-01,7.95850000e-02,8.19470000e-01
5.80000000e-01,3.80000000e-01,8.83130000e-02,8.04210000e-01
6.00000000e-01,3.80000000e-01,1.31220000e-01,7.66740000e-01
6.20000000e-01,3.80000000e-01,2.14810000e-01,6.99720000e-01
6.40000000e-01,3.80000000e-01,3.38990000e-01,5.94690000e-01
6.60000000e-01,3.80000000e-01,4.83890000e-01,4.60500000e-01
6.80000000e-01,3.80000000e-01,6.12620000e-01,3.29840000e-01
7.00000000e-01,3.80000000e-01,6.96310000e-01,2.35120000e-01
7.20000000e-01,3.80000000e-01,7.30020000e-01,1.88300000e-01
7.40000000e-01,3.80000000e-01,7.23440000e-01,1.87840000e-01
7.60000000e-01,3.80000000e-01,6.86760000e-01,2.29390000e-01
7.80000000e-01,3.80000000e-01,6.26570000e-01,3.05390000e-01
8.00000000e-01,3.80000000e-01,5.50580000e-01,4.00120000e-01
8.20000000e-01,3.80000000e-01,4.73360000e-01,4.90630000e-01
8.40000000e-01,3.80000000e-01,4.13040000e-01,5.56250000e-01
8.60000000e-01,3.80000000e-01,3.81950000e-01,5.87780000e-01
8.80000000e-01,3.80000000e-01,3.81890000e-01,5.88010000e-01
9.00000000e-01,3.80000000e-01,4.05640000e-01,5.66520000e-01
9.20000000e-01,3.80000000e-01,4.40690000e-01,5.35240000e-01
9.40000000e-01,3.80000000e-01,4.73840000e-01,5.05470000e-01
9.60000000e-01,3.80000000e-01,4.95730000e-01,4.85330000e-01
9.80000000e-01,3.80000000e-01,5.03890000e-01,4.77110000e-01
1.00000000e+00,3.80000000e-01,5.05780000e-01,4.73400000e-01
0.00000000e+00,4.00000000e-01,4.97710000e-01,4.82120000e-01
2.00000000e-02,4.00000000e-01,5.18290000e-01,4.58660000e-01
4.00000000e-02,4.00000000e-01,5.56150000e-01,4.16640000e-01
6.00000000e-02,4.00000000e-01,5.85780000e-01,3.83110000e-01
8.00000000e-02,4.00000000e-01,5.92220000e-01,3.74760000e-01
1.00000000e-01,4.00000000e-01,5.64480000e-01,4.00970000e-01
1.20000000e-01,4.00000000e-01,4.97620000e-01,4.61300000e-01
1.40000000e-01,4.00000000e-01,3.99340000e-01,5.43290000e-01
1.60000000e-01,4.00000000e-01,2.92370000e-01,6.26130000e-01
1.80000000e-01,4.00000000e-01,2.02800000e-01,6.92310000e-01
2.00000000e-01,4.00000000e-01,1.45680000e-01,7.35550000e-01
2.20000000e-01,4.00000000e-01,1.24810000e-01,7.56350000e-01
2.40000000e-01,4.00000000e-01,1.41720000e-01,7.52610000e-01
2.60000000e-01,4.00000000e-01,2.01270000e-01,7.13990000e-01
2.80000000e-01,4.00000000e-01,3.08500000e-01,6.25880000e-01
3.00000000e-01,4.00000000e-01,4.54620000e-01,4.88180000e-01
3.20000000e-01,4.00000000e-01,6.05720000e-01,3.32570000e-01
3.40000000e-01,4.00000000e-01,7.22560000e-01,2.02750000e-01
3.60000000e-01,4.00000000e-01,7.91400000e-01,1.18400000e-01
3.80000000e-01,4.00000000e-01,8.22280000e-01,7.45640000e-02
4.00000000e-01,4.00000000e-01,8.29380000e-01,6.14670000e-02
4.20000000e-01,4.00000000e-01,8.19130000e-01,7.57450000e-02
4.40000000e-01,4.00000000e-01,7.86650000e-01,1.22090000e-01
4.60000000e-01,4.00000000e-01,7.17240000e-01,2.10280000e-01
4.80000000e-01,4.00000000e-01,5.98190000e-01,3.44820000e-01
5.00000000e-01,4.00000000e-01,4.41870000e-01,5.06850000e-01
5.20000000e-01,4.00000000e-01,2.89860000e-01,6.53330000e-01
5.40000000e-01,4.00000000e-01,1.78040000e-01,7.50690000e-01
5.60000000e-01,4.00000000e-01,1.13430000e-01,7.96760000e-01
5.80000000e-01,4.00000000e-01,8.78350000e-02,8.06840000e-01
6.00000000e-01,4.00000000e-01,9.51500000e-02,7.93980000e-01
6.20000000e-01,4.00000000e-01,1.36270000e-01,7.60600000e-01
6.40000000e-01,4.00000000e-01,2.15890000e-01,6.98760000e-01
6.60000000e-01,4.00000000e-01,3.33580000e-01,5.99930000e-01
6.80000000e-01,4.00000000e-01,4.71830000e-01,4.72720000e-01
7.00000000e-01,4.00000000e-01,5.96280000e-01,3.47830000e-01
7.20000000e-01,4.00000000e-01,6.78370000e-01,2.56160000e-01
7.40000000e-01,4.00000000e-01,7.12410000e-01,2.10300000e-01
7.60000000e-01,4.00000000e-01,7.07700000e-01,2.09430000e-01
7.80000000e-01,4.00000000e-01,6.74150000e-01,2.48420000e-01
8.00000000e-01,4.00000000e-01,6.18180000e-01,3.18840000e-01
8.20000000e-01,4.00000000e-01,5.47930000e-01,4.05560000e-01
8.40000000e-01,4.00000000e-01,4.77910000e-01,4.87640000e-01
8.60000000e-01,4.00000000e-01,4.24890000e-01,5.46340000e-01
8.80000000e-01,4.00000000e-01,3.99280000e-01,5.73510000e-01
9.00000000e-01,4.00000000e-01,4.01530000e-01,5.72180000e-01
9.20000000e-01,4.00000000e-01,4.23930000e-01,5.51810000e-01
9.40000000e-01,4.00000000e-01,4.54460000e-01,5.23950000e-01
9.60000000e-01,4.00000000e-01,4.81200000e-01,4.99260000e-01
9.80000000e-01,4.00000000e-01,4.96310000e-01,4.84740000e-01
1.00000000e+00,4.00000000e-01,4.97710000e-01,4.82120000e-01
0.00000000e+00,4.20000000e-01,4.88520000e-01,4.91950000e-01
2.00000000e-02,4.20000000e-01,5.01660000e-01,4.76410000e-01
4.00000000e-02,4.20000000e-01,5.38780000e-01,4.34410000e-01
6.00000000e-02,4.20000000e-01,5.77890000e-01,3.89180000e-01
8.00000000e-02,4.20000000e-01,6.03890000e-01,3.58740000e-01
1.00000000e-01,4.20000000e-01,6.04020000e-01,3.57460000e-01
1.20000000e-01,4.20000000e-01,5.67850000e-01,3.93080000e-01
1.40000000e-01,4.20000000e-01,4.91470000e-01,4.63260000e-01
1.60000000e-01,4.20000000e-01,3.85610000e-01,5.52820000e-01
1.80000000e-01,4.20000000e-01,2.75810000e-01,6.38770000e-01
2.00000000e-01,4.20000000e-01,1.87590000e-01,7.04200000e-01
2.20000000e-01,4.20000000e-01,1.33470000e-01,7.45430000e-01
2.40000000e-01,4.20000000e-01,1.15590000e-01,7.65030000e-01
2.60000000e-01,4.20000000e-01,1.34510000e-01,7.60950000e-01
2.80000000e-01,4.20000000e-01,1.94720000e-01,7.21980000e-01
3.00000000e-01,4.20000000e-01,3.02050000e-01,6.33360000e-01
3.20000000e-01,4.20000000e-01,4.48780000e-01,4.95240000e-01
3.40000000e-01,4.20000000e-01,6.00960000e-01,3.39020000e-01
3.60000000e-01,4.20000000e-01,7.18440000e-01,2.07770000e-01
3.80000000e-01,4.20000000e-01,7.87400000e-01,1.21350000e-01
4.00000000e-01,4.20000000e-01,8.19130000e-01,7.57450000e-02
4.20000000e-01,4.20000000e-01,8.28640000e-01,6.15920000e-02
4.40000000e-01,4.20000000e-01,8.22010000e-01,7.45000000e-02
4.60000000e-01,4.20000000e-01,7.93670000e-01,1.17710000e-01
4.80000000e-01,4.20000000e-01,7.28780000e-01,2.00620000e-01
5.00000000e-01,4.20000000e-01,6.14410000e-01,3.29450000e-01
5.20000000e-01,4.20000000e-01,4.60850000e-01,4.88600000e-01
5.40000000e-01,4.20000000e-01,3.07300000e-01,6.36350000e-01
5.60000000e-01,4.20000000e-01,1.90730000e-01,7.36900000e-01
5.80000000e-01,4.20000000e-01,1.21110000e-01,7.86560000e-01
6.00000000e-01,4.20000000e-01,9.17260000e-02,8.00920000e-01
6.20000000e-01,4.20000000e-01,9.59420000e-02,7.93120000e-01
6.40000000e-01,4.20000000e-01,1.33160000e-01,7.64780000e-01
6.60000000e-01,4.20000000e-01,2.07440000e-01,7.07470000e-01
6.80000000e-01,4.20000000e-01,3.19810000e-01,6.12930000e-01
7.00000000e-01,4.20000000e-01,4.55210000e-01,4.89450000e-01
7.20000000e-01,4.20000000e-01,5.80000000e-01,3.66310000e-01
7.40000000e-01,4.20000000e-01,6.64220000e-01,2.74080000e-01
7.60000000e-01,4.20000000e-01,7.01000000e-01,2.26390000e-01
7.80000000e-01,4.20000000e-01,6.99100000e-01,2.22980000e-01
8.00000000e-01,4.20000000e-01,6.68130000e-01,2.58630000e-01
8.20000000e-01,4.20000000e-01,6.14860000e-01,3.24810000e-01
8.40000000e-01,4.20000000e-01,5.48370000e-01,4.06610000e-01
8.60000000e-01,4.20000000e-01,4.83410000e-01,4.83520000e-01
8.80000000e-01,4.20000000e-01,4.35590000e-01,5.37620000e-01
9.00000000e-01,4.20000000e-01,4.13820000e-01,5.61630000e-01
9.20000000e-01,4.20000000e-01,4.17490000e-01,5.59070000e-01
9.40000000e-01,4.20000000e-01,4.38550000e-01,5.39560000e-01
9.60000000e-01,4.20000000e-01,4.65190000e-01,5.14640000e-01
9.80000000e-01,4.20000000e-01,4.85710000e-01,4.95100000e-01
1.00000000e+00,4.20000000e-01,4.88520000e-01,4.91950000e-01
0.00000000e+00,4.40000000e-01,4.79170000e-01,5.01490000e-01
2.00000000e-02,4.40000000e-01,4.84660000e-01,4.94700000e-01
4.00000000e-02,4.40000000e-01,5.16140000e-01,4.58740000e-01
6.00000000e-02,4.40000000e-01,5.58700000e-01,4.08770000e-01
8.00000000e-02,4.40000000e-01,5.98450000e-01,3.61130000e-01
1.00000000e-01,4.40000000e-01,6.22090000e-01,3.32970000e-01
1.20000000e-01,4.40000000e-01,6.17460000e-01,3.37780000e-01
1.40000000e-01,4.40000000e-01,5.74190000e-01,3.82140000e-01
1.60000000e-01,4.40000000e-01,4.89290000e-01,4.61960000e-01
1.80000000e-01,4.40000000e-01,3.76150000e-01,5.59280000e-01
2.00000000e-01,4.40000000e-01,2.62770000e-01,6.49030000e-01
2.20000000e-01,4.40000000e-01,1.74530000e-01,7.15280000e-01
2.40000000e-01,4.40000000e-01,1.22100000e-01,7.56780000e-01
2.60000000e-01,4.40000000e-01,1.05600000e-01,7.76920000e-01
2.80000000e-01,4.40000000e-01,1.24530000e-01,7.73380000e-01
3.00000000e-01,4.40000000e-01,1.83790000e-01,7.34760000e-01
3.20000000e-01,4.40000000e-01,2.90530000e-01,6.46000000e-01
3.40000000e-01,4.40000000e-01,4.38540000e-01,5.06550000e-01
3.60000000e-01,4.40000000e-01,5.93830000e-01,3.47210000e-01
3.80000000e-01,4.40000000e-01,7.14570000e-01,2.11850000e-01
4.00000000e-01,4.40000000e-01,7.86650000e-01,1.22090000e-01
4.20000000e-01,4.40000000e-01,8.22010000e-01,7.45000000e-02
4.40000000e-01,4.40000000e-01,8.35550000e-01,5.86760000e-02
4.60000000e-01,4.40000000e-01,8.32810000e-01,6.90360000e-02
4.80000000e-01,4.40000000e-01,8.07880000e-01,1.08200000e-01
5.00000000e-01,4.40000000e-01,7.45910000e-01,1.86030000e-01
5.20000000e-01,4.40000000e-01,6.33360000e-01,3.11200000e-01
5.40000000e-01,4.40000000e-01,4.78460000e-01,4.71260000e-01
5.60000000e-01,4.40000000e-01,3.19580000e-01,6.24130000e-01
5.80000000e-01,4.40000000e-01,1.96430000e-01,7.30690000e-01
6.00000000e-01,4.40000000e-01,1.21820000e-01,7.85810000e-01
6.20000000e-01,4.40000000e-01,8.92950000e-02,8.05110000e-01
6.40000000e-01,4.40000000e-01,9.08390000e-02,8.01200000e-01
6.60000000e-01,4.40000000e-01,1.24890000e-01,7.75080000e-01
6.80000000e-01,4.40000000e-01,1.96050000e-01,7.18550000e-01
7.00000000e-01,4.40000000e-01,3.07150000e-01,6.24210000e-01
7.20000000e-01,4.40000000e-01,4.44030000e-01,5.00540000e-01
7.40000000e-01,4.40000000e-01,5.71660000e-01,3.76480000e-01
7.60000000e-01,4.40000000e-01,6.58260000e-01,2.82860000e-01
7.80000000e-01,4.40000000e-01,6.96490000e-01,2.33920000e-01
8.00000000e-01,4.40000000e-01,6.95150000e-01,2.29690000e-01
8.20000000e-01,4.40000000e-01,6.64070000e-01,2.64870000e-01
8.40000000e-01,4.40000000e-01,6.11010000e-01,3.30340000e-01
8.60000000e-01,4.40000000e-01,5.46400000e-01,4.10170000e-01
8.80000000e-01,4.40000000e-01,4.85310000e-01,4.83350000e-01
9.00000000e-01,4.40000000e-01,4.42250000e-01,5.32850000e-01
9.20000000e-01,4.40000000e-01,4.24600000e-01,5.52850000e-01
9.40000000e-01,4.40000000e-01,4.30570000e-01,5.47890000e-01
9.60000000e-01,4.40000000e-01,4.51300000e-01,5.28190000e-01
9.80000000e-01,4.40000000e-01,4.73810000e-01,5.06530000e-01
1.00000000e+00,4.40000000e-01,4.79170000e-01,5.01490000e-01
0.00000000e+00,4.60000000e-01,4.70950000e-01,5.09400000e-01
2.00000000e-02,4.60000000e-01,4.69630000e-01,5.10590000e-01
4.00000000e-02,4.60000000e-01,4.91570000e-01,4.85490000e-01
6.00000000e-02,4.60000000e-01,5.31680000e-01,4.38330000e-01
8.00000000e-02,4.60000000e-01,5.78970000e-01,3.80860000e-01
1.00000000e-01,4.60000000e-01,6.19960000e-01,3.30480000e-01
1.20000000e-01,4.60000000e-01,6.41910000e-01,3.04570000e-01
1.40000000e-01,4.60000000e-01,6.32930000e-01,3.15810000e-01
1.60000000e-01,4.60000000e-01,5.82520000e-01,3.69570000e-01
1.80000000e-01,4.60000000e-01,4.88570000e-01,4.59930000e-01
2.00000000e-01,4.60000000e-01,3.67230000e-01,5.65960000e-01
2.20000000e-01,4.60000000e-01,2.49280000e-01,6.60690000e-01
2.40000000e-01,4.60000000e-01,1.60290000e-01,7.29180000e-01
2.60000000e-01,4.60000000e-01,1.08940000e-01,7.71850000e-01
2.80000000e-01,4.60000000e-01,9.33680000e-02,7.92740000e-01
3.00000000e-01,4.60000000e-01,1.12310000e-01,7.89500000e-01
3.20000000e-01,4.60000000e-01,1.71100000e-01,7.50330000e-01
3.40000000e-01,4.60000000e-01,2.78560000e-01,6.59600000e-01
3.60000000e-01,4.60000000e-01,4.30200000e-01,5.16020000e-01
3.80000000e-01,4.60000000e-01,5.91180000e-01,3.50810000e-01
4.00000000e-01,4.60000000e-01,7.17240000e-01,2.10280000e-01
4.20000000e-01,4.60000000e-01,7.93670000e-01,1.17710000e-01
4.40000000e-01,4.60000000e-01,8.32810000e-01,6.90360000e-02
4.60000000e-01,4.60000000e-01,8.49400000e-01,5.24220000e-02
4.80000000e-01,4.60000000e-01,8.48470000e-01,6.11980000e-02
5.00000000e-01,4.60000000e-01,8.23950000e-01,9.77790000e-02
5.20000000e-01,4.60000000e-01,7.61100000e-01,1.73260000e-01
5.40000000e-01,4.60000000e-01,6.45950000e-01,2.98920000e-01
5.60000000e-01,4.60000000e-01,4.85800000e-01,4.63860000e-01
5.80000000e-01,4.60000000e-01,3.20260000e-01,6.23450000e-01
6.00000000e-01,4.60000000e-01,1.92280000e-01,7.35380000e-01
6.20000000e-01,4.60000000e-01,1.15740000e-01,7.94130000e-01
6.40000000e-01,4.60000000e-01,8.27540000e-02,8.15390000e-01
6.60000000e-01,4.60000000e-01,8.38810000e-02,8.11390000e-01
6.80000000e-01,4.60000000e-01,1.17540000e-01,7.83200000e-01
7.00000000e-01,4.60000000e-01,1.89560000e-01,7.23530000e-01
7.20000000e-01,4.60000000e-01,3.03540000e-01,6.26200000e-01
7.40000000e-01,4.60000000e-01,4.43850000e-01,5.00640000e-01
7.60000000e-01,4.60000000e-01,5.72850000e-01,3.76260000e-01
7.80000000e-01,4.60000000e-01,6.58450000e-01,2.83790000e-01
8.00000000e-01,4.60000000e-01,6.94510000e-01,2.37080000e-01
8.20000000e-01,4.60000000e-01,6.90470000e-01,2.35880000e-01
8.40000000e-01,4.60000000e-01,6.56760000e-01,2.74260000e-01
8.60000000e-01,4.60000000e-01,6.02460000e-01,3.41590000e-01
8.80000000e-01,4.60000000e-01,5.39370000e-01,4.20050000e-01
9.00000000e-01,4.60000000e-01,4.82680000e-01,4.88360000e-01
9.20000000e-01,4.60000000e-01,4.45560000e-01,5.31350000e-01
9.40000000e-01,4.60000000e-01,4.33520000e-01,5.45380000e-01
9.60000000e-01,4.60000000e-01,4.43080000e-01,5.36490000e-01
9.80000000e-01,4.60000000e-01,4.63010000e-01,5.16920000e-01
1.00000000e+00,4.60000000e-01,4.70950000e-01,5.09400000e-01
0.00000000e+00,4.80000000e-01,4.65220000e-01,5.14620000e-01
2.00000000e-02,4.80000000e-01,4.58740000e-01,5.21620000e-01
4.00000000e-02,4.80000000e-01,4.68700000e-01,5.10130000e-01
6.00000000e-02,4.80000000e-01,5.00800000e-01,4.72750000e-01
8.00000000e-02,4.80000000e-01,5.49030000e-01,4.14370000e-01
1.00000000e-01,4.80000000e-01,6.00930000e-01,3.49510000e-01
1.20000000e-01,4.80000000e-01,6.42850000e-01,2.97460000e-01
1.40000000e-01,4.80000000e-01,6.62600000e-01,2.75450000e-01
1.60000000e-01,4.80000000e-01,6.48430000e-01,2.94710000e-01
1.80000000e-01,4.80000000e-01,5.89730000e-01,3.59270000e-01
2.00000000e-01,4.80000000e-01,4.85380000e-01,4.61230000e-01
2.20000000e-01,4.80000000e-01,3.54840000e-01,5.76510000e-01
2.40000000e-01,4.80000000e-01,2.32230000e-01,6.76400000e-01
2.60000000e-01,4.80000000e-01,1.43350000e-01,7.47010000e-01
2.80000000e-01,4.80000000e-01,9.43820000e-02,7.90290000e-01
3.00000000e-01,4.80000000e-01,8.10530000e-02,8.10780000e-01
3.20000000e-01,4.80000000e-01,1.01300000e-01,8.05910000e-01
3.40000000e-01,4.80000000e-01,1.61430000e-01,7.63650000e-01
3.60000000e-01,4.80000000e-01,2.72340000e-01,6.67880000e-01
3.80000000e-01,4.80000000e-01,4.30410000e-01,5.17140000e-01
4.00000000e-01,4.80000000e-01,5.98190000e-01,3.44820000e-01
4.20000000e-01,4.80000000e-01,7.28780000e-01,2.00620000e-01
4.40000000e-01,4.80000000e-01,8.07880000e-01,1.08200000e-01
4.60000000e-01,4.80000000e-01,8.48470000e-01,6.11980000e-02
4.80000000e-01,4.80000000e-01,8.64990000e-01,4.57750000e-02
5.00000000e-01,4.80000000e-01,8.62230000e-01,5.47000000e-02
5.20000000e-01,4.80000000e-01,8.34360000e-01,9.11780000e-02
5.40000000e-01,4.80000000e-01,7.66990000e-01,1.68130000e-01
5.60000000e-01,4.80000000e-01,6.46060000e-01,2.98490000e-01
5.80000000e-01,4.80000000e-01,4.79460000e-01,4.69970000e-01
6.00000000e-01,4.80000000e-01,3.09670000e-01,6.33940000e-01
6.20000000e-01,4.80000000e-01,1.81510000e-01,7.47010000e-01
6.40000000e-01,4.80000000e-01,1.07230000e-01,8.04970000e-01
6.60000000e-01,4.80000000e-01,7.66470000e-02,8.23880000e-01
6.80000000e-01,4.80000000e-01,7.98160000e-02,8.15950000e-01
7.00000000e-01,4.80000000e-01,1.16150000e-01,7.82770000e-01
7.20000000e-01,4.80000000e-01,1.92460000e-01,7.18130000e-01
7.40000000e-01,4.80000000e-01,3.11270000e-01,6.17360000e-01
7.60000000e-01,4.80000000e-01,4.53350000e-01,4.91380000e-01
7.80000000e-01,4.80000000e-01,5.79300000e-01,3.70050000e-01
8.00000000e-01,4.80000000e-01,6.59350000e-01,2.82960000e-01
8.20000000e-01,4.80000000e-01,6.89800000e-01,2.42580000e-01
8.40000000e-01,4.80000000e-01,6.80850000e-01,2.47800000e-01
8.60000000e-01,4.80000000e-01,6.43530000e-01,2.91470000e-01
8.80000000e-01,4.80000000e-01,5.88250000e-01,3.60670000e-01
9.00000000e-01,4.80000000e-01,5.27920000e-01,4.35800000e-01
9.20000000e-01,4.80000000e-01,4.77400000e-01,4.96480000e-01
9.40000000e-01,4.80000000e-01,4.48080000e-01,5.30420000e-01
9.60000000e-01,4.80000000e-01,4.43120000e-01,5.36700000e-01
9.80000000e-01,4.80000000e-01,4.55830000e-01,5.24010000e-01
1.00000000e+00,4.80000000e-01,4.65220000e-01,5.14620000e-01
0.00000000e+00,5.00000000e-01,4.63080000e-01,5.16490000e-01
2.00000000e-02,5.00000000e-01,4.53670000e-01,5.26370000e-01
4.00000000e-02,5.00000000e-01,4.51130000e-01,5.28560000e-01
6.00000000e-02,5.00000000e-01,4.70700000e-01,5.05970000e-01
8.00000000e-02,5.00000000e-01,5.12840000e-01,4.55900000e-01
1.00000000e-01,5.00000000e-01,5.68560000e-01,3.86760000e-01
1.20000000e-01,5.00000000e-01,6.23930000e-01,3.16470000e-01
1.40000000e-01,5.00000000e-01,6.65420000e-01,2.65630000e-01
1.60000000e-01,5.00000000e-01,6.81520000e-01,2.50110000e-01
1.80000000e-01,5.00000000e-01,6.60690000e-01,2.79180000e-01
2.00000000e-01,5.00000000e-01,5.92220000e-01,3.55480000e-01
2.20000000e-01,5.00000000e-01,4.76470000e-01,4.69020000e-01
2.40000000e-01,5.00000000e-01,3.37100000e-01,5.92540000e-01
2.60000000e-01,5.00000000e-01,2.12060000e-01,6.96060000e-01
2.80000000e-01,5.00000000e-01,1.26150000e-01,7.67070000e-01
3.00000000e-01,5.00000000e-01,8.17190000e-02,8.08840000e-01
3.20000000e-01,5.00000000e-01,7.20310000e-02,8.26330000e-01
3.40000000e-01,5.00000000e-01,9.51090000e-02,8.17110000e-01
3.60000000e-01,5.00000000e-01,1.58990000e-01,7.69100000e-01
3.80000000e-01,5.00000000e-01,2.76230000e-01,6.65840000e-01
4.00000000e-01,5.00000000e-01,4.41870000e-01,5.06850000e-01
4.20000000e-01,5.00000000e-01,6.14410000e-01,3.29450000e-01
4.40000000e-01,5.00000000e-01,7.45910000e-01,1.86030000e-01
4.60000000e-01,5.00000000e-01,8.23950000e-01,9.77790000e-02
4.80000000e-01,5.00000000e-01,8.62230000e-01,5.47000000e-02
5.00000000e-01,5.00000000e-01,8.75070000e-01,4.16800000e-02
5.20000000e-01,5.00000000e-01,8.67460000e-01,5.21840000e-02
5.40000000e-01,5.00000000e-01,8.34080000e-01,9.10100000e-02
5.60000000e-01,5.00000000e-01,7.60880000e-01,1.72650000e-01
5.80000000e-01,5.00000000e-01,6.34080000e-01,3.09590000e-01
6.00000000e-01,5.00000000e-01,4.63480000e-01,4.85450000e-01
6.20000000e-01,5.00000000e-01,2.94390000e-01,6.48580000e-01
6.40000000e-01,5.00000000e-01,1.70770000e-01,7.57630000e-01
6.60000000e-01,5.00000000e-01,1.01440000e-01,8.10780000e-01
6.80000000e-01,5.00000000e-01,7.47290000e-02,8.24490000e-01
7.00000000e-01,5.00000000e-01,8.15120000e-02,8.11010000e-01
7.20000000e-01,5.00000000e-01,1.22550000e-01,7.72450000e-01
7.40000000e-01,5.00000000e-01,2.04600000e-01,7.03660000e-01
7.60000000e-01,5.00000000e-01,3.27100000e-01,6.01530000e-01
7.80000000e-01,5.00000000e-01,4.66840000e-01,4.78570000e-01
8.00000000e-01,5.00000000e-01,5.85070000e-01,3.64430000e-01
8.20000000e-01,5.00000000e-01,6.56310000e-01,2.86480000e-01
8.40000000e-01,5.00000000e-01,6.79430000e-01,2.55190000e-01
8.60000000e-01,5.00000000e-01,6.65070000e-01,2.68300000e-01
8.80000000e-01,5.00000000e-01,6.24780000e-01,3.16880000e-01
9.00000000e-01,5.00000000e-01,5.70090000e-01,3.85580000e-01
9.20000000e-01,5.00000000e-01,5.14600000e-01,4.54070000e-01
9.40000000e-01,5.00000000e-01,4.72310000e-01,5.04270000e-01
9.60000000e-01,5.00000000e-01,4.52290000e-01,5.27400000e-01
9.80000000e-01,5.00000000e-01,4.54220000e-01,5.25860000e-01
1.00000000e+00,5.00000000e-01,4.63080000e-01,5.16490000e-01
0.00000000e+00,5.20000000e-01,4.64980000e-01,5.14790000e-01
2.00000000e-02,5.20000000e-01,4.55000000e-01,5.24730000e-01
4.00000000e-02,5.20000000e-01,4.41690000e-01,5.38020000e-01
6.00000000e-02,5.20000000e-01,4.46380000e-01,5.32060000e-01
8.00000000e-02,5.20000000e-01,4.75900000e-01,4.97800000e-01
1.00000000e-01,5.20000000e-01,5.27130000e-01,4.35860000e-01
1.20000000e-01,5.20000000e-01,5.88610000e-01,3.58440000e-01
1.40000000e-01,5.20000000e-01,6.45430000e-01,2.86420000e-01
1.60000000e-01,5.20000000e-01,6.84580000e-01,2.40200000e-01
1.80000000e-01,5.20000000e-01,6.95430000e-01,2.33180000e-01
2.00000000e-01,5.20000000e-01,6.66730000e-01,2.72680000e-01
2.20000000e-01,5.20000000e-01,5.87950000e-01,3.60140000e-01
2.40000000e-01,5.20000000e-01,4.61640000e-01,4.83280000e-01
2.60000000e-01,5.20000000e-01,3.16500000e-01,6.12050000e-01
2.80000000e-01,5.20000000e-01,1.93120000e-01,7.16100000e-01
3.00000000e-01,5.20000000e-01,1.13020000e-01,7.84530000e-01
3.20000000e-01,5.20000000e-01,7.42120000e-02,8.21920000e-01
3.40000000e-01,5.20000000e-01,6.87210000e-02,8.33930000e-01
3.60000000e-01,5.20000000e-01,9.58200000e-02,8.18610000e-01
3.80000000e-01,5.20000000e-01,1.65340000e-01,7.63890000e-01
4.00000000e-01,5.20000000e-01,2.89860000e-01,6.53330000e-01
4.20000000e-01,5.20000000e-01,4.60850000e-01,4.88600000e-01
4.40000000e-01,5.20000000e-01,6.33360000e-01,3.11200000e-01
4.60000000e-01,5.20000000e-01,7.61100000e-01,1.73260000e-01
4.80000000e-01,5.20000000e-01,8.34360000e-01,9.11780000e-02
5.00000000e-01,5.20000000e-01,8.67460000e-01,5.21840000e-02
5.20000000e-01,5.20000000e-01,8.74770000e-01,4.15790000e-02
5.40000000e-01,5.20000000e-01,8.61730000e-01,5.44410000e-02
5.60000000e-01,5.20000000e-01,8.23480000e-01,9.71300000e-02
5.80000000e-01,5.20000000e-01,7.46110000e-01,1.84460000e-01
6.00000000e-01,5.20000000e-01,6.16410000e-01,3.26220000e-01
6.20000000e-01,5.20000000e-01,4.46410000e-01,5.01610000e-01
6.40000000e-01,5.20000000e-01,2.82540000e-01,6.58910000e-01
6.60000000e-01,5.20000000e-01,1.65580000e-01,7.60840000e-01
6.80000000e-01,5.20000000e-01,1.01380000e-01,8.07680000e-01
7.00000000e-01,5.20000000e-01,7.84910000e-02,8.15900000e-01
7.20000000e-01,5.20000000e-01,8.93470000e-02,7.97660000e-01
7.40000000e-01,5.20000000e-01,1.35590000e-01,7.55430000e-01
7.60000000e-01,5.20000000e-01,2.22490000e-01,6.84880000e-01
7.80000000e-01,5.20000000e-01,3.45450000e-01,5.84420000e-01
8.00000000e-01,5.20000000e-01,4.78700000e-01,4.67920000e-01
8.20000000e-01,5.20000000e-01,5.86370000e-01,3.64070000e-01
8.40000000e-01,5.20000000e-01,6.47660000e-01,2.97270000e-01
8.60000000e-01,5.20000000e-01,6.63460000e-01,2.75880000e-01
8.80000000e-01,5.20000000e-01,6.44570000e-01,2.96230000e-01
9.00000000e-01,5.20000000e-01,6.02900000e-01,3.47350000e-01
9.20000000e-01,5.20000000e-01,5.50810000e-01,4.12160000e-01
9.40000000e-01,5.20000000e-01,5.02150000e-01,4.71090000e-01
9.60000000e-01,5.20000000e-01,4.69490000e-01,5.09210000e-01
9.80000000e-01,5.20000000e-01,4.58970000e-01,5.21340000e-01
1.00000000e+00,5.20000000e-01,4.64980000e-01,5.14790000e-01
0.00000000e+00,5.40000000e-01,4.70500000e-01,5.09740000e-01
2.00000000e-02,5.40000000e-01,4.61990000e-01,5.17800000e-01
4.00000000e-02,5.40000000e-01,4.41600000e-01,5.37850000e-01
6.00000000e-02,5.40000000e-01,4.32020000e-01,5.46800000e-01
8.00000000e-02,5.40000000e-01,4.44650000e-01,5.32100000e-01
1.00000000e-01,5.40000000e-01,4.82940000e-01,4.87400000e-01
1.20000000e-01,5.40000000e-01,5.41200000e-01,4.16270000e-01
1.40000000e-01,5.40000000e-01,6.06070000e-01,3.34530000e-01
1.60000000e-01,5.40000000e-01,6.62180000e-01,2.64600000e-01
1.80000000e-01,5.40000000e-01,6.97380000e-01,2.25070000e-01
2.00000000e-01,5.40000000e-01,7.02210000e-01,2.26640000e-01
2.20000000e-01,5.40000000e-01,6.65920000e-01,2.75190000e-01
2.40000000e-01,5.40000000e-01,5.78440000e-01,3.70990000e-01
2.60000000e-01,5.40000000e-01,4.45120000e-01,4.99630000e-01
2.80000000e-01,5.40000000e-01,2.99210000e-01,6.29370000e-01
3.00000000e-01,5.40000000e-01,1.81110000e-01,7.30410000e-01
3.20000000e-01,5.40000000e-01,1.07520000e-01,7.93580000e-01
3.40000000e-01,5.40000000e-01,7.35680000e-02,8.24850000e-01
3.60000000e-01,5.40000000e-01,7.17790000e-02,8.30830000e-01
3.80000000e-01,5.40000000e-01,1.03090000e-01,8.10140000e-01
4.00000000e-01,5.40000000e-01,1.78040000e-01,7.50690000e-01
4.20000000e-01,5.40000000e-01,3.07300000e-01,6.36350000e-01
4.40000000e-01,5.40000000e-01,4.78460000e-01,4.71260000e-01
4.60000000e-01,5.40000000e-01,6.45950000e-01,2.98920000e-01
4.80000000e-01,5.40000000e-01,7.66990000e-01,1.68130000e-01
5.00000000e-01,5.40000000e-01,8.34080000e-01,9.10100000e-02
5.20000000e-01,5.40000000e-01,8.61730000e-01,5.44410000e-02
5.40000000e-01,5.40000000e-01,8.64460000e-01,4.53910000e-02
5.60000000e-01,5.40000000e-01,8.48070000e-01,6.05300000e-02
5.80000000e-01,5.40000000e-01,8.07870000e-01,1.06880000e-01
6.00000000e-01,5.40000000e-01,7.29820000e-01,1.98040000e-01
6.20000000e-01,5.40000000e-01,6.01290000e-01,3.40410000e-01
6.40000000e-01,5.40000000e-01,4.35870000e-01,5.10860000e-01
6.60000000e-01,5.40000000e-01,2.78960000e-01,6.60220000e-01
6.80000000e-01,5.40000000e-01,1.67850000e-01,7.55030000e-01
7.00000000e-01,5.40000000e-01,1.07290000e-01,7.96590000e-01
7.20000000e-01,5.40000000e-01,8.72900000e-02,8.00980000e-01
7.40000000e-01,5.40000000e-01,1.01780000e-01,7.80110000e-01
7.60000000e-01,5.40000000e-01,1.52320000e-01,7.36530000e-01
7.80000000e-01,5.40000000e-01,2.41760000e-01,6.66560000e-01
8.00000000e-01,5.40000000e-01,3.61940000e-01,5.70110000e-01
8.20000000e-01,5.40000000e-01,4.86330000e-01,4.62210000e-01
8.40000000e-01,5.40000000e-01,5.82780000e-01,3.69930000e-01
8.60000000e-01,5.40000000e-01,6.34610000e-01,3.14520000e-01
8.80000000e-01,5.40000000e-01,6.44110000e-01,3.02210000e-01
9.00000000e-01,5.40000000e-01,6.22060000e-01,3.27760000e-01
9.20000000e-01,5.40000000e-01,5.80600000e-01,3.78530000e-01
9.40000000e-01,5.40000000e-01,5.32690000e-01,4.36830000e-01
9.60000000e-01,5.40000000e-01,4.91980000e-01,4.84840000e-01
9.80000000e-01,5.40000000e-01,4.69560000e-01,5.10540000e-01
1.00000000e+00,5.40000000e-01,4.70500000e-01,5.09740000e-01
0.00000000e+00,5.60000000e-01,4.78590000e-01,5.01980000e-01
2.00000000e-02,5.60000000e-01,4.72730000e-01,5.07510000e-01
4.00000000e-02,5.60000000e-01,4.50020000e-01,5.29430000e-01
6.00000000e-02,5.60000000e-01,4.29650000e-01,5.48890000e-01
8.00000000e-02,5.60000000e-01,4.24710000e-01,5.52880000e-01
1.00000000e-01,5.60000000e-01,4.43930000e-01,5.30960000e-01
1.20000000e-01,5.60000000e-01,4.88810000e-01,4.78550000e-01
1.40000000e-01,5.60000000e-01,5.51710000e-01,4.02000000e-01
1.60000000e-01,5.60000000e-01,6.17820000e-01,3.19640000e-01
1.80000000e-01,5.60000000e-01,6.71780000e-01,2.53720000e-01
2.00000000e-01,5.60000000e-01,7.02770000e-01,2.20360000e-01
2.20000000e-01,5.60000000e-01,7.02750000e-01,2.28240000e-01
2.40000000e-01,5.60000000e-01,6.61320000e-01,2.82160000e-01
2.60000000e-01,5.60000000e-01,5.68990000e-01,3.81400000e-01
2.80000000e-01,5.60000000e-01,4.34190000e-01,5.10540000e-01
3.00000000e-01,5.60000000e-01,2.92060000e-01,6.37550000e-01
3.20000000e-01,5.60000000e-01,1.79940000e-01,7.33670000e-01
3.40000000e-01,5.60000000e-01,1.10790000e-01,7.91170000e-01
3.60000000e-01,5.60000000e-01,7.93450000e-02,8.17250000e-01
3.80000000e-01,5.60000000e-01,7.95850000e-02,8.19470000e-01
4.00000000e-01,5.60000000e-01,1.13430000e-01,7.96760000e-01
4.20000000e-01,5.60000000e-01,1.90730000e-01,7.36900000e-01
4.40000000e-01,5.60000000e-01,3.19580000e-01,6.24130000e-01
4.60000000e-01,5.60000000e-01,4.85800000e-01,4.63860000e-01
4.80000000e-01,5.60000000e-01,6.46060000e-01,2.98490000e-01
5.00000000e-01,5.60000000e-01,7.60880000e-01,1.72650000e-01
5.20000000e-01,5.60000000e-01,8.23480000e-01,9.71300000e-02
5.40000000e-01,5.60000000e-01,8.48070000e-01,6.05300000e-02
5.60000000e-01,5.60000000e-01,8.49250000e-01,5.16750000e-02
5.80000000e-01,5.60000000e-01,8.32930000e-01,6.80340000e-02
6.00000000e-01,5.60000000e-01,7.94150000e-01,1.16150000e-01
6.20000000e-01,5.60000000e-01,7.18490000e-01,2.07750000e-01
6.40000000e-01,5.60000000e-01,5.93860000e-01,3.46980000e-01
6.60000000e-01,5.60000000e-01,4.34420000e-01,5.10840000e-01
6.80000000e-01,5.60000000e-01,2.83490000e-01,6.53250000e-01
7.00000000e-01,5.60000000e-01,1.76000000e-01,7.43050000e-01
7.20000000e-01,5.60000000e-01,1.17270000e-01,7.81580000e-01
7.40000000e-01,5.60000000e-01,9.91200000e-02,7.84310000e-01
7.60000000e-01,5.60000000e-01,1.16360000e-01,7.62750000e-01
7.80000000e-01,5.60000000e-01,1.69770000e-01,7.19310000e-01
8.00000000e-01,5.60000000e-01,2.59740000e-01,6.50990000e-01
8.20000000e-01,5.60000000e-01,3.75440000e-01,5.59470000e-01
8.40000000e-01,5.60000000e-01,4.90550000e-01,4.60710000e-01
8.60000000e-01,5.60000000e-01,5.76440000e-01,3.79820000e-01
8.80000000e-01,5.60000000e-01,6.19830000e-01,3.34940000e-01
9.00000000e-01,5.60000000e-01,6.24070000e-01,3.30220000e-01
9.20000000e-01,5.60000000e-01,5.99780000e-01,3.59020000e-01
9.40000000e-01,5.60000000e-01,5.59340000e-01,4.07570000e-01
9.60000000e-01,5.60000000e-01,5.16230000e-01,4.58370000e-01
9.80000000e-01,5.60000000e-01,4.84390000e-01,4.94850000e-01
1.00000000e+00,5.60000000e-01,4.78590000e-01,5.01980000e-01
0.00000000e+00,5.80000000e-01,4.87880000e-01,4.92550000e-01
2.00000000e-02,5.80000000e-01,4.84700000e-01,4.96090000e-01
4.00000000e-02,5.80000000e-01,4.64330000e-01,5.15590000e-01
6.00000000e-02,5.80000000e-01,4.38540000e-01,5.39890000e-01
8.00000000e-02,5.80000000e-01,4.19000000e-01,5.58150000e-01
1.00000000e-01,5.80000000e-01,4.17250000e-01,5.58770000e-01
1.20000000e-01,5.80000000e-01,4.40930000e-01,5.32160000e-01
1.40000000e-01,5.80000000e-01,4.90240000e-01,4.75240000e-01
1.60000000e-01,5.80000000e-01,5.56000000e-01,3.96400000e-01
1.80000000e-01,5.80000000e-01,6.22430000e-01,3.14970000e-01
2.00000000e-01,5.80000000e-01,6.74590000e-01,2.51990000e-01
2.20000000e-01,5.80000000e-01,7.03240000e-01,2.21610000e-01
2.40000000e-01,5.80000000e-01,7.01210000e-01,2.31220000e-01
2.60000000e-01,5.80000000e-01,6.58430000e-01,2.85210000e-01
2.80000000e-01,5.80000000e-01,5.66650000e-01,3.83000000e-01
3.00000000e-01,5.80000000e-01,4.35440000e-01,5.09370000e-01
3.20000000e-01,5.80000000e-01,2.98310000e-01,6.32800000e-01
3.40000000e-01,5.80000000e-01,1.89330000e-01,7.25280000e-01
3.60000000e-01,5.80000000e-01,1.20600000e-01,7.79750000e-01
3.80000000e-01,5.80000000e-01,8.83130000e-02,8.04210000e-01
4.00000000e-01,5.80000000e-01,8.78350000e-02,8.06840000e-01
4.20000000e-01,5.80000000e-01,1.21110000e-01,7.86560000e-01
4.40000000e-01,5.80000000e-01,1.96430000e-01,7.30690000e-01
4.60000000e-01,5.80000000e-01,3.20260000e-01,6.23450000e-01
4.80000000e-01,5.80000000e-01,4.79460000e-01,4.69970000e-01
5.00000000e-01,5.80000000e-01,6.34080000e-01,3.09590000e-01
5.20000000e-01,5.80000000e-01,7.46110000e-01,1.84460000e-01
5.40000000e-01,5.80000000e-01,8.07870000e-01,1.06880000e-01
5.60000000e-01,5.80000000e-01,8.32930000e-01,6.80340000e-02
5.80000000e-01,5.80000000e-01,8.35850000e-01,5.79780000e-02
6.00000000e-01,5.80000000e-01,8.22260000e-01,7.40280000e-02
6.20000000e-01,5.80000000e-01,7.86600000e-01,1.21660000e-01
6.40000000e-01,5.80000000e-01,7.14230000e-01,2.11190000e-01
6.60000000e-01,5.80000000e-01,5.93720000e-01,3.46090000e-01
6.80000000e-01,5.80000000e-01,4.39290000e-01,5.04520000e-01
7.00000000e-01,5.80000000e-01,2.92290000e-01,6.42460000e-01
7.20000000e-01,5.80000000e-01,1.86540000e-01,7.29630000e-01
7.40000000e-01,5.80000000e-01,1.28610000e-01,7.66980000e-01
7.60000000e-01,5.80000000e-01,1.11780000e-01,7.69360000e-01
7.80000000e-01,5.80000000e-01,1.31240000e-01,7.47750000e-01
8.00000000e-01,5.80000000e-01,1.86830000e-01,7.04460000e-01
8.20000000e-01,5.80000000e-01,2.76720000e-01,6.37500000e-01
8.40000000e-01,5.80000000e-01,3.87880000e-01,5.50630000e-01
8.60000000e-01,5.80000000e-01,4.94200000e-01,4.60600000e-01
8.80000000e-01,5.80000000e-01,5.70220000e-01,3.90370000e-01
9.00000000e-01,5.80000000e-01,6.05700000e-01,3.55140000e-01
9.20000000e-01,5.80000000e-01,6.04820000e-01,3.57130000e-01
9.40000000e-01,5.80000000e-01,5.78180000e-01,3.88420000e-01
9.60000000e-01,5.80000000e-01,5.38630000e-01,4.34320000e-01
9.80000000e-01,5.80000000e-01,5.01280000e-01,4.76710000e-01
1.00000000e+00,5.80000000e-01,4.87880000e-01,4.92550000e-01
0.00000000e+00,6.00000000e-01,4.97100000e-01,4.82760000e-01
2.00000000e-02,6.00000000e-01,4.95480000e-01,4.85620000e-01
4.00000000e-02,6.00000000e-01,4.80910000e-01,4.99740000e-01
6.00000000e-02,6.00000000e-01,4.55530000e-01,5.23410000e-01
8.00000000e-02,6.00000000e-01,4.27000000e-01,5.49730000e-01
1.00000000e-01,6.00000000e-01,4.06800000e-01,5.68200000e-01
1.20000000e-01,6.00000000e-01,4.06330000e-01,5.67490000e-01
1.40000000e-01,6.00000000e-01,4.32780000e-01,5.38550000e-01
1.60000000e-01,6.00000000e-01,4.85470000e-01,4.79200000e-01
1.80000000e-01,6.00000000e-01,5.54020000e-01,3.98760000e-01
2.00000000e-01,6.00000000e-01,6.21890000e-01,3.16540000e-01
2.20000000e-01,6.00000000e-01,6.74600000e-01,2.52580000e-01
2.40000000e-01,6.00000000e-01,7.03890000e-01,2.20180000e-01
2.60000000e-01,6.00000000e-01,7.03350000e-01,2.26750000e-01
2.80000000e-01,6.00000000e-01,6.63490000e-01,2.77200000e-01
3.00000000e-01,6.00000000e-01,5.76160000e-01,3.71520000e-01
3.20000000e-01,6.00000000e-01,4.49570000e-01,4.95370000e-01
3.40000000e-01,6.00000000e-01,3.14550000e-01,6.17960000e-01
3.60000000e-01,6.00000000e-01,2.03840000e-01,7.10880000e-01
3.80000000e-01,6.00000000e-01,1.31220000e-01,7.66740000e-01
4.00000000e-01,6.00000000e-01,9.51500000e-02,7.93980000e-01
4.20000000e-01,6.00000000e-01,9.17260000e-02,8.00920000e-01
4.40000000e-01,6.00000000e-01,1.21820000e-01,7.85810000e-01
4.60000000e-01,6.00000000e-01,1.92280000e-01,7.35380000e-01
4.80000000e-01,6.00000000e-01,3.09670000e-01,6.33940000e-01
5.00000000e-01,6.00000000e-01,4.63480000e-01,4.85450000e-01
5.20000000e-01,6.00000000e-01,6.16410000e-01,3.26220000e-01
5.40000000e-01,6.00000000e-01,7.29820000e-01,1.98040000e-01
5.60000000e-01,6.00000000e-01,7.94150000e-01,1.16150000e-01
5.80000000e-01,6.00000000e-01,8.22260000e-01,7.40280000e-02
6.00000000e-01,6.00000000e-01,8.28460000e-01,6.20820000e-02
6.20000000e-01,6.00000000e-01,8.17940000e-01,7.69120000e-02
6.40000000e-01,6.00000000e-01,7.84690000e-01,1.23060000e-01
6.60000000e-01,6.00000000e-01,7.14300000e-01,2.10270000e-01
6.80000000e-01,6.00000000e-01,5.96340000e-01,3.42080000e-01
7.00000000e-01,6.00000000e-01,4.45130000e-01,4.97340000e-01
7.20000000e-01,6.00000000e-01,3.00660000e-01,6.32790000e-01
7.40000000e-01,6.00000000e-01,1.96210000e-01,7.18450000e-01
7.60000000e-01,6.00000000e-01,1.39320000e-01,7.55050000e-01
7.80000000e-01,6.00000000e-01,1.24290000e-01,7.56900000e-01
8.00000000e-01,6.00000000e-01,1.46530000e-01,7.34430000e-01
8.20000000e-01,6.00000000e-01,2.04920000e-01,6.90130000e-01
8.40000000e-01,6.00000000e-01,2.95390000e-01,6.23560000e-01
8.60000000e-01,6.00000000e-01,4.02380000e-01,5.40780000e-01
8.80000000e-01,6.00000000e-01,4.99930000e-01,4.59110000e-01
9.00000000e-01,6.00000000e-01,5.65830000e-01,3.99330000e-01
9.20000000e-01,6.00000000e-01,5.92750000e-01,3.73820000e-01
9.40000000e-01,6.00000000e-01,5.85760000e-01,3.82820000e-01
9.60000000e-01,6.00000000e-01,5.55830000e-01,4.16820000e-01
9.80000000e-01,6.00000000e-01,5.17880000e-01,4.59050000e-01
1.00000000e+00,6.00000000e-01,4.97100000e-01,4.82760000e-01
0.00000000e+00,6.20000000e-01,5.05250000e-01,4.73970000e-01
2.00000000e-02,6.20000000e-01,5.03360000e-01,4.77700000e-01
4.00000000e-02,6.20000000e-01,4.96110000e-01,4.85160000e-01
6.00000000e-02,6.20000000e-01,4.75990000e-01,5.03910000e-01
8.00000000e-02,6.20000000e-01,4.45190000e-01,5.31920000e-01
1.00000000e-01,6.20000000e-01,4.12410000e-01,5.61420000e-01
1.20000000e-01,6.20000000e-01,3.90040000e-01,5.81490000e-01
1.40000000e-01,6.20000000e-01,3.89960000e-01,5.80710000e-01
1.60000000e-01,6.20000000e-01,4.19250000e-01,5.50120000e-01
1.80000000e-01,6.20000000e-01,4.76450000e-01,4.87740000e-01
2.00000000e-01,6.20000000e-01,5.49870000e-01,4.03120000e-01
2.20000000e-01,6.20000000e-01,6.21880000e-01,3.15770000e-01
2.40000000e-01,6.20000000e-01,6.78050000e-01,2.46190000e-01
2.60000000e-01,6.20000000e-01,7.10830000e-01,2.08570000e-01
2.80000000e-01,6.20000000e-01,7.14240000e-01,2.10870000e-01
3.00000000e-01,6.20000000e-01,6.78500000e-01,2.58030000e-01
3.20000000e-01,6.20000000e-01,5.94650000e-01,3.50620000e-01
3.40000000e-01,6.20000000e-01,4.69250000e-01,4.75570000e-01
3.60000000e-01,6.20000000e-01,3.31390000e-01,6.01980000e-01
3.80000000e-01,6.20000000e-01,2.14810000e-01,6.99720000e-01
4.00000000e-01,6.20000000e-01,1.36270000e-01,7.60600000e-01
4.20000000e-01,6.20000000e-01,9.59420000e-02,7.93120000e-01
4.40000000e-01,6.20000000e-01,8.92950000e-02,8.05110000e-01
4.60000000e-01,6.20000000e-01,1.15740000e-01,7.94130000e-01
4.80000000e-01,6.20000000e-01,1.81510000e-01,7.47010000e-01
5.00000000e-01,6.20000000e-01,2.94390000e-01,6.48580000e-01
5.20000000e-01,6.20000000e-01,4.46410000e-01,5.01610000e-01
5.40000000e-01,6.20000000e-01,6.01290000e-01,3.40410000e-01
5.60000000e-01,6.20000000e-01,7.18490000e-01,2.07750000e-01
5.80000000e-01,6.20000000e-01,7.86600000e-01,1.21660000e-01
6.00000000e-01,6.20000000e-01,8.17940000e-01,7.69120000e-02
6.20000000e-01,6.20000000e-01,8.26600000e-01,6.35620000e-02
6.40000000e-01,6.20000000e-01,8.17430000e-01,7.74770000e-02
6.60000000e-01,6.20000000e-01,7.84370000e-01,1.22780000e-01
6.80000000e-01,6.20000000e-01,7.13810000e-01,2.09170000e-01
7.00000000e-01,6.20000000e-01,5.96590000e-01,3.40050000e-01
7.20000000e-01,6.20000000e-01,4.47550000e-01,4.93740000e-01
7.40000000e-01,6.20000000e-01,3.05760000e-01,6.26940000e-01
7.60000000e-01,6.20000000e-01,2.03760000e-01,7.10430000e-01
7.80000000e-01,6.20000000e-01,1.49440000e-01,7.45220000e-01
8.00000000e-01,6.20000000e-01,1.37790000e-01,7.45140000e-01
8.20000000e-01,6.20000000e-01,1.64400000e-01,7.20250000e-01
8.40000000e-01,6.20000000e-01,2.27040000e-01,6.73590000e-01
8.60000000e-01,6.20000000e-01,3.18690000e-01,6.06760000e-01
8.80000000e-01,6.20000000e-01,4.20890000e-01,5.28190000e-01
9.00000000e-01,6.20000000e-01,5.08330000e-01,4.55450000e-01
9.20000000e-01,6.20000000e-01,5.62630000e-01,4.06970000e-01
9.40000000e-01,6.20000000e-01,5.79390000e-01,3.92200000e-01
9.60000000e-01,6.20000000e-01,5.64830000e-01,4.08970000e-01
9.80000000e-01,6.20000000e-01,5.31850000e-01,4.44810000e-01
1.00000000e+00,6.20000000e-01,5.05250000e-01,4.73970000e-01
0.00000000e+00,6.40000000e-01,5.11620000e-01,4.67390000e-01
2.00000000e-02,6.40000000e-01,5.07570000e-01,4.73290000e-01
4.00000000e-02,6.40000000e-01,5.07160000e-01,4.74430000e-01
6.00000000e-02,6.40000000e-01,4.95070000e-01,4.85790000e-01
8.00000000e-02,6.40000000e-01,4.68130000e-01,5.10130000e-01
1.00000000e-01,6.40000000e-01,4.30440000e-01,5.43440000e-01
1.20000000e-01,6.40000000e-01,3.92530000e-01,5.76750000e-01
1.40000000e-01,6.40000000e-01,3.68280000e-01,5.98450000e-01
1.60000000e-01,6.40000000e-01,3.70160000e-01,5.96780000e-01
1.80000000e-01,6.40000000e-01,4.04870000e-01,5.62520000e-01
2.00000000e-01,6.40000000e-01,4.69610000e-01,4.93660000e-01
2.20000000e-01,6.40000000e-01,5.50700000e-01,4.00440000e-01
2.40000000e-01,6.40000000e-01,6.29030000e-01,3.04250000e-01
2.60000000e-01,6.40000000e-01,6.90030000e-01,2.27980000e-01
2.80000000e-01,6.40000000e-01,7.26500000e-01,1.86880000e-01
3.00000000e-01,6.40000000e-01,7.32270000e-01,1.88070000e-01
3.20000000e-01,6.40000000e-01,6.97300000e-01,2.35610000e-01
3.40000000e-01,6.40000000e-01,6.12390000e-01,3.30770000e-01
3.60000000e-01,6.40000000e-01,4.83250000e-01,4.61250000e-01
3.80000000e-01,6.40000000e-01,3.38990000e-01,5.94690000e-01
4.00000000e-01,6.40000000e-01,2.15890000e-01,6.98760000e-01
4.20000000e-01,6.40000000e-01,1.33160000e-01,7.64780000e-01
4.40000000e-01,6.40000000e-01,9.08390000e-02,8.01200000e-01
4.60000000e-01,6.40000000e-01,8.27540000e-02,8.15390000e-01
4.80000000e-01,6.40000000e-01,1.07230000e-01,8.04970000e-01
5.00000000e-01,6.40000000e-01,1.70770000e-01,7.57630000e-01
5.20000000e-01,6.40000000e-01,2.82540000e-01,6.58910000e-01
5.40000000e-01,6.40000000e-01,4.35870000e-01,5.10860000e-01
5.60000000e-01,6.40000000e-01,5.93860000e-01,3.46980000e-01
5.80000000e-01,6.40000000e-01,7.14230000e-01,2.11190000e-01
6.00000000e-01,6.40000000e-01,7.84690000e-01,1.23060000e-01
6.20000000e-01,6.40000000e-01,8.17430000e-01,7.74770000e-02
6.40000000e-01,6.40000000e-01,8.26330000e-01,6.39420000e-02
6.60000000e-01,6.40000000e-01,8.16150000e-01,7.80350000e-02
6.80000000e-01,6.40000000e-01,7.81200000e-01,1.24010000e-01
7.00000000e-01,6.40000000e-01,7.08900000e-01,2.11590000e-01
7.20000000e-01,6.40000000e-01,5.91660000e-01,3.43110000e-01
7.40000000e-01,6.40000000e-01,4.45200000e-01,4.95150000e-01
7.60000000e-01,6.40000000e-01,3.07790000e-01,6.24550000e-01
7.80000000e-01,6.40000000e-01,2.10550000e-01,7.03890000e-01
8.00000000e-01,6.40000000e-01,1.61080000e-01,7.35010000e-01
8.20000000e-01,6.40000000e-01,1.54960000e-01,7.31320000e-01
8.40000000e-01,6.40000000e-01,1.87860000e-01,7.02650000e-01
8.60000000e-01,6.40000000e-01,2.55700000e-01,6.53060000e-01
8.80000000e-01,6.40000000e-01,3.47620000e-01,5.86450000e-01
9.00000000e-01,6.40000000e-01,4.42640000e-01,5.13360000e-01
9.20000000e-01,6.40000000e-01,5.17520000e-01,4.51100000e-01
9.40000000e-01,6.40000000e-01,5.58220000e-01,4.15390000e-01
9.60000000e-01,6.40000000e-01,5.63280000e-01,4.12370000e-01
9.80000000e-01,6.40000000e-01,5.40970000e-01,4.36400000e-01
1.00000000e+00,6.40000000e-01,5.11620000e-01,4.67390000e-01
0.00000000e+00,6.60000000e-01,5.15610000e-01,4.63810000e-01
2.00000000e-02,6.60000000e-01,5.08290000e-01,4.72490000e-01
4.00000000e-02,6.60000000e-01,5.12660000e-01,4.69010000e-01
6.00000000e-02,6.60000000e-01,5.08900000e-01,4.72600000e-01
8.00000000e-02,6.60000000e-01,4.89930000e-01,4.89700000e-01
1.00000000e-01,6.60000000e-01,4.54970000e-01,5.20350000e-01
1.20000000e-01,6.60000000e-01,4.10390000e-01,5.58740000e-01
1.40000000e-01,6.60000000e-01,3.69070000e-01,5.94640000e-01
1.60000000e-01,6.60000000e-01,3.46230000e-01,6.15790000e-01
1.80000000e-01,6.60000000e-01,3.54090000e-01,6.10100000e-01
2.00000000e-01,6.60000000e-01,3.97870000e-01,5.68300000e-01
2.20000000e-01,6.60000000e-01,4.72510000e-01,4.89000000e-01
2.40000000e-01,6.60000000e-01,5.61880000e-01,3.84720000e-01
2.60000000e-01,6.60000000e-01,6.45510000e-01,2.80690000e-01
2.80000000e-01,6.60000000e-01,7.08950000e-01,2.02260000e-01
3.00000000e-01,6.60000000e-01,7.45350000e-01,1.63400000e-01
3.20000000e-01,6.60000000e-01,7.48780000e-01,1.68530000e-01
3.40000000e-01,6.60000000e-01,7.09790000e-01,2.20920000e-01
3.60000000e-01,6.60000000e-01,6.19540000e-01,3.22540000e-01
3.80000000e-01,6.60000000e-01,4.83890000e-01,4.60500000e-01
4.00000000e-01,6.60000000e-01,3.33580000e-01,5.99930000e-01
4.20000000e-01,6.60000000e-01,2.07440000e-01,7.07470000e-01
4.40000000e-01,6.60000000e-01,1.24890000e-01,7.75080000e-01
4.60000000e-01,6.60000000e-01,8.38810000e-02,8.11390000e-01
4.80000000e-01,6.60000000e-01,7.66470000e-02,8.23880000e-01
5.00000000e-01,6.60000000e-01,1.01440000e-01,8.10780000e-01
5.20000000e-01,6.60000000e-01,1.65580000e-01,7.60840000e-01
5.40000000e-01,6.60000000e-01,2.78960000e-01,6.60220000e-01
5.60000000e-01,6.60000000e-01,4.34420000e-01,5.10840000e-01
5.80000000e-01,6.60000000e-01,5.93720000e-01,3.46090000e-01
6.00000000e-01,6.60000000e-01,7.14300000e-01,2.10270000e-01
6.20000000e-01,6.60000000e-01,7.84370000e-01,1.22780000e-01
6.40000000e-01,6.60000000e-01,8.16150000e-01,7.80350000e-02
6.60000000e-01,6.60000000e-01,8.23280000e-01,6.54040000e-02
6.80000000e-01,6.60000000e-01,8.10540000e-01,8.08210000e-02
7.00000000e-01,6.60000000e-01,7.72760000e-01,1.28970000e-01
7.20000000e-01,6.60000000e-01,6.98490000e-01,2.19100000e-01
7.40000000e-01,6.60000000e-01,5.81900000e-01,3.51350000e-01
7.60000000e-01,6.60000000e-01,4.39820000e-01,5.00020000e-01
7.80000000e-01,6.60000000e-01,3.09350000e-01,6.23080000e-01
8.00000000e-01,6.60000000e-01,2.19440000e-01,6.96070000e-01
8.20000000e-01,6.60000000e-01,1.77110000e-01,7.21880000e-01
8.40000000e-01,6.60000000e-01,1.78470000e-01,7.13500000e-01
8.60000000e-01,6.60000000e-01,2.18760000e-01,6.80740000e-01
8.80000000e-01,6.60000000e-01,2.90920000e-01,6.28900000e-01
9.00000000e-01,6.60000000e-01,3.80120000e-01,5.64140000e-01
9.20000000e-01,6.60000000e-01,4.64550000e-01,4.98580000e-01
9.40000000e-01,6.60000000e-01,5.24530000e-01,4.48560000e-01
9.60000000e-01,6.60000000e-01,5.50400000e-01,4.26610000e-01
9.80000000e-01,6.60000000e-01,5.43430000e-01,4.35220000e-01
1.00000000e+00,6.60000000e-01,5.15610000e-01,4.63810000e-01
0.00000000e+00,6.80000000e-01,5.16780000e-01,4.63450000e-01
2.00000000e-02,6.80000000e-01,5.06310000e-01,4.74670000e-01
4.00000000e-02,6.80000000e-01,5.12710000e-01,4.69010000e-01
6.00000000e-02,6.80000000e-01,5.15430000e-01,4.66400000e-01
8.00000000e-02,6.80000000e-01,5.05770000e-01,4.75020000e-01
1.00000000e-01,6.80000000e-01,4.79270000e-01,4.98200000e-01
1.20000000e-01,6.80000000e-01,4.37380000e-01,5.33980000e-01
1.40000000e-01,6.80000000e-01,3.89130000e-01,5.75000000e-01
1.60000000e-01,6.80000000e-01,3.49250000e-01,6.10170000e-01
1.80000000e-01,6.80000000e-01,3.32820000e-01,6.27020000e-01
2.00000000e-01,6.80000000e-01,3.50270000e-01,6.13740000e-01
2.20000000e-01,6.80000000e-01,4.04350000e-01,5.61660000e-01
2.40000000e-01,6.80000000e-01,4.87450000e-01,4.71180000e-01
2.60000000e-01,6.80000000e-01,5.81410000e-01,3.58780000e-01
2.80000000e-01,6.80000000e-01,6.65490000e-01,2.53570000e-01
3.00000000e-01,6.80000000e-01,7.26140000e-01,1.80250000e-01
3.20000000e-01,6.80000000e-01,7.57520000e-01,1.48790000e-01
3.40000000e-01,6.80000000e-01,7.54750000e-01,1.61200000e-01
3.60000000e-01,6.80000000e-01,7.09220000e-01,2.20930000e-01
3.80000000e-01,6.80000000e-01,6.12620000e-01,3.29840000e-01
4.00000000e-01,6.80000000e-01,4.71830000e-01,4.72720000e-01
4.20000000e-01,6.80000000e-01,3.19810000e-01,6.12930000e-01
4.40000000e-01,6.80000000e-01,1.96050000e-01,7.18550000e-01
4.60000000e-01,6.80000000e-01,1.17540000e-01,7.83200000e-01
4.80000000e-01,6.80000000e-01,7.98160000e-02,8.15950000e-01
5.00000000e-01,6.80000000e-01,7.47290000e-02,8.24490000e-01
5.20000000e-01,6.80000000e-01,1.01380000e-01,8.07680000e-01
5.40000000e-01,6.80000000e-01,1.67850000e-01,7.55030000e-01
5.60000000e-01,6.80000000e-01,2.83490000e-01,6.53250000e-01
5.80000000e-01,6.80000000e-01,4.39290000e-01,5.04520000e-01
6.00000000e-01,6.80000000e-01,5.96340000e-01,3.42080000e-01
6.20000000e-01,6.80000000e-01,7.13810000e-01,2.09170000e-01
6.40000000e-01,6.80000000e-01,7.81200000e-01,1.24010000e-01
6.60000000e-01,6.80000000e-01,8.10540000e-01,8.08210000e-02
6.80000000e-01,6.80000000e-01,8.15080000e-01,6.96010000e-02
7.00000000e-01,6.80000000e-01,7.99590000e-01,8.70850000e-02
7.20000000e-01,6.80000000e-01,7.59360000e-01,1.38240000e-01
7.40000000e-01,6.80000000e-01,6.84110000e-01,2.31080000e-01
7.60000000e-01,6.80000000e-01,5.69880000e-01,3.62660000e-01
7.80000000e-01,6.80000000e-01,4.34590000e-01,5.05430000e-01
8.00000000e-01,6.80000000e-01,3.13540000e-01,6.19850000e-01
8.20000000e-01,6.80000000e-01,2.33050000e-01,6.85020000e-01
8.40000000e-01,6.80000000e-01,1.99470000e-01,7.04820000e-01
8.60000000e-01,6.80000000e-01,2.09240000e-01,6.91790000e-01
8.80000000e-01,6.80000000e-01,2.56190000e-01,6.55760000e-01
9.00000000e-01,6.80000000e-01,3.29760000e-01,6.03260000e-01
9.20000000e-01,6.80000000e-01,4.12350000e-01,5.42370000e-01
9.40000000e-01,6.80000000e-01,4.83470000e-01,4.86120000e-01
9.60000000e-01,6.80000000e-01,5.27590000e-01,4.49260000e-01
9.80000000e-01,6.80000000e-01,5.38350000e-01,4.41370000e-01
1.00000000e+00,6.80000000e-01,5.16780000e-01,4.63450000e-01
0.00000000e+00,7.00000000e-01,5.14930000e-01,4.66070000e-01
2.00000000e-02,7.00000000e-01,5.02680000e-01,4.78700000e-01
4.00000000e-02,7.00000000e-01,5.08560000e-01,4.73340000e-01
6.00000000e-02,7.00000000e-01,5.14690000e-01,4.67350000e-01
8.00000000e-02,7.00000000e-01,5.13040000e-01,4.68510000e-01
1.00000000e-01,7.00000000e-01,4.97620000e-01,4.81900000e-01
1.20000000e-01,7.00000000e-01,4.65900000e-01,5.09000000e-01
1.40000000e-01,7.00000000e-01,4.21590000e-01,5.46410000e-01
1.60000000e-01,7.00000000e-01,3.75500000e-01,5.86000000e-01
1.80000000e-01,7.00000000e-01,3.42280000e-01,6.16640000e-01
2.00000000e-01,7.00000000e-01,3.35000000e-01,6.26510000e-01
2.20000000e-01,7.00000000e-01,3.61480000e-01,6.04710000e-01
2.40000000e-01,7.00000000e-01,4.22190000e-01,5.43850000e-01
2.60000000e-01,7.00000000e-01,5.07790000e-01,4.47030000e-01
2.80000000e-01,7.00000000e-01,5.99780000e-01,3.34540000e-01
3.00000000e-01,7.00000000e-01,6.78530000e-01,2.36050000e-01
3.20000000e-01,7.00000000e-01,7.32180000e-01,1.72210000e-01
3.40000000e-01,7.00000000e-01,7.56310000e-01,1.49330000e-01
3.60000000e-01,7.00000000e-01,7.47030000e-01,1.69030000e-01
3.80000000e-01,7.00000000e-01,6.96310000e-01,2.35120000e-01
4.00000000e-01,7.00000000e-01,5.96280000e-01,3.47830000e-01
4.20000000e-01,7.00000000e-01,4.55210000e-01,4.89450000e-01
4.40000000e-01,7.00000000e-01,3.07150000e-01,6.24210000e-01
4.60000000e-01,7.00000000e-01,1.89560000e-01,7.23530000e-01
4.80000000e-01,7.00000000e-01,1.16150000e-01,7.82770000e-01
5.00000000e-01,7.00000000e-01,8.15120000e-02,8.11010000e-01
5.20000000e-01,7.00000000e-01,7.84910000e-02,8.15900000e-01
5.40000000e-01,7.00000000e-01,1.07290000e-01,7.96590000e-01
5.60000000e-01,7.00000000e-01,1.76000000e-01,7.43050000e-01
5.80000000e-01,7.00000000e-01,2.92290000e-01,6.42460000e-01
6.00000000e-01,7.00000000e-01,4.45130000e-01,4.97340000e-01
6.20000000e-01,7.00000000e-01,5.96590000e-01,3.40050000e-01
6.40000000e-01,7.00000000e-01,7.08900000e-01,2.11590000e-01
6.60000000e-01,7.00000000e-01,7.72760000e-01,1.28970000e-01
6.80000000e-01,7.00000000e-01,7.99590000e-01,8.70850000e-02
7.00000000e-01,7.00000000e-01,8.02030000e-01,7.72120000e-02
7.20000000e-01,7.00000000e-01,7.84690000e-01,9.69430000e-02
7.40000000e-01,7.00000000e-01,7.43230000e-01,1.51060000e-01
7.60000000e-01,7.00000000e-01,6.68520000e-01,2.45590000e-01
7.80000000e-01,7.00000000e-01,5.58570000e-01,3.74410000e-01
8.00000000e-01,7.00000000e-01,4.32090000e-01,5.09140000e-01
8.20000000e-01,7.00000000e-01,3.22070000e-01,6.13700000e-01
8.40000000e-01,7.00000000e-01,2.52080000e-01,6.70760000e-01
8.60000000e-01,7.00000000e-01,2.27810000e-01,6.84900000e-01
8.80000000e-01,7.00000000e-01,2.45410000e-01,6.68070000e-01
9.00000000e-01,7.00000000e-01,2.96700000e-01,6.30030000e-01
9.20000000e-01,7.00000000e-01,3.68160000e-01,5.78370000e-01
9.40000000e-01,7.00000000e-01,4.41370000e-01,5.22740000e-01
9.60000000e-01,7.00000000e-01,4.98290000e-01,4.76590000e-01
9.80000000e-01,7.00000000e-01,5.26210000e-01,4.53650000e-01
1.00000000e+00,7.00000000e-01,5.14930000e-01,4.66070000e-01
0.00000000e+00,7.20000000e-01,5.10190000e-01,4.71050000e-01
2.00000000e-02,7.20000000e-01,4.98380000e-01,4.83370000e-01
4.00000000e-02,7.20000000e-01,5.02030000e-01,4.80160000e-01
6.00000000e-02,7.20000000e-01,5.08390000e-01,4.73900000e-01
8.00000000e-02,7.20000000e-01,5.11850000e-01,4.70210000e-01
1.00000000e-01,7.20000000e-01,5.06930000e-01,4.74070000e-01
1.20000000e-01,7.20000000e-01,4.89130000e-01,4.89150000e-01
1.40000000e-01,7.20000000e-01,4.57420000e-01,5.16000000e-01
1.60000000e-01,7.20000000e-01,4.16610000e-01,5.50850000e-01
1.80000000e-01,7.20000000e-01,3.77180000e-01,5.85820000e-01
2.00000000e-01,7.20000000e-01,3.51770000e-01,6.10670000e-01
2.20000000e-01,7.20000000e-01,3.50960000e-01,6.14710000e-01
2.40000000e-01,7.20000000e-01,3.80780000e-01,5.88060000e-01
2.60000000e-01,7.20000000e-01,4.40810000e-01,5.24720000e-01
2.80000000e-01,7.20000000e-01,5.21830000e-01,4.30050000e-01
3.00000000e-01,7.20000000e-01,6.06560000e-01,3.25250000e-01
3.20000000e-01,7.20000000e-01,6.77270000e-01,2.36900000e-01
3.40000000e-01,7.20000000e-01,7.23750000e-01,1.81570000e-01
3.60000000e-01,7.20000000e-01,7.42490000e-01,1.64570000e-01
3.80000000e-01,7.20000000e-01,7.30020000e-01,1.88300000e-01
4.00000000e-01,7.20000000e-01,6.78370000e-01,2.56160000e-01
4.20000000e-01,7.20000000e-01,5.80000000e-01,3.66310000e-01
4.40000000e-01,7.20000000e-01,4.44030000e-01,5.00540000e-01
4.60000000e-01,7.20000000e-01,3.03540000e-01,6.26200000e-01
4.80000000e-01,7.20000000e-01,1.92460000e-01,7.18130000e-01
5.00000000e-01,7.20000000e-01,1.22550000e-01,7.72450000e-01
5.20000000e-01,7.20000000e-01,8.93470000e-02,7.97660000e-01
5.40000000e-01,7.20000000e-01,8.72900000e-02,8.00980000e-01
5.60000000e-01,7.20000000e-01,1.17270000e-01,7.81580000e-01
5.80000000e-01,7.20000000e-01,1.86540000e-01,7.29630000e-01
6.00000000e-01,7.20000000e-01,3.00660000e-01,6.32790000e-01
6.20000000e-01,7.20000000e-01,4.47550000e-01,4.93740000e-01
6.40000000e-01,7.20000000e-01,5.91660000e-01,3.43110000e-01
6.60000000e-01,7.20000000e-01,6.98490000e-01,2.19100000e-01
6.80000000e-01,7.20000000e-01,7.59360000e-01,1.38240000e-01
7.00000000e-01,7.20000000e-01,7.84690000e-01,9.69430000e-02
7.20000000e-01,7.20000000e-01,7.86260000e-01,8.80200000e-02
7.40000000e-01,7.20000000e-01,7.68360000e-01,1.09700000e-01
7.60000000e-01,7.20000000e-01,7.26880000e-01,1.66080000e-01
7.80000000e-01,7.20000000e-01,6.53900000e-01,2.60900000e-01
8.00000000e-01,7.20000000e-01,5.49440000e-01,3.85300000e-01
8.20000000e-01,7.20000000e-01,4.32730000e-01,5.11000000e-01
8.40000000e-01,7.20000000e-01,3.34230000e-01,6.05660000e-01
8.60000000e-01,7.20000000e-01,2.74870000e-01,6.55120000e-01
8.80000000e-01,7.20000000e-01,2.59510000e-01,6.64360000e-01
9.00000000e-01,7.20000000e-01,2.83530000e-01,6.44490000e-01
9.20000000e-01,7.20000000e-01,3.36750000e-01,6.05070000e-01
9.40000000e-01,7.20000000e-01,4.03870000e-01,5.54790000e-01
9.60000000e-01,7.20000000e-01,4.66800000e-01,5.04850000e-01
9.80000000e-01,7.20000000e-01,5.08760000e-01,4.70090000e-01
1.00000000e+00,7.20000000e-01,5.10190000e-01,4.71050000e-01
0.00000000e+00,7.40000000e-01,5.03080000e-01,4.77730000e-01
2.00000000e-02,7.40000000e-01,4.94140000e-01,4.87750000e-01
4.00000000e-02,7.40000000e-01,4.94920000e-01,4.87500000e-01
6.00000000e-02,7.40000000e-01,4.99180000e-01,4.83380000e-01
8.00000000e-02,7.40000000e-01,5.04500000e-01,4.77920000e-01
1.00000000e-01,7.40000000e-01,5.07370000e-01,4.74520000e-01
1.20000000e-01,7.40000000e-01,5.03240000e-01,4.77350000e-01
1.40000000e-01,7.40000000e-01,4.88190000e-01,4.89860000e-01
1.60000000e-01,7.40000000e-01,4.61360000e-01,5.12890000e-01
1.80000000e-01,7.40000000e-01,4.26790000e-01,5.43360000e-01
2.00000000e-01,7.40000000e-01,3.93100000e-01,5.74340000e-01
2.20000000e-01,7.40000000e-01,3.70860000e-01,5.96570000e-01
2.40000000e-01,7.40000000e-01,3.69540000e-01,5.99990000e-01
2.60000000e-01,7.40000000e-01,3.95250000e-01,5.75130000e-01
2.80000000e-01,7.40000000e-01,4.48440000e-01,5.16730000e-01
3.00000000e-01,7.40000000e-01,5.21240000e-01,4.30580000e-01
3.20000000e-01,7.40000000e-01,5.98030000e-01,3.35870000e-01
3.40000000e-01,7.40000000e-01,6.62620000e-01,2.55370000e-01
3.60000000e-01,7.40000000e-01,7.05570000e-01,2.03960000e-01
3.80000000e-01,7.40000000e-01,7.23440000e-01,1.87840000e-01
4.00000000e-01,7.40000000e-01,7.12410000e-01,2.10300000e-01
4.20000000e-01,7.40000000e-01,6.64220000e-01,2.74080000e-01
4.40000000e-01,7.40000000e-01,5.71660000e-01,3.76480000e-01
4.60000000e-01,7.40000000e-01,4.43850000e-01,5.00640000e-01
4.80000000e-01,7.40000000e-01,3.11270000e-01,6.17360000e-01
5.00000000e-01,7.40000000e-01,2.04600000e-01,7.03660000e-01
5.20000000e-01,7.40000000e-01,1.35590000e-01,7.55430000e-01
5.40000000e-01,7.40000000e-01,1.01780000e-01,7.80110000e-01
5.60000000e-01,7.40000000e-01,9.91200000e-02,7.84310000e-01
5.80000000e-01,7.40000000e-01,1.28610000e-01,7.66980000e-01
6.00000000e-01,7.40000000e-01,1.96210000e-01,7.18450000e-01
6.20000000e-01,7.40000000e-01,3.05760000e-01,6.26940000e-01
6.40000000e-01,7.40000000e-01,4.45200000e-01,4.95150000e-01
6.60000000e-01,7.40000000e-01,5.81900000e-01,3.51350000e-01
6.80000000e-01,7.40000000e-01,6.84110000e-01,2.31080000e-01
7.00000000e-01,7.40000000e-01,7.43230000e-01,1.51060000e-01
7.20000000e-01,7.40000000e-01,7.68360000e-01,1.09700000e-01
7.40000000e-01,7.40000000e-01,7.70220000e-01,1.01340000e-01
7.60000000e-01,7.40000000e-01,7.52600000e-01,1.24590000e-01
7.80000000e-01,7.40000000e-01,7.11580000e-01,1.82600000e-01
8.00000000e-01,7.40000000e-01,6.40580000e-01,2.76870000e-01
8.20000000e-01,7.40000000e-01,5.41770000e-01,3.96210000e-01
8.40000000e-01,7.40000000e-01,4.34760000e-01,5.12850000e-01
8.60000000e-01,7.40000000e-01,3.47540000e-01,5.98010000e-01
8.80000000e-01,7.40000000e-01,2.98570000e-01,6.40290000e-01
9.00000000e-01,7.40000000e-01,2.91670000e-01,6.44720000e-01
9.20000000e-01,7.40000000e-01,3.21160000e-01,6.21500000e-01
9.40000000e-01,7.40000000e-01,3.75190000e-01,5.80240000e-01
9.60000000e-01,7.40000000e-01,4.37210000e-01,5.31160000e-01
9.80000000e-01,7.40000000e-01,4.88450000e-01,4.88550000e-01
1.00000000e+00,7.40000000e-01,5.03080000e-01,4.77730000e-01
0.00000000e+00,7.60000000e-01,4.94360000e-01,4.85530000e-01
2.00000000e-02,7.60000000e-01,4.90320000e-01,4.91400000e-01
4.00000000e-02,7.60000000e-01,4.88660000e-01,4.93820000e-01
6.00000000e-02,7.60000000e-01,4.89780000e-01,4.92960000e-01
8.00000000e-02,7.60000000e-01,4.94490000e-01,4.88200000e-01
1.00000000e-01,7.60000000e-01,5.01740000e-01,4.80620000e-01
1.20000000e-01,7.60000000e-01,5.08180000e-01,4.73520000e-01
1.40000000e-01,7.60000000e-01,5.08930000e-01,4.71680000e-01
1.60000000e-01,7.60000000e-01,4.99400000e-01,4.79540000e-01
1.80000000e-01,7.60000000e-01,4.77580000e-01,4.99030000e-01
2.00000000e-01,7.60000000e-01,4.46020000e-01,5.27920000e-01
2.20000000e-01,7.60000000e-01,4.12000000e-01,5.59720000e-01
2.40000000e-01,7.60000000e-01,3.85800000e-01,5.85040000e-01
2.60000000e-01,7.60000000e-01,3.77790000e-01,5.93390000e-01
2.80000000e-01,7.60000000e-01,3.95570000e-01,5.75060000e-01
3.00000000e-01,7.60000000e-01,4.40940000e-01,5.24810000e-01
3.20000000e-01,7.60000000e-01,5.07130000e-01,4.47590000e-01
3.40000000e-01,7.60000000e-01,5.79570000e-01,3.59900000e-01
3.60000000e-01,7.60000000e-01,6.42680000e-01,2.82150000e-01
3.80000000e-01,7.60000000e-01,6.86760000e-01,2.29390000e-01
4.00000000e-01,7.60000000e-01,7.07700000e-01,2.09430000e-01
4.20000000e-01,7.60000000e-01,7.01000000e-01,2.26390000e-01
4.40000000e-01,7.60000000e-01,6.58260000e-01,2.82860000e-01
4.60000000e-01,7.60000000e-01,5.72850000e-01,3.76260000e-01
4.80000000e-01,7.60000000e-01,4.53350000e-01,4.91380000e-01
5.00000000e-01,7.60000000e-01,3.27100000e-01,6.01530000e-01
5.20000000e-01,7.60000000e-01,2.22490000e-01,6.84880000e-01
5.40000000e-01,7.60000000e-01,1.52320000e-01,7.36530000e-01
5.60000000e-01,7.60000000e-01,1.16360000e-01,7.62750000e-01
5.80000000e-01,7.60000000e-01,1.11780000e-01,7.69360000e-01
6.00000000e-01,7.60000000e-01,1.39320000e-01,7.55050000e-01
6.20000000e-01,7.60000000e-01,2.03760000e-01,7.10430000e-01
6.40000000e-01,7.60000000e-01,3.07790000e-01,6.24550000e-01
6.60000000e-01,7.60000000e-01,4.39820000e-01,5.00020000e-01
6.80000000e-01,7.60000000e-01,5.69880000e-01,3.62660000e-01
7.00000000e-01,7.60000000e-01,6.68520000e-01,2.45590000e-01
7.20000000e-01,7.60000000e-01,7.26880000e-01,1.66080000e-01
7.40000000e-01,7.60000000e-01,7.52600000e-01,1.24590000e-01
7.60000000e-01,7.60000000e-01,7.55140000e-01,1.16890000e-01
7.80000000e-01,7.60000000e-01,7.37680000e-01,1.41800000e-01
8.00000000e-01,7.60000000e-01,6.96590000e-01,2.01500000e-01
8.20000000e-01,7.60000000e-01,6.27000000e-01,2.95200000e-01
8.40000000e-01,7.60000000e-01,5.33380000e-01,4.09420000e-01
8.60000000e-01,7.60000000e-01,4.35720000e-01,5.16940000e-01
8.80000000e-01,7.60000000e-01,3.59750000e-01,5.92410000e-01
9.00000000e-01,7.60000000e-01,3.21470000e-01,6.26900000e-01
9.20000000e-01,7.60000000e-01,3.23410000e-01,6.25370000e-01
9.40000000e-01,7.60000000e-01,3.58470000e-01,5.97420000e-01
9.60000000e-01,7.60000000e-01,4.12900000e-01,5.53470000e-01
9.80000000e-01,7.60000000e-01,4.67830000e-01,5.07240000e-01
1.00000000e+00,7.60000000e-01,4.94360000e-01,4.85530000e-01
0.00000000e+00,7.80000000e-01,4.84950000e-01,4.93950000e-01
2.00000000e-02,7.80000000e-01,4.87050000e-01,4.94330000e-01
4.00000000e-02,7.80000000e-01,4.84050000e-01,4.98320000e-01
6.00000000e-02,7.80000000e-01,4.82360000e-01,5.00400000e-01
8.00000000e-02,7.80000000e-01,4.85320000e-01,4.97510000e-01
1.00000000e-01,7.80000000e-01,4.94030000e-01,4.88550000e-01
1.20000000e-01,7.80000000e-01,5.06770000e-01,4.75240000e-01
1.40000000e-01,7.80000000e-01,5.19060000e-01,4.62210000e-01
1.60000000e-01,7.80000000e-01,5.24710000e-01,4.55850000e-01
1.80000000e-01,7.80000000e-01,5.17950000e-01,4.61880000e-01
2.00000000e-01,7.80000000e-01,4.95890000e-01,4.82680000e-01
2.20000000e-01,7.80000000e-01,4.60750000e-01,5.15630000e-01
2.40000000e-01,7.80000000e-01,4.20340000e-01,5.53210000e-01
2.60000000e-01,7.80000000e-01,3.86400000e-01,5.84840000e-01
2.80000000e-01,7.80000000e-01,3.71040000e-01,5.99260000e-01
3.00000000e-01,7.80000000e-01,3.82990000e-01,5.86730000e-01
3.20000000e-01,7.80000000e-01,4.24410000e-01,5.42230000e-01
3.40000000e-01,7.80000000e-01,4.88640000e-01,4.69960000e-01
3.60000000e-01,7.80000000e-01,5.61280000e-01,3.84550000e-01
3.80000000e-01,7.80000000e-01,6.26570000e-01,3.05390000e-01
4.00000000e-01,7.80000000e-01,6.74150000e-01,2.48420000e-01
4.20000000e-01,7.80000000e-01,6.99100000e-01,2.22980000e-01
4.40000000e-01,7.80000000e-01,6.96490000e-01,2.33920000e-01
4.60000000e-01,7.80000000e-01,6.58450000e-01,2.83790000e-01
4.80000000e-01,7.80000000e-01,5.79300000e-01,3.70050000e-01
5.00000000e-01,7.80000000e-01,4.66840000e-01,4.78570000e-01
5.20000000e-01,7.80000000e-01,3.45450000e-01,5.84420000e-01
5.40000000e-01,7.80000000e-01,2.41760000e-01,6.66560000e-01
5.60000000e-01,7.80000000e-01,1.69770000e-01,7.19310000e-01
5.80000000e-01,7.80000000e-01,1.31240000e-01,7.47750000e-01
6.00000000e-01,7.80000000e-01,1.24290000e-01,7.56900000e-01
6.20000000e-01,7.80000000e-01,1.49440000e-01,7.45220000e-01
6.40000000e-01,7.80000000e-01,2.10550000e-01,7.03890000e-01
6.60000000e-01,7.80000000e-01,3.09350000e-01,6.23080000e-01
6.80000000e-01,7.80000000e-01,4.34590000e-01,5.05430000e-01
7.00000000e-01,7.80000000e-01,5.58570000e-01,3.74410000e-01
7.20000000e-01,7.80000000e-01,6.53900000e-01,2.60900000e-01
7.40000000e-01,7.80000000e-01,7.11580000e-01,1.82600000e-01
7.60000000e-01,7.80000000e-01,7.37680000e-01,1.41800000e-01
7.80000000e-01,7.80000000e-01,7.40280000e-01,1.35560000e-01
8.00000000e-01,7.80000000e-01,7.22030000e-01,1.62930000e-01
8.20000000e-01,7.80000000e-01,6.79900000e-01,2.24940000e-01
8.40000000e-01,7.80000000e-01,6.11090000e-01,3.18130000e-01
8.60000000e-01,7.80000000e-01,5.22530000e-01,4.26560000e-01
8.80000000e-01,7.80000000e-01,4.34590000e-01,5.23870000e-01
9.00000000e-01,7.80000000e-01,3.70710000e-01,5.88320000e-01
9.20000000e-01,7.80000000e-01,3.44330000e-01,6.13310000e-01
9.40000000e-01,7.80000000e-01,3.56060000e-01,6.03920000e-01
9.60000000e-01,7.80000000e-01,3.96680000e-01,5.69940000e-01
9.80000000e-01,7.80000000e-01,4.49270000e-01,5.24630000e-01
1.00000000e+00,7.80000000e-01,4.84950000e-01,4.93950000e-01
0.00000000e+00,8.00000000e-01,4.75840000e-01,5.02490000e-01
2.00000000e-02,8.00000000e-01,4.84340000e-01,4.96710000e-01
4.00000000e-02,8.00000000e-01,4.81370000e-01,5.00840000e-01
6.00000000e-02,8.00000000e-01,4.78200000e-01,5.04500000e-01
8.00000000e-02,8.00000000e-01,4.79580000e-01,5.03270000e-01
1.00000000e-01,8.00000000e-01,4.87920000e-01,4.94740000e-01
1.20000000e-01,8.00000000e-01,5.02900000e-01,4.79080000e-01
1.40000000e-01,8.00000000e-01,5.21060000e-01,4.59910000e-01
1.60000000e-01,8.00000000e-01,5.36380000e-01,4.43780000e-01
1.80000000e-01,8.00000000e-01,5.41830000e-01,4.38150000e-01
2.00000000e-01,8.00000000e-01,5.31580000e-01,4.48500000e-01
2.20000000e-01,8.00000000e-01,5.03430000e-01,4.75880000e-01
2.40000000e-01,8.00000000e-01,4.60800000e-01,5.15830000e-01
2.60000000e-01,8.00000000e-01,4.13230000e-01,5.59250000e-01
2.80000000e-01,8.00000000e-01,3.74060000e-01,5.94780000e-01
3.00000000e-01,8.00000000e-01,3.56140000e-01,6.11380000e-01
3.20000000e-01,8.00000000e-01,3.67760000e-01,6.00210000e-01
3.40000000e-01,8.00000000e-01,4.10130000e-01,5.57060000e-01
3.60000000e-01,8.00000000e-01,4.75950000e-01,4.85840000e-01
3.80000000e-01,8.00000000e-01,5.50580000e-01,4.00120000e-01
4.00000000e-01,8.00000000e-01,6.18180000e-01,3.18840000e-01
4.20000000e-01,8.00000000e-01,6.68130000e-01,2.58630000e-01
4.40000000e-01,8.00000000e-01,6.95150000e-01,2.29690000e-01
4.60000000e-01,8.00000000e-01,6.94510000e-01,2.37080000e-01
4.80000000e-01,8.00000000e-01,6.59350000e-01,2.82960000e-01
5.00000000e-01,8.00000000e-01,5.85070000e-01,3.64430000e-01
5.20000000e-01,8.00000000e-01,4.78700000e-01,4.67920000e-01
5.40000000e-01,8.00000000e-01,3.61940000e-01,5.70110000e-01
5.60000000e-01,8.00000000e-01,2.59740000e-01,6.50990000e-01
5.80000000e-01,8.00000000e-01,1.86830000e-01,7.04460000e-01
6.00000000e-01,8.00000000e-01,1.46530000e-01,7.34430000e-01
6.20000000e-01,8.00000000e-01,1.37790000e-01,7.45140000e-01
6.40000000e-01,8.00000000e-01,1.61080000e-01,7.35010000e-01
6.60000000e-01,8.00000000e-01,2.19440000e-01,6.96070000e-01
6.80000000e-01,8.00000000e-01,3.13540000e-01,6.19850000e-01
7.00000000e-01,8.00000000e-01,4.32090000e-01,5.09140000e-01
7.20000000e-01,8.00000000e-01,5.49440000e-01,3.85300000e-01
7.40000000e-01,8.00000000e-01,6.40580000e-01,2.76870000e-01
7.60000000e-01,8.00000000e-01,6.96590000e-01,2.01500000e-01
7.80000000e-01,8.00000000e-01,7.22030000e-01,1.62930000e-01
8.00000000e-01,8.00000000e-01,7.23620000e-01,1.59460000e-01
8.20000000e-01,8.00000000e-01,7.03610000e-01,1.90260000e-01
8.40000000e-01,8.00000000e-01,6.59920000e-01,2.54740000e-01
8.60000000e-01,8.00000000e-01,5.92090000e-01,3.46280000e-01
8.80000000e-01,8.00000000e-01,5.09520000e-01,4.46840000e-01
9.00000000e-01,8.00000000e-01,4.32650000e-01,5.31810000e-01
9.20000000e-01,8.00000000e-01,3.82370000e-01,5.83300000e-01
9.40000000e-01,8.00000000e-01,3.69100000e-01,5.96920000e-01
9.60000000e-01,8.00000000e-01,3.90810000e-01,5.78340000e-01
9.80000000e-01,8.00000000e-01,4.34910000e-01,5.39180000e-01
1.00000000e+00,8.00000000e-01,4.75840000e-01,5.02490000e-01
0.00000000e+00,8.20000000e-01,4.68060000e-01,5.10420000e-01
2.00000000e-02,8.20000000e-01,4.82210000e-01,4.98710000e-01
4.00000000e-02,8.20000000e-01,4.80490000e-01,5.01640000e-01
6.00000000e-02,8.20000000e-01,4.77540000e-01,5.05100000e-01
8.00000000e-02,8.20000000e-01,4.78420000e-01,5.04420000e-01
1.00000000e-01,8.20000000e-01,4.85710000e-01,4.96960000e-01
1.20000000e-01,8.20000000e-01,4.99790000e-01,4.82120000e-01
1.40000000e-01,8.20000000e-01,5.18420000e-01,4.62210000e-01
1.60000000e-01,8.20000000e-01,5.36890000e-01,4.42510000e-01
1.80000000e-01,8.20000000e-01,5.48960000e-01,4.30050000e-01
2.00000000e-01,8.20000000e-01,5.48400000e-01,4.31210000e-01
2.20000000e-01,8.20000000e-01,5.30780000e-01,4.49390000e-01
2.40000000e-01,8.20000000e-01,4.95530000e-01,4.83390000e-01
2.60000000e-01,8.20000000e-01,4.47670000e-01,5.27230000e-01
2.80000000e-01,8.20000000e-01,3.97960000e-01,5.71410000e-01
3.00000000e-01,8.20000000e-01,3.59950000e-01,6.05300000e-01
3.20000000e-01,8.20000000e-01,3.45420000e-01,6.19220000e-01
3.40000000e-01,8.20000000e-01,3.60930000e-01,6.05780000e-01
3.60000000e-01,8.20000000e-01,4.06240000e-01,5.61630000e-01
3.80000000e-01,8.20000000e-01,4.73360000e-01,4.90630000e-01
4.00000000e-01,8.20000000e-01,5.47930000e-01,4.05560000e-01
4.20000000e-01,8.20000000e-01,6.14860000e-01,3.24810000e-01
4.40000000e-01,8.20000000e-01,6.64070000e-01,2.64870000e-01
4.60000000e-01,8.20000000e-01,6.90470000e-01,2.35880000e-01
4.80000000e-01,8.20000000e-01,6.89800000e-01,2.42580000e-01
5.00000000e-01,8.20000000e-01,6.56310000e-01,2.86480000e-01
5.20000000e-01,8.20000000e-01,5.86370000e-01,3.64070000e-01
5.40000000e-01,8.20000000e-01,4.86330000e-01,4.62210000e-01
5.60000000e-01,8.20000000e-01,3.75440000e-01,5.59470000e-01
5.80000000e-01,8.20000000e-01,2.76720000e-01,6.37500000e-01
6.00000000e-01,8.20000000e-01,2.04920000e-01,6.90130000e-01
6.20000000e-01,8.20000000e-01,1.64400000e-01,7.20250000e-01
6.40000000e-01,8.20000000e-01,1.54960000e-01,7.31320000e-01
6.60000000e-01,8.20000000e-01,1.77110000e-01,7.21880000e-01
6.80000000e-01,8.20000000e-01,2.33050000e-01,6.85020000e-01
7.00000000e-01,8.20000000e-01,3.22070000e-01,6.13700000e-01
7.20000000e-01,8.20000000e-01,4.32730000e-01,5.11000000e-01
7.40000000e-01,8.20000000e-01,5.41770000e-01,3.96210000e-01
7.60000000e-01,8.20000000e-01,6.27000000e-01,2.95200000e-01
7.80000000e-01,8.20000000e-01,6.79900000e-01,2.24940000e-01
8.00000000e-01,8.20000000e-01,7.03610000e-01,1.90260000e-01
8.20000000e-01,8.20000000e-01,7.03540000e-01,1.90580000e-01
8.40000000e-01,8.20000000e-01,6.81640000e-01,2.24840000e-01
8.60000000e-01,8.20000000e-01,6.36950000e-01,2.90310000e-01
8.80000000e-01,8.20000000e-01,5.71390000e-01,3.77420000e-01
9.00000000e-01,8.20000000e-01,4.96510000e-01,4.67220000e-01
9.20000000e-01,8.20000000e-01,4.32280000e-01,5.37830000e-01
9.40000000e-01,8.20000000e-01,3.96630000e-01,5.75020000e-01
9.60000000e-01,8.20000000e-01,3.96560000e-01,5.76410000e-01
9.80000000e-01,8.20000000e-01,4.26640000e-01,5.49030000e-01
1.00000000e+00,8.20000000e-01,4.68060000e-01,5.10420000e-01
0.00000000e+00,8.40000000e-01,4.62590000e-01,5.16770000e-01
2.00000000e-02,8.40000000e-01,4.80790000e-01,5.00290000e-01
4.00000000e-02,8.40000000e-01,4.81090000e-01,5.01100000e-01
6.00000000e-02,8.40000000e-01,4.79870000e-01,5.02810000e-01
8.00000000e-02,8.40000000e-01,4.81500000e-01,5.01350000e-01
1.00000000e-01,8.40000000e-01,4.87780000e-01,4.94890000e-01
1.20000000e-01,8.40000000e-01,4.99060000e-01,4.82890000e-01
1.40000000e-01,8.40000000e-01,5.14100000e-01,4.66590000e-01
1.60000000e-01,8.40000000e-01,5.30080000e-01,4.49250000e-01
1.80000000e-01,8.40000000e-01,5.42870000e-01,4.35760000e-01
2.00000000e-01,8.40000000e-01,5.47690000e-01,4.31380000e-01
2.20000000e-01,8.40000000e-01,5.40030000e-01,4.40070000e-01
2.40000000e-01,8.40000000e-01,5.17040000e-01,4.63120000e-01
2.60000000e-01,8.40000000e-01,4.79330000e-01,4.98250000e-01
2.80000000e-01,8.40000000e-01,4.32600000e-01,5.39650000e-01
3.00000000e-01,8.40000000e-01,3.87360000e-01,5.79020000e-01
3.20000000e-01,8.40000000e-01,3.55710000e-01,6.07370000e-01
3.40000000e-01,8.40000000e-01,3.47300000e-01,6.16580000e-01
3.60000000e-01,8.40000000e-01,3.66850000e-01,6.00450000e-01
3.80000000e-01,8.40000000e-01,4.13040000e-01,5.56250000e-01
4.00000000e-01,8.40000000e-01,4.77910000e-01,4.87640000e-01
4.20000000e-01,8.40000000e-01,5.48370000e-01,4.06610000e-01
4.40000000e-01,8.40000000e-01,6.11010000e-01,3.30340000e-01
4.60000000e-01,8.40000000e-01,6.56760000e-01,2.74260000e-01
4.80000000e-01,8.40000000e-01,6.80850000e-01,2.47800000e-01
5.00000000e-01,8.40000000e-01,6.79430000e-01,2.55190000e-01
5.20000000e-01,8.40000000e-01,6.47660000e-01,2.97270000e-01
5.40000000e-01,8.40000000e-01,5.82780000e-01,3.69930000e-01
5.60000000e-01,8.40000000e-01,4.90550000e-01,4.60710000e-01
5.80000000e-01,8.40000000e-01,3.87880000e-01,5.50630000e-01
6.00000000e-01,8.40000000e-01,2.95390000e-01,6.23560000e-01
6.20000000e-01,8.40000000e-01,2.27040000e-01,6.73590000e-01
6.40000000e-01,8.40000000e-01,1.87860000e-01,7.02650000e-01
6.60000000e-01,8.40000000e-01,1.78470000e-01,7.13500000e-01
6.80000000e-01,8.40000000e-01,1.99470000e-01,7.04820000e-01
7.00000000e-01,8.40000000e-01,2.52080000e-01,6.70760000e-01
7.20000000e-01,8.40000000e-01,3.34230000e-01,6.05660000e-01
7.40000000e-01,8.40000000e-01,4.34760000e-01,5.12850000e-01
7.60000000e-01,8.40000000e-01,5.33380000e-01,4.09420000e-01
7.80000000e-01,8.40000000e-01,6.11090000e-01,3.18130000e-01
8.00000000e-01,8.40000000e-01,6.59920000e-01,2.54740000e-01
8.20000000e-01,8.40000000e-01,6.81640000e-01,2.24840000e-01
8.40000000e-01,8.40000000e-01,6.80300000e-01,2.28700000e-01
8.60000000e-01,8.40000000e-01,6.57430000e-01,2.64740000e-01
8.80000000e-01,8.40000000e-01,6.13070000e-01,3.28240000e-01
9.00000000e-01,8.40000000e-01,5.51390000e-01,4.07740000e-01
9.20000000e-01,8.40000000e-01,4.85600000e-01,4.84750000e-01
9.40000000e-01,8.40000000e-01,4.34720000e-01,5.40290000e-01
9.60000000e-01,8.40000000e-01,4.13550000e-01,5.63080000e-01
9.80000000e-01,8.40000000e-01,4.25770000e-01,5.52330000e-01
1.00000000e+00,8.40000000e-01,4.62590000e-01,5.16770000e-01
0.00000000e+00,8.60000000e-01,4.60220000e-01,5.20480000e-01
2.00000000e-02,8.60000000e-01,4.80290000e-01,5.01230000e-01
4.00000000e-02,8.60000000e-01,4.82810000e-01,4.99580000e-01
6.00000000e-02,8.60000000e-01,4.84130000e-01,4.98660000e-01
8.00000000e-02,8.60000000e-01,4.87310000e-01,4.95580000e-01
1.00000000e-01,8.60000000e-01,4.92840000e-01,4.89860000e-01
1.20000000e-01,8.60000000e-01,5.00480000e-01,4.81630000e-01
1.40000000e-01,8.60000000e-01,5.09730000e-01,4.71420000e-01
1.60000000e-01,8.60000000e-01,5.19690000e-01,4.60390000e-01
1.80000000e-01,8.60000000e-01,5.28830000e-01,4.50570000e-01
2.00000000e-01,8.60000000e-01,5.34700000e-01,4.44810000e-01
2.20000000e-01,8.60000000e-01,5.34070000e-01,4.46230000e-01
2.40000000e-01,8.60000000e-01,5.23560000e-01,4.57280000e-01
2.60000000e-01,8.60000000e-01,5.00930000e-01,4.78800000e-01
2.80000000e-01,8.60000000e-01,4.66950000e-01,5.09140000e-01
3.00000000e-01,8.60000000e-01,4.26840000e-01,5.43840000e-01
3.20000000e-01,8.60000000e-01,3.89640000e-01,5.76220000e-01
3.40000000e-01,8.60000000e-01,3.65330000e-01,5.98760000e-01
3.60000000e-01,8.60000000e-01,3.61590000e-01,6.04450000e-01
3.80000000e-01,8.60000000e-01,3.81950000e-01,5.87780000e-01
4.00000000e-01,8.60000000e-01,4.24890000e-01,5.46340000e-01
4.20000000e-01,8.60000000e-01,4.83410000e-01,4.83520000e-01
4.40000000e-01,8.60000000e-01,5.46400000e-01,4.10170000e-01
4.60000000e-01,8.60000000e-01,6.02460000e-01,3.41590000e-01
4.80000000e-01,8.60000000e-01,6.43530000e-01,2.91470000e-01
5.00000000e-01,8.60000000e-01,6.65070000e-01,2.68300000e-01
5.20000000e-01,8.60000000e-01,6.63460000e-01,2.75880000e-01
5.40000000e-01,8.60000000e-01,6.34610000e-01,3.14520000e-01
5.60000000e-01,8.60000000e-01,5.76440000e-01,3.79820000e-01
5.80000000e-01,8.60000000e-01,4.94200000e-01,4.60600000e-01
6.00000000e-01,8.60000000e-01,4.02380000e-01,5.40780000e-01
6.20000000e-01,8.60000000e-01,3.18690000e-01,6.06760000e-01
6.40000000e-01,8.60000000e-01,2.55700000e-01,6.53060000e-01
6.60000000e-01,8.60000000e-01,2.18760000e-01,6.80740000e-01
6.80000000e-01,8.60000000e-01,2.09240000e-01,6.91790000e-01
7.00000000e-01,8.60000000e-01,2.27810000e-01,6.84900000e-01
7.20000000e-01,8.60000000e-01,2.74870000e-01,6.55120000e-01
7.40000000e-01,8.60000000e-01,3.47540000e-01,5.98010000e-01
7.60000000e-01,8.60000000e-01,4.35720000e-01,5.16940000e-01
7.80000000e-01,8.60000000e-01,5.22530000e-01,4.26560000e-01
8.00000000e-01,8.60000000e-01,5.92090000e-01,3.46280000e-01
8.20000000e-01,8.60000000e-01,6.36950000e-01,2.90310000e-01
8.40000000e-01,8.60000000e-01,6.57430000e-01,2.64740000e-01
8.60000000e-01,8.60000000e-01,6.55910000e-01,2.70510000e-01
8.80000000e-01,8.60000000e-01,6.33230000e-01,3.05710000e-01
9.00000000e-01,8.60000000e-01,5.90290000e-01,3.64490000e-01
9.20000000e-01,8.60000000e-01,5.33350000e-01,4.34680000e-01
9.40000000e-01,8.60000000e-01,4.77030000e-01,4.98690000e-01
9.60000000e-01,8.60000000e-01,4.39300000e-01,5.39680000e-01
9.80000000e-01,8.60000000e-01,4.32520000e-01,5.47930000e-01
1.00000000e+00,8.60000000e-01,4.60220000e-01,5.20480000e-01
0.00000000e+00,8.80000000e-01,4.61300000e-01,5.20740000e-01
2.00000000e-02,8.80000000e-01,4.80890000e-01,5.01200000e-01
4.00000000e-02,8.80000000e-01,4.85320000e-01,4.97340000e-01
6.00000000e-02,8.80000000e-01,4.89110000e-01,4.93810000e-01
8.00000000e-02,8.80000000e-01,4.93810000e-01,4.89150000e-01
1.00000000e-01,8.80000000e-01,4.98550000e-01,4.84220000e-01
1.20000000e-01,8.80000000e-01,5.02520000e-01,4.79860000e-01
1.40000000e-01,8.80000000e-01,5.05670000e-01,4.76130000e-01
1.60000000e-01,8.80000000e-01,5.08690000e-01,4.72510000e-01
1.80000000e-01,8.80000000e-01,5.12250000e-01,4.68530000e-01
2.00000000e-01,8.80000000e-01,5.16240000e-01,4.64510000e-01
2.20000000e-01,8.80000000e-01,5.19160000e-01,4.61930000e-01
2.40000000e-01,8.80000000e-01,5.18240000e-01,4.63230000e-01
2.60000000e-01,8.80000000e-01,5.10150000e-01,4.71000000e-01
2.80000000e-01,8.80000000e-01,4.92470000e-01,4.86860000e-01
3.00000000e-01,8.80000000e-01,4.65540000e-01,5.10280000e-01
3.20000000e-01,8.80000000e-01,4.33530000e-01,5.38020000e-01
3.40000000e-01,8.80000000e-01,4.03800000e-01,5.64550000e-01
3.60000000e-01,8.80000000e-01,3.84440000e-01,5.83320000e-01
3.80000000e-01,8.80000000e-01,3.81890000e-01,5.88010000e-01
4.00000000e-01,8.80000000e-01,3.99280000e-01,5.73510000e-01
4.20000000e-01,8.80000000e-01,4.35590000e-01,5.37620000e-01
4.40000000e-01,8.80000000e-01,4.85310000e-01,4.83350000e-01
4.60000000e-01,8.80000000e-01,5.39370000e-01,4.20050000e-01
4.80000000e-01,8.80000000e-01,5.88250000e-01,3.60670000e-01
5.00000000e-01,8.80000000e-01,6.24780000e-01,3.16880000e-01
5.20000000e-01,8.80000000e-01,6.44570000e-01,2.96230000e-01
5.40000000e-01,8.80000000e-01,6.44110000e-01,3.02210000e-01
5.60000000e-01,8.80000000e-01,6.19830000e-01,3.34940000e-01
5.80000000e-01,8.80000000e-01,5.70220000e-01,3.90370000e-01
6.00000000e-01,8.80000000e-01,4.99930000e-01,4.59110000e-01
6.20000000e-01,8.80000000e-01,4.20890000e-01,5.28190000e-01
6.40000000e-01,8.80000000e-01,3.47620000e-01,5.86450000e-01
6.60000000e-01,8.80000000e-01,2.90920000e-01,6.28900000e-01
6.80000000e-01,8.80000000e-01,2.56190000e-01,6.55760000e-01
7.00000000e-01,8.80000000e-01,2.45410000e-01,6.68070000e-01
7.20000000e-01,8.80000000e-01,2.59510000e-01,6.64360000e-01
7.40000000e-01,8.80000000e-01,2.98570000e-01,6.40290000e-01
7.60000000e-01,8.80000000e-01,3.59750000e-01,5.92410000e-01
7.80000000e-01,8.80000000e-01,4.34590000e-01,5.23870000e-01
8.00000000e-01,8.80000000e-01,5.09520000e-01,4.46840000e-01
8.20000000e-01,8.80000000e-01,5.71390000e-01,3.77420000e-01
8.40000000e-01,8.80000000e-01,6.13070000e-01,3.28240000e-01
8.60000000e-01,8.80000000e-01,6.33230000e-01,3.05710000e-01
8.80000000e-01,8.80000000e-01,6.32290000e-01,3.11560000e-01
9.00000000e-01,8.80000000e-01,6.10200000e-01,3.44150000e-01
9.20000000e-01,8.80000000e-01,5.68780000e-01,3.97280000e-01
9.40000000e-01,8.80000000e-01,5.16530000e-01,4.58390000e-01
9.60000000e-01,8.80000000e-01,4.69590000e-01,5.10180000e-01
9.80000000e-01,8.80000000e-01,4.45870000e-01,5.36150000e-01
1.00000000e+00,8.80000000e-01,4.61300000e-01,5.20740000e-01
0.00000000e+00,9.00000000e-01,4.65640000e-01,5.17330000e-01
2.00000000e-02,9.00000000e-01,4.82660000e-01,4.99960000e-01
4.00000000e-02,9.00000000e-01,4.88300000e-01,4.94600000e-01
6.00000000e-02,9.00000000e-01,4.93700000e-01,4.89340000e-01
8.00000000e-02,9.00000000e-01,4.98980000e-01,4.84030000e-01
1.00000000e-01,9.00000000e-01,5.02510000e-01,4.80370000e-01
1.20000000e-01,9.00000000e-01,5.03240000e-01,4.79400000e-01
1.40000000e-01,9.00000000e-01,5.01550000e-01,4.80830000e-01
1.60000000e-01,9.00000000e-01,4.98990000e-01,4.83160000e-01
1.80000000e-01,9.00000000e-01,4.97550000e-01,4.84450000e-01
2.00000000e-01,9.00000000e-01,4.98650000e-01,4.83320000e-01
2.20000000e-01,9.00000000e-01,5.02320000e-01,4.79730000e-01
2.40000000e-01,9.00000000e-01,5.06850000e-01,4.75270000e-01
2.60000000e-01,9.00000000e-01,5.09160000e-01,4.72840000e-01
2.80000000e-01,9.00000000e-01,5.05650000e-01,4.75640000e-01
3.00000000e-01,9.00000000e-01,4.93750000e-01,4.85900000e-01
3.20000000e-01,9.00000000e-01,4.73380000e-01,5.03700000e-01
3.40000000e-01,9.00000000e-01,4.47810000e-01,5.26440000e-01
3.60000000e-01,9.00000000e-01,4.22970000e-01,5.49340000e-01
3.80000000e-01,9.00000000e-01,4.05640000e-01,5.66520000e-01
4.00000000e-01,9.00000000e-01,4.01530000e-01,5.72180000e-01
4.20000000e-01,9.00000000e-01,4.13820000e-01,5.61630000e-01
4.40000000e-01,9.00000000e-01,4.42250000e-01,5.32850000e-01
4.60000000e-01,9.00000000e-01,4.82680000e-01,4.88360000e-01
4.80000000e-01,9.00000000e-01,5.27920000e-01,4.35800000e-01
5.00000000e-01,9.00000000e-01,5.70090000e-01,3.85580000e-01
5.20000000e-01,9.00000000e-01,6.02900000e-01,3.47350000e-01
5.40000000e-01,9.00000000e-01,6.22060000e-01,3.27760000e-01
5.60000000e-01,9.00000000e-01,6.24070000e-01,3.30220000e-01
5.80000000e-01,9.00000000e-01,6.05700000e-01,3.55140000e-01
6.00000000e-01,9.00000000e-01,5.65830000e-01,3.99330000e-01
6.20000000e-01,9.00000000e-01,5.08330000e-01,4.55450000e-01
6.40000000e-01,9.00000000e-01,4.42640000e-01,5.13360000e-01
6.60000000e-01,9.00000000e-01,3.80120000e-01,5.64140000e-01
6.80000000e-01,9.00000000e-01,3.29760000e-01,6.03260000e-01
7.00000000e-01,9.00000000e-01,2.96700000e-01,6.30030000e-01
7.20000000e-01,9.00000000e-01,2.83530000e-01,6.44490000e-01
7.40000000e-01,9.00000000e-01,2.91670000e-01,6.44720000e-01
7.60000000e-01,9.00000000e-01,3.21470000e-01,6.26900000e-01
7.80000000e-01,9.00000000e-01,3.70710000e-01,5.88320000e-01
8.00000000e-01,9.00000000e-01,4.32650000e-01,5.31810000e-01
8.20000000e-01,9.00000000e-01,4.96510000e-01,4.67220000e-01
8.40000000e-01,9.00000000e-01,5.51390000e-01,4.07740000e-01
8.60000000e-01,9.00000000e-01,5.90290000e-01,3.64490000e-01
8.80000000e-01,9.00000000e-01,6.10200000e-01,3.44150000e-01
9.00000000e-01,9.00000000e-01,6.09570000e-01,3.49440000e-01
9.20000000e-01,9.00000000e-01,5.87520000e-01,3.79320000e-01
9.40000000e-01,9.00000000e-01,5.47090000e-01,4.27420000e-01
9.60000000e-01,9.00000000e-01,4.99450000e-01,4.80300000e-01
9.80000000e-01,9.00000000e-01,4.63640000e-01,5.18970000e-01
1.00000000e+00,9.00000000e-01,4.65640000e-01,5.17330000e-01
0.00000000e+00,9.20000000e-01,4.72570000e-01,5.10810000e-01
2.00000000e-02,9.20000000e-01,4.85430000e-01,4.97580000e-01
4.00000000e-02,9.20000000e-01,4.91360000e-01,4.91740000e-01
6.00000000e-02,9.20000000e-01,4.96950000e-01,4.86170000e-01
8.00000000e-02,9.20000000e-01,5.01400000e-01,4.81670000e-01
1.00000000e-01,9.20000000e-01,5.03110000e-01,4.79860000e-01
1.20000000e-01,9.20000000e-01,5.01430000e-01,4.81420000e-01
1.40000000e-01,9.20000000e-01,4.97030000e-01,4.85710000e-01
1.60000000e-01,9.20000000e-01,4.91640000e-01,4.91030000e-01
1.80000000e-01,9.20000000e-01,4.87430000e-01,4.95210000e-01
2.00000000e-01,9.20000000e-01,4.86300000e-01,4.96340000e-01
2.20000000e-01,9.20000000e-01,4.89130000e-01,4.93530000e-01
2.40000000e-01,9.20000000e-01,4.95300000e-01,4.87320000e-01
2.60000000e-01,9.20000000e-01,5.02660000e-01,4.79820000e-01
2.80000000e-01,9.20000000e-01,5.07970000e-01,4.74210000e-01
3.00000000e-01,9.20000000e-01,5.07840000e-01,4.73750000e-01
3.20000000e-01,9.20000000e-01,4.99890000e-01,4.80620000e-01
3.40000000e-01,9.20000000e-01,4.83960000e-01,4.94970000e-01
3.60000000e-01,9.20000000e-01,4.62620000e-01,5.14570000e-01
3.80000000e-01,9.20000000e-01,4.40690000e-01,5.35240000e-01
4.00000000e-01,9.20000000e-01,4.23930000e-01,5.51810000e-01
4.20000000e-01,9.20000000e-01,4.17490000e-01,5.59070000e-01
4.40000000e-01,9.20000000e-01,4.24600000e-01,5.52850000e-01
4.60000000e-01,9.20000000e-01,4.45560000e-01,5.31350000e-01
4.80000000e-01,9.20000000e-01,4.77400000e-01,4.96480000e-01
5.00000000e-01,9.20000000e-01,5.14600000e-01,4.54070000e-01
5.20000000e-01,9.20000000e-01,5.50810000e-01,4.12160000e-01
5.40000000e-01,9.20000000e-01,5.80600000e-01,3.78530000e-01
5.60000000e-01,9.20000000e-01,5.99780000e-01,3.59020000e-01
5.80000000e-01,9.20000000e-01,6.04820000e-01,3.57130000e-01
6.00000000e-01,9.20000000e-01,5.92750000e-01,3.73820000e-01
6.20000000e-01,9.20000000e-01,5.62630000e-01,4.06970000e-01
6.40000000e-01,9.20000000e-01,5.17520000e-01,4.51100000e-01
6.60000000e-01,9.20000000e-01,4.64550000e-01,4.98580000e-01
6.80000000e-01,9.20000000e-01,4.12350000e-01,5.42370000e-01
7.00000000e-01,9.20000000e-01,3.68160000e-01,5.78370000e-01
7.20000000e-01,9.20000000e-01,3.36750000e-01,6.05070000e-01
7.40000000e-01,9.20000000e-01,3.21160000e-01,6.21500000e-01
7.60000000e-01,9.20000000e-01,3.23410000e-01,6.25370000e-01
7.80000000e-01,9.20000000e-01,3.44330000e-01,6.13310000e-01
8.00000000e-01,9.20000000e-01,3.82370000e-01,5.83300000e-01
8.20000000e-01,9.20000000e-01,4.32280000e-01,5.37830000e-01
8.40000000e-01,9.20000000e-01,4.85600000e-01,4.84750000e-01
8.60000000e-01,9.20000000e-01,5.33350000e-01,4.34680000e-01
8.80000000e-01,9.20000000e-01,5.68780000e-01,3.97280000e-01
9.00000000e-01,9.20000000e-01,5.87520000e-01,3.79320000e-01
9.20000000e-01,9.20000000e-01,5.86260000e-01,3.84460000e-01
9.40000000e-01,9.20000000e-01,5.63460000e-01,4.12390000e-01
9.60000000e-01,9.20000000e-01,5.23770000e-01,4.56250000e-01
9.80000000e-01,9.20000000e-01,4.82910000e-01,4.99710000e-01
1.00000000e+00,9.20000000e-01,4.72570000e-01,5.10810000e-01
0.00000000e+00,9.40000000e-01,4.80870000e-01,5.02510000e-01
2.00000000e-02,9.40000000e-01,4.88710000e-01,4.94490000e-01
4.00000000e-02,9.40000000e-01,4.93900000e-01,4.89300000e-01
6.00000000e-02,9.40000000e-01,4.98170000e-01,4.85010000e-01
8.00000000e-02,9.40000000e-01,5.00490000e-01,4.82630000e-01
1.00000000e-01,9.40000000e-01,5.00110000e-01,4.82910000e-01
1.20000000e-01,9.40000000e-01,4.97130000e-01,4.85800000e-01
1.40000000e-01,9.40000000e-01,4.92300000e-01,4.90520000e-01
1.60000000e-01,9.40000000e-01,4.86920000e-01,4.95800000e-01
1.80000000e-01,9.40000000e-01,4.82570000e-01,5.00120000e-01
2.00000000e-01,9.40000000e-01,4.80730000e-01,5.01980000e-01
2.20000000e-01,9.40000000e-01,4.82400000e-01,5.00370000e-01
2.40000000e-01,9.40000000e-01,4.87660000e-01,4.95110000e-01
2.60000000e-01,9.40000000e-01,4.95500000e-01,4.87180000e-01
2.80000000e-01,9.40000000e-01,5.03820000e-01,4.78650000e-01
3.00000000e-01,9.40000000e-01,5.09860000e-01,4.72340000e-01
3.20000000e-01,9.40000000e-01,5.10850000e-01,4.70980000e-01
3.40000000e-01,9.40000000e-01,5.04930000e-01,4.76340000e-01
3.60000000e-01,9.40000000e-01,4.91930000e-01,4.88450000e-01
3.80000000e-01,9.40000000e-01,4.73840000e-01,5.05470000e-01
4.00000000e-01,9.40000000e-01,4.54460000e-01,5.23950000e-01
4.20000000e-01,9.40000000e-01,4.38550000e-01,5.39560000e-01
4.40000000e-01,9.40000000e-01,4.30570000e-01,5.47890000e-01
4.60000000e-01,9.40000000e-01,4.33520000e-01,5.45380000e-01
4.80000000e-01,9.40000000e-01,4.48080000e-01,5.30420000e-01
5.00000000e-01,9.40000000e-01,4.72310000e-01,5.04270000e-01
5.20000000e-01,9.40000000e-01,5.02150000e-01,4.71090000e-01
5.40000000e-01,9.40000000e-01,5.32690000e-01,4.36830000e-01
5.60000000e-01,9.40000000e-01,5.59340000e-01,4.07570000e-01
5.80000000e-01,9.40000000e-01,5.78180000e-01,3.88420000e-01
6.00000000e-01,9.40000000e-01,5.85760000e-01,3.82820000e-01
6.20000000e-01,9.40000000e-01,5.79390000e-01,3.92200000e-01
6.40000000e-01,9.40000000e-01,5.58220000e-01,4.15390000e-01
6.60000000e-01,9.40000000e-01,5.24530000e-01,4.48560000e-01
6.80000000e-01,9.40000000e-01,4.83470000e-01,4.86120000e-01
7.00000000e-01,9.40000000e-01,4.41370000e-01,5.22740000e-01
7.20000000e-01,9.40000000e-01,4.03870000e-01,5.54790000e-01
7.40000000e-01,9.40000000e-01,3.75190000e-01,5.80240000e-01
7.60000000e-01,9.40000000e-01,3.58470000e-01,5.97420000e-01
7.80000000e-01,9.40000000e-01,3.56060000e-01,6.03920000e-01
8.00000000e-01,9.40000000e-01,3.69100000e-01,5.96920000e-01
8.20000000e-01,9.40000000e-01,3.96630000e-01,5.75020000e-01
8.40000000e-01,9.40000000e-01,4.34720000e-01,5.40290000e-01
8.60000000e-01,9.40000000e-01,4.77030000e-01,4.98690000e-01
8.80000000e-01,9.40000000e-01,5.16530000e-01,4.58390000e-01
9.00000000e-01,9.40000000e-01,5.47090000e-01,4.27420000e-01
9.20000000e-01,9.40000000e-01,5.63460000e-01,4.12390000e-01
9.40000000e-01,9.40000000e-01,5.60780000e-01,4.17820000e-01
9.60000000e-01,9.40000000e-01,5.36940000e-01,4.44220000e-01
9.80000000e-01,9.40000000e-01,4.99990000e-01,4.82700000e-01
1.00000000e+00,9.40000000e-01,4.80870000e-01,5.02510000e-01
0.00000000e+00,9.60000000e-01,4.88680000e-01,4.94600000e-01
2.00000000e-02,9.60000000e-01,4.91730000e-01,4.91540000e-01
4.00000000e-02,9.60000000e-01,4.95160000e-01,4.88100000e-01
6.00000000e-02,9.60000000e-01,4.96870000e-01,4.86360000e-01
8.00000000e-02,9.60000000e-01,4.96530000e-01,4.86620000e-01
1.00000000e-01,9.60000000e-01,4.94500000e-01,4.88500000e-01
1.20000000e-01,9.60000000e-01,4.91370000e-01,4.91410000e-01
1.40000000e-01,9.60000000e-01,4.87760000e-01,4.94770000e-01
1.60000000e-01,9.60000000e-01,4.84310000e-01,4.98010000e-01
1.80000000e-01,9.60000000e-01,4.81710000e-01,5.00490000e-01
2.00000000e-01,9.60000000e-01,4.80670000e-01,5.01560000e-01
2.20000000e-01,9.60000000e-01,4.81790000e-01,5.00600000e-01
2.40000000e-01,9.60000000e-01,4.85340000e-01,4.97190000e-01
2.60000000e-01,9.60000000e-01,4.91100000e-01,4.91450000e-01
2.80000000e-01,9.60000000e-01,4.98200000e-01,4.84200000e-01
3.00000000e-01,9.60000000e-01,5.05140000e-01,4.77000000e-01
3.20000000e-01,9.60000000e-01,5.09960000e-01,4.71920000e-01
3.40000000e-01,9.60000000e-01,5.10700000e-01,4.70980000e-01
3.60000000e-01,9.60000000e-01,5.06020000e-01,4.75450000e-01
3.80000000e-01,9.60000000e-01,4.95730000e-01,4.85330000e-01
4.00000000e-01,9.60000000e-01,4.81200000e-01,4.99260000e-01
4.20000000e-01,9.60000000e-01,4.65190000e-01,5.14640000e-01
4.40000000e-01,9.60000000e-01,4.51300000e-01,5.28190000e-01
4.60000000e-01,9.60000000e-01,4.43080000e-01,5.36490000e-01
4.80000000e-01,9.60000000e-01,4.43120000e-01,5.36700000e-01
5.00000000e-01,9.60000000e-01,4.52290000e-01,5.27400000e-01
5.20000000e-01,9.60000000e-01,4.69490000e-01,5.09210000e-01
5.40000000e-01,9.60000000e-01,4.91980000e-01,4.84840000e-01
5.60000000e-01,9.60000000e-01,5.16230000e-01,4.58370000e-01
5.80000000e-01,9.60000000e-01,5.38630000e-01,4.34320000e-01
6.00000000e-01,9.60000000e-01,5.55830000e-01,4.16820000e-01
6.20000000e-01,9.60000000e-01,5.64830000e-01,4.08970000e-01
6.40000000e-01,9.60000000e-01,5.63280000e-01,4.12370000e-01
6.60000000e-01,9.60000000e-01,5.50400000e-01,4.26610000e-01
6.80000000e-01,9.60000000e-01,5.27590000e-01,4.49260000e-01
7.00000000e-01,9.60000000e-01,4.98290000e-01,4.76590000e-01
7.20000000e-01,9.60000000e-01,4.66800000e-01,5.04850000e-01
7.40000000e-01,9.60000000e-01,4.37210000e-01,5.31160000e-01
7.60000000e-01,9.60000000e-01,4.12900000e-01,5.53470000e-01
7.80000000e-01,9.60000000e-01,3.96680000e-01,5.69940000e-01
8.00000000e-01,9.60000000e-01,3.90810000e-01,5.78340000e-01
8.20000000e-01,9.60000000e-01,3.96560000e-01,5.76410000e-01
8.40000000e-01,9.60000000e-01,4.13550000e-01,5.63080000e-01
8.60000000e-01,9.60000000e-01,4.39300000e-01,5.39680000e-01
8.80000000e-01,9.60000000e-01,4.69590000e-01,5.10180000e-01
9.00000000e-01,9.60000000e-01,4.99450000e-01,4.80300000e-01
9.20000000e-01,9.60000000e-01,5.23770000e-01,4.56250000e-01
9.40000000e-01,9.60000000e-01,5.36940000e-01,4.44220000e-01
9.60000000e-01,9.60000000e-01,5.32850000e-01,4.49670000e-01
9.80000000e-01,9.60000000e-01,5.09800000e-01,4.73280000e-01
1.00000000e+00,9.60000000e-01,4.88680000e-01,4.94600000e-01
0.00000000e+00,9.80000000e-01,4.93330000e-01,4.89930000e-01
2.00000000e-02,9.80000000e-01,4.93470000e-01,4.89810000e-01
4.00000000e-02,9.80000000e-01,4.94120000e-01,4.89170000e-01
6.00000000e-02,9.80000000e-01,4.92560000e-01,4.90710000e-01
8.00000000e-02,9.80000000e-01,4.89720000e-01,4.93440000e-01
1.00000000e-01,9.80000000e-01,4.86560000e-01,4.96280000e-01
1.20000000e-01,9.80000000e-01,4.83780000e-01,4.98540000e-01
1.40000000e-01,9.80000000e-01,4.81810000e-01,4.99890000e-01
1.60000000e-01,9.80000000e-01,4.80860000e-01,5.00310000e-01
1.80000000e-01,9.80000000e-01,4.80980000e-01,4.99920000e-01
2.00000000e-01,9.80000000e-01,4.82140000e-01,4.98850000e-01
2.20000000e-01,9.80000000e-01,4.84290000e-01,4.97040000e-01
2.40000000e-01,9.80000000e-01,4.87410000e-01,4.94340000e-01
2.60000000e-01,9.80000000e-01,4.91440000e-01,4.90580000e-01
2.80000000e-01,9.80000000e-01,4.96140000e-01,4.85830000e-01
3.00000000e-01,9.80000000e-01,5.01020000e-01,4.80590000e-01
3.20000000e-01,9.80000000e-01,5.05290000e-01,4.75870000e-01
3.40000000e-01,9.80000000e-01,5.07880000e-01,4.72990000e-01
3.60000000e-01,9.80000000e-01,5.07690000e-01,4.73160000e-01
3.80000000e-01,9.80000000e-01,5.03890000e-01,4.77110000e-01
4.00000000e-01,9.80000000e-01,4.96310000e-01,4.84740000e-01
4.20000000e-01,9.80000000e-01,4.85710000e-01,4.95100000e-01
4.40000000e-01,9.80000000e-01,4.73810000e-01,5.06530000e-01
4.60000000e-01,9.80000000e-01,4.63010000e-01,5.16920000e-01
4.80000000e-01,9.80000000e-01,4.55830000e-01,5.24010000e-01
5.00000000e-01,9.80000000e-01,4.54220000e-01,5.25860000e-01
5.20000000e-01,9.80000000e-01,4.58970000e-01,5.21340000e-01
5.40000000e-01,9.80000000e-01,4.69560000e-01,5.10540000e-01
5.60000000e-01,9.80000000e-01,4.84390000e-01,4.94850000e-01
5.80000000e-01,9.80000000e-01,5.01280000e-01,4.76710000e-01
6.00000000e-01,9.80000000e-01,5.17880000e-01,4.59050000e-01
6.20000000e-01,9.80000000e-01,5.31850000e-01,4.44810000e-01
6.40000000e-01,9.80000000e-01,5.40970000e-01,4.36400000e-01
6.60000000e-01,9.80000000e-01,5.43430000e-01,4.35220000e-01
6.80000000e-01,9.80000000e-01,5.38350000e-01,4.41370000e-01
7.00000000e-01,9.80000000e-01,5.26210000e-01,4.53650000e-01
7.20000000e-01,9.80000000e-01,5.08760000e-01,4.70090000e-01
7.40000000e-01,9.80000000e-01,4.88450000e-01,4.88550000e-01
7.60000000e-01,9.80000000e-01,4.67830000e-01,5.07240000e-01
7.80000000e-01,9.80000000e-01,4.49270000e-01,5.24630000e-01
8.00000000e-01,9.80000000e-01,4.34910000e-01,5.39180000e-01
8.20000000e-01,9.80000000e-01,4.26640000e-01,5.49030000e-01
8.40000000e-01,9.80000000e-01,4.25770000e-01,5.52330000e-01
8.60000000e-01,9.80000000e-01,4.32520000e-01,5.47930000e-01
8.80000000e-01,9.80000000e-01,4.45870000e-01,5.36150000e-01
9.00000000e-01,9.80000000e-01,4.63640000e-01,5.18970000e-01
9.20000000e-01,9.80000000e-01,4.82910000e-01,4.99710000e-01
9.40000000e-01,9.80000000e-01,4.99990000e-01,4.82700000e-01
9.60000000e-01,9.80000000e-01,5.09800000e-01,4.73280000e-01
9.80000000e-01,9.80000000e-01,5.06220000e-01,4.77120000e-01
1.00000000e+00,9.80000000e-01,4.93330000e-01,4.89930000e-01
0.00000000e+00,1.00000000e+00,4.93810000e-01,4.89450000e-01
2.00000000e-02,1.00000000e+00,4.94350000e-01,4.88890000e-01
4.00000000e-02,1.00000000e+00,4.90380000e-01,4.92880000e-01
6.00000000e-02,1.00000000e+00,4.82740000e-01,5.00670000e-01
8.00000000e-02,1.00000000e+00,4.74240000e-01,5.09280000e-01
1.00000000e-01,1.00000000e+00,4.66850000e-01,5.16360000e-01
1.20000000e-01,1.00000000e+00,4.61860000e-01,5.20400000e-01
1.40000000e-01,1.00000000e+00,4.60100000e-01,5.20720000e-01
1.60000000e-01,1.00000000e+00,4.61850000e-01,5.17500000e-01
1.80000000e-01,1.00000000e+00,4.66850000e-01,5.11490000e-01
2.00000000e-01,1.00000000e+00,4.74390000e-01,5.03760000e-01
2.20000000e-01,1.00000000e+00,4.83480000e-01,4.95290000e-01
2.40000000e-01,1.00000000e+00,4.93040000e-01,4.86810000e-01
2.60000000e-01,1.00000000e+00,5.02040000e-01,4.78860000e-01
2.80000000e-01,1.00000000e+00,5.09490000e-01,4.71920000e-01
3.00000000e-01,1.00000000e+00,5.14560000e-01,4.66620000e-01
3.20000000e-01,1.00000000e+00,5.16710000e-01,4.63660000e-01
3.40000000e-01,1.00000000e+00,5.15790000e-01,4.63680000e-01
3.60000000e-01,1.00000000e+00,5.12000000e-01,4.66990000e-01
3.80000000e-01,1.00000000e+00,5.05780000e-01,4.73400000e-01
4.00000000e-01,1.00000000e+00,4.97710000e-01,4.82120000e-01
4.20000000e-01,1.00000000e+00,4.88520000e-01,4.91950000e-01
4.40000000e-01,1.00000000e+00,4.79170000e-01,5.01490000e-01
4.60000000e-01,1.00000000e+00,4.70950000e-01,5.09400000e-01
4.80000000e-01,1.00000000e+00,4.65220000e-01,5.14620000e-01
5.00000000e-01,1.00000000e+00,4.63080000e-01,5.16490000e-01
5.20000000e-01,1.00000000e+00,4.64980000e-01,5.14790000e-01
5.40000000e-01,1.00000000e+00,4.70500000e-01,5.09740000e-01
5.60000000e-01,1.00000000e+00,4.78590000e-01,5.01980000e-01
5.80000000e-01,1.00000000e+00,4.87880000e-01,4.92550000e-01
6.00000000e-01,1.00000000e+00,4.97100000e-01,4.82760000e-01
6.20000000e-01,1.00000000e+00,5.05250000e-01,4.73970000e-01
6.40000000e-01,1.00000000e+00,5.11620000e-01,4.67390000e-01
6.60000000e-01,1.00000000e+00,5.15610000e-01,4.63810000e-01
6.80000000e-01,1.00000000e+00,5.16780000e-01,4.63450000e-01
7.00000000e-01,1.00000000e+00,5.14930000e-01,4.66070000e-01
7.20000000e-01,1.00000000e+00,5.10190000e-01,4.71050000e-01
7.40000000e-01,1.00000000e+00,5.03080000e-01,4.77730000e-01
7.60000000e-01,1.00000000e+00,4.94360000e-01,4.85530000e-01
7.80000000e-01,1.00000000e+00,4.84950000e-01,4.93950000e-01
8.00000000e-01,1.00000000e+00,4.75840000e-01,5.02490000e-01
8.20000000e-01,1.00000000e+00,4.68060000e-01,5.10420000e-01
8.40000000e-01,1.00000000e+00,4.62590000e-01,5.16770000e-01
8.60000000e-01,1.00000000e+00,4.60220000e-01,5.20480000e-01
8.80000000e-01,1.00000000e+00,4.61300000e-01,5.20740000e-01
9.00000000e-01,1.00000000e+00,4.65640000e-01,5.17330000e-01
9.20000000e-01,1.00000000e+00,4.72570000e-01,5.10810000e-01
9.40000000e-01,1.00000000e+00,4.80870000e-01,5.02510000e-01
9.60000000e-01,1.00000000e+00,4.88680000e-01,4.94600000e-01
9.80000000e-01,1.00000000e+00,4.93330000e-01,4.89930000e-01
1.00000000e+00,1.00000000e+00,4.93810000e-01,4.89450000e-01
