0.00000000e+00,0.00000000e+00,4.93760000e-01,4.89490000e-01
2.00000000e-02,0.00000000e+00,4.94140000e-01,4.89100000e-01
4.00000000e-02,0.00000000e+00,4.90150000e-01,4.93110000e-01
6.00000000e-02,0.00000000e+00,4.82640000e-01,5.00770000e-01
8.00000000e-02,0.00000000e+00,4.74340000e-01,5.09180000e-01
1.00000000e-01,0.00000000e+00,4.67160000e-01,5.16080000e-01
1.20000000e-01,0.00000000e+00,4.62350000e-01,5.19980000e-01
1.40000000e-01,0.00000000e+00,4.60690000e-01,5.20230000e-01
1.60000000e-01,0.00000000e+00,4.62470000e-01,5.16980000e-01
1.80000000e-01,0.00000000e+00,4.67410000e-01,5.11010000e-01
2.00000000e-01,0.00000000e+00,4.74820000e-01,5.03370000e-01
2.20000000e-01,0.00000000e+00,4.83750000e-01,4.95010000e-01
2.40000000e-01,0.00000000e+00,4.93170000e-01,4.86650000e-01
2.60000000e-01,0.00000000e+00,5.02050000e-01,4.78790000e-01
2.80000000e-01,0.00000000e+00,5.09440000e-01,4.71920000e-01
3.00000000e-01,0.00000000e+00,5.14490000e-01,4.66620000e-01
3.20000000e-01,0.00000000e+00,5.16660000e-01,4.63610000e-01
3.40000000e-01,0.00000000e+00,5.15770000e-01,4.63550000e-01
3.60000000e-01,0.00000000e+00,5.12000000e-01,4.66800000e-01
3.80000000e-01,0.00000000e+00,5.05780000e-01,4.73190000e-01
4.00000000e-01,0.00000000e+00,4.97650000e-01,4.81970000e-01
4.20000000e-01,0.00000000e+00,4.88340000e-01,4.91920000e-01
4.40000000e-01,0.00000000e+00,4.78840000e-01,5.01610000e-01
4.60000000e-01,0.00000000e+00,4.70450000e-01,5.09650000e-01
4.80000000e-01,0.00000000e+00,4.64610000e-01,5.14960000e-01
5.00000000e-01,0.00000000e+00,4.62470000e-01,5.16830000e-01
5.20000000e-01,0.00000000e+00,4.64470000e-01,5.15050000e-01
5.40000000e-01,0.00000000e+00,4.70180000e-01,5.09850000e-01
5.60000000e-01,0.00000000e+00,4.78480000e-01,5.01900000e-01
5.80000000e-01,0.00000000e+00,4.87950000e-01,4.92290000e-01
6.00000000e-01,0.00000000e+00,4.97260000e-01,4.82380000e-01
6.20000000e-01,0.00000000e+00,5.05430000e-01,4.73590000e-01
6.40000000e-01,0.00000000e+00,5.11730000e-01,4.67110000e-01
6.60000000e-01,0.00000000e+00,5.15610000e-01,4.63700000e-01
6.80000000e-01,0.00000000e+00,5.16650000e-01,4.63550000e-01
7.00000000e-01,0.00000000e+00,5.14670000e-01,4.66330000e-01
7.20000000e-01,0.00000000e+00,5.09840000e-01,4.71410000e-01
7.40000000e-01,0.00000000e+00,5.02690000e-01,4.78100000e-01
7.60000000e-01,0.00000000e+00,4.94020000e-01,4.85820000e-01
7.80000000e-01,0.00000000e+00,4.84750000e-01,4.94110000e-01
8.00000000e-01,0.00000000e+00,4.75830000e-01,5.02490000e-01
8.20000000e-01,0.00000000e+00,4.68280000e-01,5.10250000e-01
8.40000000e-01,0.00000000e+00,4.63040000e-01,5.16440000e-01
8.60000000e-01,0.00000000e+00,4.60850000e-01,5.20010000e-01
8.80000000e-01,0.00000000e+00,4.62020000e-01,5.20160000e-01
9.00000000e-01,0.00000000e+00,4.66380000e-01,5.16700000e-01
9.20000000e-01,0.00000000e+00,4.73220000e-01,5.10200000e-01
9.40000000e-01,0.00000000e+00,4.81370000e-01,5.02010000e-01
9.60000000e-01,0.00000000e+00,4.88990000e-01,4.94280000e-01
9.80000000e-01,0.00000000e+00,4.93450000e-01,4.89810000e-01
1.00000000e+00,0.00000000e+00,4.93760000e-01,4.89490000e-01
0.00000000e+00,2.00000000e-02,4.94140000e-01,4.89100000e-01
2.00000000e-02,2.00000000e-02,5.06410000e-01,4.76870000e-01
4.00000000e-02,2.00000000e-02,5.10040000e-01,4.73000000e-01
6.00000000e-02,2.00000000e-02,5.00300000e-01,4.82390000e-01
8.00000000e-02,2.00000000e-02,4.83210000e-01,4.99470000e-01
1.00000000e-01,2.00000000e-02,4.63880000e-01,5.18860000e-01
1.20000000e-01,2.00000000e-02,4.45980000e-01,5.36180000e-01
1.40000000e-01,2.00000000e-02,4.32460000e-01,5.48060000e-01
1.60000000e-01,2.00000000e-02,4.25540000e-01,5.52520000e-01
1.80000000e-01,2.00000000e-02,4.26280000e-01,5.49230000e-01
2.00000000e-01,2.00000000e-02,4.34470000e-01,5.39380000e-01
2.20000000e-01,2.00000000e-02,4.48840000e-01,5.24830000e-01
2.40000000e-01,2.00000000e-02,4.67510000e-01,5.07400000e-01
2.60000000e-01,2.00000000e-02,4.88290000e-01,4.88640000e-01
2.80000000e-01,2.00000000e-02,5.08810000e-01,4.70030000e-01
3.00000000e-01,2.00000000e-02,5.26490000e-01,4.53370000e-01
3.20000000e-01,2.00000000e-02,5.38820000e-01,4.40820000e-01
3.40000000e-01,2.00000000e-02,5.44030000e-01,4.34440000e-01
3.60000000e-01,2.00000000e-02,5.41610000e-01,4.35480000e-01
3.80000000e-01,2.00000000e-02,5.32420000e-01,4.43900000e-01
4.00000000e-01,2.00000000e-02,5.18310000e-01,4.58310000e-01
4.20000000e-01,2.00000000e-02,5.01480000e-01,4.76290000e-01
4.40000000e-01,2.00000000e-02,4.84260000e-01,4.94840000e-01
4.60000000e-01,2.00000000e-02,4.69010000e-01,5.10960000e-01
4.80000000e-01,2.00000000e-02,4.57980000e-01,5.22150000e-01
5.00000000e-01,2.00000000e-02,4.52870000e-01,5.26920000e-01
5.20000000e-01,2.00000000e-02,4.54300000e-01,5.25150000e-01
5.40000000e-01,2.00000000e-02,4.61520000e-01,5.17980000e-01
5.60000000e-01,2.00000000e-02,4.72560000e-01,5.07410000e-01
5.80000000e-01,2.00000000e-02,4.84810000e-01,4.95730000e-01
6.00000000e-01,2.00000000e-02,4.95770000e-01,4.85120000e-01
6.20000000e-01,2.00000000e-02,5.03630000e-01,4.77260000e-01
6.40000000e-01,2.00000000e-02,5.07650000e-01,4.73080000e-01
6.60000000e-01,2.00000000e-02,5.08050000e-01,4.72660000e-01
6.80000000e-01,2.00000000e-02,5.05710000e-01,4.75250000e-01
7.00000000e-01,2.00000000e-02,5.01800000e-01,4.79590000e-01
7.20000000e-01,2.00000000e-02,4.97390000e-01,4.84370000e-01
7.40000000e-01,2.00000000e-02,4.93260000e-01,4.88630000e-01
7.60000000e-01,2.00000000e-02,4.89770000e-01,4.91940000e-01
7.80000000e-01,2.00000000e-02,4.87010000e-01,4.94380000e-01
8.00000000e-01,2.00000000e-02,4.84880000e-01,4.96220000e-01
8.20000000e-01,2.00000000e-02,4.83310000e-01,4.97720000e-01
8.40000000e-01,2.00000000e-02,4.82310000e-01,4.98920000e-01
8.60000000e-01,2.00000000e-02,4.82020000e-01,4.99660000e-01
8.80000000e-01,2.00000000e-02,4.82580000e-01,4.99640000e-01
9.00000000e-01,2.00000000e-02,4.84080000e-01,4.98640000e-01
9.20000000e-01,2.00000000e-02,4.86390000e-01,4.96670000e-01
9.40000000e-01,2.00000000e-02,4.89140000e-01,4.94090000e-01
9.60000000e-01,2.00000000e-02,4.91650000e-01,4.91620000e-01
9.80000000e-01,2.00000000e-02,4.93100000e-01,4.90170000e-01
1.00000000e+00,2.00000000e-02,4.94140000e-01,4.89100000e-01
0.00000000e+00,4.00000000e-02,4.90150000e-01,4.93110000e-01
2.00000000e-02,4.00000000e-02,5.10040000e-01,4.73000000e-01
4.00000000e-02,4.00000000e-02,5.32900000e-01,4.49580000e-01
6.00000000e-02,4.00000000e-02,5.36990000e-01,4.44140000e-01
8.00000000e-02,4.00000000e-02,5.23820000e-01,4.56190000e-01
1.00000000e-01,4.00000000e-02,4.99460000e-01,4.80310000e-01
1.20000000e-01,4.00000000e-02,4.69500000e-01,5.10290000e-01
1.40000000e-01,4.00000000e-02,4.39060000e-01,5.39880000e-01
1.60000000e-01,4.00000000e-02,4.13160000e-01,5.63360000e-01
1.80000000e-01,4.00000000e-02,3.96060000e-01,5.76720000e-01
2.00000000e-01,4.00000000e-02,3.90250000e-01,5.78630000e-01
2.20000000e-01,4.00000000e-02,3.96150000e-01,5.70190000e-01
2.40000000e-01,4.00000000e-02,4.12480000e-01,5.53650000e-01
2.60000000e-01,4.00000000e-02,4.36980000e-01,5.31220000e-01
2.80000000e-01,4.00000000e-02,4.66830000e-01,5.04720000e-01
3.00000000e-01,4.00000000e-02,4.98620000e-01,4.76160000e-01
3.20000000e-01,4.00000000e-02,5.28250000e-01,4.48450000e-01
3.40000000e-01,4.00000000e-02,5.51340000e-01,4.25420000e-01
3.60000000e-01,4.00000000e-02,5.64390000e-01,4.10910000e-01
3.80000000e-01,4.00000000e-02,5.65940000e-01,4.07440000e-01
4.00000000e-01,4.00000000e-02,5.56780000e-01,4.15460000e-01
4.20000000e-01,4.00000000e-02,5.39250000e-01,4.33380000e-01
4.40000000e-01,4.00000000e-02,5.16360000e-01,4.58030000e-01
4.60000000e-01,4.00000000e-02,4.91460000e-01,4.85230000e-01
4.80000000e-01,4.00000000e-02,4.68180000e-01,5.10360000e-01
5.00000000e-01,4.00000000e-02,4.50200000e-01,5.29220000e-01
5.20000000e-01,4.00000000e-02,4.40450000e-01,5.38960000e-01
5.40000000e-01,4.00000000e-02,4.40210000e-01,5.38850000e-01
5.60000000e-01,4.00000000e-02,4.48700000e-01,5.30310000e-01
5.80000000e-01,4.00000000e-02,4.63270000e-01,5.16210000e-01
6.00000000e-01,4.00000000e-02,4.80200000e-01,5.00080000e-01
6.20000000e-01,4.00000000e-02,4.95710000e-01,4.85300000e-01
6.40000000e-01,4.00000000e-02,5.06910000e-01,4.74520000e-01
6.60000000e-01,4.00000000e-02,5.12370000e-01,4.69210000e-01
6.80000000e-01,4.00000000e-02,5.12270000e-01,4.69410000e-01
7.00000000e-01,4.00000000e-02,5.07980000e-01,4.73890000e-01
7.20000000e-01,4.00000000e-02,5.01460000e-01,4.80700000e-01
7.40000000e-01,4.00000000e-02,4.94620000e-01,4.87780000e-01
7.60000000e-01,4.00000000e-02,4.88870000e-01,4.93620000e-01
7.80000000e-01,4.00000000e-02,4.84940000e-01,4.97470000e-01
8.00000000e-01,4.00000000e-02,4.82980000e-01,4.99320000e-01
8.20000000e-01,4.00000000e-02,4.82660000e-01,4.99590000e-01
8.40000000e-01,4.00000000e-02,4.83510000e-01,4.98810000e-01
8.60000000e-01,4.00000000e-02,4.85100000e-01,4.97420000e-01
8.80000000e-01,4.00000000e-02,4.87100000e-01,4.95660000e-01
9.00000000e-01,4.00000000e-02,4.89300000e-01,4.93680000e-01
9.20000000e-01,4.00000000e-02,4.91460000e-01,4.91670000e-01
9.40000000e-01,4.00000000e-02,4.93250000e-01,4.89970000e-01
9.60000000e-01,4.00000000e-02,4.94130000e-01,4.89140000e-01
9.80000000e-01,4.00000000e-02,4.93290000e-01,4.90000000e-01
1.00000000e+00,4.00000000e-02,4.90150000e-01,4.93110000e-01
0.00000000e+00,6.00000000e-02,4.82640000e-01,5.00770000e-01
2.00000000e-02,6.00000000e-02,5.00300000e-01,4.82390000e-01
4.00000000e-02,6.00000000e-02,5.36990000e-01,4.44140000e-01
6.00000000e-02,6.00000000e-02,5.60790000e-01,4.17760000e-01
8.00000000e-02,6.00000000e-02,5.63470000e-01,4.12320000e-01
1.00000000e-01,6.00000000e-02,5.47080000e-01,4.27380000e-01
1.20000000e-01,6.00000000e-02,5.16440000e-01,4.58420000e-01
1.40000000e-01,6.00000000e-02,4.76800000e-01,4.98840000e-01
1.60000000e-01,6.00000000e-02,4.34290000e-01,5.40570000e-01
1.80000000e-01,6.00000000e-02,3.96020000e-01,5.75410000e-01
2.00000000e-01,6.00000000e-02,3.68400000e-01,5.97340000e-01
2.20000000e-01,6.00000000e-02,3.55360000e-01,6.04290000e-01
2.40000000e-01,6.00000000e-02,3.57880000e-01,5.97690000e-01
2.60000000e-01,6.00000000e-02,3.74790000e-01,5.80360000e-01
2.80000000e-01,6.00000000e-02,4.03730000e-01,5.54700000e-01
3.00000000e-01,6.00000000e-02,4.41550000e-01,5.22370000e-01
3.20000000e-01,6.00000000e-02,4.84010000e-01,4.85350000e-01
3.40000000e-01,6.00000000e-02,5.25450000e-01,4.47330000e-01
3.60000000e-01,6.00000000e-02,5.59450000e-01,4.13770000e-01
3.80000000e-01,6.00000000e-02,5.80750000e-01,3.90370000e-01
4.00000000e-01,6.00000000e-02,5.87020000e-01,3.81090000e-01
4.20000000e-01,6.00000000e-02,5.79110000e-01,3.87070000e-01
4.40000000e-01,6.00000000e-02,5.59750000e-01,4.06870000e-01
4.60000000e-01,6.00000000e-02,5.32390000e-01,4.36950000e-01
4.80000000e-01,6.00000000e-02,5.00920000e-01,4.72160000e-01
5.00000000e-01,6.00000000e-02,4.70040000e-01,5.06300000e-01
5.20000000e-01,6.00000000e-02,4.44860000e-01,5.33250000e-01
5.40000000e-01,6.00000000e-02,4.29740000e-01,5.48630000e-01
5.60000000e-01,6.00000000e-02,4.26890000e-01,5.51020000e-01
5.80000000e-01,6.00000000e-02,4.35700000e-01,5.42010000e-01
6.00000000e-01,6.00000000e-02,4.53040000e-01,5.25230000e-01
6.20000000e-01,6.00000000e-02,4.74170000e-01,5.05230000e-01
6.40000000e-01,6.00000000e-02,4.94020000e-01,4.86540000e-01
6.60000000e-01,6.00000000e-02,5.08540000e-01,4.72820000e-01
6.80000000e-01,6.00000000e-02,5.15590000e-01,4.66190000e-01
7.00000000e-01,6.00000000e-02,5.15210000e-01,4.66790000e-01
7.20000000e-01,6.00000000e-02,5.09230000e-01,4.73000000e-01
7.40000000e-01,6.00000000e-02,5.00390000e-01,4.82120000e-01
7.60000000e-01,6.00000000e-02,4.91460000e-01,4.91260000e-01
7.80000000e-01,6.00000000e-02,4.84560000e-01,4.98240000e-01
8.00000000e-01,6.00000000e-02,4.80810000e-01,5.01960000e-01
8.20000000e-01,6.00000000e-02,4.80330000e-01,5.02420000e-01
8.40000000e-01,6.00000000e-02,4.82430000e-01,5.00350000e-01
8.60000000e-01,6.00000000e-02,4.86040000e-01,4.96850000e-01
8.80000000e-01,6.00000000e-02,4.90030000e-01,4.92980000e-01
9.00000000e-01,6.00000000e-02,4.93480000e-01,4.89630000e-01
9.20000000e-01,6.00000000e-02,4.95750000e-01,4.87420000e-01
9.40000000e-01,6.00000000e-02,4.96450000e-01,4.86770000e-01
9.60000000e-01,6.00000000e-02,4.95300000e-01,4.87950000e-01
9.80000000e-01,6.00000000e-02,4.91770000e-01,4.91500000e-01
1.00000000e+00,6.00000000e-02,4.82640000e-01,5.00770000e-01
0.00000000e+00,8.00000000e-02,4.74340000e-01,5.09180000e-01
2.00000000e-02,8.00000000e-02,4.83210000e-01,4.99470000e-01
4.00000000e-02,8.00000000e-02,5.23820000e-01,4.56190000e-01
6.00000000e-02,8.00000000e-02,5.63470000e-01,4.12320000e-01
8.00000000e-02,8.00000000e-02,5.86280000e-01,3.84350000e-01
1.00000000e-01,8.00000000e-02,5.87540000e-01,3.79190000e-01
1.20000000e-01,8.00000000e-02,5.68750000e-01,3.97170000e-01
1.40000000e-01,8.00000000e-02,5.33200000e-01,4.34670000e-01
1.60000000e-01,8.00000000e-02,4.85260000e-01,4.84900000e-01
1.80000000e-01,8.00000000e-02,4.31730000e-01,5.38150000e-01
2.00000000e-01,8.00000000e-02,3.81670000e-01,5.83710000e-01
2.20000000e-01,8.00000000e-02,3.43600000e-01,6.13700000e-01
2.40000000e-01,8.00000000e-02,3.22770000e-01,6.25640000e-01
2.60000000e-01,8.00000000e-02,3.20690000e-01,6.21580000e-01
2.80000000e-01,8.00000000e-02,3.36460000e-01,6.04960000e-01
3.00000000e-01,8.00000000e-02,3.68070000e-01,5.78060000e-01
3.20000000e-01,8.00000000e-02,4.12500000e-01,5.41820000e-01
3.40000000e-01,8.00000000e-02,4.65000000e-01,4.97690000e-01
3.60000000e-01,8.00000000e-02,5.18310000e-01,4.49850000e-01
3.80000000e-01,8.00000000e-02,5.63680000e-01,4.05430000e-01
4.00000000e-01,8.00000000e-02,5.93850000e-01,3.72250000e-01
4.20000000e-01,8.00000000e-02,6.05690000e-01,3.55820000e-01
4.40000000e-01,8.00000000e-02,6.00210000e-01,3.58210000e-01
4.60000000e-01,8.00000000e-02,5.80420000e-01,3.78380000e-01
4.80000000e-01,8.00000000e-02,5.49880000e-01,4.12790000e-01
5.00000000e-01,8.00000000e-02,5.12750000e-01,4.55560000e-01
5.20000000e-01,8.00000000e-02,4.74560000e-01,4.98850000e-01
5.40000000e-01,8.00000000e-02,4.41950000e-01,5.34390000e-01
5.60000000e-01,8.00000000e-02,4.20850000e-01,5.56060000e-01
5.80000000e-01,8.00000000e-02,4.14500000e-01,5.61720000e-01
6.00000000e-01,8.00000000e-02,4.22580000e-01,5.53150000e-01
6.20000000e-01,8.00000000e-02,4.41590000e-01,5.34680000e-01
6.40000000e-01,8.00000000e-02,4.65940000e-01,5.11800000e-01
6.60000000e-01,8.00000000e-02,4.89370000e-01,4.90070000e-01
6.80000000e-01,8.00000000e-02,5.06720000e-01,4.74060000e-01
7.00000000e-01,8.00000000e-02,5.15170000e-01,4.66410000e-01
7.20000000e-01,8.00000000e-02,5.14770000e-01,4.67250000e-01
7.40000000e-01,8.00000000e-02,5.07890000e-01,4.74460000e-01
7.60000000e-01,8.00000000e-02,4.98080000e-01,4.84550000e-01
7.80000000e-01,8.00000000e-02,4.88860000e-01,4.93950000e-01
8.00000000e-01,8.00000000e-02,4.82820000e-01,5.00080000e-01
8.20000000e-01,8.00000000e-02,4.81050000e-01,5.01870000e-01
8.40000000e-01,8.00000000e-02,4.83200000e-01,4.99740000e-01
8.60000000e-01,8.00000000e-02,4.87850000e-01,4.95150000e-01
8.80000000e-01,8.00000000e-02,4.93090000e-01,4.89970000e-01
9.00000000e-01,8.00000000e-02,4.97200000e-01,4.85920000e-01
9.20000000e-01,8.00000000e-02,4.99020000e-01,4.84130000e-01
9.40000000e-01,8.00000000e-02,4.98210000e-01,4.84970000e-01
9.60000000e-01,8.00000000e-02,4.95040000e-01,4.88140000e-01
9.80000000e-01,8.00000000e-02,4.89320000e-01,4.93840000e-01
1.00000000e+00,8.00000000e-02,4.74340000e-01,5.09180000e-01
0.00000000e+00,1.00000000e-01,4.67160000e-01,5.16080000e-01
2.00000000e-02,1.00000000e-01,4.63880000e-01,5.18860000e-01
4.00000000e-02,1.00000000e-01,4.99460000e-01,4.80310000e-01
6.00000000e-02,1.00000000e-01,5.47080000e-01,4.27380000e-01
8.00000000e-02,1.00000000e-01,5.87540000e-01,3.79190000e-01
1.00000000e-01,1.00000000e-01,6.09600000e-01,3.49230000e-01
1.20000000e-01,1.00000000e-01,6.10210000e-01,3.43900000e-01
1.40000000e-01,1.00000000e-01,5.90240000e-01,3.64250000e-01
1.60000000e-01,1.00000000e-01,5.51230000e-01,4.07590000e-01
1.80000000e-01,1.00000000e-01,4.96190000e-01,4.67230000e-01
2.00000000e-01,1.00000000e-01,4.32180000e-01,5.31970000e-01
2.20000000e-01,1.00000000e-01,3.70160000e-01,5.88540000e-01
2.40000000e-01,1.00000000e-01,3.20950000e-01,6.27040000e-01
2.60000000e-01,1.00000000e-01,2.91200000e-01,6.44700000e-01
2.80000000e-01,1.00000000e-01,2.83100000e-01,6.44290000e-01
3.00000000e-01,1.00000000e-01,2.96240000e-01,6.29740000e-01
3.20000000e-01,1.00000000e-01,3.29250000e-01,6.02950000e-01
3.40000000e-01,1.00000000e-01,3.79640000e-01,5.63800000e-01
3.60000000e-01,1.00000000e-01,4.42330000e-01,5.12890000e-01
3.80000000e-01,1.00000000e-01,5.08350000e-01,4.54780000e-01
4.00000000e-01,1.00000000e-01,5.66120000e-01,3.98520000e-01
4.20000000e-01,1.00000000e-01,6.06050000e-01,3.54340000e-01
4.40000000e-01,1.00000000e-01,6.24190000e-01,3.29610000e-01
4.60000000e-01,1.00000000e-01,6.21820000e-01,3.27390000e-01
4.80000000e-01,1.00000000e-01,6.02250000e-01,3.47230000e-01
5.00000000e-01,1.00000000e-01,5.69000000e-01,3.85750000e-01
5.20000000e-01,1.00000000e-01,5.26270000e-01,4.36440000e-01
5.40000000e-01,1.00000000e-01,4.80470000e-01,4.89620000e-01
5.60000000e-01,1.00000000e-01,4.39810000e-01,5.34550000e-01
5.80000000e-01,1.00000000e-01,4.11920000e-01,5.63200000e-01
6.00000000e-01,1.00000000e-01,4.01110000e-01,5.72760000e-01
6.20000000e-01,1.00000000e-01,4.07450000e-01,5.65340000e-01
6.40000000e-01,1.00000000e-01,4.27230000e-01,5.45970000e-01
6.60000000e-01,1.00000000e-01,4.54180000e-01,5.20940000e-01
6.80000000e-01,1.00000000e-01,4.81000000e-01,4.96640000e-01
7.00000000e-01,1.00000000e-01,5.01440000e-01,4.78370000e-01
7.20000000e-01,1.00000000e-01,5.12090000e-01,4.69100000e-01
7.40000000e-01,1.00000000e-01,5.13040000e-01,4.68870000e-01
7.60000000e-01,1.00000000e-01,5.07170000e-01,4.75100000e-01
7.80000000e-01,1.00000000e-01,4.98610000e-01,4.83890000e-01
8.00000000e-01,1.00000000e-01,4.91190000e-01,4.91460000e-01
8.20000000e-01,1.00000000e-01,4.87380000e-01,4.95350000e-01
8.40000000e-01,1.00000000e-01,4.87790000e-01,4.95010000e-01
8.60000000e-01,1.00000000e-01,4.91340000e-01,4.91540000e-01
8.80000000e-01,1.00000000e-01,4.95910000e-01,4.87050000e-01
9.00000000e-01,1.00000000e-01,4.99310000e-01,4.83730000e-01
9.20000000e-01,1.00000000e-01,5.00080000e-01,4.83010000e-01
9.40000000e-01,1.00000000e-01,4.97940000e-01,4.85170000e-01
9.60000000e-01,1.00000000e-01,4.93560000e-01,4.89480000e-01
9.80000000e-01,1.00000000e-01,4.86710000e-01,4.96150000e-01
1.00000000e+00,1.00000000e-01,4.67160000e-01,5.16080000e-01
0.00000000e+00,1.20000000e-01,4.62350000e-01,5.19980000e-01
2.00000000e-02,1.20000000e-01,4.45980000e-01,5.36180000e-01
4.00000000e-02,1.20000000e-01,4.69500000e-01,5.10290000e-01
6.00000000e-02,1.20000000e-01,5.16440000e-01,4.58420000e-01
8.00000000e-02,1.20000000e-01,5.68750000e-01,3.97170000e-01
1.00000000e-01,1.20000000e-01,6.10210000e-01,3.43900000e-01
1.20000000e-01,1.20000000e-01,6.32320000e-01,3.11170000e-01
1.40000000e-01,1.20000000e-01,6.33260000e-01,3.05200000e-01
1.60000000e-01,1.20000000e-01,6.13120000e-01,3.27670000e-01
1.80000000e-01,1.20000000e-01,5.71410000e-01,3.76890000e-01
2.00000000e-01,1.20000000e-01,5.09470000e-01,4.46440000e-01
2.20000000e-01,1.20000000e-01,4.34430000e-01,5.23640000e-01
2.40000000e-01,1.20000000e-01,3.59480000e-01,5.92280000e-01
2.60000000e-01,1.20000000e-01,2.98180000e-01,6.40140000e-01
2.80000000e-01,1.20000000e-01,2.58910000e-01,6.64130000e-01
3.00000000e-01,1.20000000e-01,2.44490000e-01,6.67860000e-01
3.20000000e-01,1.20000000e-01,2.54870000e-01,6.55720000e-01
3.40000000e-01,1.20000000e-01,2.89240000e-01,6.29140000e-01
3.60000000e-01,1.20000000e-01,3.45750000e-01,5.86930000e-01
3.80000000e-01,1.20000000e-01,4.19190000e-01,5.28730000e-01
4.00000000e-01,1.20000000e-01,4.98700000e-01,4.59510000e-01
4.20000000e-01,1.20000000e-01,5.69510000e-01,3.90500000e-01
4.40000000e-01,1.20000000e-01,6.19390000e-01,3.34750000e-01
4.60000000e-01,1.20000000e-01,6.43710000e-01,3.01620000e-01
4.80000000e-01,1.20000000e-01,6.44190000e-01,2.95090000e-01
5.00000000e-01,1.20000000e-01,6.24550000e-01,3.15120000e-01
5.20000000e-01,1.20000000e-01,5.88210000e-01,3.58440000e-01
5.40000000e-01,1.20000000e-01,5.39440000e-01,4.17820000e-01
5.60000000e-01,1.20000000e-01,4.85420000e-01,4.81590000e-01
5.80000000e-01,1.20000000e-01,4.36070000e-01,5.36340000e-01
6.00000000e-01,1.20000000e-01,4.00720000e-01,5.72130000e-01
6.20000000e-01,1.20000000e-01,3.84850000e-01,5.85710000e-01
6.40000000e-01,1.20000000e-01,3.89050000e-01,5.79610000e-01
6.60000000e-01,1.20000000e-01,4.09620000e-01,5.59450000e-01
6.80000000e-01,1.20000000e-01,4.39700000e-01,5.32130000e-01
7.00000000e-01,1.20000000e-01,4.70930000e-01,5.04670000e-01
7.20000000e-01,1.20000000e-01,4.95900000e-01,4.82960000e-01
7.40000000e-01,1.20000000e-01,5.10520000e-01,4.70350000e-01
7.60000000e-01,1.20000000e-01,5.14760000e-01,4.66930000e-01
7.80000000e-01,1.20000000e-01,5.11700000e-01,4.70210000e-01
8.00000000e-01,1.20000000e-01,5.05550000e-01,4.76400000e-01
8.20000000e-01,1.20000000e-01,4.99990000e-01,4.82060000e-01
8.40000000e-01,1.20000000e-01,4.97060000e-01,4.85160000e-01
8.60000000e-01,1.20000000e-01,4.96910000e-01,4.85540000e-01
8.80000000e-01,1.20000000e-01,4.98250000e-01,4.84440000e-01
9.00000000e-01,1.20000000e-01,4.99210000e-01,4.83680000e-01
9.20000000e-01,1.20000000e-01,4.98420000e-01,4.84590000e-01
9.40000000e-01,1.20000000e-01,4.95580000e-01,4.87440000e-01
9.60000000e-01,1.20000000e-01,4.91230000e-01,4.91610000e-01
9.80000000e-01,1.20000000e-01,4.84480000e-01,4.97890000e-01
1.00000000e+00,1.20000000e-01,4.62350000e-01,5.19980000e-01
0.00000000e+00,1.40000000e-01,4.60690000e-01,5.20230000e-01
2.00000000e-02,1.40000000e-01,4.32460000e-01,5.48060000e-01
4.00000000e-02,1.40000000e-01,4.39060000e-01,5.39880000e-01
6.00000000e-02,1.40000000e-01,4.76800000e-01,4.98840000e-01
8.00000000e-02,1.40000000e-01,5.33200000e-01,4.34670000e-01
1.00000000e-01,1.40000000e-01,5.90240000e-01,3.64250000e-01
1.20000000e-01,1.40000000e-01,6.33260000e-01,3.05200000e-01
1.40000000e-01,1.40000000e-01,6.56030000e-01,2.69720000e-01
1.60000000e-01,1.40000000e-01,6.57670000e-01,2.63710000e-01
1.80000000e-01,1.40000000e-01,6.37320000e-01,2.89150000e-01
2.00000000e-01,1.40000000e-01,5.92520000e-01,3.45150000e-01
2.20000000e-01,1.40000000e-01,5.22900000e-01,4.25640000e-01
2.40000000e-01,1.40000000e-01,4.35850000e-01,5.16340000e-01
2.60000000e-01,1.40000000e-01,3.47290000e-01,5.97690000e-01
2.80000000e-01,1.40000000e-01,2.74100000e-01,6.54970000e-01
3.00000000e-01,1.40000000e-01,2.26400000e-01,6.84930000e-01
3.20000000e-01,1.40000000e-01,2.07110000e-01,6.92140000e-01
3.40000000e-01,1.40000000e-01,2.15950000e-01,6.81580000e-01
3.60000000e-01,1.40000000e-01,2.52350000e-01,6.54430000e-01
3.80000000e-01,1.40000000e-01,3.15150000e-01,6.08510000e-01
4.00000000e-01,1.40000000e-01,3.99240000e-01,5.42540000e-01
4.20000000e-01,1.40000000e-01,4.91960000e-01,4.61890000e-01
4.40000000e-01,1.40000000e-01,5.75200000e-01,3.80220000e-01
4.60000000e-01,1.40000000e-01,6.34110000e-01,3.13700000e-01
4.80000000e-01,1.40000000e-01,6.63540000e-01,2.73570000e-01
5.00000000e-01,1.40000000e-01,6.65860000e-01,2.64310000e-01
5.20000000e-01,1.40000000e-01,6.45240000e-01,2.85870000e-01
5.40000000e-01,1.40000000e-01,6.05100000e-01,3.34890000e-01
5.60000000e-01,1.40000000e-01,5.49730000e-01,4.03380000e-01
5.80000000e-01,1.40000000e-01,4.87110000e-01,4.77640000e-01
6.00000000e-01,1.40000000e-01,4.28820000e-01,5.41670000e-01
6.20000000e-01,1.40000000e-01,3.86080000e-01,5.83850000e-01
6.40000000e-01,1.40000000e-01,3.65680000e-01,6.00690000e-01
6.60000000e-01,1.40000000e-01,3.68800000e-01,5.95090000e-01
6.80000000e-01,1.40000000e-01,3.91730000e-01,5.73140000e-01
7.00000000e-01,1.40000000e-01,4.26850000e-01,5.42180000e-01
7.20000000e-01,1.40000000e-01,4.64420000e-01,5.09920000e-01
7.40000000e-01,1.40000000e-01,4.95590000e-01,4.82990000e-01
7.60000000e-01,1.40000000e-01,5.15330000e-01,4.65410000e-01
7.80000000e-01,1.40000000e-01,5.23320000e-01,4.57900000e-01
8.00000000e-01,1.40000000e-01,5.22520000e-01,4.58500000e-01
8.20000000e-01,1.40000000e-01,5.17030000e-01,4.63880000e-01
8.40000000e-01,1.40000000e-01,5.10400000e-01,4.70780000e-01
8.60000000e-01,1.40000000e-01,5.04730000e-01,4.76970000e-01
8.80000000e-01,1.40000000e-01,5.00580000e-01,4.81680000e-01
9.00000000e-01,1.40000000e-01,4.97460000e-01,4.85230000e-01
9.20000000e-01,1.40000000e-01,4.94610000e-01,4.88300000e-01
9.40000000e-01,1.40000000e-01,4.91650000e-01,4.91260000e-01
9.60000000e-01,1.40000000e-01,4.88410000e-01,4.94190000e-01
9.80000000e-01,1.40000000e-01,4.82950000e-01,4.98840000e-01
1.00000000e+00,1.40000000e-01,4.60690000e-01,5.20230000e-01
0.00000000e+00,1.60000000e-01,4.62470000e-01,5.16980000e-01
2.00000000e-02,1.60000000e-01,4.25540000e-01,5.52520000e-01
4.00000000e-02,1.60000000e-01,4.13160000e-01,5.63360000e-01
6.00000000e-02,1.60000000e-01,4.34290000e-01,5.40570000e-01
8.00000000e-02,1.60000000e-01,4.85260000e-01,4.84900000e-01
1.00000000e-01,1.60000000e-01,5.51230000e-01,4.07590000e-01
1.20000000e-01,1.60000000e-01,6.13120000e-01,3.27670000e-01
1.40000000e-01,1.60000000e-01,6.57670000e-01,2.63710000e-01
1.60000000e-01,1.60000000e-01,6.80760000e-01,2.27270000e-01
1.80000000e-01,1.60000000e-01,6.82330000e-01,2.23160000e-01
2.00000000e-01,1.60000000e-01,6.60770000e-01,2.52990000e-01
2.20000000e-01,1.60000000e-01,6.11940000e-01,3.16560000e-01
2.40000000e-01,1.60000000e-01,5.33950000e-01,4.08300000e-01
2.60000000e-01,1.60000000e-01,4.34710000e-01,5.12340000e-01
2.80000000e-01,1.60000000e-01,3.33320000e-01,6.05700000e-01
3.00000000e-01,1.60000000e-01,2.50200000e-01,6.71230000e-01
3.20000000e-01,1.60000000e-01,1.96650000e-01,7.05740000e-01
3.40000000e-01,1.60000000e-01,1.74830000e-01,7.15000000e-01
3.60000000e-01,1.60000000e-01,1.83550000e-01,7.04790000e-01
3.80000000e-01,1.60000000e-01,2.22320000e-01,6.76260000e-01
4.00000000e-01,1.60000000e-01,2.90810000e-01,6.26420000e-01
4.20000000e-01,1.60000000e-01,3.84240000e-01,5.53000000e-01
4.40000000e-01,1.60000000e-01,4.88510000e-01,4.61750000e-01
4.60000000e-01,1.60000000e-01,5.82390000e-01,3.68900000e-01
4.80000000e-01,1.60000000e-01,6.48600000e-01,2.93750000e-01
5.00000000e-01,1.60000000e-01,6.81590000e-01,2.49050000e-01
5.20000000e-01,1.60000000e-01,6.84430000e-01,2.39120000e-01
5.40000000e-01,1.60000000e-01,6.61880000e-01,2.63480000e-01
5.60000000e-01,1.60000000e-01,6.17420000e-01,3.18540000e-01
5.80000000e-01,1.60000000e-01,5.55330000e-01,3.95560000e-01
6.00000000e-01,1.60000000e-01,4.84410000e-01,4.78950000e-01
6.20000000e-01,1.60000000e-01,4.18100000e-01,5.50440000e-01
6.40000000e-01,1.60000000e-01,3.69600000e-01,5.97130000e-01
6.60000000e-01,1.60000000e-01,3.46980000e-01,6.15380000e-01
6.80000000e-01,1.60000000e-01,3.51760000e-01,6.08410000e-01
7.00000000e-01,1.60000000e-01,3.79720000e-01,5.82710000e-01
7.20000000e-01,1.60000000e-01,4.21940000e-01,5.46310000e-01
7.40000000e-01,1.60000000e-01,4.66800000e-01,5.07900000e-01
7.60000000e-01,1.60000000e-01,5.03790000e-01,4.75250000e-01
7.80000000e-01,1.60000000e-01,5.27090000e-01,4.53470000e-01
8.00000000e-01,1.60000000e-01,5.36190000e-01,4.44150000e-01
8.20000000e-01,1.60000000e-01,5.34170000e-01,4.45690000e-01
8.40000000e-01,1.60000000e-01,5.25490000e-01,4.54520000e-01
8.60000000e-01,1.60000000e-01,5.14350000e-01,4.66430000e-01
8.80000000e-01,1.60000000e-01,5.03830000e-01,4.77900000e-01
9.00000000e-01,1.60000000e-01,4.95620000e-01,4.86850000e-01
9.20000000e-01,1.60000000e-01,4.90190000e-01,4.92640000e-01
9.40000000e-01,1.60000000e-01,4.87190000e-01,4.95620000e-01
9.60000000e-01,1.60000000e-01,4.85570000e-01,4.96820000e-01
9.80000000e-01,1.60000000e-01,4.82220000e-01,4.99050000e-01
1.00000000e+00,1.60000000e-01,4.62470000e-01,5.16980000e-01
0.00000000e+00,1.80000000e-01,4.67410000e-01,5.11010000e-01
2.00000000e-02,1.80000000e-01,4.26280000e-01,5.49230000e-01
4.00000000e-02,1.80000000e-01,3.96060000e-01,5.76720000e-01
6.00000000e-02,1.80000000e-01,3.96020000e-01,5.75410000e-01
8.00000000e-02,1.80000000e-01,4.31730000e-01,5.38150000e-01
1.00000000e-01,1.80000000e-01,4.96190000e-01,4.67230000e-01
1.20000000e-01,1.80000000e-01,5.71410000e-01,3.76890000e-01
1.40000000e-01,1.80000000e-01,6.37320000e-01,2.89150000e-01
1.60000000e-01,1.80000000e-01,6.82330000e-01,2.23160000e-01
1.80000000e-01,1.80000000e-01,7.04510000e-01,1.88600000e-01
2.00000000e-01,1.80000000e-01,7.04770000e-01,1.88220000e-01
2.20000000e-01,1.80000000e-01,6.81080000e-01,2.23080000e-01
2.40000000e-01,1.80000000e-01,6.27900000e-01,2.93820000e-01
2.60000000e-01,1.80000000e-01,5.41950000e-01,3.95620000e-01
2.80000000e-01,1.80000000e-01,4.31770000e-01,5.11320000e-01
3.00000000e-01,1.80000000e-01,3.19810000e-01,6.14780000e-01
3.20000000e-01,1.80000000e-01,2.29650000e-01,6.86680000e-01
3.40000000e-01,1.80000000e-01,1.72900000e-01,7.24090000e-01
3.60000000e-01,1.80000000e-01,1.50210000e-01,7.34080000e-01
3.80000000e-01,1.80000000e-01,1.59380000e-01,7.23450000e-01
4.00000000e-01,1.80000000e-01,2.00030000e-01,6.93500000e-01
4.20000000e-01,1.80000000e-01,2.72700000e-01,6.40430000e-01
4.40000000e-01,1.80000000e-01,3.73210000e-01,5.60950000e-01
4.60000000e-01,1.80000000e-01,4.86460000e-01,4.61070000e-01
4.80000000e-01,1.80000000e-01,5.88660000e-01,3.59550000e-01
5.00000000e-01,1.80000000e-01,6.60330000e-01,2.78490000e-01
5.20000000e-01,1.80000000e-01,6.95450000e-01,2.31510000e-01
5.40000000e-01,1.80000000e-01,6.97810000e-01,2.22350000e-01
5.60000000e-01,1.80000000e-01,6.72850000e-01,2.49900000e-01
5.80000000e-01,1.80000000e-01,6.24200000e-01,3.10220000e-01
6.00000000e-01,1.80000000e-01,5.56270000e-01,3.93810000e-01
6.20000000e-01,1.80000000e-01,4.78800000e-01,4.83570000e-01
6.40000000e-01,1.80000000e-01,4.07100000e-01,5.59610000e-01
6.60000000e-01,1.80000000e-01,3.56210000e-01,6.08120000e-01
6.80000000e-01,1.80000000e-01,3.34930000e-01,6.25340000e-01
7.00000000e-01,1.80000000e-01,3.44390000e-01,6.14870000e-01
7.20000000e-01,1.80000000e-01,3.79110000e-01,5.83930000e-01
7.40000000e-01,1.80000000e-01,4.28220000e-01,5.41670000e-01
7.60000000e-01,1.80000000e-01,4.78120000e-01,4.98120000e-01
7.80000000e-01,1.80000000e-01,5.17210000e-01,4.62410000e-01
8.00000000e-01,1.80000000e-01,5.39610000e-01,4.40530000e-01
8.20000000e-01,1.80000000e-01,5.45350000e-01,4.34180000e-01
8.40000000e-01,1.80000000e-01,5.38410000e-01,4.40950000e-01
8.60000000e-01,1.80000000e-01,5.24360000e-01,4.55730000e-01
8.80000000e-01,1.80000000e-01,5.08690000e-01,4.72580000e-01
9.00000000e-01,1.80000000e-01,4.95560000e-01,4.86710000e-01
9.20000000e-01,1.80000000e-01,4.87140000e-01,4.95620000e-01
9.40000000e-01,1.80000000e-01,4.83590000e-01,4.99160000e-01
9.60000000e-01,1.80000000e-01,4.83290000e-01,4.98980000e-01
9.80000000e-01,1.80000000e-01,4.82330000e-01,4.98660000e-01
1.00000000e+00,1.80000000e-01,4.67410000e-01,5.11010000e-01
0.00000000e+00,2.00000000e-01,4.74820000e-01,5.03370000e-01
2.00000000e-02,2.00000000e-01,4.34470000e-01,5.39380000e-01
4.00000000e-02,2.00000000e-01,3.90250000e-01,5.78630000e-01
6.00000000e-02,2.00000000e-01,3.68400000e-01,5.97340000e-01
8.00000000e-02,2.00000000e-01,3.81670000e-01,5.83710000e-01
1.00000000e-01,2.00000000e-01,4.32180000e-01,5.31970000e-01
1.20000000e-01,2.00000000e-01,5.09470000e-01,4.46440000e-01
1.40000000e-01,2.00000000e-01,5.92520000e-01,3.45150000e-01
1.60000000e-01,2.00000000e-01,6.60770000e-01,2.52990000e-01
1.80000000e-01,2.00000000e-01,7.04770000e-01,1.88220000e-01
2.00000000e-01,2.00000000e-01,7.24920000e-01,1.57440000e-01
2.20000000e-01,2.00000000e-01,7.23270000e-01,1.61170000e-01
2.40000000e-01,2.00000000e-01,6.97530000e-01,2.00260000e-01
2.60000000e-01,2.00000000e-01,6.40840000e-01,2.76470000e-01
2.80000000e-01,2.00000000e-01,5.48530000e-01,3.85990000e-01
3.00000000e-01,2.00000000e-01,4.29670000e-01,5.10890000e-01
3.20000000e-01,2.00000000e-01,3.09760000e-01,6.22320000e-01
3.40000000e-01,2.00000000e-01,2.14860000e-01,6.98990000e-01
3.60000000e-01,2.00000000e-01,1.56230000e-01,7.38210000e-01
3.80000000e-01,2.00000000e-01,1.33030000e-01,7.48450000e-01
4.00000000e-01,2.00000000e-01,1.42260000e-01,7.37610000e-01
4.20000000e-01,2.00000000e-01,1.83670000e-01,7.07130000e-01
4.40000000e-01,2.00000000e-01,2.58450000e-01,6.52300000e-01
4.60000000e-01,2.00000000e-01,3.63260000e-01,5.68810000e-01
4.80000000e-01,2.00000000e-01,4.82810000e-01,4.62870000e-01
5.00000000e-01,2.00000000e-01,5.91360000e-01,3.55290000e-01
5.20000000e-01,2.00000000e-01,6.67190000e-01,2.70390000e-01
5.40000000e-01,2.00000000e-01,7.03630000e-01,2.22260000e-01
5.60000000e-01,2.00000000e-01,7.05230000e-01,2.13940000e-01
5.80000000e-01,2.00000000e-01,6.78270000e-01,2.43620000e-01
6.00000000e-01,2.00000000e-01,6.26780000e-01,3.06930000e-01
6.20000000e-01,2.00000000e-01,5.55410000e-01,3.93900000e-01
6.40000000e-01,2.00000000e-01,4.74670000e-01,4.86570000e-01
6.60000000e-01,2.00000000e-01,4.01430000e-01,5.64080000e-01
6.80000000e-01,2.00000000e-01,3.51840000e-01,6.11980000e-01
7.00000000e-01,2.00000000e-01,3.34520000e-01,6.26520000e-01
7.20000000e-01,2.00000000e-01,3.49440000e-01,6.11960000e-01
7.40000000e-01,2.00000000e-01,3.89350000e-01,5.76660000e-01
7.60000000e-01,2.00000000e-01,4.41470000e-01,5.31090000e-01
7.80000000e-01,2.00000000e-01,4.91160000e-01,4.86550000e-01
8.00000000e-01,2.00000000e-01,5.27050000e-01,4.52830000e-01
8.20000000e-01,2.00000000e-01,5.44270000e-01,4.35660000e-01
8.40000000e-01,2.00000000e-01,5.44160000e-01,4.35450000e-01
8.60000000e-01,2.00000000e-01,5.32050000e-01,4.47950000e-01
8.80000000e-01,2.00000000e-01,5.14750000e-01,4.66310000e-01
9.00000000e-01,2.00000000e-01,4.98450000e-01,4.83670000e-01
9.20000000e-01,2.00000000e-01,4.87210000e-01,4.95500000e-01
9.40000000e-01,2.00000000e-01,4.82280000e-01,5.00470000e-01
9.60000000e-01,2.00000000e-01,4.82280000e-01,5.00010000e-01
9.80000000e-01,2.00000000e-01,4.83270000e-01,4.97770000e-01
1.00000000e+00,2.00000000e-01,4.74820000e-01,5.03370000e-01
0.00000000e+00,2.20000000e-01,4.83750000e-01,4.95010000e-01
2.00000000e-02,2.20000000e-01,4.48840000e-01,5.24830000e-01
4.00000000e-02,2.20000000e-01,3.96150000e-01,5.70190000e-01
6.00000000e-02,2.20000000e-01,3.55360000e-01,6.04290000e-01
8.00000000e-02,2.20000000e-01,3.43600000e-01,6.13700000e-01
1.00000000e-01,2.20000000e-01,3.70160000e-01,5.88540000e-01
1.20000000e-01,2.20000000e-01,4.34430000e-01,5.23640000e-01
1.40000000e-01,2.20000000e-01,5.22900000e-01,4.25640000e-01
1.60000000e-01,2.20000000e-01,6.11940000e-01,3.16560000e-01
1.80000000e-01,2.20000000e-01,6.81080000e-01,2.23080000e-01
2.00000000e-01,2.20000000e-01,7.23270000e-01,1.61170000e-01
2.20000000e-01,2.20000000e-01,7.41340000e-01,1.34160000e-01
2.40000000e-01,2.20000000e-01,7.38330000e-01,1.40960000e-01
2.60000000e-01,2.20000000e-01,7.11610000e-01,1.82580000e-01
2.80000000e-01,2.20000000e-01,6.52970000e-01,2.61970000e-01
3.00000000e-01,2.20000000e-01,5.56270000e-01,3.76650000e-01
3.20000000e-01,2.20000000e-01,4.30860000e-01,5.08540000e-01
3.40000000e-01,2.20000000e-01,3.04740000e-01,6.26540000e-01
3.60000000e-01,2.20000000e-01,2.05910000e-01,7.07300000e-01
3.80000000e-01,2.20000000e-01,1.45340000e-01,7.48260000e-01
4.00000000e-01,2.20000000e-01,1.21150000e-01,7.59350000e-01
4.20000000e-01,2.20000000e-01,1.29550000e-01,7.49340000e-01
4.40000000e-01,2.20000000e-01,1.70030000e-01,7.19510000e-01
4.60000000e-01,2.20000000e-01,2.44630000e-01,6.64550000e-01
4.80000000e-01,2.20000000e-01,3.51340000e-01,5.79170000e-01
5.00000000e-01,2.20000000e-01,4.75270000e-01,4.69370000e-01
5.20000000e-01,2.20000000e-01,5.89060000e-01,3.57380000e-01
5.40000000e-01,2.20000000e-01,6.68550000e-01,2.69210000e-01
5.60000000e-01,2.20000000e-01,7.06260000e-01,2.19290000e-01
5.80000000e-01,2.20000000e-01,7.07820000e-01,2.10160000e-01
6.00000000e-01,2.20000000e-01,6.80780000e-01,2.39570000e-01
6.20000000e-01,2.20000000e-01,6.29270000e-01,3.02850000e-01
6.40000000e-01,2.20000000e-01,5.57710000e-01,3.89810000e-01
6.60000000e-01,2.20000000e-01,4.77230000e-01,4.82460000e-01
6.80000000e-01,2.20000000e-01,4.05470000e-01,5.59670000e-01
7.00000000e-01,2.20000000e-01,3.58660000e-01,6.06490000e-01
7.20000000e-01,2.20000000e-01,3.44690000e-01,6.19140000e-01
7.40000000e-01,2.20000000e-01,3.62180000e-01,6.02700000e-01
7.60000000e-01,2.20000000e-01,4.02420000e-01,5.66690000e-01
7.80000000e-01,2.20000000e-01,4.51910000e-01,5.22520000e-01
8.00000000e-01,2.20000000e-01,4.96540000e-01,4.81770000e-01
8.20000000e-01,2.20000000e-01,5.26290000e-01,4.53660000e-01
8.40000000e-01,2.20000000e-01,5.37800000e-01,4.42470000e-01
8.60000000e-01,2.20000000e-01,5.33670000e-01,4.46830000e-01
8.80000000e-01,2.20000000e-01,5.20080000e-01,4.61100000e-01
9.00000000e-01,2.20000000e-01,5.04030000e-01,4.78010000e-01
9.20000000e-01,2.20000000e-01,4.91140000e-01,4.91490000e-01
9.40000000e-01,2.20000000e-01,4.84280000e-01,4.98490000e-01
9.60000000e-01,2.20000000e-01,4.83200000e-01,4.99210000e-01
9.80000000e-01,2.20000000e-01,4.85060000e-01,4.96280000e-01
1.00000000e+00,2.20000000e-01,4.83750000e-01,4.95010000e-01
0.00000000e+00,2.40000000e-01,4.93170000e-01,4.86650000e-01
2.00000000e-02,2.40000000e-01,4.67510000e-01,5.07400000e-01
4.00000000e-02,2.40000000e-01,4.12480000e-01,5.53650000e-01
6.00000000e-02,2.40000000e-01,3.57880000e-01,5.97690000e-01
8.00000000e-02,2.40000000e-01,3.22770000e-01,6.25640000e-01
1.00000000e-01,2.40000000e-01,3.20950000e-01,6.27040000e-01
1.20000000e-01,2.40000000e-01,3.59480000e-01,5.92280000e-01
1.40000000e-01,2.40000000e-01,4.35850000e-01,5.16340000e-01
1.60000000e-01,2.40000000e-01,5.33950000e-01,4.08300000e-01
1.80000000e-01,2.40000000e-01,6.27900000e-01,2.93820000e-01
2.00000000e-01,2.40000000e-01,6.97530000e-01,2.00260000e-01
2.20000000e-01,2.40000000e-01,7.38330000e-01,1.40960000e-01
2.40000000e-01,2.40000000e-01,7.55280000e-01,1.16570000e-01
2.60000000e-01,2.40000000e-01,7.52130000e-01,1.24960000e-01
2.80000000e-01,2.40000000e-01,7.25700000e-01,1.67340000e-01
3.00000000e-01,2.40000000e-01,6.66420000e-01,2.47860000e-01
3.20000000e-01,2.40000000e-01,5.66720000e-01,3.65780000e-01
3.40000000e-01,2.40000000e-01,4.35890000e-01,5.03440000e-01
3.60000000e-01,2.40000000e-01,3.03960000e-01,6.27660000e-01
3.80000000e-01,2.40000000e-01,2.00860000e-01,7.12820000e-01
4.00000000e-01,2.40000000e-01,1.37730000e-01,7.56370000e-01
4.20000000e-01,2.40000000e-01,1.11650000e-01,7.69290000e-01
4.40000000e-01,2.40000000e-01,1.17980000e-01,7.61050000e-01
4.60000000e-01,2.40000000e-01,1.56240000e-01,7.33040000e-01
4.80000000e-01,2.40000000e-01,2.29170000e-01,6.79210000e-01
5.00000000e-01,2.40000000e-01,3.36260000e-01,5.93180000e-01
5.20000000e-01,2.40000000e-01,4.63670000e-01,4.80440000e-01
5.40000000e-01,2.40000000e-01,5.82530000e-01,3.64040000e-01
5.60000000e-01,2.40000000e-01,6.65900000e-01,2.71290000e-01
5.80000000e-01,2.40000000e-01,7.06090000e-01,2.17560000e-01
6.00000000e-01,2.40000000e-01,7.10250000e-01,2.05570000e-01
6.20000000e-01,2.40000000e-01,6.85810000e-01,2.32210000e-01
6.40000000e-01,2.40000000e-01,6.36490000e-01,2.92470000e-01
6.60000000e-01,2.40000000e-01,5.66930000e-01,3.77150000e-01
6.80000000e-01,2.40000000e-01,4.88240000e-01,4.69220000e-01
7.00000000e-01,2.40000000e-01,4.17900000e-01,5.47200000e-01
7.20000000e-01,2.40000000e-01,3.71870000e-01,5.95180000e-01
7.40000000e-01,2.40000000e-01,3.57460000e-01,6.09130000e-01
7.60000000e-01,2.40000000e-01,3.72620000e-01,5.94750000e-01
7.80000000e-01,2.40000000e-01,4.08390000e-01,5.62120000e-01
8.00000000e-01,2.40000000e-01,4.51990000e-01,5.22640000e-01
8.20000000e-01,2.40000000e-01,4.90740000e-01,4.87230000e-01
8.40000000e-01,2.40000000e-01,5.15990000e-01,4.63890000e-01
8.60000000e-01,2.40000000e-01,5.25230000e-01,4.55570000e-01
8.80000000e-01,2.40000000e-01,5.21350000e-01,4.60060000e-01
9.00000000e-01,2.40000000e-01,5.10280000e-01,4.71740000e-01
9.20000000e-01,2.40000000e-01,4.98240000e-01,4.84280000e-01
9.40000000e-01,2.40000000e-01,4.89720000e-01,4.93000000e-01
9.60000000e-01,2.40000000e-01,4.86460000e-01,4.96060000e-01
9.80000000e-01,2.40000000e-01,4.87790000e-01,4.93940000e-01
1.00000000e+00,2.40000000e-01,4.93170000e-01,4.86650000e-01
0.00000000e+00,2.60000000e-01,5.02050000e-01,4.78790000e-01
2.00000000e-02,2.60000000e-01,4.88290000e-01,4.88640000e-01
4.00000000e-02,2.60000000e-01,4.36980000e-01,5.31220000e-01
6.00000000e-02,2.60000000e-01,3.74790000e-01,5.80360000e-01
8.00000000e-02,2.60000000e-01,3.20690000e-01,6.21580000e-01
1.00000000e-01,2.60000000e-01,2.91200000e-01,6.44700000e-01
1.20000000e-01,2.60000000e-01,2.98180000e-01,6.40140000e-01
1.40000000e-01,2.60000000e-01,3.47290000e-01,5.97690000e-01
1.60000000e-01,2.60000000e-01,4.34710000e-01,5.12340000e-01
1.80000000e-01,2.60000000e-01,5.41950000e-01,3.95620000e-01
2.00000000e-01,2.60000000e-01,6.40840000e-01,2.76470000e-01
2.20000000e-01,2.60000000e-01,7.11610000e-01,1.82580000e-01
2.40000000e-01,2.60000000e-01,7.52130000e-01,1.24960000e-01
2.60000000e-01,2.60000000e-01,7.69170000e-01,1.02110000e-01
2.80000000e-01,2.60000000e-01,7.66790000e-01,1.10940000e-01
3.00000000e-01,2.60000000e-01,7.41210000e-01,1.52870000e-01
3.20000000e-01,2.60000000e-01,6.81700000e-01,2.33390000e-01
3.40000000e-01,2.60000000e-01,5.79300000e-01,3.53730000e-01
3.60000000e-01,2.60000000e-01,4.43030000e-01,4.97000000e-01
3.80000000e-01,2.60000000e-01,3.04780000e-01,6.27870000e-01
4.00000000e-01,2.60000000e-01,1.96700000e-01,7.18120000e-01
4.20000000e-01,2.60000000e-01,1.30340000e-01,7.65030000e-01
4.40000000e-01,2.60000000e-01,1.01990000e-01,7.80610000e-01
4.60000000e-01,2.60000000e-01,1.06050000e-01,7.74880000e-01
4.80000000e-01,2.60000000e-01,1.41600000e-01,7.49000000e-01
5.00000000e-01,2.60000000e-01,2.12290000e-01,6.96270000e-01
5.20000000e-01,2.60000000e-01,3.19570000e-01,6.09310000e-01
5.40000000e-01,2.60000000e-01,4.50850000e-01,4.92830000e-01
5.60000000e-01,2.60000000e-01,5.75650000e-01,3.70440000e-01
5.80000000e-01,2.60000000e-01,6.64750000e-01,2.71440000e-01
6.00000000e-01,2.60000000e-01,7.10050000e-01,2.12560000e-01
6.20000000e-01,2.60000000e-01,7.18090000e-01,1.95840000e-01
6.40000000e-01,2.60000000e-01,6.96540000e-01,2.17750000e-01
6.60000000e-01,2.60000000e-01,6.49700000e-01,2.74300000e-01
6.80000000e-01,2.60000000e-01,5.81720000e-01,3.57740000e-01
7.00000000e-01,2.60000000e-01,5.03100000e-01,4.51720000e-01
7.20000000e-01,2.60000000e-01,4.31180000e-01,5.33730000e-01
7.40000000e-01,2.60000000e-01,3.82080000e-01,5.86160000e-01
7.60000000e-01,2.60000000e-01,3.63350000e-01,6.04450000e-01
7.80000000e-01,2.60000000e-01,3.73230000e-01,5.94440000e-01
8.00000000e-01,2.60000000e-01,4.03570000e-01,5.66140000e-01
8.20000000e-01,2.60000000e-01,4.42760000e-01,5.30540000e-01
8.40000000e-01,2.60000000e-01,4.79040000e-01,4.97920000e-01
8.60000000e-01,2.60000000e-01,5.03980000e-01,4.75620000e-01
8.80000000e-01,2.60000000e-01,5.14770000e-01,4.66340000e-01
9.00000000e-01,2.60000000e-01,5.13790000e-01,4.68120000e-01
9.20000000e-01,2.60000000e-01,5.06250000e-01,4.76120000e-01
9.40000000e-01,2.60000000e-01,4.97650000e-01,4.84930000e-01
9.60000000e-01,2.60000000e-01,4.91960000e-01,4.90540000e-01
9.80000000e-01,2.60000000e-01,4.91480000e-01,4.90490000e-01
1.00000000e+00,2.60000000e-01,5.02050000e-01,4.78790000e-01
0.00000000e+00,2.80000000e-01,5.09440000e-01,4.71920000e-01
2.00000000e-02,2.80000000e-01,5.08810000e-01,4.70030000e-01
4.00000000e-02,2.80000000e-01,4.66830000e-01,5.04720000e-01
6.00000000e-02,2.80000000e-01,4.03730000e-01,5.54700000e-01
8.00000000e-02,2.80000000e-01,3.36460000e-01,6.04960000e-01
1.00000000e-01,2.80000000e-01,2.83100000e-01,6.44290000e-01
1.20000000e-01,2.80000000e-01,2.58910000e-01,6.64130000e-01
1.40000000e-01,2.80000000e-01,2.74100000e-01,6.54970000e-01
1.60000000e-01,2.80000000e-01,3.33320000e-01,6.05700000e-01
1.80000000e-01,2.80000000e-01,4.31770000e-01,5.11320000e-01
2.00000000e-01,2.80000000e-01,5.48530000e-01,3.85990000e-01
2.20000000e-01,2.80000000e-01,6.52970000e-01,2.61970000e-01
2.40000000e-01,2.80000000e-01,7.25700000e-01,1.67340000e-01
2.60000000e-01,2.80000000e-01,7.66790000e-01,1.10940000e-01
2.80000000e-01,2.80000000e-01,7.84410000e-01,8.91990000e-02
3.00000000e-01,2.80000000e-01,7.82810000e-01,9.80970000e-02
3.20000000e-01,2.80000000e-01,7.57720000e-01,1.39310000e-01
3.40000000e-01,2.80000000e-01,6.97390000e-01,2.19750000e-01
3.60000000e-01,2.80000000e-01,5.91590000e-01,3.42770000e-01
3.80000000e-01,2.80000000e-01,4.49080000e-01,4.92120000e-01
4.00000000e-01,2.80000000e-01,3.03850000e-01,6.30000000e-01
4.20000000e-01,2.80000000e-01,1.90710000e-01,7.25640000e-01
4.40000000e-01,2.80000000e-01,1.21690000e-01,7.76230000e-01
4.60000000e-01,2.80000000e-01,9.17290000e-02,7.94530000e-01
4.80000000e-01,2.80000000e-01,9.39840000e-02,7.90800000e-01
5.00000000e-01,2.80000000e-01,1.27400000e-01,7.66070000e-01
5.20000000e-01,2.80000000e-01,1.96730000e-01,7.13090000e-01
5.40000000e-01,2.80000000e-01,3.05520000e-01,6.23500000e-01
5.60000000e-01,2.80000000e-01,4.42250000e-01,5.01360000e-01
5.80000000e-01,2.80000000e-01,5.74700000e-01,3.71410000e-01
6.00000000e-01,2.80000000e-01,6.70710000e-01,2.65350000e-01
6.20000000e-01,2.80000000e-01,7.20460000e-01,2.00780000e-01
6.40000000e-01,2.80000000e-01,7.31110000e-01,1.79580000e-01
6.60000000e-01,2.80000000e-01,7.11270000e-01,1.98450000e-01
6.80000000e-01,2.80000000e-01,6.64820000e-01,2.54160000e-01
7.00000000e-01,2.80000000e-01,5.95350000e-01,3.40050000e-01
7.20000000e-01,2.80000000e-01,5.13310000e-01,4.39610000e-01
7.40000000e-01,2.80000000e-01,4.36650000e-01,5.28150000e-01
7.60000000e-01,2.80000000e-01,3.82390000e-01,5.86050000e-01
7.80000000e-01,2.80000000e-01,3.58840000e-01,6.08320000e-01
8.00000000e-01,2.80000000e-01,3.64990000e-01,6.00970000e-01
8.20000000e-01,2.80000000e-01,3.93350000e-01,5.74130000e-01
8.40000000e-01,2.80000000e-01,4.32580000e-01,5.38880000e-01
8.60000000e-01,2.80000000e-01,4.70410000e-01,5.05600000e-01
8.80000000e-01,2.80000000e-01,4.97600000e-01,4.81850000e-01
9.00000000e-01,2.80000000e-01,5.10720000e-01,4.70600000e-01
9.20000000e-01,2.80000000e-01,5.11810000e-01,4.70300000e-01
9.40000000e-01,2.80000000e-01,5.05990000e-01,4.76380000e-01
9.60000000e-01,2.80000000e-01,4.98900000e-01,4.83420000e-01
9.80000000e-01,2.80000000e-01,4.95980000e-01,4.85920000e-01
1.00000000e+00,2.80000000e-01,5.09440000e-01,4.71920000e-01
0.00000000e+00,3.00000000e-01,5.14490000e-01,4.66620000e-01
2.00000000e-02,3.00000000e-01,5.26490000e-01,4.53370000e-01
4.00000000e-02,3.00000000e-01,4.98620000e-01,4.76160000e-01
6.00000000e-02,3.00000000e-01,4.41550000e-01,5.22370000e-01
8.00000000e-02,3.00000000e-01,3.68070000e-01,5.78060000e-01
1.00000000e-01,3.00000000e-01,2.96240000e-01,6.29740000e-01
1.20000000e-01,3.00000000e-01,2.44490000e-01,6.67860000e-01
1.40000000e-01,3.00000000e-01,2.26400000e-01,6.84930000e-01
1.60000000e-01,3.00000000e-01,2.50200000e-01,6.71230000e-01
1.80000000e-01,3.00000000e-01,3.19810000e-01,6.14780000e-01
2.00000000e-01,3.00000000e-01,4.29670000e-01,5.10890000e-01
2.20000000e-01,3.00000000e-01,5.56270000e-01,3.76650000e-01
2.40000000e-01,3.00000000e-01,6.66420000e-01,2.47860000e-01
2.60000000e-01,3.00000000e-01,7.41210000e-01,1.52870000e-01
2.80000000e-01,3.00000000e-01,7.82810000e-01,9.80970000e-02
3.00000000e-01,3.00000000e-01,8.00570000e-01,7.77560000e-02
3.20000000e-01,3.00000000e-01,7.98910000e-01,8.70240000e-02
3.40000000e-01,3.00000000e-01,7.73180000e-01,1.28010000e-01
3.60000000e-01,3.00000000e-01,7.10840000e-01,2.09140000e-01
3.80000000e-01,3.00000000e-01,6.00520000e-01,3.35690000e-01
4.00000000e-01,3.00000000e-01,4.51060000e-01,4.91500000e-01
4.20000000e-01,3.00000000e-01,2.99130000e-01,6.36070000e-01
4.40000000e-01,3.00000000e-01,1.82200000e-01,7.36410000e-01
4.60000000e-01,3.00000000e-01,1.12030000e-01,7.89800000e-01
4.80000000e-01,3.00000000e-01,8.18070000e-02,8.09610000e-01
5.00000000e-01,3.00000000e-01,8.35540000e-02,8.06320000e-01
5.20000000e-01,3.00000000e-01,1.16370000e-01,7.80820000e-01
5.40000000e-01,3.00000000e-01,1.86380000e-01,7.25440000e-01
5.60000000e-01,3.00000000e-01,2.98980000e-01,6.31020000e-01
5.80000000e-01,3.00000000e-01,4.42680000e-01,5.01450000e-01
6.00000000e-01,3.00000000e-01,5.82300000e-01,3.63470000e-01
6.20000000e-01,3.00000000e-01,6.82830000e-01,2.51570000e-01
6.40000000e-01,3.00000000e-01,7.34490000e-01,1.84140000e-01
6.60000000e-01,3.00000000e-01,7.45390000e-01,1.62280000e-01
6.80000000e-01,3.00000000e-01,7.24130000e-01,1.82260000e-01
7.00000000e-01,3.00000000e-01,6.74440000e-01,2.41450000e-01
7.20000000e-01,3.00000000e-01,6.00180000e-01,3.33570000e-01
7.40000000e-01,3.00000000e-01,5.12670000e-01,4.40300000e-01
7.60000000e-01,3.00000000e-01,4.31150000e-01,5.34010000e-01
7.80000000e-01,3.00000000e-01,3.73660000e-01,5.94070000e-01
8.00000000e-01,3.00000000e-01,3.49000000e-01,6.16220000e-01
8.20000000e-01,3.00000000e-01,3.56190000e-01,6.07370000e-01
8.40000000e-01,3.00000000e-01,3.87270000e-01,5.78350000e-01
8.60000000e-01,3.00000000e-01,4.29750000e-01,5.40920000e-01
8.80000000e-01,3.00000000e-01,4.70060000e-01,5.06020000e-01
9.00000000e-01,3.00000000e-01,4.98360000e-01,4.81470000e-01
9.20000000e-01,3.00000000e-01,5.11420000e-01,4.70180000e-01
9.40000000e-01,3.00000000e-01,5.11910000e-01,4.70200000e-01
9.60000000e-01,3.00000000e-01,5.05780000e-01,4.76260000e-01
9.80000000e-01,3.00000000e-01,5.00820000e-01,4.80710000e-01
1.00000000e+00,3.00000000e-01,5.14490000e-01,4.66620000e-01
0.00000000e+00,3.20000000e-01,5.16660000e-01,4.63610000e-01
2.00000000e-02,3.20000000e-01,5.38820000e-01,4.40820000e-01
4.00000000e-02,3.20000000e-01,5.28250000e-01,4.48450000e-01
6.00000000e-02,3.20000000e-01,4.84010000e-01,4.85350000e-01
8.00000000e-02,3.20000000e-01,4.12500000e-01,5.41820000e-01
1.00000000e-01,3.20000000e-01,3.29250000e-01,6.02950000e-01
1.20000000e-01,3.20000000e-01,2.54870000e-01,6.55720000e-01
1.40000000e-01,3.20000000e-01,2.07110000e-01,6.92140000e-01
1.60000000e-01,3.20000000e-01,1.96650000e-01,7.05740000e-01
1.80000000e-01,3.20000000e-01,2.29650000e-01,6.86680000e-01
2.00000000e-01,3.20000000e-01,3.09760000e-01,6.22320000e-01
2.20000000e-01,3.20000000e-01,4.30860000e-01,5.08540000e-01
2.40000000e-01,3.20000000e-01,5.66720000e-01,3.65780000e-01
2.60000000e-01,3.20000000e-01,6.81700000e-01,2.33390000e-01
2.80000000e-01,3.20000000e-01,7.57720000e-01,1.39310000e-01
3.00000000e-01,3.20000000e-01,7.98910000e-01,8.70240000e-02
3.20000000e-01,3.20000000e-01,8.15680000e-01,6.86080000e-02
3.40000000e-01,3.20000000e-01,8.12680000e-01,7.87780000e-02
3.60000000e-01,3.20000000e-01,7.85060000e-01,1.20370000e-01
3.80000000e-01,3.20000000e-01,7.19580000e-01,2.03290000e-01
4.00000000e-01,3.20000000e-01,6.04040000e-01,3.34130000e-01
4.20000000e-01,3.20000000e-01,4.47930000e-01,4.96010000e-01
4.40000000e-01,3.20000000e-01,2.90980000e-01,6.45720000e-01
4.60000000e-01,3.20000000e-01,1.72620000e-01,7.48890000e-01
4.80000000e-01,3.20000000e-01,1.03330000e-01,8.03220000e-01
5.00000000e-01,3.20000000e-01,7.43220000e-02,8.22580000e-01
5.20000000e-01,3.20000000e-01,7.69610000e-02,8.17610000e-01
5.40000000e-01,3.20000000e-01,1.11020000e-01,7.89260000e-01
5.60000000e-01,3.20000000e-01,1.84060000e-01,7.29590000e-01
5.80000000e-01,3.20000000e-01,3.02250000e-01,6.29010000e-01
6.00000000e-01,3.20000000e-01,4.52290000e-01,4.92150000e-01
6.20000000e-01,3.20000000e-01,5.95720000e-01,3.48710000e-01
6.40000000e-01,3.20000000e-01,6.96750000e-01,2.35450000e-01
6.60000000e-01,3.20000000e-01,7.46720000e-01,1.69950000e-01
6.80000000e-01,3.20000000e-01,7.54350000e-01,1.51680000e-01
7.00000000e-01,3.20000000e-01,7.28420000e-01,1.76630000e-01
7.20000000e-01,3.20000000e-01,6.73150000e-01,2.42580000e-01
7.40000000e-01,3.20000000e-01,5.93410000e-01,3.41930000e-01
7.60000000e-01,3.20000000e-01,5.01960000e-01,4.53040000e-01
7.80000000e-01,3.20000000e-01,4.19220000e-01,5.46480000e-01
8.00000000e-01,3.20000000e-01,3.63510000e-01,6.03010000e-01
8.20000000e-01,3.20000000e-01,3.42960000e-01,6.20460000e-01
8.40000000e-01,3.20000000e-01,3.55430000e-01,6.07030000e-01
8.60000000e-01,3.20000000e-01,3.91330000e-01,5.74490000e-01
8.80000000e-01,3.20000000e-01,4.36500000e-01,5.35290000e-01
9.00000000e-01,3.20000000e-01,4.76680000e-01,5.00630000e-01
9.20000000e-01,3.20000000e-01,5.02660000e-01,4.77920000e-01
9.40000000e-01,3.20000000e-01,5.12580000e-01,4.69200000e-01
9.60000000e-01,3.20000000e-01,5.10590000e-01,4.71190000e-01
9.80000000e-01,3.20000000e-01,5.05180000e-01,4.75890000e-01
1.00000000e+00,3.20000000e-01,5.16660000e-01,4.63610000e-01
0.00000000e+00,3.40000000e-01,5.15770000e-01,4.63550000e-01
2.00000000e-02,3.40000000e-01,5.44030000e-01,4.34440000e-01
4.00000000e-02,3.40000000e-01,5.51340000e-01,4.25420000e-01
6.00000000e-02,3.40000000e-01,5.25450000e-01,4.47330000e-01
8.00000000e-02,3.40000000e-01,4.65000000e-01,4.97690000e-01
1.00000000e-01,3.40000000e-01,3.79640000e-01,5.63800000e-01
1.20000000e-01,3.40000000e-01,2.89240000e-01,6.29140000e-01
1.40000000e-01,3.40000000e-01,2.15950000e-01,6.81580000e-01
1.60000000e-01,3.40000000e-01,1.74830000e-01,7.15000000e-01
1.80000000e-01,3.40000000e-01,1.72900000e-01,7.24090000e-01
2.00000000e-01,3.40000000e-01,2.14860000e-01,6.98990000e-01
2.20000000e-01,3.40000000e-01,3.04740000e-01,6.26540000e-01
2.40000000e-01,3.40000000e-01,4.35890000e-01,5.03440000e-01
2.60000000e-01,3.40000000e-01,5.79300000e-01,3.53730000e-01
2.80000000e-01,3.40000000e-01,6.97390000e-01,2.19750000e-01
3.00000000e-01,3.40000000e-01,7.73180000e-01,1.28010000e-01
3.20000000e-01,3.40000000e-01,8.12680000e-01,7.87780000e-02
3.40000000e-01,3.40000000e-01,8.27270000e-01,6.24930000e-02
3.60000000e-01,3.40000000e-01,8.21900000e-01,7.39290000e-02
3.80000000e-01,3.40000000e-01,7.91610000e-01,1.16830000e-01
4.00000000e-01,3.40000000e-01,7.22660000e-01,2.02260000e-01
4.20000000e-01,3.40000000e-01,6.02400000e-01,3.37270000e-01
4.40000000e-01,3.40000000e-01,4.41510000e-01,5.03580000e-01
4.60000000e-01,3.40000000e-01,2.82430000e-01,6.55950000e-01
4.80000000e-01,3.40000000e-01,1.65120000e-01,7.59600000e-01
5.00000000e-01,3.40000000e-01,9.80750000e-02,8.12750000e-01
5.20000000e-01,3.40000000e-01,7.10310000e-02,8.29660000e-01
5.40000000e-01,3.40000000e-01,7.54630000e-02,8.21370000e-01
5.60000000e-01,3.40000000e-01,1.12180000e-01,7.89090000e-01
5.80000000e-01,3.40000000e-01,1.89570000e-01,7.24910000e-01
6.00000000e-01,3.40000000e-01,3.12900000e-01,6.19320000e-01
6.20000000e-01,3.40000000e-01,4.65930000e-01,4.78460000e-01
6.40000000e-01,3.40000000e-01,6.08420000e-01,3.34640000e-01
6.60000000e-01,3.40000000e-01,7.05800000e-01,2.24940000e-01
6.80000000e-01,3.40000000e-01,7.50940000e-01,1.64830000e-01
7.00000000e-01,3.40000000e-01,7.53110000e-01,1.52530000e-01
7.20000000e-01,3.40000000e-01,7.21620000e-01,1.84230000e-01
7.40000000e-01,3.40000000e-01,6.61580000e-01,2.57050000e-01
7.60000000e-01,3.40000000e-01,5.79040000e-01,3.60390000e-01
7.80000000e-01,3.40000000e-01,4.88000000e-01,4.69810000e-01
8.00000000e-01,3.40000000e-01,4.09270000e-01,5.56900000e-01
8.20000000e-01,3.40000000e-01,3.60120000e-01,6.05760000e-01
8.40000000e-01,3.40000000e-01,3.46920000e-01,6.16490000e-01
8.60000000e-01,3.40000000e-01,3.65580000e-01,5.98350000e-01
8.80000000e-01,3.40000000e-01,4.04700000e-01,5.63670000e-01
9.00000000e-01,3.40000000e-01,4.49160000e-01,5.25150000e-01
9.20000000e-01,3.40000000e-01,4.85400000e-01,4.93540000e-01
9.40000000e-01,3.40000000e-01,5.06050000e-01,4.75150000e-01
9.60000000e-01,3.40000000e-01,5.11270000e-01,4.70310000e-01
9.80000000e-01,3.40000000e-01,5.07920000e-01,4.72830000e-01
1.00000000e+00,3.40000000e-01,5.15770000e-01,4.63550000e-01
0.00000000e+00,3.60000000e-01,5.12000000e-01,4.66800000e-01
2.00000000e-02,3.60000000e-01,5.41610000e-01,4.35480000e-01
4.00000000e-02,3.60000000e-01,5.64390000e-01,4.10910000e-01
6.00000000e-02,3.60000000e-01,5.59450000e-01,4.13770000e-01
8.00000000e-02,3.60000000e-01,5.18310000e-01,4.49850000e-01
1.00000000e-01,3.60000000e-01,4.42330000e-01,5.12890000e-01
1.20000000e-01,3.60000000e-01,3.45750000e-01,5.86930000e-01
1.40000000e-01,3.60000000e-01,2.52350000e-01,6.54430000e-01
1.60000000e-01,3.60000000e-01,1.83550000e-01,7.04790000e-01
1.80000000e-01,3.60000000e-01,1.50210000e-01,7.34080000e-01
2.00000000e-01,3.60000000e-01,1.56230000e-01,7.38210000e-01
2.20000000e-01,3.60000000e-01,2.05910000e-01,7.07300000e-01
2.40000000e-01,3.60000000e-01,3.03960000e-01,6.27660000e-01
2.60000000e-01,3.60000000e-01,4.43030000e-01,4.97000000e-01
2.80000000e-01,3.60000000e-01,5.91590000e-01,3.42770000e-01
3.00000000e-01,3.60000000e-01,7.10840000e-01,2.09140000e-01
3.20000000e-01,3.60000000e-01,7.85060000e-01,1.20370000e-01
3.40000000e-01,3.60000000e-01,8.21900000e-01,7.39290000e-02
3.60000000e-01,3.60000000e-01,8.33640000e-01,5.93830000e-02
3.80000000e-01,3.60000000e-01,8.25570000e-01,7.19250000e-02
4.00000000e-01,3.60000000e-01,7.92770000e-01,1.16170000e-01
4.20000000e-01,3.60000000e-01,7.21380000e-01,2.03940000e-01
4.40000000e-01,3.60000000e-01,5.98650000e-01,3.41830000e-01
4.60000000e-01,3.60000000e-01,4.36170000e-01,5.10050000e-01
4.80000000e-01,3.60000000e-01,2.77800000e-01,6.62490000e-01
5.00000000e-01,3.60000000e-01,1.62770000e-01,7.64630000e-01
5.20000000e-01,3.60000000e-01,9.78450000e-02,8.15140000e-01
5.40000000e-01,3.60000000e-01,7.24050000e-02,8.28740000e-01
5.60000000e-01,3.60000000e-01,7.86450000e-02,8.17080000e-01
5.80000000e-01,3.60000000e-01,1.18160000e-01,7.81890000e-01
6.00000000e-01,3.60000000e-01,1.99030000e-01,7.15430000e-01
6.20000000e-01,3.60000000e-01,3.24370000e-01,6.08450000e-01
6.40000000e-01,3.60000000e-01,4.75740000e-01,4.68470000e-01
6.60000000e-01,3.60000000e-01,6.13450000e-01,3.28900000e-01
6.80000000e-01,3.60000000e-01,7.05110000e-01,2.25280000e-01
7.00000000e-01,3.60000000e-01,7.44790000e-01,1.71140000e-01
7.20000000e-01,3.60000000e-01,7.42220000e-01,1.64570000e-01
7.40000000e-01,3.60000000e-01,7.07260000e-01,2.01780000e-01
7.60000000e-01,3.60000000e-01,6.45710000e-01,2.78000000e-01
7.80000000e-01,3.60000000e-01,5.64530000e-01,3.79690000e-01
8.00000000e-01,3.60000000e-01,4.78340000e-01,4.82000000e-01
8.20000000e-01,3.60000000e-01,4.07290000e-01,5.59690000e-01
8.40000000e-01,3.60000000e-01,3.66670000e-01,6.00140000e-01
8.60000000e-01,3.60000000e-01,3.60650000e-01,6.05060000e-01
8.80000000e-01,3.60000000e-01,3.83330000e-01,5.84150000e-01
9.00000000e-01,3.60000000e-01,4.22190000e-01,5.49870000e-01
9.20000000e-01,3.60000000e-01,4.62410000e-01,5.14580000e-01
9.40000000e-01,3.60000000e-01,4.92160000e-01,4.88070000e-01
9.60000000e-01,3.60000000e-01,5.06370000e-01,4.74970000e-01
9.80000000e-01,3.60000000e-01,5.07860000e-01,4.72860000e-01
1.00000000e+00,3.60000000e-01,5.12000000e-01,4.66800000e-01
0.00000000e+00,3.80000000e-01,5.05780000e-01,4.73190000e-01
2.00000000e-02,3.80000000e-01,5.32420000e-01,4.43900000e-01
4.00000000e-02,3.80000000e-01,5.65940000e-01,4.07440000e-01
6.00000000e-02,3.80000000e-01,5.80750000e-01,3.90370000e-01
8.00000000e-02,3.80000000e-01,5.63680000e-01,4.05430000e-01
1.00000000e-01,3.80000000e-01,5.08350000e-01,4.54780000e-01
1.20000000e-01,3.80000000e-01,4.19190000e-01,5.28730000e-01
1.40000000e-01,3.80000000e-01,3.15150000e-01,6.08510000e-01
1.60000000e-01,3.80000000e-01,2.22320000e-01,6.76260000e-01
1.80000000e-01,3.80000000e-01,1.59380000e-01,7.23450000e-01
2.00000000e-01,3.80000000e-01,1.33030000e-01,7.48450000e-01
2.20000000e-01,3.80000000e-01,1.45340000e-01,7.48260000e-01
2.40000000e-01,3.80000000e-01,2.00860000e-01,7.12820000e-01
2.60000000e-01,3.80000000e-01,3.04780000e-01,6.27870000e-01
2.80000000e-01,3.80000000e-01,4.49080000e-01,4.92120000e-01
3.00000000e-01,3.80000000e-01,6.00520000e-01,3.35690000e-01
3.20000000e-01,3.80000000e-01,7.19580000e-01,2.03290000e-01
3.40000000e-01,3.80000000e-01,7.91610000e-01,1.16830000e-01
3.60000000e-01,3.80000000e-01,8.25570000e-01,7.19250000e-02
3.80000000e-01,3.80000000e-01,8.34580000e-01,5.79400000e-02
4.00000000e-01,3.80000000e-01,8.24560000e-01,7.08700000e-02
4.20000000e-01,3.80000000e-01,7.91080000e-01,1.16260000e-01
4.40000000e-01,3.80000000e-01,7.20020000e-01,2.05500000e-01
4.60000000e-01,3.80000000e-01,5.97880000e-01,3.43770000e-01
4.80000000e-01,3.80000000e-01,4.36670000e-01,5.10950000e-01
5.00000000e-01,3.80000000e-01,2.80280000e-01,6.61710000e-01
5.20000000e-01,3.80000000e-01,1.66720000e-01,7.61850000e-01
5.40000000e-01,3.80000000e-01,1.02320000e-01,8.10000000e-01
5.60000000e-01,3.80000000e-01,7.71100000e-02,8.21360000e-01
5.80000000e-01,3.80000000e-01,8.41500000e-02,8.08350000e-01
6.00000000e-01,3.80000000e-01,1.25080000e-01,7.73190000e-01
6.20000000e-01,3.80000000e-01,2.06510000e-01,7.07920000e-01
6.40000000e-01,3.80000000e-01,3.29680000e-01,6.03410000e-01
6.60000000e-01,3.80000000e-01,4.76130000e-01,4.67990000e-01
6.80000000e-01,3.80000000e-01,6.08190000e-01,3.34420000e-01
7.00000000e-01,3.80000000e-01,6.95180000e-01,2.36150000e-01
7.20000000e-01,3.80000000e-01,7.31550000e-01,1.86070000e-01
7.40000000e-01,3.80000000e-01,7.27120000e-01,1.82780000e-01
7.60000000e-01,3.80000000e-01,6.91980000e-01,2.21970000e-01
7.80000000e-01,3.80000000e-01,6.32230000e-01,2.96930000e-01
8.00000000e-01,3.80000000e-01,5.55340000e-01,3.92810000e-01
8.20000000e-01,3.80000000e-01,4.76110000e-01,4.86230000e-01
8.40000000e-01,3.80000000e-01,4.13430000e-01,5.55000000e-01
8.60000000e-01,3.80000000e-01,3.80420000e-01,5.88770000e-01
8.80000000e-01,3.80000000e-01,3.79340000e-01,5.90020000e-01
9.00000000e-01,3.80000000e-01,4.03060000e-01,5.68550000e-01
9.20000000e-01,3.80000000e-01,4.38850000e-01,5.36610000e-01
9.40000000e-01,3.80000000e-01,4.73010000e-01,5.05990000e-01
9.60000000e-01,3.80000000e-01,4.95670000e-01,4.85210000e-01
9.80000000e-01,3.80000000e-01,5.04090000e-01,4.76760000e-01
1.00000000e+00,3.80000000e-01,5.05780000e-01,4.73190000e-01
0.00000000e+00,4.00000000e-01,4.97650000e-01,4.81970000e-01
2.00000000e-02,4.00000000e-01,5.18310000e-01,4.58310000e-01
4.00000000e-02,4.00000000e-01,5.56780000e-01,4.15460000e-01
6.00000000e-02,4.00000000e-01,5.87020000e-01,3.81090000e-01
8.00000000e-02,4.00000000e-01,5.93850000e-01,3.72250000e-01
1.00000000e-01,4.00000000e-01,5.66120000e-01,3.98520000e-01
1.20000000e-01,4.00000000e-01,4.98700000e-01,4.59510000e-01
1.40000000e-01,4.00000000e-01,3.99240000e-01,5.42540000e-01
1.60000000e-01,4.00000000e-01,2.90810000e-01,6.26420000e-01
1.80000000e-01,4.00000000e-01,2.00030000e-01,6.93500000e-01
2.00000000e-01,4.00000000e-01,1.42260000e-01,7.37610000e-01
2.20000000e-01,4.00000000e-01,1.21150000e-01,7.59350000e-01
2.40000000e-01,4.00000000e-01,1.37730000e-01,7.56370000e-01
2.60000000e-01,4.00000000e-01,1.96700000e-01,7.18120000e-01
2.80000000e-01,4.00000000e-01,3.03850000e-01,6.30000000e-01
3.00000000e-01,4.00000000e-01,4.51060000e-01,4.91500000e-01
3.20000000e-01,4.00000000e-01,6.04040000e-01,3.34130000e-01
3.40000000e-01,4.00000000e-01,7.22660000e-01,2.02260000e-01
3.60000000e-01,4.00000000e-01,7.92770000e-01,1.16170000e-01
3.80000000e-01,4.00000000e-01,8.24560000e-01,7.08700000e-02
4.00000000e-01,4.00000000e-01,8.32570000e-01,5.66530000e-02
4.20000000e-01,4.00000000e-01,8.23480000e-01,7.02800000e-02
4.40000000e-01,4.00000000e-01,7.92210000e-01,1.16200000e-01
4.60000000e-01,4.00000000e-01,7.23440000e-01,2.04100000e-01
4.80000000e-01,4.00000000e-01,6.03700000e-01,3.39390000e-01
5.00000000e-01,4.00000000e-01,4.44960000e-01,5.03810000e-01
5.20000000e-01,4.00000000e-01,2.89660000e-01,6.53300000e-01
5.40000000e-01,4.00000000e-01,1.75180000e-01,7.53000000e-01
5.60000000e-01,4.00000000e-01,1.08950000e-01,8.00900000e-01
5.80000000e-01,4.00000000e-01,8.23430000e-02,8.12730000e-01
6.00000000e-01,4.00000000e-01,8.87290000e-02,8.01500000e-01
6.20000000e-01,4.00000000e-01,1.28650000e-01,7.69080000e-01
6.40000000e-01,4.00000000e-01,2.07370000e-01,7.07130000e-01
6.60000000e-01,4.00000000e-01,3.25980000e-01,6.06870000e-01
6.80000000e-01,4.00000000e-01,4.67530000e-01,4.76630000e-01
7.00000000e-01,4.00000000e-01,5.96110000e-01,3.47630000e-01
7.20000000e-01,4.00000000e-01,6.81440000e-01,2.52070000e-01
7.40000000e-01,4.00000000e-01,7.17550000e-01,2.03210000e-01
7.60000000e-01,4.00000000e-01,7.14000000e-01,2.00190000e-01
7.80000000e-01,4.00000000e-01,6.80720000e-01,2.38170000e-01
8.00000000e-01,4.00000000e-01,6.23950000e-01,3.09410000e-01
8.20000000e-01,4.00000000e-01,5.51770000e-01,3.99010000e-01
8.40000000e-01,4.00000000e-01,4.79090000e-01,4.84910000e-01
8.60000000e-01,4.00000000e-01,4.23490000e-01,5.46880000e-01
8.80000000e-01,4.00000000e-01,3.96160000e-01,5.75940000e-01
9.00000000e-01,4.00000000e-01,3.97880000e-01,5.75100000e-01
9.20000000e-01,4.00000000e-01,4.20870000e-01,5.54200000e-01
9.40000000e-01,4.00000000e-01,4.52620000e-01,5.25320000e-01
9.60000000e-01,4.00000000e-01,4.80570000e-01,4.99600000e-01
9.80000000e-01,4.00000000e-01,4.96380000e-01,4.84490000e-01
1.00000000e+00,4.00000000e-01,4.97650000e-01,4.81970000e-01
0.00000000e+00,4.20000000e-01,4.88340000e-01,4.91920000e-01
2.00000000e-02,4.20000000e-01,5.01480000e-01,4.76290000e-01
4.00000000e-02,4.20000000e-01,5.39250000e-01,4.33380000e-01
6.00000000e-02,4.20000000e-01,5.79110000e-01,3.87070000e-01
8.00000000e-02,4.20000000e-01,6.05690000e-01,3.55820000e-01
1.00000000e-01,4.20000000e-01,6.06050000e-01,3.54340000e-01
1.20000000e-01,4.20000000e-01,5.69510000e-01,3.90500000e-01
1.40000000e-01,4.20000000e-01,4.91960000e-01,4.61890000e-01
1.60000000e-01,4.20000000e-01,3.84240000e-01,5.53000000e-01
1.80000000e-01,4.20000000e-01,2.72700000e-01,6.40430000e-01
2.00000000e-01,4.20000000e-01,1.83670000e-01,7.07130000e-01
2.20000000e-01,4.20000000e-01,1.29550000e-01,7.49340000e-01
2.40000000e-01,4.20000000e-01,1.11650000e-01,7.69290000e-01
2.60000000e-01,4.20000000e-01,1.30340000e-01,7.65030000e-01
2.80000000e-01,4.20000000e-01,1.90710000e-01,7.25640000e-01
3.00000000e-01,4.20000000e-01,2.99130000e-01,6.36070000e-01
3.20000000e-01,4.20000000e-01,4.47930000e-01,4.96010000e-01
3.40000000e-01,4.20000000e-01,6.02400000e-01,3.37270000e-01
3.60000000e-01,4.20000000e-01,7.21380000e-01,2.03940000e-01
3.80000000e-01,4.20000000e-01,7.91080000e-01,1.16260000e-01
4.00000000e-01,4.20000000e-01,8.23480000e-01,7.02800000e-02
4.20000000e-01,4.20000000e-01,8.33760000e-01,5.64430000e-02
4.40000000e-01,4.20000000e-01,8.27570000e-01,6.98300000e-02
4.60000000e-01,4.20000000e-01,7.98910000e-01,1.13450000e-01
4.80000000e-01,4.20000000e-01,7.32690000e-01,1.97270000e-01
5.00000000e-01,4.20000000e-01,6.15700000e-01,3.28420000e-01
5.20000000e-01,4.20000000e-01,4.58460000e-01,4.90980000e-01
5.40000000e-01,4.20000000e-01,3.01730000e-01,6.41520000e-01
5.60000000e-01,4.20000000e-01,1.83750000e-01,7.43500000e-01
5.80000000e-01,4.20000000e-01,1.14100000e-01,7.93940000e-01
6.00000000e-01,4.20000000e-01,8.50740000e-02,8.08760000e-01
6.20000000e-01,4.20000000e-01,8.93540000e-02,8.00800000e-01
6.40000000e-01,4.20000000e-01,1.26570000e-01,7.71540000e-01
6.60000000e-01,4.20000000e-01,2.01740000e-01,7.12610000e-01
6.80000000e-01,4.20000000e-01,3.16710000e-01,6.15460000e-01
7.00000000e-01,4.20000000e-01,4.55960000e-01,4.88220000e-01
7.20000000e-01,4.20000000e-01,5.84170000e-01,3.61090000e-01
7.40000000e-01,4.20000000e-01,6.70280000e-01,2.65880000e-01
7.60000000e-01,4.20000000e-01,7.07660000e-01,2.16480000e-01
7.80000000e-01,4.20000000e-01,7.05550000e-01,2.12490000e-01
8.00000000e-01,4.20000000e-01,6.73740000e-01,2.48810000e-01
8.20000000e-01,4.20000000e-01,6.18920000e-01,3.17210000e-01
8.40000000e-01,4.20000000e-01,5.50190000e-01,4.02490000e-01
8.60000000e-01,4.20000000e-01,4.82700000e-01,4.82980000e-01
8.80000000e-01,4.20000000e-01,4.32810000e-01,5.39620000e-01
9.00000000e-01,4.20000000e-01,4.10020000e-01,5.64710000e-01
9.20000000e-01,4.20000000e-01,4.13850000e-01,5.61990000e-01
9.40000000e-01,4.20000000e-01,4.35970000e-01,5.41560000e-01
9.60000000e-01,4.20000000e-01,4.63970000e-01,5.15480000e-01
9.80000000e-01,4.20000000e-01,4.85500000e-01,4.95070000e-01
1.00000000e+00,4.20000000e-01,4.88340000e-01,4.91920000e-01
0.00000000e+00,4.40000000e-01,4.78840000e-01,5.01610000e-01
2.00000000e-02,4.40000000e-01,4.84260000e-01,4.94840000e-01
4.00000000e-02,4.40000000e-01,5.16360000e-01,4.58030000e-01
6.00000000e-02,4.40000000e-01,5.59750000e-01,4.06870000e-01
8.00000000e-02,4.40000000e-01,6.00210000e-01,3.58210000e-01
1.00000000e-01,4.40000000e-01,6.24190000e-01,3.29610000e-01
1.20000000e-01,4.40000000e-01,6.19390000e-01,3.34750000e-01
1.40000000e-01,4.40000000e-01,5.75200000e-01,3.80220000e-01
1.60000000e-01,4.40000000e-01,4.88510000e-01,4.61750000e-01
1.80000000e-01,4.40000000e-01,3.73210000e-01,5.60950000e-01
2.00000000e-01,4.40000000e-01,2.58450000e-01,6.52300000e-01
2.20000000e-01,4.40000000e-01,1.70030000e-01,7.19510000e-01
2.40000000e-01,4.40000000e-01,1.17980000e-01,7.61050000e-01
2.60000000e-01,4.40000000e-01,1.01990000e-01,7.80610000e-01
2.80000000e-01,4.40000000e-01,1.21690000e-01,7.76230000e-01
3.00000000e-01,4.40000000e-01,1.82200000e-01,7.36410000e-01
3.20000000e-01,4.40000000e-01,2.90980000e-01,6.45720000e-01
3.40000000e-01,4.40000000e-01,4.41510000e-01,5.03580000e-01
3.60000000e-01,4.40000000e-01,5.98650000e-01,3.41830000e-01
3.80000000e-01,4.40000000e-01,7.20020000e-01,2.05500000e-01
4.00000000e-01,4.40000000e-01,7.92210000e-01,1.16200000e-01
4.20000000e-01,4.40000000e-01,8.27570000e-01,6.98300000e-02
4.40000000e-01,4.40000000e-01,8.40650000e-01,5.52530000e-02
4.60000000e-01,4.40000000e-01,8.36720000e-01,6.65880000e-02
4.80000000e-01,4.40000000e-01,8.09940000e-01,1.06900000e-01
5.00000000e-01,4.40000000e-01,7.45410000e-01,1.86860000e-01
5.20000000e-01,4.40000000e-01,6.29410000e-01,3.15400000e-01
5.40000000e-01,4.40000000e-01,4.70930000e-01,4.78770000e-01
5.60000000e-01,4.40000000e-01,3.10270000e-01,6.33040000e-01
5.80000000e-01,4.40000000e-01,1.87690000e-01,7.39260000e-01
6.00000000e-01,4.40000000e-01,1.14620000e-01,7.93360000e-01
6.20000000e-01,4.40000000e-01,8.33780000e-02,8.11290000e-01
6.40000000e-01,4.40000000e-01,8.59070000e-02,8.05750000e-01
6.60000000e-01,4.40000000e-01,1.21260000e-01,7.77880000e-01
6.80000000e-01,4.40000000e-01,1.94600000e-01,7.19370000e-01
7.00000000e-01,4.40000000e-01,3.08770000e-01,6.22370000e-01
7.20000000e-01,4.40000000e-01,4.48690000e-01,4.95410000e-01
7.40000000e-01,4.40000000e-01,5.78030000e-01,3.68510000e-01
7.60000000e-01,4.40000000e-01,6.64790000e-01,2.73380000e-01
7.80000000e-01,4.40000000e-01,7.02350000e-01,2.24200000e-01
8.00000000e-01,4.40000000e-01,6.99990000e-01,2.20690000e-01
8.20000000e-01,4.40000000e-01,6.67650000e-01,2.57490000e-01
8.40000000e-01,4.40000000e-01,6.13020000e-01,3.25540000e-01
8.60000000e-01,4.40000000e-01,5.46490000e-01,4.08440000e-01
8.80000000e-01,4.40000000e-01,4.83480000e-01,4.84290000e-01
9.00000000e-01,4.40000000e-01,4.39100000e-01,5.35360000e-01
9.20000000e-01,4.40000000e-01,4.21100000e-01,5.55720000e-01
9.40000000e-01,4.40000000e-01,4.27700000e-01,5.50190000e-01
9.60000000e-01,4.40000000e-01,4.49610000e-01,5.29440000e-01
9.80000000e-01,4.40000000e-01,4.73250000e-01,5.06790000e-01
1.00000000e+00,4.40000000e-01,4.78840000e-01,5.01610000e-01
0.00000000e+00,4.60000000e-01,4.70450000e-01,5.09650000e-01
2.00000000e-02,4.60000000e-01,4.69010000e-01,5.10960000e-01
4.00000000e-02,4.60000000e-01,4.91460000e-01,4.85230000e-01
6.00000000e-02,4.60000000e-01,5.32390000e-01,4.36950000e-01
8.00000000e-02,4.60000000e-01,5.80420000e-01,3.78380000e-01
1.00000000e-01,4.60000000e-01,6.21820000e-01,3.27390000e-01
1.20000000e-01,4.60000000e-01,6.43710000e-01,3.01620000e-01
1.40000000e-01,4.60000000e-01,6.34110000e-01,3.13700000e-01
1.60000000e-01,4.60000000e-01,5.82390000e-01,3.68900000e-01
1.80000000e-01,4.60000000e-01,4.86460000e-01,4.61070000e-01
2.00000000e-01,4.60000000e-01,3.63260000e-01,5.68810000e-01
2.20000000e-01,4.60000000e-01,2.44630000e-01,6.64550000e-01
2.40000000e-01,4.60000000e-01,1.56240000e-01,7.33040000e-01
2.60000000e-01,4.60000000e-01,1.06050000e-01,7.74880000e-01
2.80000000e-01,4.60000000e-01,9.17290000e-02,7.94530000e-01
3.00000000e-01,4.60000000e-01,1.12030000e-01,7.89800000e-01
3.20000000e-01,4.60000000e-01,1.72620000e-01,7.48890000e-01
3.40000000e-01,4.60000000e-01,2.82430000e-01,6.55950000e-01
3.60000000e-01,4.60000000e-01,4.36170000e-01,5.10050000e-01
3.80000000e-01,4.60000000e-01,5.97880000e-01,3.43770000e-01
4.00000000e-01,4.60000000e-01,7.23440000e-01,2.04100000e-01
4.20000000e-01,4.60000000e-01,7.98910000e-01,1.13450000e-01
4.40000000e-01,4.60000000e-01,8.36720000e-01,6.65880000e-02
4.60000000e-01,4.60000000e-01,8.51510000e-01,5.12670000e-02
4.80000000e-01,4.60000000e-01,8.48500000e-01,6.11840000e-02
5.00000000e-01,4.60000000e-01,8.21770000e-01,9.94560000e-02
5.20000000e-01,4.60000000e-01,7.56440000e-01,1.77700000e-01
5.40000000e-01,4.60000000e-01,6.38400000e-01,3.06710000e-01
5.60000000e-01,4.60000000e-01,4.76030000e-01,4.73670000e-01
5.80000000e-01,4.60000000e-01,3.10640000e-01,6.32650000e-01
6.00000000e-01,4.60000000e-01,1.84740000e-01,7.42390000e-01
6.20000000e-01,4.60000000e-01,1.10440000e-01,7.98730000e-01
6.40000000e-01,4.60000000e-01,7.91440000e-02,8.17840000e-01
6.60000000e-01,4.60000000e-01,8.17650000e-02,8.12050000e-01
6.80000000e-01,4.60000000e-01,1.17220000e-01,7.82390000e-01
7.00000000e-01,4.60000000e-01,1.91510000e-01,7.21260000e-01
7.20000000e-01,4.60000000e-01,3.07860000e-01,6.22060000e-01
7.40000000e-01,4.60000000e-01,4.49670000e-01,4.94360000e-01
7.60000000e-01,4.60000000e-01,5.78770000e-01,3.68460000e-01
7.80000000e-01,4.60000000e-01,6.63500000e-01,2.75650000e-01
8.00000000e-01,4.60000000e-01,6.98430000e-01,2.29540000e-01
8.20000000e-01,4.60000000e-01,6.93320000e-01,2.29510000e-01
8.40000000e-01,4.60000000e-01,6.58560000e-01,2.69570000e-01
8.60000000e-01,4.60000000e-01,6.03080000e-01,3.39050000e-01
8.80000000e-01,4.60000000e-01,5.38630000e-01,4.19750000e-01
9.00000000e-01,4.60000000e-01,4.80650000e-01,4.89800000e-01
9.20000000e-01,4.60000000e-01,4.42800000e-01,5.33620000e-01
9.40000000e-01,4.60000000e-01,4.30850000e-01,5.47580000e-01
9.60000000e-01,4.60000000e-01,4.41190000e-01,5.37960000e-01
9.80000000e-01,4.60000000e-01,4.62140000e-01,5.17460000e-01
1.00000000e+00,4.60000000e-01,4.70450000e-01,5.09650000e-01
0.00000000e+00,4.80000000e-01,4.64610000e-01,5.14960000e-01
2.00000000e-02,4.80000000e-01,4.57980000e-01,5.22150000e-01
4.00000000e-02,4.80000000e-01,4.68180000e-01,5.10360000e-01
6.00000000e-02,4.80000000e-01,5.00920000e-01,4.72160000e-01
8.00000000e-02,4.80000000e-01,5.49880000e-01,4.12790000e-01
1.00000000e-01,4.80000000e-01,6.02250000e-01,3.47230000e-01
1.20000000e-01,4.80000000e-01,6.44190000e-01,2.95090000e-01
1.40000000e-01,4.80000000e-01,6.63540000e-01,2.73570000e-01
1.60000000e-01,4.80000000e-01,6.48600000e-01,2.93750000e-01
1.80000000e-01,4.80000000e-01,5.88660000e-01,3.59550000e-01
2.00000000e-01,4.80000000e-01,4.82810000e-01,4.62870000e-01
2.20000000e-01,4.80000000e-01,3.51340000e-01,5.79170000e-01
2.40000000e-01,4.80000000e-01,2.29170000e-01,6.79210000e-01
2.60000000e-01,4.80000000e-01,1.41600000e-01,7.49000000e-01
2.80000000e-01,4.80000000e-01,9.39840000e-02,7.90800000e-01
3.00000000e-01,4.80000000e-01,8.18070000e-02,8.09610000e-01
3.20000000e-01,4.80000000e-01,1.03330000e-01,8.03220000e-01
3.40000000e-01,4.80000000e-01,1.65120000e-01,7.59600000e-01
3.60000000e-01,4.80000000e-01,2.77800000e-01,6.62490000e-01
3.80000000e-01,4.80000000e-01,4.36670000e-01,5.10950000e-01
4.00000000e-01,4.80000000e-01,6.03700000e-01,3.39390000e-01
4.20000000e-01,4.80000000e-01,7.32690000e-01,1.97270000e-01
4.40000000e-01,4.80000000e-01,8.09940000e-01,1.06900000e-01
4.60000000e-01,4.80000000e-01,8.48500000e-01,6.11840000e-02
4.80000000e-01,4.80000000e-01,8.63010000e-01,4.65870000e-02
5.00000000e-01,4.80000000e-01,8.58540000e-01,5.65220000e-02
5.20000000e-01,4.80000000e-01,8.29280000e-01,9.47130000e-02
5.40000000e-01,4.80000000e-01,7.60560000e-01,1.74110000e-01
5.60000000e-01,4.80000000e-01,6.38220000e-01,3.06630000e-01
5.80000000e-01,4.80000000e-01,4.71230000e-01,4.78220000e-01
6.00000000e-01,4.80000000e-01,3.03020000e-01,6.40010000e-01
6.20000000e-01,4.80000000e-01,1.77330000e-01,7.50220000e-01
6.40000000e-01,4.80000000e-01,1.04990000e-01,8.05760000e-01
6.60000000e-01,4.80000000e-01,7.57500000e-02,8.22940000e-01
6.80000000e-01,4.80000000e-01,8.01340000e-02,8.13950000e-01
7.00000000e-01,4.80000000e-01,1.17880000e-01,7.80170000e-01
7.20000000e-01,4.80000000e-01,1.95700000e-01,7.15030000e-01
7.40000000e-01,4.80000000e-01,3.15610000e-01,6.13390000e-01
7.60000000e-01,4.80000000e-01,4.57890000e-01,4.86300000e-01
7.80000000e-01,4.80000000e-01,5.83230000e-01,3.64290000e-01
8.00000000e-01,4.80000000e-01,6.62350000e-01,2.77280000e-01
8.20000000e-01,4.80000000e-01,6.91940000e-01,2.37540000e-01
8.40000000e-01,4.80000000e-01,6.82300000e-01,2.43710000e-01
8.60000000e-01,4.80000000e-01,6.44370000e-01,2.88640000e-01
8.80000000e-01,4.80000000e-01,5.88330000e-01,3.59350000e-01
9.00000000e-01,4.80000000e-01,5.27060000e-01,4.35990000e-01
9.20000000e-01,4.80000000e-01,4.75700000e-01,4.97770000e-01
9.40000000e-01,4.80000000e-01,4.46020000e-01,5.32130000e-01
9.60000000e-01,4.80000000e-01,4.41340000e-01,5.38140000e-01
9.80000000e-01,4.80000000e-01,4.54780000e-01,5.24750000e-01
1.00000000e+00,4.80000000e-01,4.64610000e-01,5.14960000e-01
0.00000000e+00,5.00000000e-01,4.62470000e-01,5.16830000e-01
2.00000000e-02,5.00000000e-01,4.52870000e-01,5.26920000e-01
4.00000000e-02,5.00000000e-01,4.50200000e-01,5.29220000e-01
6.00000000e-02,5.00000000e-01,4.70040000e-01,5.06300000e-01
8.00000000e-02,5.00000000e-01,5.12750000e-01,4.55560000e-01
1.00000000e-01,5.00000000e-01,5.69000000e-01,3.85750000e-01
1.20000000e-01,5.00000000e-01,6.24550000e-01,3.15120000e-01
1.40000000e-01,5.00000000e-01,6.65860000e-01,2.64310000e-01
1.60000000e-01,5.00000000e-01,6.81590000e-01,2.49050000e-01
1.80000000e-01,5.00000000e-01,6.60330000e-01,2.78490000e-01
2.00000000e-01,5.00000000e-01,5.91360000e-01,3.55290000e-01
2.20000000e-01,5.00000000e-01,4.75270000e-01,4.69370000e-01
2.40000000e-01,5.00000000e-01,3.36260000e-01,5.93180000e-01
2.60000000e-01,5.00000000e-01,2.12290000e-01,6.96270000e-01
2.80000000e-01,5.00000000e-01,1.27400000e-01,7.66070000e-01
3.00000000e-01,5.00000000e-01,8.35540000e-02,8.06320000e-01
3.20000000e-01,5.00000000e-01,7.43220000e-02,8.22580000e-01
3.40000000e-01,5.00000000e-01,9.80750000e-02,8.12750000e-01
3.60000000e-01,5.00000000e-01,1.62770000e-01,7.64630000e-01
3.80000000e-01,5.00000000e-01,2.80280000e-01,6.61710000e-01
4.00000000e-01,5.00000000e-01,4.44960000e-01,5.03810000e-01
4.20000000e-01,5.00000000e-01,6.15700000e-01,3.28420000e-01
4.40000000e-01,5.00000000e-01,7.45410000e-01,1.86860000e-01
4.60000000e-01,5.00000000e-01,8.21770000e-01,9.94560000e-02
4.80000000e-01,5.00000000e-01,8.58540000e-01,5.65220000e-02
5.00000000e-01,5.00000000e-01,8.70280000e-01,4.36430000e-02
5.20000000e-01,5.00000000e-01,8.62190000e-01,5.47580000e-02
5.40000000e-01,5.00000000e-01,8.28820000e-01,9.47590000e-02
5.60000000e-01,5.00000000e-01,7.55740000e-01,1.77690000e-01
5.80000000e-01,5.00000000e-01,6.29120000e-01,3.14970000e-01
6.00000000e-01,5.00000000e-01,4.59490000e-01,4.89440000e-01
6.20000000e-01,5.00000000e-01,2.92240000e-01,6.50200000e-01
6.40000000e-01,5.00000000e-01,1.70240000e-01,7.57130000e-01
6.60000000e-01,5.00000000e-01,1.01790000e-01,8.08860000e-01
6.80000000e-01,5.00000000e-01,7.55870000e-02,8.21880000e-01
7.00000000e-01,5.00000000e-01,8.29100000e-02,8.08340000e-01
7.20000000e-01,5.00000000e-01,1.24580000e-01,7.70140000e-01
7.40000000e-01,5.00000000e-01,2.07100000e-01,7.01640000e-01
7.60000000e-01,5.00000000e-01,3.29640000e-01,5.99270000e-01
7.80000000e-01,5.00000000e-01,4.69090000e-01,4.75650000e-01
8.00000000e-01,5.00000000e-01,5.86930000e-01,3.60990000e-01
8.20000000e-01,5.00000000e-01,6.57790000e-01,2.82940000e-01
8.40000000e-01,5.00000000e-01,6.80570000e-01,2.51920000e-01
8.60000000e-01,5.00000000e-01,6.65960000e-01,2.65550000e-01
8.80000000e-01,5.00000000e-01,6.25370000e-01,3.14930000e-01
9.00000000e-01,5.00000000e-01,5.70150000e-01,3.84680000e-01
9.20000000e-01,5.00000000e-01,5.13950000e-01,4.54250000e-01
9.40000000e-01,5.00000000e-01,4.71060000e-01,5.05220000e-01
9.60000000e-01,5.00000000e-01,4.50880000e-01,5.28550000e-01
9.80000000e-01,5.00000000e-01,4.53160000e-01,5.26660000e-01
1.00000000e+00,5.00000000e-01,4.62470000e-01,5.16830000e-01
0.00000000e+00,5.20000000e-01,4.64470000e-01,5.15050000e-01
2.00000000e-02,5.20000000e-01,4.54300000e-01,5.25150000e-01
4.00000000e-02,5.20000000e-01,4.40450000e-01,5.38960000e-01
6.00000000e-02,5.20000000e-01,4.44860000e-01,5.33250000e-01
8.00000000e-02,5.20000000e-01,4.74560000e-01,4.98850000e-01
1.00000000e-01,5.20000000e-01,5.26270000e-01,4.36440000e-01
1.20000000e-01,5.20000000e-01,5.88210000e-01,3.58440000e-01
1.40000000e-01,5.20000000e-01,6.45240000e-01,2.85870000e-01
1.60000000e-01,5.20000000e-01,6.84430000e-01,2.39120000e-01
1.80000000e-01,5.20000000e-01,6.95450000e-01,2.31510000e-01
2.00000000e-01,5.20000000e-01,6.67190000e-01,2.70390000e-01
2.20000000e-01,5.20000000e-01,5.89060000e-01,3.57380000e-01
2.40000000e-01,5.20000000e-01,4.63670000e-01,4.80440000e-01
2.60000000e-01,5.20000000e-01,3.19570000e-01,6.09310000e-01
2.80000000e-01,5.20000000e-01,1.96730000e-01,7.13090000e-01
3.00000000e-01,5.20000000e-01,1.16370000e-01,7.80820000e-01
3.20000000e-01,5.20000000e-01,7.69610000e-02,8.17610000e-01
3.40000000e-01,5.20000000e-01,7.10310000e-02,8.29660000e-01
3.60000000e-01,5.20000000e-01,9.78450000e-02,8.15140000e-01
3.80000000e-01,5.20000000e-01,1.66720000e-01,7.61850000e-01
4.00000000e-01,5.20000000e-01,2.89660000e-01,6.53300000e-01
4.20000000e-01,5.20000000e-01,4.58460000e-01,4.90980000e-01
4.40000000e-01,5.20000000e-01,6.29410000e-01,3.15400000e-01
4.60000000e-01,5.20000000e-01,7.56440000e-01,1.77700000e-01
4.80000000e-01,5.20000000e-01,8.29280000e-01,9.47130000e-02
5.00000000e-01,5.20000000e-01,8.62190000e-01,5.47580000e-02
5.20000000e-01,5.20000000e-01,8.69810000e-01,4.36880000e-02
5.40000000e-01,5.20000000e-01,8.57660000e-01,5.66060000e-02
5.60000000e-01,5.20000000e-01,8.20620000e-01,9.95280000e-02
5.80000000e-01,5.20000000e-01,7.44440000e-01,1.86660000e-01
6.00000000e-01,5.20000000e-01,6.15830000e-01,3.27300000e-01
6.20000000e-01,5.20000000e-01,4.47030000e-01,5.01050000e-01
6.40000000e-01,5.20000000e-01,2.84100000e-01,6.57060000e-01
6.60000000e-01,5.20000000e-01,1.67340000e-01,7.58330000e-01
6.80000000e-01,5.20000000e-01,1.02880000e-01,8.05000000e-01
7.00000000e-01,5.20000000e-01,7.97270000e-02,8.13540000e-01
7.20000000e-01,5.20000000e-01,9.04520000e-02,7.96040000e-01
7.40000000e-01,5.20000000e-01,1.36540000e-01,7.54690000e-01
7.60000000e-01,5.20000000e-01,2.23100000e-01,6.84690000e-01
7.80000000e-01,5.20000000e-01,3.45740000e-01,5.84050000e-01
8.00000000e-01,5.20000000e-01,4.79020000e-01,4.66830000e-01
8.20000000e-01,5.20000000e-01,5.86960000e-01,3.62210000e-01
8.40000000e-01,5.20000000e-01,6.48480000e-01,2.94950000e-01
8.60000000e-01,5.20000000e-01,6.64370000e-01,2.73440000e-01
8.80000000e-01,5.20000000e-01,6.45460000e-01,2.93990000e-01
9.00000000e-01,5.20000000e-01,6.03560000e-01,3.45680000e-01
9.20000000e-01,5.20000000e-01,5.50990000e-01,4.11360000e-01
9.40000000e-01,5.20000000e-01,5.01700000e-01,4.71180000e-01
9.60000000e-01,5.20000000e-01,4.68600000e-01,5.09870000e-01
9.80000000e-01,5.20000000e-01,4.58070000e-01,5.22030000e-01
1.00000000e+00,5.20000000e-01,4.64470000e-01,5.15050000e-01
0.00000000e+00,5.40000000e-01,4.70180000e-01,5.09850000e-01
2.00000000e-02,5.40000000e-01,4.61520000e-01,5.17980000e-01
4.00000000e-02,5.40000000e-01,4.40210000e-01,5.38850000e-01
6.00000000e-02,5.40000000e-01,4.29740000e-01,5.48630000e-01
8.00000000e-02,5.40000000e-01,4.41950000e-01,5.34390000e-01
1.00000000e-01,5.40000000e-01,4.80470000e-01,4.89620000e-01
1.20000000e-01,5.40000000e-01,5.39440000e-01,4.17820000e-01
1.40000000e-01,5.40000000e-01,6.05100000e-01,3.34890000e-01
1.60000000e-01,5.40000000e-01,6.61880000e-01,2.63480000e-01
1.80000000e-01,5.40000000e-01,6.97810000e-01,2.22350000e-01
2.00000000e-01,5.40000000e-01,7.03630000e-01,2.22260000e-01
2.20000000e-01,5.40000000e-01,6.68550000e-01,2.69210000e-01
2.40000000e-01,5.40000000e-01,5.82530000e-01,3.64040000e-01
2.60000000e-01,5.40000000e-01,4.50850000e-01,4.92830000e-01
2.80000000e-01,5.40000000e-01,3.05520000e-01,6.23500000e-01
3.00000000e-01,5.40000000e-01,1.86380000e-01,7.25440000e-01
3.20000000e-01,5.40000000e-01,1.11020000e-01,7.89260000e-01
3.40000000e-01,5.40000000e-01,7.54630000e-02,8.21370000e-01
3.60000000e-01,5.40000000e-01,7.24050000e-02,8.28740000e-01
3.80000000e-01,5.40000000e-01,1.02320000e-01,8.10000000e-01
4.00000000e-01,5.40000000e-01,1.75180000e-01,7.53000000e-01
4.20000000e-01,5.40000000e-01,3.01730000e-01,6.41520000e-01
4.40000000e-01,5.40000000e-01,4.70930000e-01,4.78770000e-01
4.60000000e-01,5.40000000e-01,6.38400000e-01,3.06710000e-01
4.80000000e-01,5.40000000e-01,7.60560000e-01,1.74110000e-01
5.00000000e-01,5.40000000e-01,8.28820000e-01,9.47590000e-02
5.20000000e-01,5.40000000e-01,8.57660000e-01,5.66060000e-02
5.40000000e-01,5.40000000e-01,8.61840000e-01,4.67040000e-02
5.60000000e-01,5.40000000e-01,8.47160000e-01,6.13280000e-02
5.80000000e-01,5.40000000e-01,8.08620000e-01,1.06960000e-01
6.00000000e-01,5.40000000e-01,7.31910000e-01,1.96880000e-01
6.20000000e-01,5.40000000e-01,6.04330000e-01,3.37810000e-01
6.40000000e-01,5.40000000e-01,4.39340000e-01,5.07540000e-01
6.60000000e-01,5.40000000e-01,2.82060000e-01,6.57130000e-01
6.80000000e-01,5.40000000e-01,1.70000000e-01,7.52570000e-01
7.00000000e-01,5.40000000e-01,1.08500000e-01,7.94870000e-01
7.20000000e-01,5.40000000e-01,8.77800000e-02,8.00130000e-01
7.40000000e-01,5.40000000e-01,1.01670000e-01,7.80250000e-01
7.60000000e-01,5.40000000e-01,1.51570000e-01,7.37510000e-01
7.80000000e-01,5.40000000e-01,2.40470000e-01,6.67830000e-01
8.00000000e-01,5.40000000e-01,3.60630000e-01,5.70920000e-01
8.20000000e-01,5.40000000e-01,4.85680000e-01,4.62020000e-01
8.40000000e-01,5.40000000e-01,5.82990000e-01,3.68690000e-01
8.60000000e-01,5.40000000e-01,6.35410000e-01,3.12560000e-01
8.80000000e-01,5.40000000e-01,6.45170000e-01,2.99950000e-01
9.00000000e-01,5.40000000e-01,6.23090000e-01,3.25650000e-01
9.20000000e-01,5.40000000e-01,5.81340000e-01,3.76990000e-01
9.40000000e-01,5.40000000e-01,5.32900000e-01,4.36130000e-01
9.60000000e-01,5.40000000e-01,4.91620000e-01,4.84920000e-01
9.80000000e-01,5.40000000e-01,4.68930000e-01,5.10980000e-01
1.00000000e+00,5.40000000e-01,4.70180000e-01,5.09850000e-01
0.00000000e+00,5.60000000e-01,4.78480000e-01,5.01900000e-01
2.00000000e-02,5.60000000e-01,4.72560000e-01,5.07410000e-01
4.00000000e-02,5.60000000e-01,4.48700000e-01,5.30310000e-01
6.00000000e-02,5.60000000e-01,4.26890000e-01,5.51020000e-01
8.00000000e-02,5.60000000e-01,4.20850000e-01,5.56060000e-01
1.00000000e-01,5.60000000e-01,4.39810000e-01,5.34550000e-01
1.20000000e-01,5.60000000e-01,4.85420000e-01,4.81590000e-01
1.40000000e-01,5.60000000e-01,5.49730000e-01,4.03380000e-01
1.60000000e-01,5.60000000e-01,6.17420000e-01,3.18540000e-01
1.80000000e-01,5.60000000e-01,6.72850000e-01,2.49900000e-01
2.00000000e-01,5.60000000e-01,7.05230000e-01,2.13940000e-01
2.20000000e-01,5.60000000e-01,7.06260000e-01,2.19290000e-01
2.40000000e-01,5.60000000e-01,6.65900000e-01,2.71290000e-01
2.60000000e-01,5.60000000e-01,5.75650000e-01,3.70440000e-01
2.80000000e-01,5.60000000e-01,4.42250000e-01,5.01360000e-01
3.00000000e-01,5.60000000e-01,2.98980000e-01,6.31020000e-01
3.20000000e-01,5.60000000e-01,1.84060000e-01,7.29590000e-01
3.40000000e-01,5.60000000e-01,1.12180000e-01,7.89090000e-01
3.60000000e-01,5.60000000e-01,7.86450000e-02,8.17080000e-01
3.80000000e-01,5.60000000e-01,7.71100000e-02,8.21360000e-01
4.00000000e-01,5.60000000e-01,1.08950000e-01,8.00900000e-01
4.20000000e-01,5.60000000e-01,1.83750000e-01,7.43500000e-01
4.40000000e-01,5.60000000e-01,3.10270000e-01,6.33040000e-01
4.60000000e-01,5.60000000e-01,4.76030000e-01,4.73670000e-01
4.80000000e-01,5.60000000e-01,6.38220000e-01,3.06630000e-01
5.00000000e-01,5.60000000e-01,7.55740000e-01,1.77690000e-01
5.20000000e-01,5.60000000e-01,8.20620000e-01,9.95280000e-02
5.40000000e-01,5.60000000e-01,8.47160000e-01,6.13280000e-02
5.60000000e-01,5.60000000e-01,8.50150000e-01,5.15410000e-02
5.80000000e-01,5.60000000e-01,8.35430000e-01,6.70590000e-02
6.00000000e-01,5.60000000e-01,7.97820000e-01,1.14030000e-01
6.20000000e-01,5.60000000e-01,7.22810000e-01,2.04320000e-01
6.40000000e-01,5.60000000e-01,5.98280000e-01,3.42830000e-01
6.60000000e-01,5.60000000e-01,4.38220000e-01,5.07230000e-01
6.80000000e-01,5.60000000e-01,2.85980000e-01,6.50980000e-01
7.00000000e-01,5.60000000e-01,1.77070000e-01,7.42050000e-01
7.20000000e-01,5.60000000e-01,1.17250000e-01,7.81580000e-01
7.40000000e-01,5.60000000e-01,9.82800000e-02,7.85170000e-01
7.60000000e-01,5.60000000e-01,1.14790000e-01,7.64340000e-01
7.80000000e-01,5.60000000e-01,1.67560000e-01,7.21330000e-01
8.00000000e-01,5.60000000e-01,2.57280000e-01,6.52870000e-01
8.20000000e-01,5.60000000e-01,3.73540000e-01,5.60550000e-01
8.40000000e-01,5.60000000e-01,4.89820000e-01,4.60590000e-01
8.60000000e-01,5.60000000e-01,5.76820000e-01,3.78560000e-01
8.80000000e-01,5.60000000e-01,6.20870000e-01,3.32930000e-01
9.00000000e-01,5.60000000e-01,6.25300000e-01,3.27980000e-01
9.20000000e-01,5.60000000e-01,6.00870000e-01,3.57050000e-01
9.40000000e-01,5.60000000e-01,5.60010000e-01,4.06290000e-01
9.60000000e-01,5.60000000e-01,5.16330000e-01,4.57910000e-01
9.80000000e-01,5.60000000e-01,4.84060000e-01,4.94970000e-01
1.00000000e+00,5.60000000e-01,4.78480000e-01,5.01900000e-01
0.00000000e+00,5.80000000e-01,4.87950000e-01,4.92290000e-01
2.00000000e-02,5.80000000e-01,4.84810000e-01,4.95730000e-01
4.00000000e-02,5.80000000e-01,4.63270000e-01,5.16210000e-01
6.00000000e-02,5.80000000e-01,4.35700000e-01,5.42010000e-01
8.00000000e-02,5.80000000e-01,4.14500000e-01,5.61720000e-01
1.00000000e-01,5.80000000e-01,4.11920000e-01,5.63200000e-01
1.20000000e-01,5.80000000e-01,4.36070000e-01,5.36340000e-01
1.40000000e-01,5.80000000e-01,4.87110000e-01,4.77640000e-01
1.60000000e-01,5.80000000e-01,5.55330000e-01,3.95560000e-01
1.80000000e-01,5.80000000e-01,6.24200000e-01,3.10220000e-01
2.00000000e-01,5.80000000e-01,6.78270000e-01,2.43620000e-01
2.20000000e-01,5.80000000e-01,7.07820000e-01,2.10160000e-01
2.40000000e-01,5.80000000e-01,7.06090000e-01,2.17560000e-01
2.60000000e-01,5.80000000e-01,6.64750000e-01,2.71440000e-01
2.80000000e-01,5.80000000e-01,5.74700000e-01,3.71410000e-01
3.00000000e-01,5.80000000e-01,4.42680000e-01,5.01450000e-01
3.20000000e-01,5.80000000e-01,3.02250000e-01,6.29010000e-01
3.40000000e-01,5.80000000e-01,1.89570000e-01,7.24910000e-01
3.60000000e-01,5.80000000e-01,1.18160000e-01,7.81890000e-01
3.80000000e-01,5.80000000e-01,8.41500000e-02,8.08350000e-01
4.00000000e-01,5.80000000e-01,8.23430000e-02,8.12730000e-01
4.20000000e-01,5.80000000e-01,1.14100000e-01,7.93940000e-01
4.40000000e-01,5.80000000e-01,1.87690000e-01,7.39260000e-01
4.60000000e-01,5.80000000e-01,3.10640000e-01,6.32650000e-01
4.80000000e-01,5.80000000e-01,4.71230000e-01,4.78220000e-01
5.00000000e-01,5.80000000e-01,6.29120000e-01,3.14970000e-01
5.20000000e-01,5.80000000e-01,7.44440000e-01,1.86660000e-01
5.40000000e-01,5.80000000e-01,8.08620000e-01,1.06960000e-01
5.60000000e-01,5.80000000e-01,8.35430000e-01,6.70590000e-02
5.80000000e-01,5.80000000e-01,8.39600000e-01,5.63650000e-02
6.00000000e-01,5.80000000e-01,8.26740000e-01,7.17060000e-02
6.20000000e-01,5.80000000e-01,7.91240000e-01,1.18470000e-01
6.40000000e-01,5.80000000e-01,7.18570000e-01,2.07390000e-01
6.60000000e-01,5.80000000e-01,5.97300000e-01,3.42610000e-01
6.80000000e-01,5.80000000e-01,4.41530000e-01,5.02440000e-01
7.00000000e-01,5.80000000e-01,2.92940000e-01,6.42030000e-01
7.20000000e-01,5.80000000e-01,1.85910000e-01,7.30380000e-01
7.40000000e-01,5.80000000e-01,1.27120000e-01,7.68450000e-01
7.60000000e-01,5.80000000e-01,1.09660000e-01,7.71300000e-01
7.80000000e-01,5.80000000e-01,1.28590000e-01,7.49960000e-01
8.00000000e-01,5.80000000e-01,1.83860000e-01,7.06640000e-01
8.20000000e-01,5.80000000e-01,2.74010000e-01,6.39210000e-01
8.40000000e-01,5.80000000e-01,3.86180000e-01,5.51370000e-01
8.60000000e-01,5.80000000e-01,4.93850000e-01,4.60130000e-01
8.80000000e-01,5.80000000e-01,5.70940000e-01,3.88860000e-01
9.00000000e-01,5.80000000e-01,6.06930000e-01,3.53060000e-01
9.20000000e-01,5.80000000e-01,6.06090000e-01,3.55030000e-01
9.40000000e-01,5.80000000e-01,5.79150000e-01,3.86770000e-01
9.60000000e-01,5.80000000e-01,5.39080000e-01,4.33430000e-01
9.80000000e-01,5.80000000e-01,5.01220000e-01,4.76500000e-01
1.00000000e+00,5.80000000e-01,4.87950000e-01,4.92290000e-01
0.00000000e+00,6.00000000e-01,4.97260000e-01,4.82380000e-01
2.00000000e-02,6.00000000e-01,4.95770000e-01,4.85120000e-01
4.00000000e-02,6.00000000e-01,4.80200000e-01,5.00080000e-01
6.00000000e-02,6.00000000e-01,4.53040000e-01,5.25230000e-01
8.00000000e-02,6.00000000e-01,4.22580000e-01,5.53150000e-01
1.00000000e-01,6.00000000e-01,4.01110000e-01,5.72760000e-01
1.20000000e-01,6.00000000e-01,4.00720000e-01,5.72130000e-01
1.40000000e-01,6.00000000e-01,4.28820000e-01,5.41670000e-01
1.60000000e-01,6.00000000e-01,4.84410000e-01,4.78950000e-01
1.80000000e-01,6.00000000e-01,5.56270000e-01,3.93810000e-01
2.00000000e-01,6.00000000e-01,6.26780000e-01,3.06930000e-01
2.20000000e-01,6.00000000e-01,6.80780000e-01,2.39570000e-01
2.40000000e-01,6.00000000e-01,7.10250000e-01,2.05570000e-01
2.60000000e-01,6.00000000e-01,7.10050000e-01,2.12560000e-01
2.80000000e-01,6.00000000e-01,6.70710000e-01,2.65350000e-01
3.00000000e-01,6.00000000e-01,5.82300000e-01,3.63470000e-01
3.20000000e-01,6.00000000e-01,4.52290000e-01,4.92150000e-01
3.40000000e-01,6.00000000e-01,3.12900000e-01,6.19320000e-01
3.60000000e-01,6.00000000e-01,1.99030000e-01,7.15430000e-01
3.80000000e-01,6.00000000e-01,1.25080000e-01,7.73190000e-01
4.00000000e-01,6.00000000e-01,8.87290000e-02,8.01500000e-01
4.20000000e-01,6.00000000e-01,8.50740000e-02,8.08760000e-01
4.40000000e-01,6.00000000e-01,1.14620000e-01,7.93360000e-01
4.60000000e-01,6.00000000e-01,1.84740000e-01,7.42390000e-01
4.80000000e-01,6.00000000e-01,3.03020000e-01,6.40010000e-01
5.00000000e-01,6.00000000e-01,4.59490000e-01,4.89440000e-01
5.20000000e-01,6.00000000e-01,6.15830000e-01,3.27300000e-01
5.40000000e-01,6.00000000e-01,7.31910000e-01,1.96880000e-01
5.60000000e-01,6.00000000e-01,7.97820000e-01,1.14030000e-01
5.80000000e-01,6.00000000e-01,8.26740000e-01,7.17060000e-02
6.00000000e-01,6.00000000e-01,8.33170000e-01,5.96700000e-02
6.20000000e-01,6.00000000e-01,8.22360000e-01,7.42590000e-02
6.40000000e-01,6.00000000e-01,7.88430000e-01,1.20180000e-01
6.60000000e-01,6.00000000e-01,7.17110000e-01,2.07610000e-01
6.80000000e-01,6.00000000e-01,5.97940000e-01,3.40470000e-01
7.00000000e-01,6.00000000e-01,4.45230000e-01,4.97300000e-01
7.20000000e-01,6.00000000e-01,2.99400000e-01,6.34050000e-01
7.40000000e-01,6.00000000e-01,1.94100000e-01,7.20370000e-01
7.60000000e-01,6.00000000e-01,1.36750000e-01,7.57190000e-01
7.80000000e-01,6.00000000e-01,1.21420000e-01,7.59070000e-01
8.00000000e-01,6.00000000e-01,1.43450000e-01,7.36500000e-01
8.20000000e-01,6.00000000e-01,2.01940000e-01,6.91900000e-01
8.40000000e-01,6.00000000e-01,2.93060000e-01,6.24710000e-01
8.60000000e-01,6.00000000e-01,4.01250000e-01,5.40980000e-01
8.80000000e-01,6.00000000e-01,5.00050000e-01,4.58270000e-01
9.00000000e-01,6.00000000e-01,5.66790000e-01,3.97690000e-01
9.20000000e-01,6.00000000e-01,5.94010000e-01,3.71860000e-01
9.40000000e-01,6.00000000e-01,5.86890000e-01,3.81060000e-01
9.60000000e-01,6.00000000e-01,5.56530000e-01,4.15650000e-01
9.80000000e-01,6.00000000e-01,5.18050000e-01,4.58580000e-01
1.00000000e+00,6.00000000e-01,4.97260000e-01,4.82380000e-01
0.00000000e+00,6.20000000e-01,5.05430000e-01,4.73590000e-01
2.00000000e-02,6.20000000e-01,5.03630000e-01,4.77260000e-01
4.00000000e-02,6.20000000e-01,4.95710000e-01,4.85300000e-01
6.00000000e-02,6.20000000e-01,4.74170000e-01,5.05230000e-01
8.00000000e-02,6.20000000e-01,4.41590000e-01,5.34680000e-01
1.00000000e-01,6.20000000e-01,4.07450000e-01,5.65340000e-01
1.20000000e-01,6.20000000e-01,3.84850000e-01,5.85710000e-01
1.40000000e-01,6.20000000e-01,3.86080000e-01,5.83850000e-01
1.60000000e-01,6.20000000e-01,4.18100000e-01,5.50440000e-01
1.80000000e-01,6.20000000e-01,4.78800000e-01,4.83570000e-01
2.00000000e-01,6.20000000e-01,5.55410000e-01,3.93900000e-01
2.20000000e-01,6.20000000e-01,6.29270000e-01,3.02850000e-01
2.40000000e-01,6.20000000e-01,6.85810000e-01,2.32210000e-01
2.60000000e-01,6.20000000e-01,7.18090000e-01,1.95840000e-01
2.80000000e-01,6.20000000e-01,7.20460000e-01,2.00780000e-01
3.00000000e-01,6.20000000e-01,6.82830000e-01,2.51570000e-01
3.20000000e-01,6.20000000e-01,5.95720000e-01,3.48710000e-01
3.40000000e-01,6.20000000e-01,4.65930000e-01,4.78460000e-01
3.60000000e-01,6.20000000e-01,3.24370000e-01,6.08450000e-01
3.80000000e-01,6.20000000e-01,2.06510000e-01,7.07920000e-01
4.00000000e-01,6.20000000e-01,1.28650000e-01,7.69080000e-01
4.20000000e-01,6.20000000e-01,8.93540000e-02,8.00800000e-01
4.40000000e-01,6.20000000e-01,8.33780000e-02,8.11290000e-01
4.60000000e-01,6.20000000e-01,1.10440000e-01,7.98730000e-01
4.80000000e-01,6.20000000e-01,1.77330000e-01,7.50220000e-01
5.00000000e-01,6.20000000e-01,2.92240000e-01,6.50200000e-01
5.20000000e-01,6.20000000e-01,4.47030000e-01,5.01050000e-01
5.40000000e-01,6.20000000e-01,6.04330000e-01,3.37810000e-01
5.60000000e-01,6.20000000e-01,7.22810000e-01,2.04320000e-01
5.80000000e-01,6.20000000e-01,7.91240000e-01,1.18470000e-01
6.00000000e-01,6.20000000e-01,8.22360000e-01,7.42590000e-02
6.20000000e-01,6.20000000e-01,8.30410000e-01,6.12890000e-02
6.40000000e-01,6.20000000e-01,8.20360000e-01,7.54150000e-02
6.60000000e-01,6.20000000e-01,7.86330000e-01,1.21040000e-01
6.80000000e-01,6.20000000e-01,7.14730000e-01,2.08180000e-01
7.00000000e-01,6.20000000e-01,5.96320000e-01,3.40290000e-01
7.20000000e-01,6.20000000e-01,4.46000000e-01,4.95200000e-01
7.40000000e-01,6.20000000e-01,3.03290000e-01,6.29080000e-01
7.60000000e-01,6.20000000e-01,2.00900000e-01,7.12660000e-01
7.80000000e-01,6.20000000e-01,1.46460000e-01,7.47260000e-01
8.00000000e-01,6.20000000e-01,1.34780000e-01,7.46940000e-01
8.20000000e-01,6.20000000e-01,1.61490000e-01,7.21760000e-01
8.40000000e-01,6.20000000e-01,2.24530000e-01,6.74730000e-01
8.60000000e-01,6.20000000e-01,3.17020000e-01,6.07320000e-01
8.80000000e-01,6.20000000e-01,4.20360000e-01,5.27940000e-01
9.00000000e-01,6.20000000e-01,5.08810000e-01,4.54380000e-01
9.20000000e-01,6.20000000e-01,5.63660000e-01,4.05380000e-01
9.40000000e-01,6.20000000e-01,5.80510000e-01,3.90560000e-01
9.60000000e-01,6.20000000e-01,5.65650000e-01,4.07720000e-01
9.80000000e-01,6.20000000e-01,5.32190000e-01,4.44170000e-01
1.00000000e+00,6.20000000e-01,5.05430000e-01,4.73590000e-01
0.00000000e+00,6.40000000e-01,5.11730000e-01,4.67110000e-01
2.00000000e-02,6.40000000e-01,5.07650000e-01,4.73080000e-01
4.00000000e-02,6.40000000e-01,5.06910000e-01,4.74520000e-01
6.00000000e-02,6.40000000e-01,4.94020000e-01,4.86540000e-01
8.00000000e-02,6.40000000e-01,4.65940000e-01,5.11800000e-01
1.00000000e-01,6.40000000e-01,4.27230000e-01,5.45970000e-01
1.20000000e-01,6.40000000e-01,3.89050000e-01,5.79610000e-01
1.40000000e-01,6.40000000e-01,3.65680000e-01,6.00690000e-01
1.60000000e-01,6.40000000e-01,3.69600000e-01,5.97130000e-01
1.80000000e-01,6.40000000e-01,4.07100000e-01,5.59610000e-01
2.00000000e-01,6.40000000e-01,4.74670000e-01,4.86570000e-01
2.20000000e-01,6.40000000e-01,5.57710000e-01,3.89810000e-01
2.40000000e-01,6.40000000e-01,6.36490000e-01,2.92470000e-01
2.60000000e-01,6.40000000e-01,6.96540000e-01,2.17750000e-01
2.80000000e-01,6.40000000e-01,7.31110000e-01,1.79580000e-01
3.00000000e-01,6.40000000e-01,7.34490000e-01,1.84140000e-01
3.20000000e-01,6.40000000e-01,6.96750000e-01,2.35450000e-01
3.40000000e-01,6.40000000e-01,6.08420000e-01,3.34640000e-01
3.60000000e-01,6.40000000e-01,4.75740000e-01,4.68470000e-01
3.80000000e-01,6.40000000e-01,3.29680000e-01,6.03410000e-01
4.00000000e-01,6.40000000e-01,2.07370000e-01,7.07130000e-01
4.20000000e-01,6.40000000e-01,1.26570000e-01,7.71540000e-01
4.40000000e-01,6.40000000e-01,8.59070000e-02,8.05750000e-01
4.60000000e-01,6.40000000e-01,7.91440000e-02,8.17840000e-01
4.80000000e-01,6.40000000e-01,1.04990000e-01,8.05760000e-01
5.00000000e-01,6.40000000e-01,1.70240000e-01,7.57130000e-01
5.20000000e-01,6.40000000e-01,2.84100000e-01,6.57060000e-01
5.40000000e-01,6.40000000e-01,4.39340000e-01,5.07540000e-01
5.60000000e-01,6.40000000e-01,5.98280000e-01,3.42830000e-01
5.80000000e-01,6.40000000e-01,7.18570000e-01,2.07390000e-01
6.00000000e-01,6.40000000e-01,7.88430000e-01,1.20180000e-01
6.20000000e-01,6.40000000e-01,8.20360000e-01,7.54150000e-02
6.40000000e-01,6.40000000e-01,8.28380000e-01,6.24250000e-02
6.60000000e-01,6.40000000e-01,8.17320000e-01,7.69450000e-02
6.80000000e-01,6.40000000e-01,7.81580000e-01,1.23490000e-01
7.00000000e-01,6.40000000e-01,7.08490000e-01,2.11920000e-01
7.20000000e-01,6.40000000e-01,5.90330000e-01,3.44430000e-01
7.40000000e-01,6.40000000e-01,4.42950000e-01,4.97170000e-01
7.60000000e-01,6.40000000e-01,3.05000000e-01,6.26700000e-01
7.80000000e-01,6.40000000e-01,2.07640000e-01,7.05790000e-01
8.00000000e-01,6.40000000e-01,1.58240000e-01,7.36540000e-01
8.20000000e-01,6.40000000e-01,1.52250000e-01,7.32530000e-01
8.40000000e-01,6.40000000e-01,1.85440000e-01,7.03570000e-01
8.60000000e-01,6.40000000e-01,2.53830000e-01,6.53660000e-01
8.80000000e-01,6.40000000e-01,3.46600000e-01,5.86560000e-01
9.00000000e-01,6.40000000e-01,4.42560000e-01,5.12850000e-01
9.20000000e-01,6.40000000e-01,5.18150000e-01,4.50030000e-01
9.40000000e-01,6.40000000e-01,5.59160000e-01,4.14050000e-01
9.60000000e-01,6.40000000e-01,5.64120000e-01,4.11200000e-01
9.80000000e-01,6.40000000e-01,5.41420000e-01,4.35700000e-01
1.00000000e+00,6.40000000e-01,5.11730000e-01,4.67110000e-01
0.00000000e+00,6.60000000e-01,5.15610000e-01,4.63700000e-01
2.00000000e-02,6.60000000e-01,5.08050000e-01,4.72660000e-01
4.00000000e-02,6.60000000e-01,5.12370000e-01,4.69210000e-01
6.00000000e-02,6.60000000e-01,5.08540000e-01,4.72820000e-01
8.00000000e-02,6.60000000e-01,4.89370000e-01,4.90070000e-01
1.00000000e-01,6.60000000e-01,4.54180000e-01,5.20940000e-01
1.20000000e-01,6.60000000e-01,4.09620000e-01,5.59450000e-01
1.40000000e-01,6.60000000e-01,3.68800000e-01,5.95090000e-01
1.60000000e-01,6.60000000e-01,3.46980000e-01,6.15380000e-01
1.80000000e-01,6.60000000e-01,3.56210000e-01,6.08120000e-01
2.00000000e-01,6.60000000e-01,4.01430000e-01,5.64080000e-01
2.20000000e-01,6.60000000e-01,4.77230000e-01,4.82460000e-01
2.40000000e-01,6.60000000e-01,5.66930000e-01,3.77150000e-01
2.60000000e-01,6.60000000e-01,6.49700000e-01,2.74300000e-01
2.80000000e-01,6.60000000e-01,7.11270000e-01,1.98450000e-01
3.00000000e-01,6.60000000e-01,7.45390000e-01,1.62280000e-01
3.20000000e-01,6.60000000e-01,7.46720000e-01,1.69950000e-01
3.40000000e-01,6.60000000e-01,7.05800000e-01,2.24940000e-01
3.60000000e-01,6.60000000e-01,6.13450000e-01,3.28900000e-01
3.80000000e-01,6.60000000e-01,4.76130000e-01,4.67990000e-01
4.00000000e-01,6.60000000e-01,3.25980000e-01,6.06870000e-01
4.20000000e-01,6.60000000e-01,2.01740000e-01,7.12610000e-01
4.40000000e-01,6.60000000e-01,1.21260000e-01,7.77880000e-01
4.60000000e-01,6.60000000e-01,8.17650000e-02,8.12050000e-01
4.80000000e-01,6.60000000e-01,7.57500000e-02,8.22940000e-01
5.00000000e-01,6.60000000e-01,1.01790000e-01,8.08860000e-01
5.20000000e-01,6.60000000e-01,1.67340000e-01,7.58330000e-01
5.40000000e-01,6.60000000e-01,2.82060000e-01,6.57130000e-01
5.60000000e-01,6.60000000e-01,4.38220000e-01,5.07230000e-01
5.80000000e-01,6.60000000e-01,5.97300000e-01,3.42610000e-01
6.00000000e-01,6.60000000e-01,7.17110000e-01,2.07610000e-01
6.20000000e-01,6.60000000e-01,7.86330000e-01,1.21040000e-01
6.40000000e-01,6.60000000e-01,8.17320000e-01,7.69450000e-02
6.60000000e-01,6.60000000e-01,8.23770000e-01,6.47490000e-02
6.80000000e-01,6.60000000e-01,8.10500000e-01,8.05700000e-02
7.00000000e-01,6.60000000e-01,7.72300000e-01,1.29240000e-01
7.20000000e-01,6.60000000e-01,6.97590000e-01,2.20040000e-01
7.40000000e-01,6.60000000e-01,5.80380000e-01,3.52880000e-01
7.60000000e-01,6.60000000e-01,4.37670000e-01,5.01810000e-01
7.80000000e-01,6.60000000e-01,3.06860000e-01,6.24740000e-01
8.00000000e-01,6.60000000e-01,2.16940000e-01,6.97400000e-01
8.20000000e-01,6.60000000e-01,1.74710000e-01,7.22850000e-01
8.40000000e-01,6.60000000e-01,1.76280000e-01,7.14200000e-01
8.60000000e-01,6.60000000e-01,2.16920000e-01,6.81220000e-01
8.80000000e-01,6.60000000e-01,2.89660000e-01,6.29140000e-01
9.00000000e-01,6.60000000e-01,3.79590000e-01,5.64000000e-01
9.20000000e-01,6.60000000e-01,4.64720000e-01,4.98000000e-01
9.40000000e-01,6.60000000e-01,5.25150000e-01,4.47630000e-01
9.60000000e-01,6.60000000e-01,5.51120000e-01,4.25650000e-01
9.80000000e-01,6.60000000e-01,5.43910000e-01,4.34570000e-01
1.00000000e+00,6.60000000e-01,5.15610000e-01,4.63700000e-01
0.00000000e+00,6.80000000e-01,5.16650000e-01,4.63550000e-01
2.00000000e-02,6.80000000e-01,5.05710000e-01,4.75250000e-01
4.00000000e-02,6.80000000e-01,5.12270000e-01,4.69410000e-01
6.00000000e-02,6.80000000e-01,5.15590000e-01,4.66190000e-01
8.00000000e-02,6.80000000e-01,5.06720000e-01,4.74060000e-01
1.00000000e-01,6.80000000e-01,4.81000000e-01,4.96640000e-01
1.20000000e-01,6.80000000e-01,4.39700000e-01,5.32130000e-01
1.40000000e-01,6.80000000e-01,3.91730000e-01,5.73140000e-01
1.60000000e-01,6.80000000e-01,3.51760000e-01,6.08410000e-01
1.80000000e-01,6.80000000e-01,3.34930000e-01,6.25340000e-01
2.00000000e-01,6.80000000e-01,3.51840000e-01,6.11980000e-01
2.20000000e-01,6.80000000e-01,4.05470000e-01,5.59670000e-01
2.40000000e-01,6.80000000e-01,4.88240000e-01,4.69220000e-01
2.60000000e-01,6.80000000e-01,5.81720000e-01,3.57740000e-01
2.80000000e-01,6.80000000e-01,6.64820000e-01,2.54160000e-01
3.00000000e-01,6.80000000e-01,7.24130000e-01,1.82260000e-01
3.20000000e-01,6.80000000e-01,7.54350000e-01,1.51680000e-01
3.40000000e-01,6.80000000e-01,7.50940000e-01,1.64830000e-01
3.60000000e-01,6.80000000e-01,7.05110000e-01,2.25280000e-01
3.80000000e-01,6.80000000e-01,6.08190000e-01,3.34420000e-01
4.00000000e-01,6.80000000e-01,4.67530000e-01,4.76630000e-01
4.20000000e-01,6.80000000e-01,3.16710000e-01,6.15460000e-01
4.40000000e-01,6.80000000e-01,1.94600000e-01,7.19370000e-01
4.60000000e-01,6.80000000e-01,1.17220000e-01,7.82390000e-01
4.80000000e-01,6.80000000e-01,8.01340000e-02,8.13950000e-01
5.00000000e-01,6.80000000e-01,7.55870000e-02,8.21880000e-01
5.20000000e-01,6.80000000e-01,1.02880000e-01,8.05000000e-01
5.40000000e-01,6.80000000e-01,1.70000000e-01,7.52570000e-01
5.60000000e-01,6.80000000e-01,2.85980000e-01,6.50980000e-01
5.80000000e-01,6.80000000e-01,4.41530000e-01,5.02440000e-01
6.00000000e-01,6.80000000e-01,5.97940000e-01,3.40470000e-01
6.20000000e-01,6.80000000e-01,7.14730000e-01,2.08180000e-01
6.40000000e-01,6.80000000e-01,7.81580000e-01,1.23490000e-01
6.60000000e-01,6.80000000e-01,8.10500000e-01,8.05700000e-02
6.80000000e-01,6.80000000e-01,8.14760000e-01,6.95450000e-02
7.00000000e-01,6.80000000e-01,7.99140000e-01,8.72660000e-02
7.20000000e-01,6.80000000e-01,7.58830000e-01,1.38740000e-01
7.40000000e-01,6.80000000e-01,6.83380000e-01,2.31920000e-01
7.60000000e-01,6.80000000e-01,5.68720000e-01,3.63770000e-01
7.80000000e-01,6.80000000e-01,4.32950000e-01,5.06610000e-01
8.00000000e-01,6.80000000e-01,3.11620000e-01,6.20900000e-01
8.20000000e-01,6.80000000e-01,2.31080000e-01,6.85830000e-01
8.40000000e-01,6.80000000e-01,1.97590000e-01,7.05370000e-01
8.60000000e-01,6.80000000e-01,2.07560000e-01,6.92150000e-01
8.80000000e-01,6.80000000e-01,2.54860000e-01,6.55980000e-01
9.00000000e-01,6.80000000e-01,3.28940000e-01,6.03310000e-01
9.20000000e-01,6.80000000e-01,4.12120000e-01,5.42160000e-01
9.40000000e-01,6.80000000e-01,4.83720000e-01,4.85600000e-01
9.60000000e-01,6.80000000e-01,5.28090000e-01,4.48590000e-01
9.80000000e-01,6.80000000e-01,5.38770000e-01,4.40850000e-01
1.00000000e+00,6.80000000e-01,5.16650000e-01,4.63550000e-01
0.00000000e+00,7.00000000e-01,5.14670000e-01,4.66330000e-01
2.00000000e-02,7.00000000e-01,5.01800000e-01,4.79590000e-01
4.00000000e-02,7.00000000e-01,5.07980000e-01,4.73890000e-01
6.00000000e-02,7.00000000e-01,5.15210000e-01,4.66790000e-01
8.00000000e-02,7.00000000e-01,5.15170000e-01,4.66410000e-01
1.00000000e-01,7.00000000e-01,5.01440000e-01,4.78370000e-01
1.20000000e-01,7.00000000e-01,4.70930000e-01,5.04670000e-01
1.40000000e-01,7.00000000e-01,4.26850000e-01,5.42180000e-01
1.60000000e-01,7.00000000e-01,3.79720000e-01,5.82710000e-01
1.80000000e-01,7.00000000e-01,3.44390000e-01,6.14870000e-01
2.00000000e-01,7.00000000e-01,3.34520000e-01,6.26520000e-01
2.20000000e-01,7.00000000e-01,3.58660000e-01,6.06490000e-01
2.40000000e-01,7.00000000e-01,4.17900000e-01,5.47200000e-01
2.60000000e-01,7.00000000e-01,5.03100000e-01,4.51720000e-01
2.80000000e-01,7.00000000e-01,5.95350000e-01,3.40050000e-01
3.00000000e-01,7.00000000e-01,6.74440000e-01,2.41450000e-01
3.20000000e-01,7.00000000e-01,7.28420000e-01,1.76630000e-01
3.40000000e-01,7.00000000e-01,7.53110000e-01,1.52530000e-01
3.60000000e-01,7.00000000e-01,7.44790000e-01,1.71140000e-01
3.80000000e-01,7.00000000e-01,6.95180000e-01,2.36150000e-01
4.00000000e-01,7.00000000e-01,5.96110000e-01,3.47630000e-01
4.20000000e-01,7.00000000e-01,4.55960000e-01,4.88220000e-01
4.40000000e-01,7.00000000e-01,3.08770000e-01,6.22370000e-01
4.60000000e-01,7.00000000e-01,1.91510000e-01,7.21260000e-01
4.80000000e-01,7.00000000e-01,1.17880000e-01,7.80170000e-01
5.00000000e-01,7.00000000e-01,8.29100000e-02,8.08340000e-01
5.20000000e-01,7.00000000e-01,7.97270000e-02,8.13540000e-01
5.40000000e-01,7.00000000e-01,1.08500000e-01,7.94870000e-01
5.60000000e-01,7.00000000e-01,1.77070000e-01,7.42050000e-01
5.80000000e-01,7.00000000e-01,2.92940000e-01,6.42030000e-01
6.00000000e-01,7.00000000e-01,4.45230000e-01,4.97300000e-01
6.20000000e-01,7.00000000e-01,5.96320000e-01,3.40290000e-01
6.40000000e-01,7.00000000e-01,7.08490000e-01,2.11920000e-01
6.60000000e-01,7.00000000e-01,7.72300000e-01,1.29240000e-01
6.80000000e-01,7.00000000e-01,7.99140000e-01,8.72660000e-02
7.00000000e-01,7.00000000e-01,8.01630000e-01,7.73500000e-02
7.20000000e-01,7.00000000e-01,7.84420000e-01,9.71080000e-02
7.40000000e-01,7.00000000e-01,7.43060000e-01,1.51290000e-01
7.60000000e-01,7.00000000e-01,6.68250000e-01,2.45920000e-01
7.80000000e-01,7.00000000e-01,5.57930000e-01,3.74860000e-01
8.00000000e-01,7.00000000e-01,4.31000000e-01,5.09700000e-01
8.20000000e-01,7.00000000e-01,3.20680000e-01,6.14270000e-01
8.40000000e-01,7.00000000e-01,2.50580000e-01,6.71220000e-01
8.60000000e-01,7.00000000e-01,2.26360000e-01,6.85230000e-01
8.80000000e-01,7.00000000e-01,2.44140000e-01,6.68300000e-01
9.00000000e-01,7.00000000e-01,2.95750000e-01,6.30170000e-01
9.20000000e-01,7.00000000e-01,3.67620000e-01,5.78370000e-01
9.40000000e-01,7.00000000e-01,4.41280000e-01,5.22540000e-01
9.60000000e-01,7.00000000e-01,4.98520000e-01,4.76200000e-01
9.80000000e-01,7.00000000e-01,5.26510000e-01,4.53300000e-01
1.00000000e+00,7.00000000e-01,5.14670000e-01,4.66330000e-01
0.00000000e+00,7.20000000e-01,5.09840000e-01,4.71410000e-01
2.00000000e-02,7.20000000e-01,4.97390000e-01,4.84370000e-01
4.00000000e-02,7.20000000e-01,5.01460000e-01,4.80700000e-01
6.00000000e-02,7.20000000e-01,5.09230000e-01,4.73000000e-01
8.00000000e-02,7.20000000e-01,5.14770000e-01,4.67250000e-01
1.00000000e-01,7.20000000e-01,5.12090000e-01,4.69100000e-01
1.20000000e-01,7.20000000e-01,4.95900000e-01,4.82960000e-01
1.40000000e-01,7.20000000e-01,4.64420000e-01,5.09920000e-01
1.60000000e-01,7.20000000e-01,4.21940000e-01,5.46310000e-01
1.80000000e-01,7.20000000e-01,3.79110000e-01,5.83930000e-01
2.00000000e-01,7.20000000e-01,3.49440000e-01,6.11960000e-01
2.20000000e-01,7.20000000e-01,3.44690000e-01,6.19140000e-01
2.40000000e-01,7.20000000e-01,3.71870000e-01,5.95180000e-01
2.60000000e-01,7.20000000e-01,4.31180000e-01,5.33730000e-01
2.80000000e-01,7.20000000e-01,5.13310000e-01,4.39610000e-01
3.00000000e-01,7.20000000e-01,6.00180000e-01,3.33570000e-01
3.20000000e-01,7.20000000e-01,6.73150000e-01,2.42580000e-01
3.40000000e-01,7.20000000e-01,7.21620000e-01,1.84230000e-01
3.60000000e-01,7.20000000e-01,7.42220000e-01,1.64570000e-01
3.80000000e-01,7.20000000e-01,7.31550000e-01,1.86070000e-01
4.00000000e-01,7.20000000e-01,6.81440000e-01,2.52070000e-01
4.20000000e-01,7.20000000e-01,5.84170000e-01,3.61090000e-01
4.40000000e-01,7.20000000e-01,4.48690000e-01,4.95410000e-01
4.60000000e-01,7.20000000e-01,3.07860000e-01,6.22060000e-01
4.80000000e-01,7.20000000e-01,1.95700000e-01,7.15030000e-01
5.00000000e-01,7.20000000e-01,1.24580000e-01,7.70140000e-01
5.20000000e-01,7.20000000e-01,9.04520000e-02,7.96040000e-01
5.40000000e-01,7.20000000e-01,8.77800000e-02,8.00130000e-01
5.60000000e-01,7.20000000e-01,1.17250000e-01,7.81580000e-01
5.80000000e-01,7.20000000e-01,1.85910000e-01,7.30380000e-01
6.00000000e-01,7.20000000e-01,2.99400000e-01,6.34050000e-01
6.20000000e-01,7.20000000e-01,4.46000000e-01,4.95200000e-01
6.40000000e-01,7.20000000e-01,5.90330000e-01,3.44430000e-01
6.60000000e-01,7.20000000e-01,6.97590000e-01,2.20040000e-01
6.80000000e-01,7.20000000e-01,7.58830000e-01,1.38740000e-01
7.00000000e-01,7.20000000e-01,7.84420000e-01,9.71080000e-02
7.20000000e-01,7.20000000e-01,7.86220000e-01,8.79710000e-02
7.40000000e-01,7.20000000e-01,7.68540000e-01,1.09510000e-01
7.60000000e-01,7.20000000e-01,7.27170000e-01,1.65790000e-01
7.80000000e-01,7.20000000e-01,6.54070000e-01,2.60610000e-01
8.00000000e-01,7.20000000e-01,5.49230000e-01,3.85170000e-01
8.20000000e-01,7.20000000e-01,4.32050000e-01,5.11130000e-01
8.40000000e-01,7.20000000e-01,3.33210000e-01,6.05950000e-01
8.60000000e-01,7.20000000e-01,2.73690000e-01,6.55440000e-01
8.80000000e-01,7.20000000e-01,2.58350000e-01,6.64630000e-01
9.00000000e-01,7.20000000e-01,2.82520000e-01,6.44700000e-01
9.20000000e-01,7.20000000e-01,3.36030000e-01,6.05210000e-01
9.40000000e-01,7.20000000e-01,4.03510000e-01,5.54790000e-01
9.60000000e-01,7.20000000e-01,4.66790000e-01,5.04690000e-01
9.80000000e-01,7.20000000e-01,5.08910000e-01,4.69880000e-01
1.00000000e+00,7.20000000e-01,5.09840000e-01,4.71410000e-01
0.00000000e+00,7.40000000e-01,5.02690000e-01,4.78100000e-01
2.00000000e-02,7.40000000e-01,4.93260000e-01,4.88630000e-01
4.00000000e-02,7.40000000e-01,4.94620000e-01,4.87780000e-01
6.00000000e-02,7.40000000e-01,5.00390000e-01,4.82120000e-01
8.00000000e-02,7.40000000e-01,5.07890000e-01,4.74460000e-01
1.00000000e-01,7.40000000e-01,5.13040000e-01,4.68870000e-01
1.20000000e-01,7.40000000e-01,5.10520000e-01,4.70350000e-01
1.40000000e-01,7.40000000e-01,4.95590000e-01,4.82990000e-01
1.60000000e-01,7.40000000e-01,4.66800000e-01,5.07900000e-01
1.80000000e-01,7.40000000e-01,4.28220000e-01,5.41670000e-01
2.00000000e-01,7.40000000e-01,3.89350000e-01,5.76660000e-01
2.20000000e-01,7.40000000e-01,3.62180000e-01,6.02700000e-01
2.40000000e-01,7.40000000e-01,3.57460000e-01,6.09130000e-01
2.60000000e-01,7.40000000e-01,3.82080000e-01,5.86160000e-01
2.80000000e-01,7.40000000e-01,4.36650000e-01,5.28150000e-01
3.00000000e-01,7.40000000e-01,5.12670000e-01,4.40300000e-01
3.20000000e-01,7.40000000e-01,5.93410000e-01,3.41930000e-01
3.40000000e-01,7.40000000e-01,6.61580000e-01,2.57050000e-01
3.60000000e-01,7.40000000e-01,7.07260000e-01,2.01780000e-01
3.80000000e-01,7.40000000e-01,7.27120000e-01,1.82780000e-01
4.00000000e-01,7.40000000e-01,7.17550000e-01,2.03210000e-01
4.20000000e-01,7.40000000e-01,6.70280000e-01,2.65880000e-01
4.40000000e-01,7.40000000e-01,5.78030000e-01,3.68510000e-01
4.60000000e-01,7.40000000e-01,4.49670000e-01,4.94360000e-01
4.80000000e-01,7.40000000e-01,3.15610000e-01,6.13390000e-01
5.00000000e-01,7.40000000e-01,2.07100000e-01,7.01640000e-01
5.20000000e-01,7.40000000e-01,1.36540000e-01,7.54690000e-01
5.40000000e-01,7.40000000e-01,1.01670000e-01,7.80250000e-01
5.60000000e-01,7.40000000e-01,9.82800000e-02,7.85170000e-01
5.80000000e-01,7.40000000e-01,1.27120000e-01,7.68450000e-01
6.00000000e-01,7.40000000e-01,1.94100000e-01,7.20370000e-01
6.20000000e-01,7.40000000e-01,3.03290000e-01,6.29080000e-01
6.40000000e-01,7.40000000e-01,4.42950000e-01,4.97170000e-01
6.60000000e-01,7.40000000e-01,5.80380000e-01,3.52880000e-01
6.80000000e-01,7.40000000e-01,6.83380000e-01,2.31920000e-01
7.00000000e-01,7.40000000e-01,7.43060000e-01,1.51290000e-01
7.20000000e-01,7.40000000e-01,7.68540000e-01,1.09510000e-01
7.40000000e-01,7.40000000e-01,7.70650000e-01,1.00860000e-01
7.60000000e-01,7.40000000e-01,7.53200000e-01,1.23890000e-01
7.80000000e-01,7.40000000e-01,7.12200000e-01,1.81780000e-01
8.00000000e-01,7.40000000e-01,6.41010000e-01,2.76100000e-01
8.20000000e-01,7.40000000e-01,5.41780000e-01,3.95740000e-01
8.40000000e-01,7.40000000e-01,4.34280000e-01,5.12790000e-01
8.60000000e-01,7.40000000e-01,3.46700000e-01,5.98230000e-01
8.80000000e-01,7.40000000e-01,2.97550000e-01,6.40610000e-01
9.00000000e-01,7.40000000e-01,2.90660000e-01,6.45030000e-01
9.20000000e-01,7.40000000e-01,3.20320000e-01,6.21750000e-01
9.40000000e-01,7.40000000e-01,3.74640000e-01,5.80390000e-01
9.60000000e-01,7.40000000e-01,4.37000000e-01,5.31150000e-01
9.80000000e-01,7.40000000e-01,4.88460000e-01,4.88450000e-01
1.00000000e+00,7.40000000e-01,5.02690000e-01,4.78100000e-01
0.00000000e+00,7.60000000e-01,4.94020000e-01,4.85820000e-01
2.00000000e-02,7.60000000e-01,4.89770000e-01,4.91940000e-01
4.00000000e-02,7.60000000e-01,4.88870000e-01,4.93620000e-01
6.00000000e-02,7.60000000e-01,4.91460000e-01,4.91260000e-01
8.00000000e-02,7.60000000e-01,4.98080000e-01,4.84550000e-01
1.00000000e-01,7.60000000e-01,5.07170000e-01,4.75100000e-01
1.20000000e-01,7.60000000e-01,5.14760000e-01,4.66930000e-01
1.40000000e-01,7.60000000e-01,5.15330000e-01,4.65410000e-01
1.60000000e-01,7.60000000e-01,5.03790000e-01,4.75250000e-01
1.80000000e-01,7.60000000e-01,4.78120000e-01,4.98120000e-01
2.00000000e-01,7.60000000e-01,4.41470000e-01,5.31090000e-01
2.20000000e-01,7.60000000e-01,4.02420000e-01,5.66690000e-01
2.40000000e-01,7.60000000e-01,3.72620000e-01,5.94750000e-01
2.60000000e-01,7.60000000e-01,3.63350000e-01,6.04450000e-01
2.80000000e-01,7.60000000e-01,3.82390000e-01,5.86050000e-01
3.00000000e-01,7.60000000e-01,4.31150000e-01,5.34010000e-01
3.20000000e-01,7.60000000e-01,5.01960000e-01,4.53040000e-01
3.40000000e-01,7.60000000e-01,5.79040000e-01,3.60390000e-01
3.60000000e-01,7.60000000e-01,6.45710000e-01,2.78000000e-01
3.80000000e-01,7.60000000e-01,6.91980000e-01,2.21970000e-01
4.00000000e-01,7.60000000e-01,7.14000000e-01,2.00190000e-01
4.20000000e-01,7.60000000e-01,7.07660000e-01,2.16480000e-01
4.40000000e-01,7.60000000e-01,6.64790000e-01,2.73380000e-01
4.60000000e-01,7.60000000e-01,5.78770000e-01,3.68460000e-01
4.80000000e-01,7.60000000e-01,4.57890000e-01,4.86300000e-01
5.00000000e-01,7.60000000e-01,3.29640000e-01,5.99270000e-01
5.20000000e-01,7.60000000e-01,2.23100000e-01,6.84690000e-01
5.40000000e-01,7.60000000e-01,1.51570000e-01,7.37510000e-01
5.60000000e-01,7.60000000e-01,1.14790000e-01,7.64340000e-01
5.80000000e-01,7.60000000e-01,1.09660000e-01,7.71300000e-01
6.00000000e-01,7.60000000e-01,1.36750000e-01,7.57190000e-01
6.20000000e-01,7.60000000e-01,2.00900000e-01,7.12660000e-01
6.40000000e-01,7.60000000e-01,3.05000000e-01,6.26700000e-01
6.60000000e-01,7.60000000e-01,4.37670000e-01,5.01810000e-01
6.80000000e-01,7.60000000e-01,5.68720000e-01,3.63770000e-01
7.00000000e-01,7.60000000e-01,6.68250000e-01,2.45920000e-01
7.20000000e-01,7.60000000e-01,7.27170000e-01,1.65790000e-01
7.40000000e-01,7.60000000e-01,7.53200000e-01,1.23890000e-01
7.60000000e-01,7.60000000e-01,7.55900000e-01,1.15910000e-01
7.80000000e-01,7.60000000e-01,7.38500000e-01,1.40630000e-01
8.00000000e-01,7.60000000e-01,6.97330000e-01,2.00290000e-01
8.20000000e-01,7.60000000e-01,6.27470000e-01,2.94200000e-01
8.40000000e-01,7.60000000e-01,5.33410000e-01,4.08870000e-01
8.60000000e-01,7.60000000e-01,4.35270000e-01,5.16900000e-01
8.80000000e-01,7.60000000e-01,3.58940000e-01,5.92690000e-01
9.00000000e-01,7.60000000e-01,3.20530000e-01,6.27280000e-01
9.20000000e-01,7.60000000e-01,3.22520000e-01,6.25730000e-01
9.40000000e-01,7.60000000e-01,3.57800000e-01,5.97680000e-01
9.60000000e-01,7.60000000e-01,4.12540000e-01,5.53570000e-01
9.80000000e-01,7.60000000e-01,4.67740000e-01,5.07210000e-01
1.00000000e+00,7.60000000e-01,4.94020000e-01,4.85820000e-01
0.00000000e+00,7.80000000e-01,4.84750000e-01,4.94110000e-01
2.00000000e-02,7.80000000e-01,4.87010000e-01,4.94380000e-01
4.00000000e-02,7.80000000e-01,4.84940000e-01,4.97470000e-01
6.00000000e-02,7.80000000e-01,4.84560000e-01,4.98240000e-01
8.00000000e-02,7.80000000e-01,4.88860000e-01,4.93950000e-01
1.00000000e-01,7.80000000e-01,4.98610000e-01,4.83890000e-01
1.20000000e-01,7.80000000e-01,5.11700000e-01,4.70210000e-01
1.40000000e-01,7.80000000e-01,5.23320000e-01,4.57900000e-01
1.60000000e-01,7.80000000e-01,5.27090000e-01,4.53470000e-01
1.80000000e-01,7.80000000e-01,5.17210000e-01,4.62410000e-01
2.00000000e-01,7.80000000e-01,4.91160000e-01,4.86550000e-01
2.20000000e-01,7.80000000e-01,4.51910000e-01,5.22520000e-01
2.40000000e-01,7.80000000e-01,4.08390000e-01,5.62120000e-01
2.60000000e-01,7.80000000e-01,3.73230000e-01,5.94440000e-01
2.80000000e-01,7.80000000e-01,3.58840000e-01,6.08320000e-01
3.00000000e-01,7.80000000e-01,3.73660000e-01,5.94070000e-01
3.20000000e-01,7.80000000e-01,4.19220000e-01,5.46480000e-01
3.40000000e-01,7.80000000e-01,4.88000000e-01,4.69810000e-01
3.60000000e-01,7.80000000e-01,5.64530000e-01,3.79690000e-01
3.80000000e-01,7.80000000e-01,6.32230000e-01,2.96930000e-01
4.00000000e-01,7.80000000e-01,6.80720000e-01,2.38170000e-01
4.20000000e-01,7.80000000e-01,7.05550000e-01,2.12490000e-01
4.40000000e-01,7.80000000e-01,7.02350000e-01,2.24200000e-01
4.60000000e-01,7.80000000e-01,6.63500000e-01,2.75650000e-01
4.80000000e-01,7.80000000e-01,5.83230000e-01,3.64290000e-01
5.00000000e-01,7.80000000e-01,4.69090000e-01,4.75650000e-01
5.20000000e-01,7.80000000e-01,3.45740000e-01,5.84050000e-01
5.40000000e-01,7.80000000e-01,2.40470000e-01,6.67830000e-01
5.60000000e-01,7.80000000e-01,1.67560000e-01,7.21330000e-01
5.80000000e-01,7.80000000e-01,1.28590000e-01,7.49960000e-01
6.00000000e-01,7.80000000e-01,1.21420000e-01,7.59070000e-01
6.20000000e-01,7.80000000e-01,1.46460000e-01,7.47260000e-01
6.40000000e-01,7.80000000e-01,2.07640000e-01,7.05790000e-01
6.60000000e-01,7.80000000e-01,3.06860000e-01,6.24740000e-01
6.80000000e-01,7.80000000e-01,4.32950000e-01,5.06610000e-01
7.00000000e-01,7.80000000e-01,5.57930000e-01,3.74860000e-01
7.20000000e-01,7.80000000e-01,6.54070000e-01,2.60610000e-01
7.40000000e-01,7.80000000e-01,7.12200000e-01,1.81780000e-01
7.60000000e-01,7.80000000e-01,7.38500000e-01,1.40630000e-01
7.80000000e-01,7.80000000e-01,7.41160000e-01,1.34180000e-01
8.00000000e-01,7.80000000e-01,7.22860000e-01,1.61480000e-01
8.20000000e-01,7.80000000e-01,6.80570000e-01,2.23600000e-01
8.40000000e-01,7.80000000e-01,6.11440000e-01,3.17160000e-01
8.60000000e-01,7.80000000e-01,5.22440000e-01,4.26150000e-01
8.80000000e-01,7.80000000e-01,4.34070000e-01,5.23970000e-01
9.00000000e-01,7.80000000e-01,3.69910000e-01,5.88690000e-01
9.20000000e-01,7.80000000e-01,3.43470000e-01,6.13730000e-01
9.40000000e-01,7.80000000e-01,3.55340000e-01,6.04260000e-01
9.60000000e-01,7.80000000e-01,3.96250000e-01,5.70120000e-01
9.80000000e-01,7.80000000e-01,4.49110000e-01,5.24650000e-01
1.00000000e+00,7.80000000e-01,4.84750000e-01,4.94110000e-01
0.00000000e+00,8.00000000e-01,4.75830000e-01,5.02490000e-01
2.00000000e-02,8.00000000e-01,4.84880000e-01,4.96220000e-01
4.00000000e-02,8.00000000e-01,4.82980000e-01,4.99320000e-01
6.00000000e-02,8.00000000e-01,4.80810000e-01,5.01960000e-01
8.00000000e-02,8.00000000e-01,4.82820000e-01,5.00080000e-01
1.00000000e-01,8.00000000e-01,4.91190000e-01,4.91460000e-01
1.20000000e-01,8.00000000e-01,5.05550000e-01,4.76400000e-01
1.40000000e-01,8.00000000e-01,5.22520000e-01,4.58500000e-01
1.60000000e-01,8.00000000e-01,5.36190000e-01,4.44150000e-01
1.80000000e-01,8.00000000e-01,5.39610000e-01,4.40530000e-01
2.00000000e-01,8.00000000e-01,5.27050000e-01,4.52830000e-01
2.20000000e-01,8.00000000e-01,4.96540000e-01,4.81770000e-01
2.40000000e-01,8.00000000e-01,4.51990000e-01,5.22640000e-01
2.60000000e-01,8.00000000e-01,4.03570000e-01,5.66140000e-01
2.80000000e-01,8.00000000e-01,3.64990000e-01,6.00970000e-01
3.00000000e-01,8.00000000e-01,3.49000000e-01,6.16220000e-01
3.20000000e-01,8.00000000e-01,3.63510000e-01,6.03010000e-01
3.40000000e-01,8.00000000e-01,4.09270000e-01,5.56900000e-01
3.60000000e-01,8.00000000e-01,4.78340000e-01,4.82000000e-01
3.80000000e-01,8.00000000e-01,5.55340000e-01,3.92810000e-01
4.00000000e-01,8.00000000e-01,6.23950000e-01,3.09410000e-01
4.20000000e-01,8.00000000e-01,6.73740000e-01,2.48810000e-01
4.40000000e-01,8.00000000e-01,6.99990000e-01,2.20690000e-01
4.60000000e-01,8.00000000e-01,6.98430000e-01,2.29540000e-01
4.80000000e-01,8.00000000e-01,6.62350000e-01,2.77280000e-01
5.00000000e-01,8.00000000e-01,5.86930000e-01,3.60990000e-01
5.20000000e-01,8.00000000e-01,4.79020000e-01,4.66830000e-01
5.40000000e-01,8.00000000e-01,3.60630000e-01,5.70920000e-01
5.60000000e-01,8.00000000e-01,2.57280000e-01,6.52870000e-01
5.80000000e-01,8.00000000e-01,1.83860000e-01,7.06640000e-01
6.00000000e-01,8.00000000e-01,1.43450000e-01,7.36500000e-01
6.20000000e-01,8.00000000e-01,1.34780000e-01,7.46940000e-01
6.40000000e-01,8.00000000e-01,1.58240000e-01,7.36540000e-01
6.60000000e-01,8.00000000e-01,2.16940000e-01,6.97400000e-01
6.80000000e-01,8.00000000e-01,3.11620000e-01,6.20900000e-01
7.00000000e-01,8.00000000e-01,4.31000000e-01,5.09700000e-01
7.20000000e-01,8.00000000e-01,5.49230000e-01,3.85170000e-01
7.40000000e-01,8.00000000e-01,6.41010000e-01,2.76100000e-01
7.60000000e-01,8.00000000e-01,6.97330000e-01,2.00290000e-01
7.80000000e-01,8.00000000e-01,7.22860000e-01,1.61480000e-01
8.00000000e-01,8.00000000e-01,7.24430000e-01,1.57910000e-01
8.20000000e-01,8.00000000e-01,7.04300000e-01,1.88780000e-01
8.40000000e-01,8.00000000e-01,6.60400000e-01,2.53520000e-01
8.60000000e-01,8.00000000e-01,5.92250000e-01,3.45540000e-01
8.80000000e-01,8.00000000e-01,5.09290000e-01,4.46650000e-01
9.00000000e-01,8.00000000e-01,4.32070000e-01,5.32050000e-01
9.20000000e-01,8.00000000e-01,3.81630000e-01,5.83710000e-01
9.40000000e-01,8.00000000e-01,3.68420000e-01,5.97310000e-01
9.60000000e-01,8.00000000e-01,3.90350000e-01,5.78580000e-01
9.80000000e-01,8.00000000e-01,4.34740000e-01,5.39230000e-01
1.00000000e+00,8.00000000e-01,4.75830000e-01,5.02490000e-01
0.00000000e+00,8.20000000e-01,4.68280000e-01,5.10250000e-01
2.00000000e-02,8.20000000e-01,4.83310000e-01,4.97720000e-01
4.00000000e-02,8.20000000e-01,4.82660000e-01,4.99590000e-01
6.00000000e-02,8.20000000e-01,4.80330000e-01,5.02420000e-01
8.00000000e-02,8.20000000e-01,4.81050000e-01,5.01870000e-01
1.00000000e-01,8.20000000e-01,4.87380000e-01,4.95350000e-01
1.20000000e-01,8.20000000e-01,4.99990000e-01,4.82060000e-01
1.40000000e-01,8.20000000e-01,5.17030000e-01,4.63880000e-01
1.60000000e-01,8.20000000e-01,5.34170000e-01,4.45690000e-01
1.80000000e-01,8.20000000e-01,5.45350000e-01,4.34180000e-01
2.00000000e-01,8.20000000e-01,5.44270000e-01,4.35660000e-01
2.20000000e-01,8.20000000e-01,5.26290000e-01,4.53660000e-01
2.40000000e-01,8.20000000e-01,4.90740000e-01,4.87230000e-01
2.60000000e-01,8.20000000e-01,4.42760000e-01,5.30540000e-01
2.80000000e-01,8.20000000e-01,3.93350000e-01,5.74130000e-01
3.00000000e-01,8.20000000e-01,3.56190000e-01,6.07370000e-01
3.20000000e-01,8.20000000e-01,3.42960000e-01,6.20460000e-01
3.40000000e-01,8.20000000e-01,3.60120000e-01,6.05760000e-01
3.60000000e-01,8.20000000e-01,4.07290000e-01,5.59690000e-01
3.80000000e-01,8.20000000e-01,4.76110000e-01,4.86230000e-01
4.00000000e-01,8.20000000e-01,5.51770000e-01,3.99010000e-01
4.20000000e-01,8.20000000e-01,6.18920000e-01,3.17210000e-01
4.40000000e-01,8.20000000e-01,6.67650000e-01,2.57490000e-01
4.60000000e-01,8.20000000e-01,6.93320000e-01,2.29510000e-01
4.80000000e-01,8.20000000e-01,6.91940000e-01,2.37540000e-01
5.00000000e-01,8.20000000e-01,6.57790000e-01,2.82940000e-01
5.20000000e-01,8.20000000e-01,5.86960000e-01,3.62210000e-01
5.40000000e-01,8.20000000e-01,4.85680000e-01,4.62020000e-01
5.60000000e-01,8.20000000e-01,3.73540000e-01,5.60550000e-01
5.80000000e-01,8.20000000e-01,2.74010000e-01,6.39210000e-01
6.00000000e-01,8.20000000e-01,2.01940000e-01,6.91900000e-01
6.20000000e-01,8.20000000e-01,1.61490000e-01,7.21760000e-01
6.40000000e-01,8.20000000e-01,1.52250000e-01,7.32530000e-01
6.60000000e-01,8.20000000e-01,1.74710000e-01,7.22850000e-01
6.80000000e-01,8.20000000e-01,2.31080000e-01,6.85830000e-01
7.00000000e-01,8.20000000e-01,3.20680000e-01,6.14270000e-01
7.20000000e-01,8.20000000e-01,4.32050000e-01,5.11130000e-01
7.40000000e-01,8.20000000e-01,5.41780000e-01,3.95740000e-01
7.60000000e-01,8.20000000e-01,6.27470000e-01,2.94200000e-01
7.80000000e-01,8.20000000e-01,6.80570000e-01,2.23600000e-01
8.00000000e-01,8.20000000e-01,7.04300000e-01,1.88780000e-01
8.20000000e-01,8.20000000e-01,7.04150000e-01,1.89110000e-01
8.40000000e-01,8.20000000e-01,6.82110000e-01,2.23550000e-01
8.60000000e-01,8.20000000e-01,6.37220000e-01,2.89390000e-01
8.80000000e-01,8.20000000e-01,5.71390000e-01,3.76970000e-01
9.00000000e-01,8.20000000e-01,4.96190000e-01,4.67230000e-01
9.20000000e-01,8.20000000e-01,4.31750000e-01,5.38130000e-01
9.40000000e-01,8.20000000e-01,3.96050000e-01,5.75400000e-01
9.60000000e-01,8.20000000e-01,3.96130000e-01,5.76700000e-01
9.80000000e-01,8.20000000e-01,4.26500000e-01,5.49120000e-01
1.00000000e+00,8.20000000e-01,4.68280000e-01,5.10250000e-01
0.00000000e+00,8.40000000e-01,4.63040000e-01,5.16440000e-01
2.00000000e-02,8.40000000e-01,4.82310000e-01,4.98920000e-01
4.00000000e-02,8.40000000e-01,4.83510000e-01,4.98810000e-01
6.00000000e-02,8.40000000e-01,4.82430000e-01,5.00350000e-01
8.00000000e-02,8.40000000e-01,4.83200000e-01,4.99740000e-01
1.00000000e-01,8.40000000e-01,4.87790000e-01,4.95010000e-01
1.20000000e-01,8.40000000e-01,4.97060000e-01,4.85160000e-01
1.40000000e-01,8.40000000e-01,5.10400000e-01,4.70780000e-01
1.60000000e-01,8.40000000e-01,5.25490000e-01,4.54520000e-01
1.80000000e-01,8.40000000e-01,5.38410000e-01,4.40950000e-01
2.00000000e-01,8.40000000e-01,5.44160000e-01,4.35450000e-01
2.20000000e-01,8.40000000e-01,5.37800000e-01,4.42470000e-01
2.40000000e-01,8.40000000e-01,5.15990000e-01,4.63890000e-01
2.60000000e-01,8.40000000e-01,4.79040000e-01,4.97920000e-01
2.80000000e-01,8.40000000e-01,4.32580000e-01,5.38880000e-01
3.00000000e-01,8.40000000e-01,3.87270000e-01,5.78350000e-01
3.20000000e-01,8.40000000e-01,3.55430000e-01,6.07030000e-01
3.40000000e-01,8.40000000e-01,3.46920000e-01,6.16490000e-01
3.60000000e-01,8.40000000e-01,3.66670000e-01,6.00140000e-01
3.80000000e-01,8.40000000e-01,4.13430000e-01,5.55000000e-01
4.00000000e-01,8.40000000e-01,4.79090000e-01,4.84910000e-01
4.20000000e-01,8.40000000e-01,5.50190000e-01,4.02490000e-01
4.40000000e-01,8.40000000e-01,6.13020000e-01,3.25540000e-01
4.60000000e-01,8.40000000e-01,6.58560000e-01,2.69570000e-01
4.80000000e-01,8.40000000e-01,6.82300000e-01,2.43710000e-01
5.00000000e-01,8.40000000e-01,6.80570000e-01,2.51920000e-01
5.20000000e-01,8.40000000e-01,6.48480000e-01,2.94950000e-01
5.40000000e-01,8.40000000e-01,5.82990000e-01,3.68690000e-01
5.60000000e-01,8.40000000e-01,4.89820000e-01,4.60590000e-01
5.80000000e-01,8.40000000e-01,3.86180000e-01,5.51370000e-01
6.00000000e-01,8.40000000e-01,2.93060000e-01,6.24710000e-01
6.20000000e-01,8.40000000e-01,2.24530000e-01,6.74730000e-01
6.40000000e-01,8.40000000e-01,1.85440000e-01,7.03570000e-01
6.60000000e-01,8.40000000e-01,1.76280000e-01,7.14200000e-01
6.80000000e-01,8.40000000e-01,1.97590000e-01,7.05370000e-01
7.00000000e-01,8.40000000e-01,2.50580000e-01,6.71220000e-01
7.20000000e-01,8.40000000e-01,3.33210000e-01,6.05950000e-01
7.40000000e-01,8.40000000e-01,4.34280000e-01,5.12790000e-01
7.60000000e-01,8.40000000e-01,5.33410000e-01,4.08870000e-01
7.80000000e-01,8.40000000e-01,6.11440000e-01,3.17160000e-01
8.00000000e-01,8.40000000e-01,6.60400000e-01,2.53520000e-01
8.20000000e-01,8.40000000e-01,6.82110000e-01,2.23550000e-01
8.40000000e-01,8.40000000e-01,6.80690000e-01,2.27500000e-01
8.60000000e-01,8.40000000e-01,6.57710000e-01,2.63780000e-01
8.80000000e-01,8.40000000e-01,6.13200000e-01,3.27630000e-01
9.00000000e-01,8.40000000e-01,5.51300000e-01,4.07510000e-01
9.20000000e-01,8.40000000e-01,4.85300000e-01,4.84850000e-01
9.40000000e-01,8.40000000e-01,4.34310000e-01,5.40560000e-01
9.60000000e-01,8.40000000e-01,4.13200000e-01,5.63350000e-01
9.80000000e-01,8.40000000e-01,4.25670000e-01,5.52440000e-01
1.00000000e+00,8.40000000e-01,4.63040000e-01,5.16440000e-01
0.00000000e+00,8.60000000e-01,4.60850000e-01,5.20010000e-01
2.00000000e-02,8.60000000e-01,4.82020000e-01,4.99660000e-01
4.00000000e-02,8.60000000e-01,4.85100000e-01,4.97420000e-01
6.00000000e-02,8.60000000e-01,4.86040000e-01,4.96850000e-01
8.00000000e-02,8.60000000e-01,4.87850000e-01,4.95150000e-01
1.00000000e-01,8.60000000e-01,4.91340000e-01,4.91540000e-01
1.20000000e-01,8.60000000e-01,4.96910000e-01,4.85540000e-01
1.40000000e-01,8.60000000e-01,5.04730000e-01,4.76970000e-01
1.60000000e-01,8.60000000e-01,5.14350000e-01,4.66430000e-01
1.80000000e-01,8.60000000e-01,5.24360000e-01,4.55730000e-01
2.00000000e-01,8.60000000e-01,5.32050000e-01,4.47950000e-01
2.20000000e-01,8.60000000e-01,5.33670000e-01,4.46830000e-01
2.40000000e-01,8.60000000e-01,5.25230000e-01,4.55570000e-01
2.60000000e-01,8.60000000e-01,5.03980000e-01,4.75620000e-01
2.80000000e-01,8.60000000e-01,4.70410000e-01,5.05600000e-01
3.00000000e-01,8.60000000e-01,4.29750000e-01,5.40920000e-01
3.20000000e-01,8.60000000e-01,3.91330000e-01,5.74490000e-01
3.40000000e-01,8.60000000e-01,3.65580000e-01,5.98350000e-01
3.60000000e-01,8.60000000e-01,3.60650000e-01,6.05060000e-01
3.80000000e-01,8.60000000e-01,3.80420000e-01,5.88770000e-01
4.00000000e-01,8.60000000e-01,4.23490000e-01,5.46880000e-01
4.20000000e-01,8.60000000e-01,4.82700000e-01,4.82980000e-01
4.40000000e-01,8.60000000e-01,5.46490000e-01,4.08440000e-01
4.60000000e-01,8.60000000e-01,6.03080000e-01,3.39050000e-01
4.80000000e-01,8.60000000e-01,6.44370000e-01,2.88640000e-01
5.00000000e-01,8.60000000e-01,6.65960000e-01,2.65550000e-01
5.20000000e-01,8.60000000e-01,6.64370000e-01,2.73440000e-01
5.40000000e-01,8.60000000e-01,6.35410000e-01,3.12560000e-01
5.60000000e-01,8.60000000e-01,5.76820000e-01,3.78560000e-01
5.80000000e-01,8.60000000e-01,4.93850000e-01,4.60130000e-01
6.00000000e-01,8.60000000e-01,4.01250000e-01,5.40980000e-01
6.20000000e-01,8.60000000e-01,3.17020000e-01,6.07320000e-01
6.40000000e-01,8.60000000e-01,2.53830000e-01,6.53660000e-01
6.60000000e-01,8.60000000e-01,2.16920000e-01,6.81220000e-01
6.80000000e-01,8.60000000e-01,2.07560000e-01,6.92150000e-01
7.00000000e-01,8.60000000e-01,2.26360000e-01,6.85230000e-01
7.20000000e-01,8.60000000e-01,2.73690000e-01,6.55440000e-01
7.40000000e-01,8.60000000e-01,3.46700000e-01,5.98230000e-01
7.60000000e-01,8.60000000e-01,4.35270000e-01,5.16900000e-01
7.80000000e-01,8.60000000e-01,5.22440000e-01,4.26150000e-01
8.00000000e-01,8.60000000e-01,5.92250000e-01,3.45540000e-01
8.20000000e-01,8.60000000e-01,6.37220000e-01,2.89390000e-01
8.40000000e-01,8.60000000e-01,6.57710000e-01,2.63780000e-01
8.60000000e-01,8.60000000e-01,6.56150000e-01,2.69650000e-01
8.80000000e-01,8.60000000e-01,6.33400000e-01,3.05050000e-01
9.00000000e-01,8.60000000e-01,5.90350000e-01,3.64100000e-01
9.20000000e-01,8.60000000e-01,5.33260000e-01,4.34580000e-01
9.40000000e-01,8.60000000e-01,4.76810000e-01,4.98800000e-01
9.60000000e-01,8.60000000e-01,4.39060000e-01,5.39880000e-01
9.80000000e-01,8.60000000e-01,4.32480000e-01,5.48030000e-01
1.00000000e+00,8.60000000e-01,4.60850000e-01,5.20010000e-01
0.00000000e+00,8.80000000e-01,4.62020000e-01,5.20160000e-01
2.00000000e-02,8.80000000e-01,4.82580000e-01,4.99640000e-01
4.00000000e-02,8.80000000e-01,4.87100000e-01,4.95660000e-01
6.00000000e-02,8.80000000e-01,4.90030000e-01,4.92980000e-01
8.00000000e-02,8.80000000e-01,4.93090000e-01,4.89970000e-01
1.00000000e-01,8.80000000e-01,4.95910000e-01,4.87050000e-01
1.20000000e-01,8.80000000e-01,4.98250000e-01,4.84440000e-01
1.40000000e-01,8.80000000e-01,5.00580000e-01,4.81680000e-01
1.60000000e-01,8.80000000e-01,5.03830000e-01,4.77900000e-01
1.80000000e-01,8.80000000e-01,5.08690000e-01,4.72580000e-01
2.00000000e-01,8.80000000e-01,5.14750000e-01,4.66310000e-01
2.20000000e-01,8.80000000e-01,5.20080000e-01,4.61100000e-01
2.40000000e-01,8.80000000e-01,5.21350000e-01,4.60060000e-01
2.60000000e-01,8.80000000e-01,5.14770000e-01,4.66340000e-01
2.80000000e-01,8.80000000e-01,4.97600000e-01,4.81850000e-01
3.00000000e-01,8.80000000e-01,4.70060000e-01,5.06020000e-01
3.20000000e-01,8.80000000e-01,4.36500000e-01,5.35290000e-01
3.40000000e-01,8.80000000e-01,4.04700000e-01,5.63670000e-01
3.60000000e-01,8.80000000e-01,3.83330000e-01,5.84150000e-01
3.80000000e-01,8.80000000e-01,3.79340000e-01,5.90020000e-01
4.00000000e-01,8.80000000e-01,3.96160000e-01,5.75940000e-01
4.20000000e-01,8.80000000e-01,4.32810000e-01,5.39620000e-01
4.40000000e-01,8.80000000e-01,4.83480000e-01,4.84290000e-01
4.60000000e-01,8.80000000e-01,5.38630000e-01,4.19750000e-01
4.80000000e-01,8.80000000e-01,5.88330000e-01,3.59350000e-01
5.00000000e-01,8.80000000e-01,6.25370000e-01,3.14930000e-01
5.20000000e-01,8.80000000e-01,6.45460000e-01,2.93990000e-01
5.40000000e-01,8.80000000e-01,6.45170000e-01,2.99950000e-01
5.60000000e-01,8.80000000e-01,6.20870000e-01,3.32930000e-01
5.80000000e-01,8.80000000e-01,5.70940000e-01,3.88860000e-01
6.00000000e-01,8.80000000e-01,5.00050000e-01,4.58270000e-01
6.20000000e-01,8.80000000e-01,4.20360000e-01,5.27940000e-01
6.40000000e-01,8.80000000e-01,3.46600000e-01,5.86560000e-01
6.60000000e-01,8.80000000e-01,2.89660000e-01,6.29140000e-01
6.80000000e-01,8.80000000e-01,2.54860000e-01,6.55980000e-01
7.00000000e-01,8.80000000e-01,2.44140000e-01,6.68300000e-01
7.20000000e-01,8.80000000e-01,2.58350000e-01,6.64630000e-01
7.40000000e-01,8.80000000e-01,2.97550000e-01,6.40610000e-01
7.60000000e-01,8.80000000e-01,3.58940000e-01,5.92690000e-01
7.80000000e-01,8.80000000e-01,4.34070000e-01,5.23970000e-01
8.00000000e-01,8.80000000e-01,5.09290000e-01,4.46650000e-01
8.20000000e-01,8.80000000e-01,5.71390000e-01,3.76970000e-01
8.40000000e-01,8.80000000e-01,6.13200000e-01,3.27630000e-01
8.60000000e-01,8.80000000e-01,6.33400000e-01,3.05050000e-01
8.80000000e-01,8.80000000e-01,6.32470000e-01,3.10970000e-01
9.00000000e-01,8.80000000e-01,6.10350000e-01,3.43700000e-01
9.20000000e-01,8.80000000e-01,5.68840000e-01,3.97030000e-01
9.40000000e-01,8.80000000e-01,5.16480000e-01,4.58350000e-01
9.60000000e-01,8.80000000e-01,4.69480000e-01,5.10280000e-01
9.80000000e-01,8.80000000e-01,4.45890000e-01,5.36210000e-01
1.00000000e+00,8.80000000e-01,4.62020000e-01,5.20160000e-01
0.00000000e+00,9.00000000e-01,4.66380000e-01,5.16700000e-01
2.00000000e-02,9.00000000e-01,4.84080000e-01,4.98640000e-01
4.00000000e-02,9.00000000e-01,4.89300000e-01,4.93680000e-01
6.00000000e-02,9.00000000e-01,4.93480000e-01,4.89630000e-01
8.00000000e-02,9.00000000e-01,4.97200000e-01,4.85920000e-01
1.00000000e-01,9.00000000e-01,4.99310000e-01,4.83730000e-01
1.20000000e-01,9.00000000e-01,4.99210000e-01,4.83680000e-01
1.40000000e-01,9.00000000e-01,4.97460000e-01,4.85230000e-01
1.60000000e-01,9.00000000e-01,4.95620000e-01,4.86850000e-01
1.80000000e-01,9.00000000e-01,4.95560000e-01,4.86710000e-01
2.00000000e-01,9.00000000e-01,4.98450000e-01,4.83670000e-01
2.20000000e-01,9.00000000e-01,5.04030000e-01,4.78010000e-01
2.40000000e-01,9.00000000e-01,5.10280000e-01,4.71740000e-01
2.60000000e-01,9.00000000e-01,5.13790000e-01,4.68120000e-01
2.80000000e-01,9.00000000e-01,5.10720000e-01,4.70600000e-01
3.00000000e-01,9.00000000e-01,4.98360000e-01,4.81470000e-01
3.20000000e-01,9.00000000e-01,4.76680000e-01,5.00630000e-01
3.40000000e-01,9.00000000e-01,4.49160000e-01,5.25150000e-01
3.60000000e-01,9.00000000e-01,4.22190000e-01,5.49870000e-01
3.80000000e-01,9.00000000e-01,4.03060000e-01,5.68550000e-01
4.00000000e-01,9.00000000e-01,3.97880000e-01,5.75100000e-01
4.20000000e-01,9.00000000e-01,4.10020000e-01,5.64710000e-01
4.40000000e-01,9.00000000e-01,4.39100000e-01,5.35360000e-01
4.60000000e-01,9.00000000e-01,4.80650000e-01,4.89800000e-01
4.80000000e-01,9.00000000e-01,5.27060000e-01,4.35990000e-01
5.00000000e-01,9.00000000e-01,5.70150000e-01,3.84680000e-01
5.20000000e-01,9.00000000e-01,6.03560000e-01,3.45680000e-01
5.40000000e-01,9.00000000e-01,6.23090000e-01,3.25650000e-01
5.60000000e-01,9.00000000e-01,6.25300000e-01,3.27980000e-01
5.80000000e-01,9.00000000e-01,6.06930000e-01,3.53060000e-01
6.00000000e-01,9.00000000e-01,5.66790000e-01,3.97690000e-01
6.20000000e-01,9.00000000e-01,5.08810000e-01,4.54380000e-01
6.40000000e-01,9.00000000e-01,4.42560000e-01,5.12850000e-01
6.60000000e-01,9.00000000e-01,3.79590000e-01,5.64000000e-01
6.80000000e-01,9.00000000e-01,3.28940000e-01,6.03310000e-01
7.00000000e-01,9.00000000e-01,2.95750000e-01,6.30170000e-01
7.20000000e-01,9.00000000e-01,2.82520000e-01,6.44700000e-01
7.40000000e-01,9.00000000e-01,2.90660000e-01,6.45030000e-01
7.60000000e-01,9.00000000e-01,3.20530000e-01,6.27280000e-01
7.80000000e-01,9.00000000e-01,3.69910000e-01,5.88690000e-01
8.00000000e-01,9.00000000e-01,4.32070000e-01,5.32050000e-01
8.20000000e-01,9.00000000e-01,4.96190000e-01,4.67230000e-01
8.40000000e-01,9.00000000e-01,5.51300000e-01,4.07510000e-01
8.60000000e-01,9.00000000e-01,5.90350000e-01,3.64100000e-01
8.80000000e-01,9.00000000e-01,6.10350000e-01,3.43700000e-01
9.00000000e-01,9.00000000e-01,6.09740000e-01,3.49020000e-01
9.20000000e-01,9.00000000e-01,5.87670000e-01,3.79010000e-01
9.40000000e-01,9.00000000e-01,5.47160000e-01,4.27260000e-01
9.60000000e-01,9.00000000e-01,4.99450000e-01,4.80280000e-01
9.80000000e-01,9.00000000e-01,4.63710000e-01,5.18950000e-01
1.00000000e+00,9.00000000e-01,4.66380000e-01,5.16700000e-01
0.00000000e+00,9.20000000e-01,4.73220000e-01,5.10200000e-01
2.00000000e-02,9.20000000e-01,4.86390000e-01,4.96670000e-01
4.00000000e-02,9.20000000e-01,4.91460000e-01,4.91670000e-01
6.00000000e-02,9.20000000e-01,4.95750000e-01,4.87420000e-01
8.00000000e-02,9.20000000e-01,4.99020000e-01,4.84130000e-01
1.00000000e-01,9.20000000e-01,5.00080000e-01,4.83010000e-01
1.20000000e-01,9.20000000e-01,4.98420000e-01,4.84590000e-01
1.40000000e-01,9.20000000e-01,4.94610000e-01,4.88300000e-01
1.60000000e-01,9.20000000e-01,4.90190000e-01,4.92640000e-01
1.80000000e-01,9.20000000e-01,4.87140000e-01,4.95620000e-01
2.00000000e-01,9.20000000e-01,4.87210000e-01,4.95500000e-01
2.20000000e-01,9.20000000e-01,4.91140000e-01,4.91490000e-01
2.40000000e-01,9.20000000e-01,4.98240000e-01,4.84280000e-01
2.60000000e-01,9.20000000e-01,5.06250000e-01,4.76120000e-01
2.80000000e-01,9.20000000e-01,5.11810000e-01,4.70300000e-01
3.00000000e-01,9.20000000e-01,5.11420000e-01,4.70180000e-01
3.20000000e-01,9.20000000e-01,5.02660000e-01,4.77920000e-01
3.40000000e-01,9.20000000e-01,4.85400000e-01,4.93540000e-01
3.60000000e-01,9.20000000e-01,4.62410000e-01,5.14580000e-01
3.80000000e-01,9.20000000e-01,4.38850000e-01,5.36610000e-01
4.00000000e-01,9.20000000e-01,4.20870000e-01,5.54200000e-01
4.20000000e-01,9.20000000e-01,4.13850000e-01,5.61990000e-01
4.40000000e-01,9.20000000e-01,4.21100000e-01,5.55720000e-01
4.60000000e-01,9.20000000e-01,4.42800000e-01,5.33620000e-01
4.80000000e-01,9.20000000e-01,4.75700000e-01,4.97770000e-01
5.00000000e-01,9.20000000e-01,5.13950000e-01,4.54250000e-01
5.20000000e-01,9.20000000e-01,5.50990000e-01,4.11360000e-01
5.40000000e-01,9.20000000e-01,5.81340000e-01,3.76990000e-01
5.60000000e-01,9.20000000e-01,6.00870000e-01,3.57050000e-01
5.80000000e-01,9.20000000e-01,6.06090000e-01,3.55030000e-01
6.00000000e-01,9.20000000e-01,5.94010000e-01,3.71860000e-01
6.20000000e-01,9.20000000e-01,5.63660000e-01,4.05380000e-01
6.40000000e-01,9.20000000e-01,5.18150000e-01,4.50030000e-01
6.60000000e-01,9.20000000e-01,4.64720000e-01,4.98000000e-01
6.80000000e-01,9.20000000e-01,4.12120000e-01,5.42160000e-01
7.00000000e-01,9.20000000e-01,3.67620000e-01,5.78370000e-01
7.20000000e-01,9.20000000e-01,3.36030000e-01,6.05210000e-01
7.40000000e-01,9.20000000e-01,3.20320000e-01,6.21750000e-01
7.60000000e-01,9.20000000e-01,3.22520000e-01,6.25730000e-01
7.80000000e-01,9.20000000e-01,3.43470000e-01,6.13730000e-01
8.00000000e-01,9.20000000e-01,3.81630000e-01,5.83710000e-01
8.20000000e-01,9.20000000e-01,4.31750000e-01,5.38130000e-01
8.40000000e-01,9.20000000e-01,4.85300000e-01,4.84850000e-01
8.60000000e-01,9.20000000e-01,5.33260000e-01,4.34580000e-01
8.80000000e-01,9.20000000e-01,5.68840000e-01,3.97030000e-01
9.00000000e-01,9.20000000e-01,5.87670000e-01,3.79010000e-01
9.20000000e-01,9.20000000e-01,5.86430000e-01,3.84150000e-01
9.40000000e-01,9.20000000e-01,5.63600000e-01,4.12160000e-01
9.60000000e-01,9.20000000e-01,5.23840000e-01,4.56140000e-01
9.80000000e-01,9.20000000e-01,4.83010000e-01,4.99630000e-01
1.00000000e+00,9.20000000e-01,4.73220000e-01,5.10200000e-01
0.00000000e+00,9.40000000e-01,4.81370000e-01,5.02010000e-01
2.00000000e-02,9.40000000e-01,4.89140000e-01,4.94090000e-01
4.00000000e-02,9.40000000e-01,4.93250000e-01,4.89970000e-01
6.00000000e-02,9.40000000e-01,4.96450000e-01,4.86770000e-01
8.00000000e-02,9.40000000e-01,4.98210000e-01,4.84970000e-01
1.00000000e-01,9.40000000e-01,4.97940000e-01,4.85170000e-01
1.20000000e-01,9.40000000e-01,4.95580000e-01,4.87440000e-01
1.40000000e-01,9.40000000e-01,4.91650000e-01,4.91260000e-01
1.60000000e-01,9.40000000e-01,4.87190000e-01,4.95620000e-01
1.80000000e-01,9.40000000e-01,4.83590000e-01,4.99160000e-01
2.00000000e-01,9.40000000e-01,4.82280000e-01,5.00470000e-01
2.20000000e-01,9.40000000e-01,4.84280000e-01,4.98490000e-01
2.40000000e-01,9.40000000e-01,4.89720000e-01,4.93000000e-01
2.60000000e-01,9.40000000e-01,4.97650000e-01,4.84930000e-01
2.80000000e-01,9.40000000e-01,5.05990000e-01,4.76380000e-01
3.00000000e-01,9.40000000e-01,5.11910000e-01,4.70200000e-01
3.20000000e-01,9.40000000e-01,5.12580000e-01,4.69200000e-01
3.40000000e-01,9.40000000e-01,5.06050000e-01,4.75150000e-01
3.60000000e-01,9.40000000e-01,4.92160000e-01,4.88070000e-01
3.80000000e-01,9.40000000e-01,4.73010000e-01,5.05990000e-01
4.00000000e-01,9.40000000e-01,4.52620000e-01,5.25320000e-01
4.20000000e-01,9.40000000e-01,4.35970000e-01,5.41560000e-01
4.40000000e-01,9.40000000e-01,4.27700000e-01,5.50190000e-01
4.60000000e-01,9.40000000e-01,4.30850000e-01,5.47580000e-01
4.80000000e-01,9.40000000e-01,4.46020000e-01,5.32130000e-01
5.00000000e-01,9.40000000e-01,4.71060000e-01,5.05220000e-01
5.20000000e-01,9.40000000e-01,5.01700000e-01,4.71180000e-01
5.40000000e-01,9.40000000e-01,5.32900000e-01,4.36130000e-01
5.60000000e-01,9.40000000e-01,5.60010000e-01,4.06290000e-01
5.80000000e-01,9.40000000e-01,5.79150000e-01,3.86770000e-01
6.00000000e-01,9.40000000e-01,5.86890000e-01,3.81060000e-01
6.20000000e-01,9.40000000e-01,5.80510000e-01,3.90560000e-01
6.40000000e-01,9.40000000e-01,5.59160000e-01,4.14050000e-01
6.60000000e-01,9.40000000e-01,5.25150000e-01,4.47630000e-01
6.80000000e-01,9.40000000e-01,4.83720000e-01,4.85600000e-01
7.00000000e-01,9.40000000e-01,4.41280000e-01,5.22540000e-01
7.20000000e-01,9.40000000e-01,4.03510000e-01,5.54790000e-01
7.40000000e-01,9.40000000e-01,3.74640000e-01,5.80390000e-01
7.60000000e-01,9.40000000e-01,3.57800000e-01,5.97680000e-01
7.80000000e-01,9.40000000e-01,3.55340000e-01,6.04260000e-01
8.00000000e-01,9.40000000e-01,3.68420000e-01,5.97310000e-01
8.20000000e-01,9.40000000e-01,3.96050000e-01,5.75400000e-01
8.40000000e-01,9.40000000e-01,4.34310000e-01,5.40560000e-01
8.60000000e-01,9.40000000e-01,4.76810000e-01,4.98800000e-01
8.80000000e-01,9.40000000e-01,5.16480000e-01,4.58350000e-01
9.00000000e-01,9.40000000e-01,5.47160000e-01,4.27260000e-01
9.20000000e-01,9.40000000e-01,5.63600000e-01,4.12160000e-01
9.40000000e-01,9.40000000e-01,5.60930000e-01,4.17610000e-01
9.60000000e-01,9.40000000e-01,5.37050000e-01,4.44080000e-01
9.80000000e-01,9.40000000e-01,5.00100000e-01,4.82580000e-01
1.00000000e+00,9.40000000e-01,4.81370000e-01,5.02010000e-01
0.00000000e+00,9.60000000e-01,4.88990000e-01,4.94280000e-01
2.00000000e-02,9.60000000e-01,4.91650000e-01,4.91620000e-01
4.00000000e-02,9.60000000e-01,4.94130000e-01,4.89140000e-01
6.00000000e-02,9.60000000e-01,4.95300000e-01,4.87950000e-01
8.00000000e-02,9.60000000e-01,4.95040000e-01,4.88140000e-01
1.00000000e-01,9.60000000e-01,4.93560000e-01,4.89480000e-01
1.20000000e-01,9.60000000e-01,4.91230000e-01,4.91610000e-01
1.40000000e-01,9.60000000e-01,4.88410000e-01,4.94190000e-01
1.60000000e-01,9.60000000e-01,4.85570000e-01,4.96820000e-01
1.80000000e-01,9.60000000e-01,4.83290000e-01,4.98980000e-01
2.00000000e-01,9.60000000e-01,4.82280000e-01,5.00010000e-01
2.20000000e-01,9.60000000e-01,4.83200000e-01,4.99210000e-01
2.40000000e-01,9.60000000e-01,4.86460000e-01,4.96060000e-01
2.60000000e-01,9.60000000e-01,4.91960000e-01,4.90540000e-01
2.80000000e-01,9.60000000e-01,4.98900000e-01,4.83420000e-01
3.00000000e-01,9.60000000e-01,5.05780000e-01,4.76260000e-01
3.20000000e-01,9.60000000e-01,5.10590000e-01,4.71190000e-01
3.40000000e-01,9.60000000e-01,5.11270000e-01,4.70310000e-01
3.60000000e-01,9.60000000e-01,5.06370000e-01,4.74970000e-01
3.80000000e-01,9.60000000e-01,4.95670000e-01,4.85210000e-01
4.00000000e-01,9.60000000e-01,4.80570000e-01,4.99600000e-01
4.20000000e-01,9.60000000e-01,4.63970000e-01,5.15480000e-01
4.40000000e-01,9.60000000e-01,4.49610000e-01,5.29440000e-01
4.60000000e-01,9.60000000e-01,4.41190000e-01,5.37960000e-01
4.80000000e-01,9.60000000e-01,4.41340000e-01,5.38140000e-01
5.00000000e-01,9.60000000e-01,4.50880000e-01,5.28550000e-01
5.20000000e-01,9.60000000e-01,4.68600000e-01,5.09870000e-01
5.40000000e-01,9.60000000e-01,4.91620000e-01,4.84920000e-01
5.60000000e-01,9.60000000e-01,5.16330000e-01,4.57910000e-01
5.80000000e-01,9.60000000e-01,5.39080000e-01,4.33430000e-01
6.00000000e-01,9.60000000e-01,5.56530000e-01,4.15650000e-01
6.20000000e-01,9.60000000e-01,5.65650000e-01,4.07720000e-01
6.40000000e-01,9.60000000e-01,5.64120000e-01,4.11200000e-01
6.60000000e-01,9.60000000e-01,5.51120000e-01,4.25650000e-01
6.80000000e-01,9.60000000e-01,5.28090000e-01,4.48590000e-01
7.00000000e-01,9.60000000e-01,4.98520000e-01,4.76200000e-01
7.20000000e-01,9.60000000e-01,4.66790000e-01,5.04690000e-01
7.40000000e-01,9.60000000e-01,4.37000000e-01,5.31150000e-01
7.60000000e-01,9.60000000e-01,4.12540000e-01,5.53570000e-01
7.80000000e-01,9.60000000e-01,3.96250000e-01,5.70120000e-01
8.00000000e-01,9.60000000e-01,3.90350000e-01,5.78580000e-01
8.20000000e-01,9.60000000e-01,3.96130000e-01,5.76700000e-01
8.40000000e-01,9.60000000e-01,4.13200000e-01,5.63350000e-01
8.60000000e-01,9.60000000e-01,4.39060000e-01,5.39880000e-01
8.80000000e-01,9.60000000e-01,4.69480000e-01,5.10280000e-01
9.00000000e-01,9.60000000e-01,4.99450000e-01,4.80280000e-01
9.20000000e-01,9.60000000e-01,5.23840000e-01,4.56140000e-01
9.40000000e-01,9.60000000e-01,5.37050000e-01,4.44080000e-01
9.60000000e-01,9.60000000e-01,5.32960000e-01,4.49540000e-01
9.80000000e-01,9.60000000e-01,5.09890000e-01,4.73170000e-01
1.00000000e+00,9.60000000e-01,4.88990000e-01,4.94280000e-01
0.00000000e+00,9.80000000e-01,4.93450000e-01,4.89810000e-01
2.00000000e-02,9.80000000e-01,4.93100000e-01,4.90170000e-01
4.00000000e-02,9.80000000e-01,4.93290000e-01,4.90000000e-01
6.00000000e-02,9.80000000e-01,4.91770000e-01,4.91500000e-01
8.00000000e-02,9.80000000e-01,4.89320000e-01,4.93840000e-01
1.00000000e-01,9.80000000e-01,4.86710000e-01,4.96150000e-01
1.20000000e-01,9.80000000e-01,4.84480000e-01,4.97890000e-01
1.40000000e-01,9.80000000e-01,4.82950000e-01,4.98840000e-01
1.60000000e-01,9.80000000e-01,4.82220000e-01,4.99050000e-01
1.80000000e-01,9.80000000e-01,4.82330000e-01,4.98660000e-01
2.00000000e-01,9.80000000e-01,4.83270000e-01,4.97770000e-01
2.20000000e-01,9.80000000e-01,4.85060000e-01,4.96280000e-01
2.40000000e-01,9.80000000e-01,4.87790000e-01,4.93940000e-01
2.60000000e-01,9.80000000e-01,4.91480000e-01,4.90490000e-01
2.80000000e-01,9.80000000e-01,4.95980000e-01,4.85920000e-01
3.00000000e-01,9.80000000e-01,5.00820000e-01,4.80710000e-01
3.20000000e-01,9.80000000e-01,5.05180000e-01,4.75890000e-01
3.40000000e-01,9.80000000e-01,5.07920000e-01,4.72830000e-01
3.60000000e-01,9.80000000e-01,5.07860000e-01,4.72860000e-01
3.80000000e-01,9.80000000e-01,5.04090000e-01,4.76760000e-01
4.00000000e-01,9.80000000e-01,4.96380000e-01,4.84490000e-01
4.20000000e-01,9.80000000e-01,4.85500000e-01,4.95070000e-01
4.40000000e-01,9.80000000e-01,4.73250000e-01,5.06790000e-01
4.60000000e-01,9.80000000e-01,4.62140000e-01,5.17460000e-01
4.80000000e-01,9.80000000e-01,4.54780000e-01,5.24750000e-01
5.00000000e-01,9.80000000e-01,4.53160000e-01,5.26660000e-01
5.20000000e-01,9.80000000e-01,4.58070000e-01,5.22030000e-01
5.40000000e-01,9.80000000e-01,4.68930000e-01,5.10980000e-01
5.60000000e-01,9.80000000e-01,4.84060000e-01,4.94970000e-01
5.80000000e-01,9.80000000e-01,5.01220000e-01,4.76500000e-01
6.00000000e-01,9.80000000e-01,5.18050000e-01,4.58580000e-01
6.20000000e-01,9.80000000e-01,5.32190000e-01,4.44170000e-01
6.40000000e-01,9.80000000e-01,5.41420000e-01,4.35700000e-01
6.60000000e-01,9.80000000e-01,5.43910000e-01,4.34570000e-01
6.80000000e-01,9.80000000e-01,5.38770000e-01,4.40850000e-01
7.00000000e-01,9.80000000e-01,5.26510000e-01,4.53300000e-01
7.20000000e-01,9.80000000e-01,5.08910000e-01,4.69880000e-01
7.40000000e-01,9.80000000e-01,4.88460000e-01,4.88450000e-01
7.60000000e-01,9.80000000e-01,4.67740000e-01,5.07210000e-01
7.80000000e-01,9.80000000e-01,4.49110000e-01,5.24650000e-01
8.00000000e-01,9.80000000e-01,4.34740000e-01,5.39230000e-01
8.20000000e-01,9.80000000e-01,4.26500000e-01,5.49120000e-01
8.40000000e-01,9.80000000e-01,4.25670000e-01,5.52440000e-01
8.60000000e-01,9.80000000e-01,4.32480000e-01,5.48030000e-01
8.80000000e-01,9.80000000e-01,4.45890000e-01,5.36210000e-01
9.00000000e-01,9.80000000e-01,4.63710000e-01,5.18950000e-01
9.20000000e-01,9.80000000e-01,4.83010000e-01,4.99630000e-01
9.40000000e-01,9.80000000e-01,5.00100000e-01,4.82580000e-01
9.60000000e-01,9.80000000e-01,5.09890000e-01,4.73170000e-01
9.80000000e-01,9.80000000e-01,5.06280000e-01,4.77040000e-01
1.00000000e+00,9.80000000e-01,4.93450000e-01,4.89810000e-01
0.00000000e+00,1.00000000e+00,4.93760000e-01,4.89490000e-01
2.00000000e-02,1.00000000e+00,4.94140000e-01,4.89100000e-01
4.00000000e-02,1.00000000e+00,4.90150000e-01,4.93110000e-01
6.00000000e-02,1.00000000e+00,4.82640000e-01,5.00770000e-01
8.00000000e-02,1.00000000e+00,4.74340000e-01,5.09180000e-01
1.00000000e-01,1.00000000e+00,4.67160000e-01,5.16080000e-01
1.20000000e-01,1.00000000e+00,4.62350000e-01,5.19980000e-01
1.40000000e-01,1.00000000e+00,4.60690000e-01,5.20230000e-01
1.60000000e-01,1.00000000e+00,4.62470000e-01,5.16980000e-01
1.80000000e-01,1.00000000e+00,4.67410000e-01,5.11010000e-01
2.00000000e-01,1.00000000e+00,4.74820000e-01,5.03370000e-01
2.20000000e-01,1.00000000e+00,4.83750000e-01,4.95010000e-01
2.40000000e-01,1.00000000e+00,4.93170000e-01,4.86650000e-01
2.60000000e-01,1.00000000e+00,5.02050000e-01,4.78790000e-01
2.80000000e-01,1.00000000e+00,5.09440000e-01,4.71920000e-01
3.00000000e-01,1.00000000e+00,5.14490000e-01,4.66620000e-01
3.20000000e-01,1.00000000e+00,5.16660000e-01,4.63610000e-01
3.40000000e-01,1.00000000e+00,5.15770000e-01,4.63550000e-01
3.60000000e-01,1.00000000e+00,5.12000000e-01,4.66800000e-01
3.80000000e-01,1.00000000e+00,5.05780000e-01,4.73190000e-01
4.00000000e-01,1.00000000e+00,4.97650000e-01,4.81970000e-01
4.20000000e-01,1.00000000e+00,4.88340000e-01,4.91920000e-01
4.40000000e-01,1.00000000e+00,4.78840000e-01,5.01610000e-01
4.60000000e-01,1.00000000e+00,4.70450000e-01,5.09650000e-01
4.80000000e-01,1.00000000e+00,4.64610000e-01,5.14960000e-01
5.00000000e-01,1.00000000e+00,4.62470000e-01,5.16830000e-01
5.20000000e-01,1.00000000e+00,4.64470000e-01,5.15050000e-01
5.40000000e-01,1.00000000e+00,4.70180000e-01,5.09850000e-01
5.60000000e-01,1.00000000e+00,4.78480000e-01,5.01900000e-01
5.80000000e-01,1.00000000e+00,4.87950000e-01,4.92290000e-01
6.00000000e-01,1.00000000e+00,4.97260000e-01,4.82380000e-01
6.20000000e-01,1.00000000e+00,5.05430000e-01,4.73590000e-01
6.40000000e-01,1.00000000e+00,5.11730000e-01,4.67110000e-01
6.60000000e-01,1.00000000e+00,5.15610000e-01,4.63700000e-01
6.80000000e-01,1.00000000e+00,5.16650000e-01,4.63550000e-01
7.00000000e-01,1.00000000e+00,5.14670000e-01,4.66330000e-01
7.20000000e-01,1.00000000e+00,5.09840000e-01,4.71410000e-01
7.40000000e-01,1.00000000e+00,5.02690000e-01,4.78100000e-01
7.60000000e-01,1.00000000e+00,4.94020000e-01,4.85820000e-01
7.80000000e-01,1.00000000e+00,4.84750000e-01,4.94110000e-01
8.00000000e-01,1.00000000e+00,4.75830000e-01,5.02490000e-01
8.20000000e-01,1.00000000e+00,4.68280000e-01,5.10250000e-01
8.40000000e-01,1.00000000e+00,4.63040000e-01,5.16440000e-01
8.60000000e-01,1.00000000e+00,4.60850000e-01,5.20010000e-01
8.80000000e-01,1.00000000e+00,4.62020000e-01,5.20160000e-01
9.00000000e-01,1.00000000e+00,4.66380000e-01,5.16700000e-01
9.20000000e-01,1.00000000e+00,4.73220000e-01,5.10200000e-01
9.40000000e-01,1.00000000e+00,4.81370000e-01,5.02010000e-01
9.60000000e-01,1.00000000e+00,4.88990000e-01,4.94280000e-01
9.80000000e-01,1.00000000e+00,4.93450000e-01,4.89810000e-01
1.00000000e+00,1.00000000e+00,4.93760000e-01,4.89490000e-01
