0.0000,0.0000,0.33572,0.35020
0.010000,0.0000,0.33598,0.34999
0.020000,0.0000,0.33614,0.34989
0.030000,0.0000,0.33608,0.35000
0.040000,0.0000,0.33577,0.35035
0.050000,0.0000,0.33522,0.35092
0.060000,0.0000,0.33448,0.35166
0.070000,0.0000,0.33358,0.35252
0.080000,0.0000,0.33259,0.35344
0.090000,0.0000,0.33154,0.35439
0.10000,0.0000,0.33047,0.35531
0.11000,0.0000,0.32945,0.35616
0.12000,0.0000,0.32849,0.35691
0.13000,0.0000,0.32763,0.35753
0.14000,0.0000,0.32689,0.35800
0.15000,0.0000,0.32630,0.35830
0.16000,0.0000,0.32587,0.35842
0.17000,0.0000,0.32559,0.35837
0.18000,0.0000,0.32548,0.35816
0.19000,0.0000,0.32551,0.35781
0.20000,0.0000,0.32568,0.35733
0.21000,0.0000,0.32595,0.35676
0.22000,0.0000,0.32632,0.35613
0.23000,0.0000,0.32674,0.35546
0.24000,0.0000,0.32720,0.35480
0.25000,0.0000,0.32765,0.35417
0.26000,0.0000,0.32807,0.35359
0.27000,0.0000,0.32845,0.35311
0.28000,0.0000,0.32875,0.35273
0.29000,0.0000,0.32896,0.35246
0.30000,0.0000,0.32907,0.35233
0.31000,0.0000,0.32908,0.35233
0.32000,0.0000,0.32899,0.35246
0.33000,0.0000,0.32881,0.35271
0.34000,0.0000,0.32855,0.35307
0.35000,0.0000,0.32823,0.35352
0.36000,0.0000,0.32788,0.35403
0.37000,0.0000,0.32753,0.35458
0.38000,0.0000,0.32720,0.35515
0.39000,0.0000,0.32691,0.35569
0.40000,0.0000,0.32671,0.35618
0.41000,0.0000,0.32661,0.35659
0.42000,0.0000,0.32663,0.35689
0.43000,0.0000,0.32680,0.35706
0.44000,0.0000,0.32711,0.35709
0.45000,0.0000,0.32758,0.35695
0.46000,0.0000,0.32820,0.35665
0.47000,0.0000,0.32896,0.35620
0.48000,0.0000,0.32985,0.35559
0.49000,0.0000,0.33084,0.35487
0.50000,0.0000,0.33192,0.35403
0.51000,0.0000,0.33304,0.35312
0.52000,0.0000,0.33420,0.35216
0.53000,0.0000,0.33534,0.35118
0.54000,0.0000,0.33645,0.35021
0.55000,0.0000,0.33750,0.34928
0.56000,0.0000,0.33846,0.34842
0.57000,0.0000,0.33931,0.34764
0.58000,0.0000,0.34004,0.34696
0.59000,0.0000,0.34063,0.34640
0.60000,0.0000,0.34109,0.34596
0.61000,0.0000,0.34140,0.34564
0.62000,0.0000,0.34158,0.34544
0.63000,0.0000,0.34163,0.34535
0.64000,0.0000,0.34156,0.34537
0.65000,0.0000,0.34139,0.34549
0.66000,0.0000,0.34112,0.34570
0.67000,0.0000,0.34078,0.34597
0.68000,0.0000,0.34038,0.34630
0.69000,0.0000,0.33994,0.34668
0.70000,0.0000,0.33947,0.34708
0.71000,0.0000,0.33898,0.34750
0.72000,0.0000,0.33850,0.34793
0.73000,0.0000,0.33802,0.34835
0.74000,0.0000,0.33756,0.34876
0.75000,0.0000,0.33712,0.34915
0.76000,0.0000,0.33672,0.34950
0.77000,0.0000,0.33636,0.34983
0.78000,0.0000,0.33604,0.35012
0.79000,0.0000,0.33576,0.35037
0.80000,0.0000,0.33552,0.35058
0.81000,0.0000,0.33533,0.35076
0.82000,0.0000,0.33518,0.35089
0.83000,0.0000,0.33506,0.35099
0.84000,0.0000,0.33499,0.35105
0.85000,0.0000,0.33494,0.35108
0.86000,0.0000,0.33493,0.35108
0.87000,0.0000,0.33494,0.35105
0.88000,0.0000,0.33497,0.35100
0.89000,0.0000,0.33502,0.35094
0.90000,0.0000,0.33507,0.35086
0.91000,0.0000,0.33513,0.35078
0.92000,0.0000,0.33520,0.35070
0.93000,0.0000,0.33526,0.35062
0.94000,0.0000,0.33531,0.35054
0.95000,0.0000,0.33535,0.35049
0.96000,0.0000,0.33538,0.35045
0.97000,0.0000,0.33541,0.35042
0.98000,0.0000,0.33546,0.35039
0.99000,0.0000,0.33555,0.35033
1.0000,0.0000,0.33572,0.35020
0.0000,0.010000,0.33598,0.34999
0.010000,0.010000,0.33670,0.34936
0.020000,0.010000,0.33735,0.34880
0.030000,0.010000,0.33763,0.34864
0.040000,0.010000,0.33743,0.34893
0.050000,0.010000,0.33680,0.34964
0.060000,0.010000,0.33579,0.35069
0.070000,0.010000,0.33449,0.35200
0.080000,0.010000,0.33297,0.35348
0.090000,0.010000,0.33133,0.35505
0.10000,0.010000,0.32964,0.35661
0.11000,0.010000,0.32797,0.35811
0.12000,0.010000,0.32638,0.35948
0.13000,0.010000,0.32493,0.36066
0.14000,0.010000,0.32366,0.36162
0.15000,0.010000,0.32261,0.36231
0.16000,0.010000,0.32179,0.36273
0.17000,0.010000,0.32123,0.36287
0.18000,0.010000,0.32092,0.36274
0.19000,0.010000,0.32085,0.36236
0.20000,0.010000,0.32100,0.36178
0.21000,0.010000,0.32133,0.36102
0.22000,0.010000,0.32181,0.36014
0.23000,0.010000,0.32238,0.35920
0.24000,0.010000,0.32302,0.35824
0.25000,0.010000,0.32366,0.35732
0.26000,0.010000,0.32427,0.35648
0.27000,0.010000,0.32481,0.35577
0.28000,0.010000,0.32524,0.35521
0.29000,0.010000,0.32553,0.35484
0.30000,0.010000,0.32567,0.35466
0.31000,0.010000,0.32566,0.35468
0.32000,0.010000,0.32550,0.35490
0.33000,0.010000,0.32520,0.35530
0.34000,0.010000,0.32479,0.35587
0.35000,0.010000,0.32430,0.35656
0.36000,0.010000,0.32377,0.35734
0.37000,0.010000,0.32324,0.35817
0.38000,0.010000,0.32276,0.35899
0.39000,0.010000,0.32238,0.35976
0.40000,0.010000,0.32213,0.36042
0.41000,0.010000,0.32205,0.36093
0.42000,0.010000,0.32219,0.36124
0.43000,0.010000,0.32255,0.36133
0.44000,0.010000,0.32316,0.36117
0.45000,0.010000,0.32401,0.36075
0.46000,0.010000,0.32509,0.36007
0.47000,0.010000,0.32640,0.35914
0.48000,0.010000,0.32789,0.35799
0.49000,0.010000,0.32954,0.35665
0.50000,0.010000,0.33130,0.35516
0.51000,0.010000,0.33312,0.35358
0.52000,0.010000,0.33497,0.35195
0.53000,0.010000,0.33678,0.35031
0.54000,0.010000,0.33851,0.34873
0.55000,0.010000,0.34013,0.34723
0.56000,0.010000,0.34160,0.34586
0.57000,0.010000,0.34288,0.34464
0.58000,0.010000,0.34396,0.34360
0.59000,0.010000,0.34483,0.34275
0.60000,0.010000,0.34548,0.34209
0.61000,0.010000,0.34592,0.34162
0.62000,0.010000,0.34615,0.34134
0.63000,0.010000,0.34619,0.34123
0.64000,0.010000,0.34606,0.34128
0.65000,0.010000,0.34579,0.34147
0.66000,0.010000,0.34538,0.34177
0.67000,0.010000,0.34487,0.34218
0.68000,0.010000,0.34429,0.34266
0.69000,0.010000,0.34364,0.34320
0.70000,0.010000,0.34296,0.34379
0.71000,0.010000,0.34227,0.34439
0.72000,0.010000,0.34157,0.34500
0.73000,0.010000,0.34088,0.34560
0.74000,0.010000,0.34022,0.34619
0.75000,0.010000,0.33959,0.34676
0.76000,0.010000,0.33900,0.34729
0.77000,0.010000,0.33846,0.34778
0.78000,0.010000,0.33796,0.34823
0.79000,0.010000,0.33751,0.34864
0.80000,0.010000,0.33711,0.34901
0.81000,0.010000,0.33676,0.34933
0.82000,0.010000,0.33645,0.34961
0.83000,0.010000,0.33619,0.34985
0.84000,0.010000,0.33597,0.35005
0.85000,0.010000,0.33579,0.35021
0.86000,0.010000,0.33564,0.35034
0.87000,0.010000,0.33552,0.35044
0.88000,0.010000,0.33542,0.35052
0.89000,0.010000,0.33535,0.35057
0.90000,0.010000,0.33529,0.35061
0.91000,0.010000,0.33525,0.35063
0.92000,0.010000,0.33522,0.35064
0.93000,0.010000,0.33520,0.35064
0.94000,0.010000,0.33518,0.35063
0.95000,0.010000,0.33517,0.35063
0.96000,0.010000,0.33518,0.35061
0.97000,0.010000,0.33523,0.35058
0.98000,0.010000,0.33534,0.35050
0.99000,0.010000,0.33557,0.35033
1.0000,0.010000,0.33598,0.34999
0.0000,0.020000,0.33614,0.34989
0.010000,0.020000,0.33735,0.34880
0.020000,0.020000,0.33882,0.34748
0.030000,0.020000,0.33989,0.34658
0.040000,0.020000,0.34034,0.34628
0.050000,0.020000,0.34014,0.34661
0.060000,0.020000,0.33935,0.34749
0.070000,0.020000,0.33805,0.34883
0.080000,0.020000,0.33635,0.35052
0.090000,0.020000,0.33437,0.35243
0.10000,0.020000,0.33220,0.35448
0.11000,0.020000,0.32994,0.35655
0.12000,0.020000,0.32769,0.35856
0.13000,0.020000,0.32553,0.36042
0.14000,0.020000,0.32353,0.36207
0.15000,0.020000,0.32175,0.36343
0.16000,0.020000,0.32023,0.36449
0.17000,0.020000,0.31901,0.36520
0.18000,0.020000,0.31809,0.36558
0.19000,0.020000,0.31749,0.36563
0.20000,0.020000,0.31717,0.36538
0.21000,0.020000,0.31712,0.36489
0.22000,0.020000,0.31728,0.36419
0.23000,0.020000,0.31762,0.36337
0.24000,0.020000,0.31807,0.36248
0.25000,0.020000,0.31857,0.36159
0.26000,0.020000,0.31908,0.36076
0.27000,0.020000,0.31954,0.36005
0.28000,0.020000,0.31991,0.35950
0.29000,0.020000,0.32015,0.35915
0.30000,0.020000,0.32024,0.35900
0.31000,0.020000,0.32018,0.35908
0.32000,0.020000,0.31997,0.35937
0.33000,0.020000,0.31964,0.35986
0.34000,0.020000,0.31922,0.36050
0.35000,0.020000,0.31875,0.36126
0.36000,0.020000,0.31829,0.36207
0.37000,0.020000,0.31788,0.36289
0.38000,0.020000,0.31760,0.36364
0.39000,0.020000,0.31749,0.36425
0.40000,0.020000,0.31760,0.36468
0.41000,0.020000,0.31798,0.36486
0.42000,0.020000,0.31865,0.36474
0.43000,0.020000,0.31964,0.36431
0.44000,0.020000,0.32094,0.36354
0.45000,0.020000,0.32255,0.36245
0.46000,0.020000,0.32443,0.36104
0.47000,0.020000,0.32655,0.35935
0.48000,0.020000,0.32886,0.35744
0.49000,0.020000,0.33130,0.35536
0.50000,0.020000,0.33380,0.35317
0.51000,0.020000,0.33630,0.35095
0.52000,0.020000,0.33873,0.34876
0.53000,0.020000,0.34104,0.34666
0.54000,0.020000,0.34315,0.34471
0.55000,0.020000,0.34504,0.34295
0.56000,0.020000,0.34667,0.34142
0.57000,0.020000,0.34800,0.34014
0.58000,0.020000,0.34904,0.33913
0.59000,0.020000,0.34977,0.33839
0.60000,0.020000,0.35021,0.33791
0.61000,0.020000,0.35037,0.33767
0.62000,0.020000,0.35028,0.33767
0.63000,0.020000,0.34997,0.33787
0.64000,0.020000,0.34947,0.33824
0.65000,0.020000,0.34882,0.33876
0.66000,0.020000,0.34805,0.33940
0.67000,0.020000,0.34718,0.34012
0.68000,0.020000,0.34626,0.34090
0.69000,0.020000,0.34531,0.34172
0.70000,0.020000,0.34436,0.34256
0.71000,0.020000,0.34341,0.34338
0.72000,0.020000,0.34249,0.34419
0.73000,0.020000,0.34162,0.34497
0.74000,0.020000,0.34080,0.34571
0.75000,0.020000,0.34003,0.34639
0.76000,0.020000,0.33933,0.34703
0.77000,0.020000,0.33869,0.34760
0.78000,0.020000,0.33811,0.34812
0.79000,0.020000,0.33760,0.34859
0.80000,0.020000,0.33714,0.34900
0.81000,0.020000,0.33675,0.34936
0.82000,0.020000,0.33640,0.34967
0.83000,0.020000,0.33611,0.34993
0.84000,0.020000,0.33586,0.35015
0.85000,0.020000,0.33565,0.35033
0.86000,0.020000,0.33548,0.35048
0.87000,0.020000,0.33534,0.35060
0.88000,0.020000,0.33523,0.35069
0.89000,0.020000,0.33513,0.35076
0.90000,0.020000,0.33506,0.35080
0.91000,0.020000,0.33500,0.35084
0.92000,0.020000,0.33496,0.35086
0.93000,0.020000,0.33492,0.35086
0.94000,0.020000,0.33491,0.35086
0.95000,0.020000,0.33491,0.35084
0.96000,0.020000,0.33495,0.35081
0.97000,0.020000,0.33505,0.35073
0.98000,0.020000,0.33525,0.35058
0.99000,0.020000,0.33559,0.35033
1.0000,0.020000,0.33614,0.34989
0.0000,0.030000,0.33608,0.35000
0.010000,0.030000,0.33763,0.34864
0.020000,0.030000,0.33989,0.34658
0.030000,0.030000,0.34193,0.34476
0.040000,0.030000,0.34333,0.34358
0.050000,0.030000,0.34395,0.34317
0.060000,0.030000,0.34377,0.34349
0.070000,0.030000,0.34287,0.34448
0.080000,0.030000,0.34136,0.34601
0.090000,0.030000,0.33934,0.34797
0.10000,0.030000,0.33693,0.35024
0.11000,0.030000,0.33427,0.35271
0.12000,0.030000,0.33146,0.35524
0.13000,0.030000,0.32862,0.35775
0.14000,0.030000,0.32584,0.36012
0.15000,0.030000,0.32322,0.36227
0.16000,0.030000,0.32082,0.36414
0.17000,0.030000,0.31870,0.36568
0.18000,0.030000,0.31690,0.36685
0.19000,0.030000,0.31544,0.36764
0.20000,0.030000,0.31433,0.36808
0.21000,0.030000,0.31354,0.36820
0.22000,0.030000,0.31304,0.36804
0.23000,0.030000,0.31280,0.36768
0.24000,0.030000,0.31274,0.36717
0.25000,0.030000,0.31283,0.36660
0.26000,0.030000,0.31298,0.36602
0.27000,0.030000,0.31316,0.36552
0.28000,0.030000,0.31330,0.36513
0.29000,0.030000,0.31338,0.36490
0.30000,0.030000,0.31336,0.36485
0.31000,0.030000,0.31325,0.36499
0.32000,0.030000,0.31306,0.36530
0.33000,0.030000,0.31280,0.36577
0.34000,0.030000,0.31253,0.36635
0.35000,0.030000,0.31228,0.36698
0.36000,0.030000,0.31213,0.36760
0.37000,0.030000,0.31213,0.36813
0.38000,0.030000,0.31234,0.36850
0.39000,0.030000,0.31283,0.36865
0.40000,0.030000,0.31363,0.36850
0.41000,0.030000,0.31479,0.36801
0.42000,0.030000,0.31632,0.36715
0.43000,0.030000,0.31822,0.36590
0.44000,0.030000,0.32047,0.36426
0.45000,0.030000,0.32304,0.36228
0.46000,0.030000,0.32587,0.35998
0.47000,0.030000,0.32891,0.35744
0.48000,0.030000,0.33206,0.35474
0.49000,0.030000,0.33527,0.35194
0.50000,0.030000,0.33842,0.34915
0.51000,0.030000,0.34146,0.34643
0.52000,0.030000,0.34429,0.34387
0.53000,0.030000,0.34685,0.34154
0.54000,0.030000,0.34909,0.33948
0.55000,0.030000,0.35096,0.33773
0.56000,0.030000,0.35244,0.33633
0.57000,0.030000,0.35352,0.33528
0.58000,0.030000,0.35422,0.33457
0.59000,0.030000,0.35453,0.33420
0.60000,0.030000,0.35450,0.33413
0.61000,0.030000,0.35416,0.33435
0.62000,0.030000,0.35355,0.33481
0.63000,0.030000,0.35272,0.33547
0.64000,0.030000,0.35172,0.33629
0.65000,0.030000,0.35060,0.33724
0.66000,0.030000,0.34938,0.33827
0.67000,0.030000,0.34812,0.33935
0.68000,0.030000,0.34685,0.34046
0.69000,0.030000,0.34559,0.34156
0.70000,0.030000,0.34437,0.34263
0.71000,0.030000,0.34321,0.34366
0.72000,0.030000,0.34212,0.34463
0.73000,0.030000,0.34110,0.34553
0.74000,0.030000,0.34018,0.34636
0.75000,0.030000,0.33934,0.34711
0.76000,0.030000,0.33859,0.34779
0.77000,0.030000,0.33792,0.34838
0.78000,0.030000,0.33733,0.34891
0.79000,0.030000,0.33683,0.34936
0.80000,0.030000,0.33639,0.34975
0.81000,0.030000,0.33602,0.35008
0.82000,0.030000,0.33570,0.35035
0.83000,0.030000,0.33544,0.35058
0.84000,0.030000,0.33523,0.35076
0.85000,0.030000,0.33506,0.35090
0.86000,0.030000,0.33492,0.35101
0.87000,0.030000,0.33481,0.35109
0.88000,0.030000,0.33472,0.35115
0.89000,0.030000,0.33466,0.35119
0.90000,0.030000,0.33461,0.35120
0.91000,0.030000,0.33457,0.35121
0.92000,0.030000,0.33455,0.35120
0.93000,0.030000,0.33455,0.35118
0.94000,0.030000,0.33456,0.35114
0.95000,0.030000,0.33461,0.35109
0.96000,0.030000,0.33471,0.35100
0.97000,0.030000,0.33487,0.35087
0.98000,0.030000,0.33514,0.35067
0.99000,0.030000,0.33552,0.35040
1.0000,0.030000,0.33608,0.35000
0.0000,0.040000,0.33577,0.35035
0.010000,0.040000,0.33743,0.34893
0.020000,0.040000,0.34034,0.34628
0.030000,0.040000,0.34333,0.34358
0.040000,0.040000,0.34580,0.34142
0.050000,0.040000,0.34746,0.34005
0.060000,0.040000,0.34821,0.33954
0.070000,0.040000,0.34805,0.33985
0.080000,0.040000,0.34706,0.34090
0.090000,0.040000,0.34534,0.34259
0.10000,0.040000,0.34300,0.34480
0.11000,0.040000,0.34018,0.34740
0.12000,0.040000,0.33701,0.35027
0.13000,0.040000,0.33362,0.35328
0.14000,0.040000,0.33013,0.35632
0.15000,0.040000,0.32665,0.35926
0.16000,0.040000,0.32330,0.36201
0.17000,0.040000,0.32016,0.36449
0.18000,0.040000,0.31730,0.36664
0.19000,0.040000,0.31476,0.36842
0.20000,0.040000,0.31259,0.36981
0.21000,0.040000,0.31079,0.37083
0.22000,0.040000,0.30934,0.37151
0.23000,0.040000,0.30822,0.37190
0.24000,0.040000,0.30738,0.37206
0.25000,0.040000,0.30678,0.37206
0.26000,0.040000,0.30636,0.37197
0.27000,0.040000,0.30606,0.37186
0.28000,0.040000,0.30584,0.37177
0.29000,0.040000,0.30566,0.37176
0.30000,0.040000,0.30550,0.37185
0.31000,0.040000,0.30535,0.37204
0.32000,0.040000,0.30523,0.37233
0.33000,0.040000,0.30517,0.37267
0.34000,0.040000,0.30520,0.37303
0.35000,0.040000,0.30538,0.37333
0.36000,0.040000,0.30577,0.37352
0.37000,0.040000,0.30643,0.37350
0.38000,0.040000,0.30742,0.37322
0.39000,0.040000,0.30878,0.37261
0.40000,0.040000,0.31055,0.37161
0.41000,0.040000,0.31274,0.37019
0.42000,0.040000,0.31535,0.36833
0.43000,0.040000,0.31834,0.36606
0.44000,0.040000,0.32169,0.36341
0.45000,0.040000,0.32531,0.36044
0.46000,0.040000,0.32913,0.35722
0.47000,0.040000,0.33306,0.35385
0.48000,0.040000,0.33699,0.35043
0.49000,0.040000,0.34083,0.34705
0.50000,0.040000,0.34447,0.34381
0.51000,0.040000,0.34783,0.34081
0.52000,0.040000,0.35081,0.33812
0.53000,0.040000,0.35337,0.33579
0.54000,0.040000,0.35546,0.33388
0.55000,0.040000,0.35705,0.33239
0.56000,0.040000,0.35814,0.33134
0.57000,0.040000,0.35874,0.33072
0.58000,0.040000,0.35887,0.33051
0.59000,0.040000,0.35859,0.33066
0.60000,0.040000,0.35794,0.33115
0.61000,0.040000,0.35698,0.33191
0.62000,0.040000,0.35577,0.33290
0.63000,0.040000,0.35437,0.33407
0.64000,0.040000,0.35284,0.33537
0.65000,0.040000,0.35124,0.33674
0.66000,0.040000,0.34960,0.33816
0.67000,0.040000,0.34797,0.33958
0.68000,0.040000,0.34639,0.34096
0.69000,0.040000,0.34488,0.34230
0.70000,0.040000,0.34346,0.34355
0.71000,0.040000,0.34214,0.34472
0.72000,0.040000,0.34094,0.34579
0.73000,0.040000,0.33986,0.34676
0.74000,0.040000,0.33889,0.34762
0.75000,0.040000,0.33804,0.34838
0.76000,0.040000,0.33730,0.34905
0.77000,0.040000,0.33666,0.34961
0.78000,0.040000,0.33611,0.35009
0.79000,0.040000,0.33566,0.35049
0.80000,0.040000,0.33528,0.35082
0.81000,0.040000,0.33497,0.35108
0.82000,0.040000,0.33472,0.35128
0.83000,0.040000,0.33453,0.35144
0.84000,0.040000,0.33438,0.35155
0.85000,0.040000,0.33427,0.35163
0.86000,0.040000,0.33419,0.35168
0.87000,0.040000,0.33414,0.35170
0.88000,0.040000,0.33410,0.35170
0.89000,0.040000,0.33409,0.35169
0.90000,0.040000,0.33408,0.35166
0.91000,0.040000,0.33409,0.35162
0.92000,0.040000,0.33411,0.35157
0.93000,0.040000,0.33415,0.35151
0.94000,0.040000,0.33421,0.35142
0.95000,0.040000,0.33432,0.35131
0.96000,0.040000,0.33447,0.35117
0.97000,0.040000,0.33470,0.35099
0.98000,0.040000,0.33499,0.35078
0.99000,0.040000,0.33535,0.35056
1.0000,0.040000,0.33577,0.35035
0.0000,0.050000,0.33522,0.35092
0.010000,0.050000,0.33680,0.34964
0.020000,0.050000,0.34014,0.34661
0.030000,0.050000,0.34395,0.34317
0.040000,0.050000,0.34746,0.34005
0.050000,0.050000,0.35026,0.33765
0.060000,0.050000,0.35212,0.33612
0.070000,0.050000,0.35297,0.33552
0.080000,0.050000,0.35281,0.33581
0.090000,0.050000,0.35171,0.33694
0.10000,0.050000,0.34975,0.33879
0.11000,0.050000,0.34707,0.34126
0.12000,0.050000,0.34379,0.34422
0.13000,0.050000,0.34004,0.34754
0.14000,0.050000,0.33598,0.35109
0.15000,0.050000,0.33175,0.35473
0.16000,0.050000,0.32746,0.35835
0.17000,0.050000,0.32326,0.36182
0.18000,0.050000,0.31923,0.36505
0.19000,0.050000,0.31548,0.36796
0.20000,0.050000,0.31206,0.37051
0.21000,0.050000,0.30902,0.37268
0.22000,0.050000,0.30638,0.37445
0.23000,0.050000,0.30413,0.37587
0.24000,0.050000,0.30227,0.37695
0.25000,0.050000,0.30076,0.37777
0.26000,0.050000,0.29956,0.37838
0.27000,0.050000,0.29862,0.37883
0.28000,0.050000,0.29791,0.37919
0.29000,0.050000,0.29740,0.37949
0.30000,0.050000,0.29706,0.37975
0.31000,0.050000,0.29690,0.37997
0.32000,0.050000,0.29692,0.38016
0.33000,0.050000,0.29716,0.38026
0.34000,0.050000,0.29766,0.38023
0.35000,0.050000,0.29846,0.38001
0.36000,0.050000,0.29961,0.37953
0.37000,0.050000,0.30116,0.37873
0.38000,0.050000,0.30316,0.37754
0.39000,0.050000,0.30563,0.37591
0.40000,0.050000,0.30857,0.37382
0.41000,0.050000,0.31198,0.37126
0.42000,0.050000,0.31581,0.36825
0.43000,0.050000,0.32001,0.36485
0.44000,0.050000,0.32450,0.36111
0.45000,0.050000,0.32918,0.35715
0.46000,0.050000,0.33393,0.35306
0.47000,0.050000,0.33865,0.34896
0.48000,0.050000,0.34321,0.34497
0.49000,0.050000,0.34749,0.34120
0.50000,0.050000,0.35139,0.33774
0.51000,0.050000,0.35481,0.33469
0.52000,0.050000,0.35770,0.33210
0.53000,0.050000,0.36000,0.33002
0.54000,0.050000,0.36168,0.32846
0.55000,0.050000,0.36276,0.32743
0.56000,0.050000,0.36324,0.32692
0.57000,0.050000,0.36318,0.32688
0.58000,0.050000,0.36262,0.32727
0.59000,0.050000,0.36163,0.32804
0.60000,0.050000,0.36029,0.32913
0.61000,0.050000,0.35868,0.33047
0.62000,0.050000,0.35686,0.33200
0.63000,0.050000,0.35491,0.33366
0.64000,0.050000,0.35289,0.33539
0.65000,0.050000,0.35086,0.33715
0.66000,0.050000,0.34887,0.33889
0.67000,0.050000,0.34696,0.34057
0.68000,0.050000,0.34515,0.34216
0.69000,0.050000,0.34347,0.34365
0.70000,0.050000,0.34193,0.34502
0.71000,0.050000,0.34053,0.34626
0.72000,0.050000,0.33929,0.34737
0.73000,0.050000,0.33820,0.34834
0.74000,0.050000,0.33725,0.34918
0.75000,0.050000,0.33644,0.34990
0.76000,0.050000,0.33576,0.35050
0.77000,0.050000,0.33519,0.35100
0.78000,0.050000,0.33472,0.35140
0.79000,0.050000,0.33435,0.35172
0.80000,0.050000,0.33406,0.35196
0.81000,0.050000,0.33383,0.35213
0.82000,0.050000,0.33367,0.35225
0.83000,0.050000,0.33356,0.35232
0.84000,0.050000,0.33349,0.35236
0.85000,0.050000,0.33345,0.35236
0.86000,0.050000,0.33344,0.35234
0.87000,0.050000,0.33345,0.35230
0.88000,0.050000,0.33348,0.35224
0.89000,0.050000,0.33351,0.35217
0.90000,0.050000,0.33356,0.35209
0.91000,0.050000,0.33362,0.35200
0.92000,0.050000,0.33369,0.35190
0.93000,0.050000,0.33378,0.35179
0.94000,0.050000,0.33390,0.35165
0.95000,0.050000,0.33406,0.35148
0.96000,0.050000,0.33427,0.35129
0.97000,0.050000,0.33452,0.35109
0.98000,0.050000,0.33481,0.35091
0.99000,0.050000,0.33507,0.35081
1.0000,0.050000,0.33522,0.35092
0.0000,0.060000,0.33448,0.35166
0.010000,0.060000,0.33579,0.35069
0.020000,0.060000,0.33935,0.34749
0.030000,0.060000,0.34377,0.34349
0.040000,0.060000,0.34821,0.33954
0.050000,0.060000,0.35212,0.33612
0.060000,0.060000,0.35518,0.33351
0.070000,0.060000,0.35720,0.33186
0.080000,0.060000,0.35812,0.33120
0.090000,0.060000,0.35792,0.33151
0.10000,0.060000,0.35665,0.33274
0.11000,0.060000,0.35441,0.33480
0.12000,0.060000,0.35130,0.33759
0.13000,0.060000,0.34746,0.34098
0.14000,0.060000,0.34304,0.34485
0.15000,0.060000,0.33819,0.34904
0.16000,0.060000,0.33307,0.35342
0.17000,0.060000,0.32784,0.35784
0.18000,0.060000,0.32263,0.36218
0.19000,0.060000,0.31758,0.36632
0.20000,0.060000,0.31279,0.37017
0.21000,0.060000,0.30836,0.37365
0.22000,0.060000,0.30434,0.37673
0.23000,0.060000,0.30078,0.37940
0.24000,0.060000,0.29770,0.38164
0.25000,0.060000,0.29509,0.38350
0.26000,0.060000,0.29294,0.38501
0.27000,0.060000,0.29122,0.38620
0.28000,0.060000,0.28991,0.38712
0.29000,0.060000,0.28900,0.38781
0.30000,0.060000,0.28847,0.38827
0.31000,0.060000,0.28832,0.38851
0.32000,0.060000,0.28856,0.38852
0.33000,0.060000,0.28921,0.38826
0.34000,0.060000,0.29031,0.38769
0.35000,0.060000,0.29189,0.38675
0.36000,0.060000,0.29398,0.38540
0.37000,0.060000,0.29662,0.38357
0.38000,0.060000,0.29982,0.38124
0.39000,0.060000,0.30356,0.37839
0.40000,0.060000,0.30783,0.37502
0.41000,0.060000,0.31258,0.37117
0.42000,0.060000,0.31771,0.36691
0.43000,0.060000,0.32315,0.36233
0.44000,0.060000,0.32876,0.35753
0.45000,0.060000,0.33442,0.35264
0.46000,0.060000,0.33999,0.34780
0.47000,0.060000,0.34532,0.34314
0.48000,0.060000,0.35030,0.33878
0.49000,0.060000,0.35478,0.33484
0.50000,0.060000,0.35868,0.33140
0.51000,0.060000,0.36192,0.32853
0.52000,0.060000,0.36444,0.32627
0.53000,0.060000,0.36623,0.32464
0.54000,0.060000,0.36730,0.32363
0.55000,0.060000,0.36767,0.32322
0.56000,0.060000,0.36739,0.32336
0.57000,0.060000,0.36655,0.32399
0.58000,0.060000,0.36522,0.32506
0.59000,0.060000,0.36349,0.32647
0.60000,0.060000,0.36145,0.32816
0.61000,0.060000,0.35921,0.33006
0.62000,0.060000,0.35683,0.33208
0.63000,0.060000,0.35440,0.33417
0.64000,0.060000,0.35198,0.33626
0.65000,0.060000,0.34962,0.33832
0.66000,0.060000,0.34738,0.34029
0.67000,0.060000,0.34527,0.34214
0.68000,0.060000,0.34333,0.34386
0.69000,0.060000,0.34157,0.34542
0.70000,0.060000,0.33999,0.34683
0.71000,0.060000,0.33860,0.34806
0.72000,0.060000,0.33739,0.34914
0.73000,0.060000,0.33635,0.35006
0.74000,0.060000,0.33548,0.35083
0.75000,0.060000,0.33475,0.35146
0.76000,0.060000,0.33416,0.35197
0.77000,0.060000,0.33369,0.35237
0.78000,0.060000,0.33333,0.35268
0.79000,0.060000,0.33305,0.35289
0.80000,0.060000,0.33286,0.35303
0.81000,0.060000,0.33274,0.35312
0.82000,0.060000,0.33266,0.35314
0.83000,0.060000,0.33264,0.35313
0.84000,0.060000,0.33265,0.35309
0.85000,0.060000,0.33269,0.35302
0.86000,0.060000,0.33275,0.35293
0.87000,0.060000,0.33282,0.35282
0.88000,0.060000,0.33290,0.35271
0.89000,0.060000,0.33299,0.35259
0.90000,0.060000,0.33309,0.35246
0.91000,0.060000,0.33320,0.35232
0.92000,0.060000,0.33333,0.35216
0.93000,0.060000,0.33347,0.35200
0.94000,0.060000,0.33365,0.35180
0.95000,0.060000,0.33386,0.35159
0.96000,0.060000,0.33410,0.35137
0.97000,0.060000,0.33437,0.35116
0.98000,0.060000,0.33460,0.35105
0.99000,0.060000,0.33470,0.35114
1.0000,0.060000,0.33448,0.35166
0.0000,0.070000,0.33358,0.35252
0.010000,0.070000,0.33449,0.35200
0.020000,0.070000,0.33805,0.34883
0.030000,0.070000,0.34287,0.34448
0.040000,0.070000,0.34805,0.33985
0.050000,0.070000,0.35297,0.33552
0.060000,0.070000,0.35720,0.33186
0.070000,0.070000,0.36048,0.32909
0.080000,0.070000,0.36262,0.32734
0.090000,0.070000,0.36355,0.32666
0.10000,0.070000,0.36324,0.32704
0.11000,0.070000,0.36173,0.32845
0.12000,0.070000,0.35909,0.33082
0.13000,0.070000,0.35543,0.33403
0.14000,0.070000,0.35090,0.33798
0.15000,0.070000,0.34566,0.34253
0.16000,0.070000,0.33986,0.34752
0.17000,0.070000,0.33371,0.35280
0.18000,0.070000,0.32737,0.35820
0.19000,0.070000,0.32102,0.36358
0.20000,0.070000,0.31482,0.36878
0.21000,0.070000,0.30891,0.37371
0.22000,0.070000,0.30341,0.37825
0.23000,0.070000,0.29840,0.38234
0.24000,0.070000,0.29394,0.38594
0.25000,0.070000,0.29009,0.38902
0.26000,0.070000,0.28686,0.39161
0.27000,0.070000,0.28426,0.39369
0.28000,0.070000,0.28228,0.39529
0.29000,0.070000,0.28092,0.39644
0.30000,0.070000,0.28018,0.39713
0.31000,0.070000,0.28006,0.39736
0.32000,0.070000,0.28056,0.39712
0.33000,0.070000,0.28172,0.39639
0.34000,0.070000,0.28354,0.39512
0.35000,0.070000,0.28603,0.39329
0.36000,0.070000,0.28922,0.39086
0.37000,0.070000,0.29309,0.38781
0.38000,0.070000,0.29761,0.38415
0.39000,0.070000,0.30276,0.37991
0.40000,0.070000,0.30844,0.37514
0.41000,0.070000,0.31457,0.36992
0.42000,0.070000,0.32102,0.36438
0.43000,0.070000,0.32764,0.35864
0.44000,0.070000,0.33428,0.35286
0.45000,0.070000,0.34078,0.34719
0.46000,0.070000,0.34698,0.34177
0.47000,0.070000,0.35271,0.33676
0.48000,0.070000,0.35785,0.33226
0.49000,0.070000,0.36227,0.32838
0.50000,0.070000,0.36591,0.32519
0.51000,0.070000,0.36869,0.32272
0.52000,0.070000,0.37062,0.32099
0.53000,0.070000,0.37169,0.31999
0.54000,0.070000,0.37195,0.31967
0.55000,0.070000,0.37147,0.31998
0.56000,0.070000,0.37034,0.32086
0.57000,0.070000,0.36866,0.32221
0.58000,0.070000,0.36654,0.32395
0.59000,0.070000,0.36409,0.32599
0.60000,0.070000,0.36141,0.32824
0.61000,0.070000,0.35860,0.33063
0.62000,0.070000,0.35576,0.33307
0.63000,0.070000,0.35295,0.33550
0.64000,0.070000,0.35023,0.33786
0.65000,0.070000,0.34766,0.34011
0.66000,0.070000,0.34527,0.34221
0.67000,0.070000,0.34308,0.34414
0.68000,0.070000,0.34111,0.34589
0.69000,0.070000,0.33936,0.34745
0.70000,0.070000,0.33783,0.34880
0.71000,0.070000,0.33651,0.34997
0.72000,0.070000,0.33539,0.35096
0.73000,0.070000,0.33446,0.35178
0.74000,0.070000,0.33370,0.35244
0.75000,0.070000,0.33310,0.35296
0.76000,0.070000,0.33262,0.35335
0.77000,0.070000,0.33227,0.35364
0.78000,0.070000,0.33202,0.35383
0.79000,0.070000,0.33186,0.35393
0.80000,0.070000,0.33178,0.35398
0.81000,0.070000,0.33175,0.35396
0.82000,0.070000,0.33177,0.35390
0.83000,0.070000,0.33183,0.35381
0.84000,0.070000,0.33191,0.35369
0.85000,0.070000,0.33202,0.35355
0.86000,0.070000,0.33215,0.35340
0.87000,0.070000,0.33228,0.35324
0.88000,0.070000,0.33242,0.35308
0.89000,0.070000,0.33256,0.35290
0.90000,0.070000,0.33271,0.35273
0.91000,0.070000,0.33287,0.35254
0.92000,0.070000,0.33305,0.35234
0.93000,0.070000,0.33324,0.35212
0.94000,0.070000,0.33347,0.35188
0.95000,0.070000,0.33372,0.35163
0.96000,0.070000,0.33398,0.35139
0.97000,0.070000,0.33422,0.35121
0.98000,0.070000,0.33436,0.35119
0.99000,0.070000,0.33425,0.35151
1.0000,0.070000,0.33358,0.35252
0.0000,0.080000,0.33259,0.35344
0.010000,0.080000,0.33297,0.35348
0.020000,0.080000,0.33635,0.35052
0.030000,0.080000,0.34136,0.34601
0.040000,0.080000,0.34706,0.34090
0.050000,0.080000,0.35281,0.33581
0.060000,0.080000,0.35812,0.33120
0.070000,0.080000,0.36262,0.32734
0.080000,0.080000,0.36606,0.32446
0.090000,0.080000,0.36826,0.32268
0.10000,0.080000,0.36911,0.32205
0.11000,0.080000,0.36858,0.32260
0.12000,0.080000,0.36670,0.32431
0.13000,0.080000,0.36352,0.32711
0.14000,0.080000,0.35916,0.33090
0.15000,0.080000,0.35377,0.33557
0.16000,0.080000,0.34753,0.34098
0.17000,0.080000,0.34064,0.34694
0.18000,0.080000,0.33330,0.35330
0.19000,0.080000,0.32574,0.35985
0.20000,0.080000,0.31816,0.36641
0.21000,0.080000,0.31076,0.37282
0.22000,0.080000,0.30372,0.37891
0.23000,0.080000,0.29719,0.38455
0.24000,0.080000,0.29129,0.38964
0.25000,0.080000,0.28611,0.39412
0.26000,0.080000,0.28172,0.39792
0.27000,0.080000,0.27815,0.40102
0.28000,0.080000,0.27545,0.40340
0.29000,0.080000,0.27361,0.40506
0.30000,0.080000,0.27266,0.40600
0.31000,0.080000,0.27259,0.40620
0.32000,0.080000,0.27342,0.40565
0.33000,0.080000,0.27514,0.40433
0.34000,0.080000,0.27775,0.40224
0.35000,0.080000,0.28126,0.39935
0.36000,0.080000,0.28563,0.39569
0.37000,0.080000,0.29081,0.39126
0.38000,0.080000,0.29674,0.38614
0.39000,0.080000,0.30333,0.38040
0.40000,0.080000,0.31044,0.37416
0.41000,0.080000,0.31793,0.36757
0.42000,0.080000,0.32561,0.36079
0.43000,0.080000,0.33331,0.35399
0.44000,0.080000,0.34082,0.34737
0.45000,0.080000,0.34795,0.34109
0.46000,0.080000,0.35454,0.33532
0.47000,0.080000,0.36041,0.33018
0.48000,0.080000,0.36544,0.32579
0.49000,0.080000,0.36953,0.32221
0.50000,0.080000,0.37264,0.31948
0.51000,0.080000,0.37473,0.31761
0.52000,0.080000,0.37584,0.31657
0.53000,0.080000,0.37603,0.31632
0.54000,0.080000,0.37536,0.31679
0.55000,0.080000,0.37395,0.31789
0.56000,0.080000,0.37193,0.31953
0.57000,0.080000,0.36942,0.32159
0.58000,0.080000,0.36654,0.32398
0.59000,0.080000,0.36343,0.32659
0.60000,0.080000,0.36020,0.32933
0.61000,0.080000,0.35695,0.33211
0.62000,0.080000,0.35375,0.33486
0.63000,0.080000,0.35068,0.33752
0.64000,0.080000,0.34780,0.34004
0.65000,0.080000,0.34514,0.34238
0.66000,0.080000,0.34271,0.34452
0.67000,0.080000,0.34055,0.34643
0.68000,0.080000,0.33864,0.34812
0.69000,0.080000,0.33698,0.34959
0.70000,0.080000,0.33557,0.35084
0.71000,0.080000,0.33439,0.35188
0.72000,0.080000,0.33342,0.35273
0.73000,0.080000,0.33263,0.35340
0.74000,0.080000,0.33202,0.35392
0.75000,0.080000,0.33156,0.35431
0.76000,0.080000,0.33122,0.35457
0.77000,0.080000,0.33100,0.35473
0.78000,0.080000,0.33088,0.35480
0.79000,0.080000,0.33083,0.35480
0.80000,0.080000,0.33085,0.35475
0.81000,0.080000,0.33091,0.35464
0.82000,0.080000,0.33102,0.35450
0.83000,0.080000,0.33115,0.35434
0.84000,0.080000,0.33131,0.35415
0.85000,0.080000,0.33148,0.35396
0.86000,0.080000,0.33166,0.35375
0.87000,0.080000,0.33185,0.35355
0.88000,0.080000,0.33204,0.35333
0.89000,0.080000,0.33223,0.35312
0.90000,0.080000,0.33243,0.35290
0.91000,0.080000,0.33263,0.35266
0.92000,0.080000,0.33286,0.35242
0.93000,0.080000,0.33310,0.35216
0.94000,0.080000,0.33336,0.35188
0.95000,0.080000,0.33364,0.35161
0.96000,0.080000,0.33390,0.35137
0.97000,0.080000,0.33409,0.35123
0.98000,0.080000,0.33411,0.35133
0.99000,0.080000,0.33374,0.35192
1.0000,0.080000,0.33259,0.35344
0.0000,0.090000,0.33154,0.35439
0.010000,0.090000,0.33133,0.35505
0.020000,0.090000,0.33437,0.35243
0.030000,0.090000,0.33934,0.34797
0.040000,0.090000,0.34534,0.34259
0.050000,0.090000,0.35171,0.33694
0.060000,0.090000,0.35792,0.33151
0.070000,0.090000,0.36355,0.32666
0.080000,0.090000,0.36826,0.32268
0.090000,0.090000,0.37178,0.31975
0.10000,0.090000,0.37393,0.31802
0.11000,0.090000,0.37458,0.31757
0.12000,0.090000,0.37369,0.31843
0.13000,0.090000,0.37127,0.32059
0.14000,0.090000,0.36738,0.32399
0.15000,0.090000,0.36214,0.32855
0.16000,0.090000,0.35572,0.33414
0.17000,0.090000,0.34833,0.34059
0.18000,0.090000,0.34020,0.34772
0.19000,0.090000,0.33158,0.35532
0.20000,0.090000,0.32275,0.36316
0.21000,0.090000,0.31394,0.37102
0.22000,0.090000,0.30541,0.37867
0.23000,0.090000,0.29737,0.38592
0.24000,0.090000,0.29002,0.39259
0.25000,0.090000,0.28349,0.39854
0.26000,0.090000,0.27791,0.40366
0.27000,0.090000,0.27337,0.40787
0.28000,0.090000,0.26992,0.41111
0.29000,0.090000,0.26760,0.41334
0.30000,0.090000,0.26643,0.41453
0.31000,0.090000,0.26643,0.41467
0.32000,0.090000,0.26760,0.41375
0.33000,0.090000,0.26993,0.41176
0.34000,0.090000,0.27339,0.40873
0.35000,0.090000,0.27794,0.40468
0.36000,0.090000,0.28352,0.39966
0.37000,0.090000,0.29004,0.39376
0.38000,0.090000,0.29737,0.38710
0.39000,0.090000,0.30537,0.37983
0.40000,0.090000,0.31384,0.37214
0.41000,0.090000,0.32257,0.36423
0.42000,0.090000,0.33134,0.35632
0.43000,0.090000,0.33992,0.34863
0.44000,0.090000,0.34807,0.34136
0.45000,0.090000,0.35558,0.33471
0.46000,0.090000,0.36228,0.32881
0.47000,0.090000,0.36800,0.32379
0.48000,0.090000,0.37264,0.31973
0.49000,0.090000,0.37614,0.31666
0.50000,0.090000,0.37848,0.31458
0.51000,0.090000,0.37968,0.31347
0.52000,0.090000,0.37982,0.31325
0.53000,0.090000,0.37900,0.31385
0.54000,0.090000,0.37733,0.31515
0.55000,0.090000,0.37498,0.31705
0.56000,0.090000,0.37208,0.31942
0.57000,0.090000,0.36879,0.32215
0.58000,0.090000,0.36525,0.32511
0.59000,0.090000,0.36159,0.32820
0.60000,0.090000,0.35793,0.33132
0.61000,0.090000,0.35436,0.33440
0.62000,0.090000,0.35095,0.33735
0.63000,0.090000,0.34776,0.34012
0.64000,0.090000,0.34484,0.34268
0.65000,0.090000,0.34220,0.34500
0.66000,0.090000,0.33985,0.34707
0.67000,0.090000,0.33781,0.34888
0.68000,0.090000,0.33605,0.35043
0.69000,0.090000,0.33456,0.35174
0.70000,0.090000,0.33333,0.35282
0.71000,0.090000,0.33233,0.35369
0.72000,0.090000,0.33154,0.35436
0.73000,0.090000,0.33094,0.35487
0.74000,0.090000,0.33049,0.35523
0.75000,0.090000,0.33019,0.35546
0.76000,0.090000,0.33001,0.35559
0.77000,0.090000,0.32992,0.35562
0.78000,0.090000,0.32992,0.35558
0.79000,0.090000,0.32998,0.35547
0.80000,0.090000,0.33009,0.35533
0.81000,0.090000,0.33025,0.35514
0.82000,0.090000,0.33043,0.35493
0.83000,0.090000,0.33063,0.35471
0.84000,0.090000,0.33085,0.35447
0.85000,0.090000,0.33108,0.35422
0.86000,0.090000,0.33131,0.35398
0.87000,0.090000,0.33154,0.35373
0.88000,0.090000,0.33177,0.35348
0.89000,0.090000,0.33200,0.35322
0.90000,0.090000,0.33224,0.35296
0.91000,0.090000,0.33249,0.35269
0.92000,0.090000,0.33276,0.35241
0.93000,0.090000,0.33304,0.35212
0.94000,0.090000,0.33333,0.35181
0.95000,0.090000,0.33361,0.35153
0.96000,0.090000,0.33385,0.35131
0.97000,0.090000,0.33398,0.35124
0.98000,0.090000,0.33385,0.35148
0.99000,0.090000,0.33320,0.35233
1.0000,0.090000,0.33154,0.35439
0.0000,0.10000,0.33047,0.35531
0.010000,0.10000,0.32964,0.35661
0.020000,0.10000,0.33220,0.35448
0.030000,0.10000,0.33693,0.35024
0.040000,0.10000,0.34300,0.34480
0.050000,0.10000,0.34975,0.33879
0.060000,0.10000,0.35665,0.33274
0.070000,0.10000,0.36324,0.32704
0.080000,0.10000,0.36911,0.32205
0.090000,0.10000,0.37393,0.31802
0.10000,0.10000,0.37742,0.31517
0.11000,0.10000,0.37938,0.31363
0.12000,0.10000,0.37968,0.31351
0.13000,0.10000,0.37826,0.31485
0.14000,0.10000,0.37511,0.31765
0.15000,0.10000,0.37033,0.32186
0.16000,0.10000,0.36404,0.32739
0.17000,0.10000,0.35645,0.33409
0.18000,0.10000,0.34781,0.34178
0.19000,0.10000,0.33839,0.35023
0.20000,0.10000,0.32850,0.35919
0.21000,0.10000,0.31847,0.36839
0.22000,0.10000,0.30859,0.37754
0.23000,0.10000,0.29915,0.38637
0.24000,0.10000,0.29041,0.39463
0.25000,0.10000,0.28259,0.40209
0.26000,0.10000,0.27587,0.40858
0.27000,0.10000,0.27037,0.41394
0.28000,0.10000,0.26619,0.41807
0.29000,0.10000,0.26340,0.42088
0.30000,0.10000,0.26204,0.42233
0.31000,0.10000,0.26212,0.42239
0.32000,0.10000,0.26364,0.42106
0.33000,0.10000,0.26657,0.41835
0.34000,0.10000,0.27087,0.41431
0.35000,0.10000,0.27645,0.40902
0.36000,0.10000,0.28321,0.40259
0.37000,0.10000,0.29100,0.39518
0.38000,0.10000,0.29964,0.38698
0.39000,0.10000,0.30892,0.37823
0.40000,0.10000,0.31859,0.36917
0.41000,0.10000,0.32837,0.36008
0.42000,0.10000,0.33800,0.35122
0.43000,0.10000,0.34719,0.34285
0.44000,0.10000,0.35569,0.33518
0.45000,0.10000,0.36328,0.32839
0.46000,0.10000,0.36978,0.32262
0.47000,0.10000,0.37506,0.31796
0.48000,0.10000,0.37904,0.31444
0.49000,0.10000,0.38170,0.31207
0.50000,0.10000,0.38307,0.31079
0.51000,0.10000,0.38323,0.31055
0.52000,0.10000,0.38229,0.31122
0.53000,0.10000,0.38041,0.31269
0.54000,0.10000,0.37775,0.31483
0.55000,0.10000,0.37448,0.31750
0.56000,0.10000,0.37078,0.32055
0.57000,0.10000,0.36682,0.32385
0.58000,0.10000,0.36274,0.32729
0.59000,0.10000,0.35868,0.33074
0.60000,0.10000,0.35473,0.33412
0.61000,0.10000,0.35099,0.33736
0.62000,0.10000,0.34751,0.34038
0.63000,0.10000,0.34434,0.34315
0.64000,0.10000,0.34150,0.34564
0.65000,0.10000,0.33900,0.34784
0.66000,0.10000,0.33683,0.34975
0.67000,0.10000,0.33499,0.35137
0.68000,0.10000,0.33345,0.35272
0.69000,0.10000,0.33219,0.35382
0.70000,0.10000,0.33119,0.35468
0.71000,0.10000,0.33041,0.35534
0.72000,0.10000,0.32984,0.35582
0.73000,0.10000,0.32943,0.35614
0.74000,0.10000,0.32917,0.35633
0.75000,0.10000,0.32903,0.35640
0.76000,0.10000,0.32900,0.35638
0.77000,0.10000,0.32904,0.35629
0.78000,0.10000,0.32916,0.35614
0.79000,0.10000,0.32932,0.35595
0.80000,0.10000,0.32953,0.35572
0.81000,0.10000,0.32976,0.35547
0.82000,0.10000,0.33001,0.35520
0.83000,0.10000,0.33027,0.35492
0.84000,0.10000,0.33054,0.35464
0.85000,0.10000,0.33081,0.35436
0.86000,0.10000,0.33107,0.35408
0.87000,0.10000,0.33134,0.35379
0.88000,0.10000,0.33161,0.35351
0.89000,0.10000,0.33188,0.35323
0.90000,0.10000,0.33216,0.35294
0.91000,0.10000,0.33245,0.35264
0.92000,0.10000,0.33275,0.35232
0.93000,0.10000,0.33306,0.35200
0.94000,0.10000,0.33336,0.35169
0.95000,0.10000,0.33364,0.35141
0.96000,0.10000,0.33383,0.35122
0.97000,0.10000,0.33387,0.35122
0.98000,0.10000,0.33358,0.35161
0.99000,0.10000,0.33264,0.35274
1.0000,0.10000,0.33047,0.35531
0.0000,0.11000,0.32945,0.35616
0.010000,0.11000,0.32797,0.35811
0.020000,0.11000,0.32994,0.35655
0.030000,0.11000,0.33427,0.35271
0.040000,0.11000,0.34018,0.34740
0.050000,0.11000,0.34707,0.34126
0.060000,0.11000,0.35441,0.33480
0.070000,0.11000,0.36173,0.32845
0.080000,0.11000,0.36858,0.32260
0.090000,0.11000,0.37458,0.31757
0.10000,0.11000,0.37938,0.31363
0.11000,0.11000,0.38270,0.31099
0.12000,0.11000,0.38431,0.30981
0.13000,0.11000,0.38407,0.31020
0.14000,0.11000,0.38193,0.31222
0.15000,0.11000,0.37789,0.31588
0.16000,0.11000,0.37207,0.32110
0.17000,0.11000,0.36463,0.32780
0.18000,0.11000,0.35581,0.33579
0.19000,0.11000,0.34592,0.34486
0.20000,0.11000,0.33530,0.35472
0.21000,0.11000,0.32431,0.36507
0.22000,0.11000,0.31332,0.37557
0.23000,0.11000,0.30269,0.38587
0.24000,0.11000,0.29275,0.39564
0.25000,0.11000,0.28377,0.40457
0.26000,0.11000,0.27601,0.41240
0.27000,0.11000,0.26964,0.41891
0.28000,0.11000,0.26480,0.42392
0.29000,0.11000,0.26158,0.42732
0.30000,0.11000,0.26004,0.42901
0.31000,0.11000,0.26021,0.42898
0.32000,0.11000,0.26206,0.42720
0.33000,0.11000,0.26556,0.42374
0.34000,0.11000,0.27063,0.41867
0.35000,0.11000,0.27716,0.41214
0.36000,0.11000,0.28498,0.40432
0.37000,0.11000,0.29389,0.39544
0.38000,0.11000,0.30366,0.38580
0.39000,0.11000,0.31401,0.37568
0.40000,0.11000,0.32461,0.36543
0.41000,0.11000,0.33516,0.35537
0.42000,0.11000,0.34532,0.34580
0.43000,0.11000,0.35479,0.33700
0.44000,0.11000,0.36330,0.32918
0.45000,0.11000,0.37064,0.32252
0.46000,0.11000,0.37663,0.31712
0.47000,0.11000,0.38117,0.31303
0.48000,0.11000,0.38424,0.31024
0.49000,0.11000,0.38586,0.30871
0.50000,0.11000,0.38611,0.30834
0.51000,0.11000,0.38513,0.30902
0.52000,0.11000,0.38308,0.31061
0.53000,0.11000,0.38015,0.31294
0.54000,0.11000,0.37654,0.31587
0.55000,0.11000,0.37246,0.31923
0.56000,0.11000,0.36809,0.32286
0.57000,0.11000,0.36360,0.32663
0.58000,0.11000,0.35914,0.33040
0.59000,0.11000,0.35483,0.33409
0.60000,0.11000,0.35076,0.33759
0.61000,0.11000,0.34700,0.34085
0.62000,0.11000,0.34360,0.34382
0.63000,0.11000,0.34057,0.34647
0.64000,0.11000,0.33793,0.34879
0.65000,0.11000,0.33567,0.35078
0.66000,0.11000,0.33376,0.35244
0.67000,0.11000,0.33220,0.35381
0.68000,0.11000,0.33094,0.35490
0.69000,0.11000,0.32996,0.35574
0.70000,0.11000,0.32921,0.35636
0.71000,0.11000,0.32869,0.35679
0.72000,0.11000,0.32834,0.35705
0.73000,0.11000,0.32814,0.35718
0.74000,0.11000,0.32807,0.35719
0.75000,0.11000,0.32809,0.35711
0.76000,0.11000,0.32821,0.35696
0.77000,0.11000,0.32838,0.35675
0.78000,0.11000,0.32860,0.35650
0.79000,0.11000,0.32886,0.35623
0.80000,0.11000,0.32914,0.35593
0.81000,0.11000,0.32944,0.35562
0.82000,0.11000,0.32974,0.35531
0.83000,0.11000,0.33005,0.35499
0.84000,0.11000,0.33036,0.35468
0.85000,0.11000,0.33066,0.35437
0.86000,0.11000,0.33096,0.35406
0.87000,0.11000,0.33126,0.35375
0.88000,0.11000,0.33156,0.35345
0.89000,0.11000,0.33187,0.35314
0.90000,0.11000,0.33218,0.35282
0.91000,0.11000,0.33249,0.35250
0.92000,0.11000,0.33282,0.35217
0.93000,0.11000,0.33314,0.35183
0.94000,0.11000,0.33344,0.35152
0.95000,0.11000,0.33369,0.35126
0.96000,0.11000,0.33384,0.35111
0.97000,0.11000,0.33377,0.35120
0.98000,0.11000,0.33331,0.35174
0.99000,0.11000,0.33209,0.35313
1.0000,0.11000,0.32945,0.35616
0.0000,0.12000,0.32849,0.35691
0.010000,0.12000,0.32638,0.35948
0.020000,0.12000,0.32769,0.35856
0.030000,0.12000,0.33146,0.35524
0.040000,0.12000,0.33701,0.35027
0.050000,0.12000,0.34379,0.34422
0.060000,0.12000,0.35130,0.33759
0.070000,0.12000,0.35909,0.33082
0.080000,0.12000,0.36670,0.32431
0.090000,0.12000,0.37369,0.31843
0.10000,0.12000,0.37968,0.31351
0.11000,0.12000,0.38431,0.30981
0.12000,0.12000,0.38727,0.30756
0.13000,0.12000,0.38836,0.30694
0.14000,0.12000,0.38742,0.30805
0.15000,0.12000,0.38441,0.31097
0.16000,0.12000,0.37937,0.31568
0.17000,0.12000,0.37245,0.32211
0.18000,0.12000,0.36386,0.33013
0.19000,0.12000,0.35390,0.33953
0.20000,0.12000,0.34294,0.35002
0.21000,0.12000,0.33137,0.36126
0.22000,0.12000,0.31963,0.37287
0.23000,0.12000,0.30813,0.38444
0.24000,0.12000,0.29725,0.39556
0.25000,0.12000,0.28736,0.40583
0.26000,0.12000,0.27875,0.41491
0.27000,0.12000,0.27165,0.42249
0.28000,0.12000,0.26625,0.42834
0.29000,0.12000,0.26268,0.43228
0.30000,0.12000,0.26100,0.43420
0.31000,0.12000,0.26124,0.43405
0.32000,0.12000,0.26339,0.43184
0.33000,0.12000,0.26738,0.42763
0.34000,0.12000,0.27310,0.42157
0.35000,0.12000,0.28040,0.41386
0.36000,0.12000,0.28908,0.40474
0.37000,0.12000,0.29888,0.39454
0.38000,0.12000,0.30949,0.38361
0.39000,0.12000,0.32057,0.37235
0.40000,0.12000,0.33176,0.36115
0.41000,0.12000,0.34269,0.35038
0.42000,0.12000,0.35299,0.34039
0.43000,0.12000,0.36236,0.33144
0.44000,0.12000,0.37051,0.32376
0.45000,0.12000,0.37723,0.31747
0.46000,0.12000,0.38239,0.31266
0.47000,0.12000,0.38594,0.30932
0.48000,0.12000,0.38789,0.30741
0.49000,0.12000,0.38832,0.30681
0.50000,0.12000,0.38736,0.30740
0.51000,0.12000,0.38521,0.30903
0.52000,0.12000,0.38207,0.31150
0.53000,0.12000,0.37817,0.31464
0.54000,0.12000,0.37374,0.31826
0.55000,0.12000,0.36899,0.32219
0.56000,0.12000,0.36411,0.32627
0.57000,0.12000,0.35927,0.33036
0.58000,0.12000,0.35460,0.33433
0.59000,0.12000,0.35022,0.33810
0.60000,0.12000,0.34619,0.34158
0.61000,0.12000,0.34257,0.34473
0.62000,0.12000,0.33938,0.34753
0.63000,0.12000,0.33661,0.34994
0.64000,0.12000,0.33427,0.35199
0.65000,0.12000,0.33233,0.35369
0.66000,0.12000,0.33076,0.35505
0.67000,0.12000,0.32952,0.35611
0.68000,0.12000,0.32859,0.35690
0.69000,0.12000,0.32791,0.35746
0.70000,0.12000,0.32745,0.35781
0.71000,0.12000,0.32718,0.35800
0.72000,0.12000,0.32707,0.35804
0.73000,0.12000,0.32708,0.35797
0.74000,0.12000,0.32719,0.35782
0.75000,0.12000,0.32738,0.35759
0.76000,0.12000,0.32763,0.35732
0.77000,0.12000,0.32792,0.35701
0.78000,0.12000,0.32824,0.35667
0.79000,0.12000,0.32858,0.35632
0.80000,0.12000,0.32893,0.35597
0.81000,0.12000,0.32928,0.35562
0.82000,0.12000,0.32963,0.35527
0.83000,0.12000,0.32997,0.35493
0.84000,0.12000,0.33031,0.35459
0.85000,0.12000,0.33064,0.35426
0.86000,0.12000,0.33097,0.35394
0.87000,0.12000,0.33129,0.35362
0.88000,0.12000,0.33162,0.35330
0.89000,0.12000,0.33194,0.35297
0.90000,0.12000,0.33228,0.35264
0.91000,0.12000,0.33261,0.35230
0.92000,0.12000,0.33295,0.35196
0.93000,0.12000,0.33327,0.35162
0.94000,0.12000,0.33357,0.35132
0.95000,0.12000,0.33378,0.35108
0.96000,0.12000,0.33386,0.35099
0.97000,0.12000,0.33369,0.35116
0.98000,0.12000,0.33305,0.35184
0.99000,0.12000,0.33157,0.35347
1.0000,0.12000,0.32849,0.35691
0.0000,0.13000,0.32763,0.35753
0.010000,0.13000,0.32493,0.36066
0.020000,0.13000,0.32553,0.36042
0.030000,0.13000,0.32862,0.35775
0.040000,0.13000,0.33362,0.35328
0.050000,0.13000,0.34004,0.34754
0.060000,0.13000,0.34746,0.34098
0.070000,0.13000,0.35543,0.33403
0.080000,0.13000,0.36352,0.32711
0.090000,0.13000,0.37127,0.32059
0.10000,0.13000,0.37826,0.31485
0.11000,0.13000,0.38407,0.31020
0.12000,0.13000,0.38836,0.30694
0.13000,0.13000,0.39081,0.30528
0.14000,0.13000,0.39123,0.30542
0.15000,0.13000,0.38948,0.30746
0.16000,0.13000,0.38554,0.31146
0.17000,0.13000,0.37951,0.31740
0.18000,0.13000,0.37157,0.32517
0.19000,0.13000,0.36201,0.33459
0.20000,0.13000,0.35119,0.34539
0.21000,0.13000,0.33953,0.35720
0.22000,0.13000,0.32749,0.36962
0.23000,0.13000,0.31553,0.38217
0.24000,0.13000,0.30410,0.39438
0.25000,0.13000,0.29362,0.40577
0.26000,0.13000,0.28443,0.41591
0.27000,0.13000,0.27683,0.42443
0.28000,0.13000,0.27103,0.43101
0.29000,0.13000,0.26720,0.43542
0.30000,0.13000,0.26542,0.43753
0.31000,0.13000,0.26572,0.43726
0.32000,0.13000,0.26809,0.43464
0.33000,0.13000,0.27244,0.42975
0.34000,0.13000,0.27864,0.42280
0.35000,0.13000,0.28649,0.41404
0.36000,0.13000,0.29573,0.40381
0.37000,0.13000,0.30606,0.39250
0.38000,0.13000,0.31712,0.38056
0.39000,0.13000,0.32851,0.36845
0.40000,0.13000,0.33984,0.35661
0.41000,0.13000,0.35069,0.34546
0.42000,0.13000,0.36069,0.33535
0.43000,0.13000,0.36951,0.32656
0.44000,0.13000,0.37689,0.31928
0.45000,0.13000,0.38265,0.31361
0.46000,0.13000,0.38670,0.30957
0.47000,0.13000,0.38902,0.30713
0.48000,0.13000,0.38969,0.30617
0.49000,0.13000,0.38884,0.30656
0.50000,0.13000,0.38666,0.30812
0.51000,0.13000,0.38338,0.31064
0.52000,0.13000,0.37924,0.31392
0.53000,0.13000,0.37451,0.31775
0.54000,0.13000,0.36942,0.32194
0.55000,0.13000,0.36418,0.32630
0.56000,0.13000,0.35899,0.33066
0.57000,0.13000,0.35399,0.33491
0.58000,0.13000,0.34932,0.33892
0.59000,0.13000,0.34504,0.34261
0.60000,0.13000,0.34121,0.34593
0.61000,0.13000,0.33786,0.34885
0.62000,0.13000,0.33500,0.35135
0.63000,0.13000,0.33260,0.35345
0.64000,0.13000,0.33064,0.35515
0.65000,0.13000,0.32909,0.35649
0.66000,0.13000,0.32790,0.35749
0.67000,0.13000,0.32704,0.35821
0.68000,0.13000,0.32645,0.35868
0.69000,0.13000,0.32609,0.35894
0.70000,0.13000,0.32593,0.35902
0.71000,0.13000,0.32592,0.35896
0.72000,0.13000,0.32604,0.35879
0.73000,0.13000,0.32626,0.35853
0.74000,0.13000,0.32655,0.35821
0.75000,0.13000,0.32689,0.35785
0.76000,0.13000,0.32726,0.35747
0.77000,0.13000,0.32766,0.35707
0.78000,0.13000,0.32806,0.35666
0.79000,0.13000,0.32847,0.35626
0.80000,0.13000,0.32887,0.35586
0.81000,0.13000,0.32927,0.35548
0.82000,0.13000,0.32965,0.35511
0.83000,0.13000,0.33002,0.35475
0.84000,0.13000,0.33038,0.35440
0.85000,0.13000,0.33073,0.35406
0.86000,0.13000,0.33108,0.35372
0.87000,0.13000,0.33142,0.35339
0.88000,0.13000,0.33176,0.35306
0.89000,0.13000,0.33210,0.35273
0.90000,0.13000,0.33245,0.35239
0.91000,0.13000,0.33280,0.35204
0.92000,0.13000,0.33314,0.35170
0.93000,0.13000,0.33345,0.35138
0.94000,0.13000,0.33372,0.35109
0.95000,0.13000,0.33389,0.35090
0.96000,0.13000,0.33390,0.35086
0.97000,0.13000,0.33361,0.35112
0.98000,0.13000,0.33281,0.35192
0.99000,0.13000,0.33108,0.35375
1.0000,0.13000,0.32763,0.35753
0.0000,0.14000,0.32689,0.35800
0.010000,0.14000,0.32366,0.36162
0.020000,0.14000,0.32353,0.36207
0.030000,0.14000,0.32584,0.36012
0.040000,0.14000,0.33013,0.35632
0.050000,0.14000,0.33598,0.35109
0.060000,0.14000,0.34304,0.34485
0.070000,0.14000,0.35090,0.33798
0.080000,0.14000,0.35916,0.33090
0.090000,0.14000,0.36738,0.32399
0.10000,0.14000,0.37511,0.31765
0.11000,0.14000,0.38193,0.31222
0.12000,0.14000,0.38742,0.30805
0.13000,0.14000,0.39123,0.30542
0.14000,0.14000,0.39307,0.30456
0.15000,0.14000,0.39276,0.30564
0.16000,0.14000,0.39020,0.30879
0.17000,0.14000,0.38543,0.31402
0.18000,0.14000,0.37859,0.32128
0.19000,0.14000,0.36991,0.33041
0.20000,0.14000,0.35976,0.34117
0.21000,0.14000,0.34856,0.35318
0.22000,0.14000,0.33676,0.36603
0.23000,0.14000,0.32487,0.37920
0.24000,0.14000,0.31338,0.39215
0.25000,0.14000,0.30272,0.40435
0.26000,0.14000,0.29332,0.41530
0.27000,0.14000,0.28549,0.42453
0.28000,0.14000,0.27950,0.43167
0.29000,0.14000,0.27554,0.43645
0.30000,0.14000,0.27371,0.43869
0.31000,0.14000,0.27406,0.43830
0.32000,0.14000,0.27655,0.43532
0.33000,0.14000,0.28109,0.42988
0.34000,0.14000,0.28751,0.42221
0.35000,0.14000,0.29558,0.41263
0.36000,0.14000,0.30501,0.40155
0.37000,0.14000,0.31543,0.38945
0.38000,0.14000,0.32646,0.37684
0.39000,0.14000,0.33765,0.36424
0.40000,0.14000,0.34859,0.35213
0.41000,0.14000,0.35884,0.34095
0.42000,0.14000,0.36804,0.33106
0.43000,0.14000,0.37586,0.32272
0.44000,0.14000,0.38208,0.31609
0.45000,0.14000,0.38655,0.31123
0.46000,0.14000,0.38923,0.30812
0.47000,0.14000,0.39015,0.30667
0.48000,0.14000,0.38944,0.30672
0.49000,0.14000,0.38728,0.30809
0.50000,0.14000,0.38392,0.31056
0.51000,0.14000,0.37962,0.31389
0.52000,0.14000,0.37464,0.31785
0.53000,0.14000,0.36926,0.32223
0.54000,0.14000,0.36371,0.32681
0.55000,0.14000,0.35820,0.33142
0.56000,0.14000,0.35291,0.33590
0.57000,0.14000,0.34797,0.34012
0.58000,0.14000,0.34347,0.34400
0.59000,0.14000,0.33946,0.34747
0.60000,0.14000,0.33599,0.35049
0.61000,0.14000,0.33304,0.35306
0.62000,0.14000,0.33061,0.35518
0.63000,0.14000,0.32866,0.35686
0.64000,0.14000,0.32715,0.35815
0.65000,0.14000,0.32603,0.35909
0.66000,0.14000,0.32526,0.35971
0.67000,0.14000,0.32479,0.36007
0.68000,0.14000,0.32456,0.36020
0.69000,0.14000,0.32453,0.36015
0.70000,0.14000,0.32466,0.35996
0.71000,0.14000,0.32491,0.35967
0.72000,0.14000,0.32526,0.35929
0.73000,0.14000,0.32567,0.35886
0.74000,0.14000,0.32612,0.35840
0.75000,0.14000,0.32660,0.35792
0.76000,0.14000,0.32709,0.35744
0.77000,0.14000,0.32757,0.35696
0.78000,0.14000,0.32805,0.35650
0.79000,0.14000,0.32852,0.35605
0.80000,0.14000,0.32896,0.35562
0.81000,0.14000,0.32939,0.35522
0.82000,0.14000,0.32979,0.35483
0.83000,0.14000,0.33018,0.35446
0.84000,0.14000,0.33056,0.35411
0.85000,0.14000,0.33092,0.35377
0.86000,0.14000,0.33128,0.35343
0.87000,0.14000,0.33163,0.35310
0.88000,0.14000,0.33198,0.35276
0.89000,0.14000,0.33233,0.35243
0.90000,0.14000,0.33268,0.35209
0.91000,0.14000,0.33303,0.35175
0.92000,0.14000,0.33336,0.35142
0.93000,0.14000,0.33366,0.35112
0.94000,0.14000,0.33389,0.35086
0.95000,0.14000,0.33401,0.35070
0.96000,0.14000,0.33394,0.35072
0.97000,0.14000,0.33354,0.35106
0.98000,0.14000,0.33259,0.35198
0.99000,0.14000,0.33065,0.35397
1.0000,0.14000,0.32689,0.35800
0.0000,0.15000,0.32630,0.35830
0.010000,0.15000,0.32261,0.36231
0.020000,0.15000,0.32175,0.36343
0.030000,0.15000,0.32322,0.36227
0.040000,0.15000,0.32665,0.35926
0.050000,0.15000,0.33175,0.35473
0.060000,0.15000,0.33819,0.34904
0.070000,0.15000,0.34566,0.34253
0.080000,0.15000,0.35377,0.33557
0.090000,0.15000,0.36214,0.32855
0.10000,0.15000,0.37033,0.32186
0.11000,0.15000,0.37789,0.31588
0.12000,0.15000,0.38441,0.31097
0.13000,0.15000,0.38948,0.30746
0.14000,0.15000,0.39276,0.30564
0.15000,0.15000,0.39400,0.30575
0.16000,0.15000,0.39305,0.30793
0.17000,0.15000,0.38987,0.31228
0.18000,0.15000,0.38454,0.31879
0.19000,0.15000,0.37726,0.32733
0.20000,0.15000,0.36834,0.33768
0.21000,0.15000,0.35818,0.34950
0.22000,0.15000,0.34724,0.36235
0.23000,0.15000,0.33601,0.37570
0.24000,0.15000,0.32500,0.38898
0.25000,0.15000,0.31468,0.40160
0.26000,0.15000,0.30548,0.41299
0.27000,0.15000,0.29778,0.42264
0.28000,0.15000,0.29186,0.43012
0.29000,0.15000,0.28793,0.43512
0.30000,0.15000,0.28612,0.43741
0.31000,0.15000,0.28648,0.43692
0.32000,0.15000,0.28897,0.43368
0.33000,0.15000,0.29348,0.42785
0.34000,0.15000,0.29982,0.41969
0.35000,0.15000,0.30773,0.40961
0.36000,0.15000,0.31688,0.39805
0.37000,0.15000,0.32688,0.38556
0.38000,0.15000,0.33732,0.37269
0.39000,0.15000,0.34774,0.36001
0.40000,0.15000,0.35771,0.34804
0.41000,0.15000,0.36681,0.33721
0.42000,0.15000,0.37469,0.32787
0.43000,0.15000,0.38107,0.32027
0.44000,0.15000,0.38575,0.31451
0.45000,0.15000,0.38863,0.31062
0.46000,0.15000,0.38973,0.30854
0.47000,0.15000,0.38913,0.30813
0.48000,0.15000,0.38701,0.30917
0.49000,0.15000,0.38360,0.31146
0.50000,0.15000,0.37917,0.31473
0.51000,0.15000,0.37401,0.31873
0.52000,0.15000,0.36839,0.32322
0.53000,0.15000,0.36258,0.32796
0.54000,0.15000,0.35681,0.33274
0.55000,0.15000,0.35127,0.33740
0.56000,0.15000,0.34610,0.34180
0.57000,0.15000,0.34141,0.34583
0.58000,0.15000,0.33726,0.34941
0.59000,0.15000,0.33368,0.35251
0.60000,0.15000,0.33068,0.35512
0.61000,0.15000,0.32824,0.35723
0.62000,0.15000,0.32633,0.35888
0.63000,0.15000,0.32489,0.36010
0.64000,0.15000,0.32387,0.36093
0.65000,0.15000,0.32322,0.36143
0.66000,0.15000,0.32289,0.36165
0.67000,0.15000,0.32281,0.36164
0.68000,0.15000,0.32294,0.36144
0.69000,0.15000,0.32323,0.36110
0.70000,0.15000,0.32365,0.36065
0.71000,0.15000,0.32415,0.36013
0.72000,0.15000,0.32470,0.35957
0.73000,0.15000,0.32529,0.35898
0.74000,0.15000,0.32589,0.35839
0.75000,0.15000,0.32649,0.35781
0.76000,0.15000,0.32708,0.35724
0.77000,0.15000,0.32765,0.35670
0.78000,0.15000,0.32818,0.35620
0.79000,0.15000,0.32869,0.35572
0.80000,0.15000,0.32917,0.35527
0.81000,0.15000,0.32962,0.35485
0.82000,0.15000,0.33004,0.35446
0.83000,0.15000,0.33044,0.35409
0.84000,0.15000,0.33083,0.35374
0.85000,0.15000,0.33119,0.35340
0.86000,0.15000,0.33155,0.35307
0.87000,0.15000,0.33191,0.35274
0.88000,0.15000,0.33226,0.35241
0.89000,0.15000,0.33261,0.35208
0.90000,0.15000,0.33296,0.35175
0.91000,0.15000,0.33330,0.35143
0.92000,0.15000,0.33362,0.35112
0.93000,0.15000,0.33389,0.35084
0.94000,0.15000,0.33408,0.35062
0.95000,0.15000,0.33414,0.35051
0.96000,0.15000,0.33399,0.35059
0.97000,0.15000,0.33349,0.35100
0.98000,0.15000,0.33240,0.35201
0.99000,0.15000,0.33029,0.35412
1.0000,0.15000,0.32630,0.35830
0.0000,0.16000,0.32587,0.35842
0.010000,0.16000,0.32179,0.36273
0.020000,0.16000,0.32023,0.36449
0.030000,0.16000,0.32082,0.36414
0.040000,0.16000,0.32330,0.36201
0.050000,0.16000,0.32746,0.35835
0.060000,0.16000,0.33307,0.35342
0.070000,0.16000,0.33986,0.34752
0.080000,0.16000,0.34753,0.34098
0.090000,0.16000,0.35572,0.33414
0.10000,0.16000,0.36404,0.32739
0.11000,0.16000,0.37207,0.32110
0.12000,0.16000,0.37937,0.31568
0.13000,0.16000,0.38554,0.31146
0.14000,0.16000,0.39020,0.30879
0.15000,0.16000,0.39305,0.30793
0.16000,0.16000,0.39387,0.30911
0.17000,0.16000,0.39255,0.31245
0.18000,0.16000,0.38912,0.31799
0.19000,0.16000,0.38371,0.32565
0.20000,0.16000,0.37658,0.33525
0.21000,0.16000,0.36807,0.34646
0.22000,0.16000,0.35860,0.35885
0.23000,0.16000,0.34867,0.37190
0.24000,0.16000,0.33874,0.38501
0.25000,0.16000,0.32930,0.39757
0.26000,0.16000,0.32080,0.40898
0.27000,0.16000,0.31361,0.41869
0.28000,0.16000,0.30805,0.42622
0.29000,0.16000,0.30435,0.43124
0.30000,0.16000,0.30264,0.43351
0.31000,0.16000,0.30297,0.43293
0.32000,0.16000,0.30532,0.42956
0.33000,0.16000,0.30955,0.42356
0.34000,0.16000,0.31546,0.41525
0.35000,0.16000,0.32277,0.40504
0.36000,0.16000,0.33113,0.39344
0.37000,0.16000,0.34015,0.38102
0.38000,0.16000,0.34940,0.36838
0.39000,0.16000,0.35845,0.35609
0.40000,0.16000,0.36686,0.34467
0.41000,0.16000,0.37426,0.33457
0.42000,0.16000,0.38033,0.32610
0.43000,0.16000,0.38484,0.31948
0.44000,0.16000,0.38764,0.31478
0.45000,0.16000,0.38870,0.31198
0.46000,0.16000,0.38807,0.31098
0.47000,0.16000,0.38590,0.31159
0.48000,0.16000,0.38240,0.31357
0.49000,0.16000,0.37784,0.31667
0.50000,0.16000,0.37251,0.32059
0.51000,0.16000,0.36670,0.32509
0.52000,0.16000,0.36068,0.32989
0.53000,0.16000,0.35469,0.33478
0.54000,0.16000,0.34895,0.33956
0.55000,0.16000,0.34360,0.34407
0.56000,0.16000,0.33876,0.34819
0.57000,0.16000,0.33451,0.35184
0.58000,0.16000,0.33088,0.35498
0.59000,0.16000,0.32786,0.35759
0.60000,0.16000,0.32545,0.35967
0.61000,0.16000,0.32359,0.36125
0.62000,0.16000,0.32225,0.36236
0.63000,0.16000,0.32136,0.36307
0.64000,0.16000,0.32087,0.36343
0.65000,0.16000,0.32070,0.36349
0.66000,0.16000,0.32080,0.36330
0.67000,0.16000,0.32112,0.36292
0.68000,0.16000,0.32160,0.36240
0.69000,0.16000,0.32220,0.36178
0.70000,0.16000,0.32288,0.36109
0.71000,0.16000,0.32361,0.36037
0.72000,0.16000,0.32436,0.35964
0.73000,0.16000,0.32511,0.35891
0.74000,0.16000,0.32584,0.35821
0.75000,0.16000,0.32655,0.35754
0.76000,0.16000,0.32722,0.35691
0.77000,0.16000,0.32785,0.35633
0.78000,0.16000,0.32844,0.35578
0.79000,0.16000,0.32898,0.35529
0.80000,0.16000,0.32948,0.35483
0.81000,0.16000,0.32995,0.35440
0.82000,0.16000,0.33038,0.35401
0.83000,0.16000,0.33079,0.35365
0.84000,0.16000,0.33117,0.35330
0.85000,0.16000,0.33154,0.35297
0.86000,0.16000,0.33190,0.35265
0.87000,0.16000,0.33225,0.35234
0.88000,0.16000,0.33260,0.35202
0.89000,0.16000,0.33294,0.35171
0.90000,0.16000,0.33328,0.35139
0.91000,0.16000,0.33360,0.35109
0.92000,0.16000,0.33389,0.35081
0.93000,0.16000,0.33413,0.35056
0.94000,0.16000,0.33427,0.35039
0.95000,0.16000,0.33427,0.35032
0.96000,0.16000,0.33405,0.35045
0.97000,0.16000,0.33346,0.35092
0.98000,0.16000,0.33225,0.35200
0.99000,0.16000,0.33000,0.35418
1.0000,0.16000,0.32587,0.35842
0.0000,0.17000,0.32559,0.35837
0.010000,0.17000,0.32123,0.36287
0.020000,0.17000,0.31901,0.36520
0.030000,0.17000,0.31870,0.36568
0.040000,0.17000,0.32016,0.36449
0.050000,0.17000,0.32326,0.36182
0.060000,0.17000,0.32784,0.35784
0.070000,0.17000,0.33371,0.35280
0.080000,0.17000,0.34064,0.34694
0.090000,0.17000,0.34833,0.34059
0.10000,0.17000,0.35645,0.33409
0.11000,0.17000,0.36463,0.32780
0.12000,0.17000,0.37245,0.32211
0.13000,0.17000,0.37951,0.31740
0.14000,0.17000,0.38543,0.31402
0.15000,0.17000,0.38987,0.31228
0.16000,0.17000,0.39255,0.31245
0.17000,0.17000,0.39332,0.31469
0.18000,0.17000,0.39211,0.31909
0.19000,0.17000,0.38899,0.32562
0.20000,0.17000,0.38415,0.33412
0.21000,0.17000,0.37785,0.34430
0.22000,0.17000,0.37047,0.35576
0.23000,0.17000,0.36244,0.36799
0.24000,0.17000,0.35419,0.38040
0.25000,0.17000,0.34620,0.39237
0.26000,0.17000,0.33889,0.40330
0.27000,0.17000,0.33263,0.41264
0.28000,0.17000,0.32775,0.41990
0.29000,0.17000,0.32447,0.42471
0.30000,0.17000,0.32295,0.42686
0.31000,0.17000,0.32323,0.42623
0.32000,0.17000,0.32527,0.42288
0.33000,0.17000,0.32896,0.41699
0.34000,0.17000,0.33407,0.40889
0.35000,0.17000,0.34033,0.39901
0.36000,0.17000,0.34738,0.38787
0.37000,0.17000,0.35485,0.37605
0.38000,0.17000,0.36233,0.36414
0.39000,0.17000,0.36941,0.35272
0.40000,0.17000,0.37570,0.34230
0.41000,0.17000,0.38089,0.33329
0.42000,0.17000,0.38470,0.32599
0.43000,0.17000,0.38697,0.32056
0.44000,0.17000,0.38762,0.31707
0.45000,0.17000,0.38666,0.31543
0.46000,0.17000,0.38422,0.31551
0.47000,0.17000,0.38048,0.31709
0.48000,0.17000,0.37570,0.31989
0.49000,0.17000,0.37015,0.32363
0.50000,0.17000,0.36413,0.32803
0.51000,0.17000,0.35791,0.33280
0.52000,0.17000,0.35175,0.33770
0.53000,0.17000,0.34584,0.34251
0.54000,0.17000,0.34037,0.34706
0.55000,0.17000,0.33544,0.35121
0.56000,0.17000,0.33113,0.35487
0.57000,0.17000,0.32748,0.35800
0.58000,0.17000,0.32449,0.36056
0.59000,0.17000,0.32215,0.36256
0.60000,0.17000,0.32040,0.36403
0.61000,0.17000,0.31919,0.36501
0.62000,0.17000,0.31846,0.36557
0.63000,0.17000,0.31814,0.36574
0.64000,0.17000,0.31817,0.36561
0.65000,0.17000,0.31848,0.36523
0.66000,0.17000,0.31902,0.36464
0.67000,0.17000,0.31971,0.36392
0.68000,0.17000,0.32052,0.36310
0.69000,0.17000,0.32141,0.36222
0.70000,0.17000,0.32234,0.36132
0.71000,0.17000,0.32327,0.36042
0.72000,0.17000,0.32420,0.35953
0.73000,0.17000,0.32509,0.35869
0.74000,0.17000,0.32594,0.35790
0.75000,0.17000,0.32674,0.35716
0.76000,0.17000,0.32748,0.35647
0.77000,0.17000,0.32816,0.35585
0.78000,0.17000,0.32879,0.35529
0.79000,0.17000,0.32936,0.35477
0.80000,0.17000,0.32988,0.35431
0.81000,0.17000,0.33035,0.35389
0.82000,0.17000,0.33079,0.35351
0.83000,0.17000,0.33120,0.35315
0.84000,0.17000,0.33158,0.35282
0.85000,0.17000,0.33194,0.35250
0.86000,0.17000,0.33230,0.35219
0.87000,0.17000,0.33264,0.35189
0.88000,0.17000,0.33298,0.35160
0.89000,0.17000,0.33330,0.35131
0.90000,0.17000,0.33362,0.35102
0.91000,0.17000,0.33392,0.35075
0.92000,0.17000,0.33418,0.35050
0.93000,0.17000,0.33437,0.35029
0.94000,0.17000,0.33447,0.35016
0.95000,0.17000,0.33441,0.35014
0.96000,0.17000,0.33411,0.35031
0.97000,0.17000,0.33344,0.35083
0.98000,0.17000,0.33214,0.35196
0.99000,0.17000,0.32979,0.35416
1.0000,0.17000,0.32559,0.35837
0.0000,0.18000,0.32548,0.35816
0.010000,0.18000,0.32092,0.36274
0.020000,0.18000,0.31809,0.36558
0.030000,0.18000,0.31690,0.36685
0.040000,0.18000,0.31730,0.36664
0.050000,0.18000,0.31923,0.36505
0.060000,0.18000,0.32263,0.36218
0.070000,0.18000,0.32737,0.35820
0.080000,0.18000,0.33330,0.35330
0.090000,0.18000,0.34020,0.34772
0.10000,0.18000,0.34781,0.34178
0.11000,0.18000,0.35581,0.33579
0.12000,0.18000,0.36386,0.33013
0.13000,0.18000,0.37157,0.32517
0.14000,0.18000,0.37859,0.32128
0.15000,0.18000,0.38454,0.31879
0.16000,0.18000,0.38912,0.31799
0.17000,0.18000,0.39211,0.31909
0.18000,0.18000,0.39338,0.32223
0.19000,0.18000,0.39290,0.32739
0.20000,0.18000,0.39076,0.33448
0.21000,0.18000,0.38717,0.34323
0.22000,0.18000,0.38241,0.35328
0.23000,0.18000,0.37683,0.36415
0.24000,0.18000,0.37083,0.37528
0.25000,0.18000,0.36480,0.38610
0.26000,0.18000,0.35915,0.39602
0.27000,0.18000,0.35423,0.40452
0.28000,0.18000,0.35033,0.41113
0.29000,0.18000,0.34769,0.41550
0.30000,0.18000,0.34643,0.41741
0.31000,0.18000,0.34662,0.41677
0.32000,0.18000,0.34822,0.41363
0.33000,0.18000,0.35110,0.40817
0.34000,0.18000,0.35505,0.40071
0.35000,0.18000,0.35982,0.39165
0.36000,0.18000,0.36508,0.38151
0.37000,0.18000,0.37048,0.37084
0.38000,0.18000,0.37565,0.36020
0.39000,0.18000,0.38024,0.35014
0.40000,0.18000,0.38392,0.34113
0.41000,0.18000,0.38645,0.33356
0.42000,0.18000,0.38763,0.32768
0.43000,0.18000,0.38736,0.32364
0.44000,0.18000,0.38563,0.32144
0.45000,0.18000,0.38255,0.32099
0.46000,0.18000,0.37828,0.32211
0.47000,0.18000,0.37305,0.32454
0.48000,0.18000,0.36712,0.32801
0.49000,0.18000,0.36079,0.33221
0.50000,0.18000,0.35431,0.33685
0.51000,0.18000,0.34794,0.34167
0.52000,0.18000,0.34189,0.34642
0.53000,0.18000,0.33631,0.35092
0.54000,0.18000,0.33133,0.35503
0.55000,0.18000,0.32702,0.35863
0.56000,0.18000,0.32341,0.36167
0.57000,0.18000,0.32050,0.36413
0.58000,0.18000,0.31827,0.36599
0.59000,0.18000,0.31666,0.36731
0.60000,0.18000,0.31563,0.36812
0.61000,0.18000,0.31510,0.36847
0.62000,0.18000,0.31500,0.36843
0.63000,0.18000,0.31526,0.36808
0.64000,0.18000,0.31581,0.36746
0.65000,0.18000,0.31659,0.36665
0.66000,0.18000,0.31753,0.36570
0.67000,0.18000,0.31858,0.36465
0.68000,0.18000,0.31970,0.36356
0.69000,0.18000,0.32085,0.36245
0.70000,0.18000,0.32199,0.36135
0.71000,0.18000,0.32311,0.36029
0.72000,0.18000,0.32419,0.35929
0.73000,0.18000,0.32521,0.35834
0.74000,0.18000,0.32615,0.35747
0.75000,0.18000,0.32703,0.35668
0.76000,0.18000,0.32783,0.35595
0.77000,0.18000,0.32856,0.35531
0.78000,0.18000,0.32921,0.35472
0.79000,0.18000,0.32981,0.35421
0.80000,0.18000,0.33034,0.35374
0.81000,0.18000,0.33082,0.35333
0.82000,0.18000,0.33126,0.35295
0.83000,0.18000,0.33166,0.35261
0.84000,0.18000,0.33204,0.35229
0.85000,0.18000,0.33239,0.35200
0.86000,0.18000,0.33273,0.35171
0.87000,0.18000,0.33306,0.35143
0.88000,0.18000,0.33338,0.35116
0.89000,0.18000,0.33369,0.35089
0.90000,0.18000,0.33398,0.35064
0.91000,0.18000,0.33424,0.35040
0.92000,0.18000,0.33446,0.35019
0.93000,0.18000,0.33461,0.35003
0.94000,0.18000,0.33466,0.34993
0.95000,0.18000,0.33454,0.34996
0.96000,0.18000,0.33418,0.35018
0.97000,0.18000,0.33343,0.35074
0.98000,0.18000,0.33206,0.35188
0.99000,0.18000,0.32966,0.35407
1.0000,0.18000,0.32548,0.35816
0.0000,0.19000,0.32551,0.35781
0.010000,0.19000,0.32085,0.36236
0.020000,0.19000,0.31749,0.36563
0.030000,0.19000,0.31544,0.36764
0.040000,0.19000,0.31476,0.36842
0.050000,0.19000,0.31548,0.36796
0.060000,0.19000,0.31758,0.36632
0.070000,0.19000,0.32102,0.36358
0.080000,0.19000,0.32574,0.35985
0.090000,0.19000,0.33158,0.35532
0.10000,0.19000,0.33839,0.35023
0.11000,0.19000,0.34592,0.34486
0.12000,0.19000,0.35390,0.33953
0.13000,0.19000,0.36201,0.33459
0.14000,0.19000,0.36991,0.33041
0.15000,0.19000,0.37726,0.32733
0.16000,0.19000,0.38371,0.32565
0.17000,0.19000,0.38899,0.32562
0.18000,0.19000,0.39290,0.32739
0.19000,0.19000,0.39531,0.33101
0.20000,0.19000,0.39622,0.33640
0.21000,0.19000,0.39572,0.34334
0.22000,0.19000,0.39400,0.35151
0.23000,0.19000,0.39133,0.36049
0.24000,0.19000,0.38802,0.36978
0.25000,0.19000,0.38441,0.37887
0.26000,0.19000,0.38083,0.38723
0.27000,0.19000,0.37759,0.39440
0.28000,0.19000,0.37495,0.39997
0.29000,0.19000,0.37312,0.40364
0.30000,0.19000,0.37221,0.40521
0.31000,0.19000,0.37228,0.40461
0.32000,0.19000,0.37330,0.40188
0.33000,0.19000,0.37515,0.39718
0.34000,0.19000,0.37764,0.39080
0.35000,0.19000,0.38056,0.38309
0.36000,0.19000,0.38361,0.37450
0.37000,0.19000,0.38650,0.36553
0.38000,0.19000,0.38891,0.35669
0.39000,0.19000,0.39058,0.34846
0.40000,0.19000,0.39126,0.34127
0.41000,0.19000,0.39078,0.33545
0.42000,0.19000,0.38903,0.33123
0.43000,0.19000,0.38600,0.32870
0.44000,0.19000,0.38178,0.32786
0.45000,0.19000,0.37653,0.32858
0.46000,0.19000,0.37046,0.33064
0.47000,0.19000,0.36385,0.33380
0.48000,0.19000,0.35696,0.33774
0.49000,0.19000,0.35006,0.34218
0.50000,0.19000,0.34338,0.34682
0.51000,0.19000,0.33712,0.35144
0.52000,0.19000,0.33142,0.35581
0.53000,0.19000,0.32640,0.35979
0.54000,0.19000,0.32211,0.36325
0.55000,0.19000,0.31857,0.36613
0.56000,0.19000,0.31579,0.36841
0.57000,0.19000,0.31372,0.37008
0.58000,0.19000,0.31232,0.37118
0.59000,0.19000,0.31151,0.37175
0.60000,0.19000,0.31122,0.37186
0.61000,0.19000,0.31138,0.37157
0.62000,0.19000,0.31191,0.37095
0.63000,0.19000,0.31273,0.37006
0.64000,0.19000,0.31378,0.36899
0.65000,0.19000,0.31499,0.36777
0.66000,0.19000,0.31631,0.36648
0.67000,0.19000,0.31769,0.36514
0.68000,0.19000,0.31909,0.36380
0.69000,0.19000,0.32047,0.36249
0.70000,0.19000,0.32182,0.36123
0.71000,0.19000,0.32310,0.36004
0.72000,0.19000,0.32431,0.35893
0.73000,0.19000,0.32543,0.35790
0.74000,0.19000,0.32646,0.35697
0.75000,0.19000,0.32740,0.35613
0.76000,0.19000,0.32825,0.35538
0.77000,0.19000,0.32901,0.35471
0.78000,0.19000,0.32970,0.35412
0.79000,0.19000,0.33030,0.35360
0.80000,0.19000,0.33084,0.35314
0.81000,0.19000,0.33133,0.35274
0.82000,0.19000,0.33176,0.35237
0.83000,0.19000,0.33216,0.35205
0.84000,0.19000,0.33253,0.35175
0.85000,0.19000,0.33287,0.35147
0.86000,0.19000,0.33319,0.35120
0.87000,0.19000,0.33350,0.35095
0.88000,0.19000,0.33380,0.35071
0.89000,0.19000,0.33408,0.35048
0.90000,0.19000,0.33434,0.35026
0.91000,0.19000,0.33457,0.35006
0.92000,0.19000,0.33475,0.34989
0.93000,0.19000,0.33485,0.34977
0.94000,0.19000,0.33485,0.34972
0.95000,0.19000,0.33468,0.34979
0.96000,0.19000,0.33426,0.35005
0.97000,0.19000,0.33345,0.35063
0.98000,0.19000,0.33203,0.35177
0.99000,0.19000,0.32961,0.35390
1.0000,0.19000,0.32551,0.35781
0.0000,0.20000,0.32568,0.35733
0.010000,0.20000,0.32100,0.36178
0.020000,0.20000,0.31717,0.36538
0.030000,0.20000,0.31433,0.36808
0.040000,0.20000,0.31259,0.36981
0.050000,0.20000,0.31206,0.37051
0.060000,0.20000,0.31279,0.37017
0.070000,0.20000,0.31482,0.36878
0.080000,0.20000,0.31816,0.36641
0.090000,0.20000,0.32275,0.36316
0.10000,0.20000,0.32850,0.35919
0.11000,0.20000,0.33530,0.35472
0.12000,0.20000,0.34294,0.35002
0.13000,0.20000,0.35119,0.34539
0.14000,0.20000,0.35976,0.34117
0.15000,0.20000,0.36834,0.33768
0.16000,0.20000,0.37658,0.33525
0.17000,0.20000,0.38415,0.33412
0.18000,0.20000,0.39076,0.33448
0.19000,0.20000,0.39622,0.33640
0.20000,0.20000,0.40038,0.33983
0.21000,0.20000,0.40324,0.34461
0.22000,0.20000,0.40487,0.35048
0.23000,0.20000,0.40544,0.35708
0.24000,0.20000,0.40515,0.36399
0.25000,0.20000,0.40428,0.37078
0.26000,0.20000,0.40307,0.37705
0.27000,0.20000,0.40178,0.38241
0.28000,0.20000,0.40062,0.38656
0.29000,0.20000,0.39974,0.38927
0.30000,0.20000,0.39925,0.39040
0.31000,0.20000,0.39919,0.38989
0.32000,0.20000,0.39953,0.38778
0.33000,0.20000,0.40017,0.38418
0.34000,0.20000,0.40098,0.37931
0.35000,0.20000,0.40177,0.37346
0.36000,0.20000,0.40230,0.36697
0.37000,0.20000,0.40236,0.36023
0.38000,0.20000,0.40171,0.35368
0.39000,0.20000,0.40016,0.34772
0.40000,0.20000,0.39755,0.34270
0.41000,0.20000,0.39381,0.33891
0.42000,0.20000,0.38893,0.33653
0.43000,0.20000,0.38303,0.33563
0.44000,0.20000,0.37625,0.33616
0.45000,0.20000,0.36885,0.33798
0.46000,0.20000,0.36109,0.34088
0.47000,0.20000,0.35325,0.34457
0.48000,0.20000,0.34560,0.34878
0.49000,0.20000,0.33837,0.35323
0.50000,0.20000,0.33172,0.35765
0.51000,0.20000,0.32579,0.36182
0.52000,0.20000,0.32067,0.36560
0.53000,0.20000,0.31638,0.36884
0.54000,0.20000,0.31294,0.37150
0.55000,0.20000,0.31031,0.37352
0.56000,0.20000,0.30845,0.37493
0.57000,0.20000,0.30728,0.37574
0.58000,0.20000,0.30674,0.37602
0.59000,0.20000,0.30675,0.37582
0.60000,0.20000,0.30721,0.37522
0.61000,0.20000,0.30805,0.37429
0.62000,0.20000,0.30918,0.37310
0.63000,0.20000,0.31054,0.37172
0.64000,0.20000,0.31206,0.37021
0.65000,0.20000,0.31368,0.36863
0.66000,0.20000,0.31535,0.36702
0.67000,0.20000,0.31702,0.36543
0.68000,0.20000,0.31867,0.36388
0.69000,0.20000,0.32026,0.36239
0.70000,0.20000,0.32177,0.36099
0.71000,0.20000,0.32319,0.35969
0.72000,0.20000,0.32451,0.35849
0.73000,0.20000,0.32573,0.35740
0.74000,0.20000,0.32683,0.35642
0.75000,0.20000,0.32782,0.35555
0.76000,0.20000,0.32871,0.35477
0.77000,0.20000,0.32951,0.35409
0.78000,0.20000,0.33021,0.35350
0.79000,0.20000,0.33083,0.35298
0.80000,0.20000,0.33138,0.35252
0.81000,0.20000,0.33186,0.35213
0.82000,0.20000,0.33229,0.35178
0.83000,0.20000,0.33268,0.35147
0.84000,0.20000,0.33304,0.35119
0.85000,0.20000,0.33337,0.35093
0.86000,0.20000,0.33367,0.35069
0.87000,0.20000,0.33396,0.35047
0.88000,0.20000,0.33423,0.35026
0.89000,0.20000,0.33448,0.35007
0.90000,0.20000,0.33470,0.34989
0.91000,0.20000,0.33489,0.34973
0.92000,0.20000,0.33503,0.34961
0.93000,0.20000,0.33508,0.34953
0.94000,0.20000,0.33503,0.34952
0.95000,0.20000,0.33481,0.34963
0.96000,0.20000,0.33433,0.34992
0.97000,0.20000,0.33348,0.35052
0.98000,0.20000,0.33203,0.35164
0.99000,0.20000,0.32964,0.35368
1.0000,0.20000,0.32568,0.35733
0.0000,0.21000,0.32595,0.35676
0.010000,0.21000,0.32133,0.36102
0.020000,0.21000,0.31712,0.36489
0.030000,0.21000,0.31354,0.36820
0.040000,0.21000,0.31079,0.37083
0.050000,0.21000,0.30902,0.37268
0.060000,0.21000,0.30836,0.37365
0.070000,0.21000,0.30891,0.37371
0.080000,0.21000,0.31076,0.37282
0.090000,0.21000,0.31394,0.37102
0.10000,0.21000,0.31847,0.36839
0.11000,0.21000,0.32431,0.36507
0.12000,0.21000,0.33137,0.36126
0.13000,0.21000,0.33953,0.35720
0.14000,0.21000,0.34856,0.35318
0.15000,0.21000,0.35818,0.34950
0.16000,0.21000,0.36807,0.34646
0.17000,0.21000,0.37785,0.34430
0.18000,0.21000,0.38717,0.34323
0.19000,0.21000,0.39572,0.34334
0.20000,0.21000,0.40324,0.34461
0.21000,0.21000,0.40959,0.34695
0.22000,0.21000,0.41474,0.35013
0.23000,0.21000,0.41872,0.35390
0.24000,0.21000,0.42166,0.35794
0.25000,0.21000,0.42372,0.36194
0.26000,0.21000,0.42507,0.36563
0.27000,0.21000,0.42589,0.36876
0.28000,0.21000,0.42633,0.37116
0.29000,0.21000,0.42650,0.37269
0.30000,0.21000,0.42647,0.37329
0.31000,0.21000,0.42628,0.37292
0.32000,0.21000,0.42588,0.37161
0.33000,0.21000,0.42523,0.36942
0.34000,0.21000,0.42422,0.36646
0.35000,0.21000,0.42272,0.36292
0.36000,0.21000,0.42057,0.35900
0.37000,0.21000,0.41761,0.35498
0.38000,0.21000,0.41371,0.35116
0.39000,0.21000,0.40875,0.34784
0.40000,0.21000,0.40270,0.34530
0.41000,0.21000,0.39557,0.34377
0.42000,0.21000,0.38749,0.34337
0.43000,0.21000,0.37866,0.34415
0.44000,0.21000,0.36936,0.34603
0.45000,0.21000,0.35989,0.34888
0.46000,0.21000,0.35057,0.35246
0.47000,0.21000,0.34169,0.35652
0.48000,0.21000,0.33349,0.36078
0.49000,0.21000,0.32613,0.36501
0.50000,0.21000,0.31973,0.36897
0.51000,0.21000,0.31434,0.37251
0.52000,0.21000,0.30995,0.37549
0.53000,0.21000,0.30654,0.37785
0.54000,0.21000,0.30405,0.37957
0.55000,0.21000,0.30241,0.38064
0.56000,0.21000,0.30151,0.38110
0.57000,0.21000,0.30128,0.38102
0.58000,0.21000,0.30162,0.38045
0.59000,0.21000,0.30243,0.37948
0.60000,0.21000,0.30362,0.37818
0.61000,0.21000,0.30511,0.37664
0.62000,0.21000,0.30682,0.37491
0.63000,0.21000,0.30868,0.37307
0.64000,0.21000,0.31062,0.37117
0.65000,0.21000,0.31261,0.36926
0.66000,0.21000,0.31459,0.36738
0.67000,0.21000,0.31653,0.36556
0.68000,0.21000,0.31839,0.36382
0.69000,0.21000,0.32016,0.36219
0.70000,0.21000,0.32182,0.36068
0.71000,0.21000,0.32336,0.35928
0.72000,0.21000,0.32478,0.35802
0.73000,0.21000,0.32607,0.35688
0.74000,0.21000,0.32723,0.35586
0.75000,0.21000,0.32827,0.35496
0.76000,0.21000,0.32920,0.35416
0.77000,0.21000,0.33001,0.35347
0.78000,0.21000,0.33073,0.35287
0.79000,0.21000,0.33136,0.35235
0.80000,0.21000,0.33192,0.35191
0.81000,0.21000,0.33240,0.35152
0.82000,0.21000,0.33283,0.35118
0.83000,0.21000,0.33322,0.35089
0.84000,0.21000,0.33356,0.35063
0.85000,0.21000,0.33387,0.35040
0.86000,0.21000,0.33415,0.35019
0.87000,0.21000,0.33442,0.34999
0.88000,0.21000,0.33466,0.34982
0.89000,0.21000,0.33487,0.34966
0.90000,0.21000,0.33506,0.34953
0.91000,0.21000,0.33520,0.34942
0.92000,0.21000,0.33529,0.34934
0.93000,0.21000,0.33531,0.34930
0.94000,0.21000,0.33521,0.34934
0.95000,0.21000,0.33494,0.34948
0.96000,0.21000,0.33442,0.34979
0.97000,0.21000,0.33353,0.35040
0.98000,0.21000,0.33207,0.35149
0.99000,0.21000,0.32972,0.35341
1.0000,0.21000,0.32595,0.35676
0.0000,0.22000,0.32632,0.35613
0.010000,0.22000,0.32181,0.36014
0.020000,0.22000,0.31728,0.36419
0.030000,0.22000,0.31304,0.36804
0.040000,0.22000,0.30934,0.37151
0.050000,0.22000,0.30638,0.37445
0.060000,0.22000,0.30434,0.37673
0.070000,0.22000,0.30341,0.37825
0.080000,0.22000,0.30372,0.37891
0.090000,0.22000,0.30541,0.37867
0.10000,0.22000,0.30859,0.37754
0.11000,0.22000,0.31332,0.37557
0.12000,0.22000,0.31963,0.37287
0.13000,0.22000,0.32749,0.36962
0.14000,0.22000,0.33676,0.36603
0.15000,0.22000,0.34724,0.36235
0.16000,0.22000,0.35860,0.35885
0.17000,0.22000,0.37047,0.35576
0.18000,0.22000,0.38241,0.35328
0.19000,0.22000,0.39400,0.35151
0.20000,0.22000,0.40487,0.35048
0.21000,0.22000,0.41474,0.35013
0.22000,0.22000,0.42344,0.35033
0.23000,0.22000,0.43089,0.35091
0.24000,0.22000,0.43710,0.35168
0.25000,0.22000,0.44213,0.35249
0.26000,0.22000,0.44610,0.35321
0.27000,0.22000,0.44908,0.35377
0.28000,0.22000,0.45117,0.35414
0.29000,0.22000,0.45243,0.35432
0.30000,0.22000,0.45289,0.35432
0.31000,0.22000,0.45256,0.35414
0.32000,0.22000,0.45143,0.35379
0.33000,0.22000,0.44946,0.35325
0.34000,0.22000,0.44660,0.35253
0.35000,0.22000,0.44277,0.35166
0.36000,0.22000,0.43789,0.35070
0.37000,0.22000,0.43188,0.34977
0.38000,0.22000,0.42468,0.34904
0.39000,0.22000,0.41627,0.34867
0.40000,0.22000,0.40673,0.34885
0.41000,0.22000,0.39620,0.34974
0.42000,0.22000,0.38493,0.35142
0.43000,0.22000,0.37323,0.35389
0.44000,0.22000,0.36148,0.35708
0.45000,0.22000,0.35008,0.36083
0.46000,0.22000,0.33937,0.36495
0.47000,0.22000,0.32964,0.36919
0.48000,0.22000,0.32108,0.37331
0.49000,0.22000,0.31380,0.37712
0.50000,0.22000,0.30782,0.38044
0.51000,0.22000,0.30311,0.38316
0.52000,0.22000,0.29958,0.38522
0.53000,0.22000,0.29713,0.38658
0.54000,0.22000,0.29565,0.38727
0.55000,0.22000,0.29501,0.38733
0.56000,0.22000,0.29510,0.38683
0.57000,0.22000,0.29579,0.38583
0.58000,0.22000,0.29698,0.38444
0.59000,0.22000,0.29856,0.38272
0.60000,0.22000,0.30044,0.38076
0.61000,0.22000,0.30254,0.37864
0.62000,0.22000,0.30478,0.37642
0.63000,0.22000,0.30710,0.37416
0.64000,0.22000,0.30943,0.37191
0.65000,0.22000,0.31175,0.36971
0.66000,0.22000,0.31400,0.36759
0.67000,0.22000,0.31617,0.36558
0.68000,0.22000,0.31822,0.36369
0.69000,0.22000,0.32014,0.36194
0.70000,0.22000,0.32193,0.36032
0.71000,0.22000,0.32357,0.35886
0.72000,0.22000,0.32507,0.35753
0.73000,0.22000,0.32642,0.35635
0.74000,0.22000,0.32764,0.35530
0.75000,0.22000,0.32872,0.35438
0.76000,0.22000,0.32967,0.35357
0.77000,0.22000,0.33051,0.35287
0.78000,0.22000,0.33125,0.35226
0.79000,0.22000,0.33189,0.35175
0.80000,0.22000,0.33245,0.35130
0.81000,0.22000,0.33294,0.35092
0.82000,0.22000,0.33337,0.35060
0.83000,0.22000,0.33374,0.35032
0.84000,0.22000,0.33407,0.35008
0.85000,0.22000,0.33437,0.34987
0.86000,0.22000,0.33463,0.34969
0.87000,0.22000,0.33487,0.34953
0.88000,0.22000,0.33507,0.34939
0.89000,0.22000,0.33525,0.34928
0.90000,0.22000,0.33540,0.34918
0.91000,0.22000,0.33551,0.34911
0.92000,0.22000,0.33555,0.34908
0.93000,0.22000,0.33552,0.34909
0.94000,0.22000,0.33537,0.34916
0.95000,0.22000,0.33506,0.34933
0.96000,0.22000,0.33451,0.34967
0.97000,0.22000,0.33359,0.35027
0.98000,0.22000,0.33213,0.35132
0.99000,0.22000,0.32986,0.35310
1.0000,0.22000,0.32632,0.35613
0.0000,0.23000,0.32674,0.35546
0.010000,0.23000,0.32238,0.35920
0.020000,0.23000,0.31762,0.36337
0.030000,0.23000,0.31280,0.36768
0.040000,0.23000,0.30822,0.37190
0.050000,0.23000,0.30413,0.37587
0.060000,0.23000,0.30078,0.37940
0.070000,0.23000,0.29840,0.38234
0.080000,0.23000,0.29719,0.38455
0.090000,0.23000,0.29737,0.38592
0.10000,0.23000,0.29915,0.38637
0.11000,0.23000,0.30269,0.38587
0.12000,0.23000,0.30813,0.38444
0.13000,0.23000,0.31553,0.38217
0.14000,0.23000,0.32487,0.37920
0.15000,0.23000,0.33601,0.37570
0.16000,0.23000,0.34867,0.37190
0.17000,0.23000,0.36244,0.36799
0.18000,0.23000,0.37683,0.36415
0.19000,0.23000,0.39133,0.36049
0.20000,0.23000,0.40544,0.35708
0.21000,0.23000,0.41872,0.35390
0.22000,0.23000,0.43089,0.35091
0.23000,0.23000,0.44172,0.34805
0.24000,0.23000,0.45113,0.34528
0.25000,0.23000,0.45908,0.34262
0.26000,0.23000,0.46559,0.34012
0.27000,0.23000,0.47069,0.33789
0.28000,0.23000,0.47439,0.33607
0.29000,0.23000,0.47672,0.33480
0.30000,0.23000,0.47766,0.33416
0.31000,0.23000,0.47722,0.33420
0.32000,0.23000,0.47539,0.33490
0.33000,0.23000,0.47216,0.33617
0.34000,0.23000,0.46751,0.33790
0.35000,0.23000,0.46144,0.33994
0.36000,0.23000,0.45390,0.34220
0.37000,0.23000,0.44490,0.34462
0.38000,0.23000,0.43447,0.34720
0.39000,0.23000,0.42269,0.34998
0.40000,0.23000,0.40975,0.35304
0.41000,0.23000,0.39590,0.35644
0.42000,0.23000,0.38154,0.36022
0.43000,0.23000,0.36710,0.36436
0.44000,0.23000,0.35307,0.36878
0.45000,0.23000,0.33991,0.37333
0.46000,0.23000,0.32800,0.37783
0.47000,0.23000,0.31761,0.38208
0.48000,0.23000,0.30887,0.38589
0.49000,0.23000,0.30181,0.38912
0.50000,0.23000,0.29637,0.39167
0.51000,0.23000,0.29243,0.39346
0.52000,0.23000,0.28981,0.39450
0.53000,0.23000,0.28835,0.39481
0.54000,0.23000,0.28789,0.39445
0.55000,0.23000,0.28825,0.39349
0.56000,0.23000,0.28928,0.39203
0.57000,0.23000,0.29086,0.39016
0.58000,0.23000,0.29285,0.38797
0.59000,0.23000,0.29515,0.38555
0.60000,0.23000,0.29767,0.38298
0.61000,0.23000,0.30032,0.38033
0.62000,0.23000,0.30304,0.37767
0.63000,0.23000,0.30576,0.37504
0.64000,0.23000,0.30844,0.37248
0.65000,0.23000,0.31104,0.37003
0.66000,0.23000,0.31354,0.36771
0.67000,0.23000,0.31590,0.36553
0.68000,0.23000,0.31811,0.36351
0.69000,0.23000,0.32017,0.36166
0.70000,0.23000,0.32206,0.35997
0.71000,0.23000,0.32379,0.35844
0.72000,0.23000,0.32535,0.35707
0.73000,0.23000,0.32676,0.35585
0.74000,0.23000,0.32802,0.35478
0.75000,0.23000,0.32914,0.35383
0.76000,0.23000,0.33012,0.35301
0.77000,0.23000,0.33099,0.35230
0.78000,0.23000,0.33174,0.35169
0.79000,0.23000,0.33240,0.35117
0.80000,0.23000,0.33297,0.35073
0.81000,0.23000,0.33346,0.35036
0.82000,0.23000,0.33388,0.35004
0.83000,0.23000,0.33425,0.34978
0.84000,0.23000,0.33457,0.34955
0.85000,0.23000,0.33485,0.34937
0.86000,0.23000,0.33509,0.34921
0.87000,0.23000,0.33530,0.34909
0.88000,0.23000,0.33548,0.34899
0.89000,0.23000,0.33562,0.34891
0.90000,0.23000,0.33573,0.34885
0.91000,0.23000,0.33579,0.34883
0.92000,0.23000,0.33580,0.34884
0.93000,0.23000,0.33572,0.34888
0.94000,0.23000,0.33554,0.34899
0.95000,0.23000,0.33518,0.34920
0.96000,0.23000,0.33460,0.34955
0.97000,0.23000,0.33366,0.35015
0.98000,0.23000,0.33222,0.35114
0.99000,0.23000,0.33003,0.35278
1.0000,0.23000,0.32674,0.35546
0.0000,0.24000,0.32720,0.35480
0.010000,0.24000,0.32302,0.35824
0.020000,0.24000,0.31807,0.36248
0.030000,0.24000,0.31274,0.36717
0.040000,0.24000,0.30738,0.37206
0.050000,0.24000,0.30227,0.37695
0.060000,0.24000,0.29770,0.38164
0.070000,0.24000,0.29394,0.38594
0.080000,0.24000,0.29129,0.38964
0.090000,0.24000,0.29002,0.39259
0.10000,0.24000,0.29041,0.39463
0.11000,0.24000,0.29275,0.39564
0.12000,0.24000,0.29725,0.39556
0.13000,0.24000,0.30410,0.39438
0.14000,0.24000,0.31338,0.39215
0.15000,0.24000,0.32500,0.38898
0.16000,0.24000,0.33874,0.38501
0.17000,0.24000,0.35419,0.38040
0.18000,0.24000,0.37083,0.37528
0.19000,0.24000,0.38802,0.36978
0.20000,0.24000,0.40515,0.36399
0.21000,0.24000,0.42166,0.35794
0.22000,0.24000,0.43710,0.35168
0.23000,0.24000,0.45113,0.34528
0.24000,0.24000,0.46355,0.33887
0.25000,0.24000,0.47425,0.33262
0.26000,0.24000,0.48315,0.32680
0.27000,0.24000,0.49022,0.32171
0.28000,0.24000,0.49543,0.31765
0.29000,0.24000,0.49875,0.31490
0.30000,0.24000,0.50015,0.31362
0.31000,0.24000,0.49963,0.31391
0.32000,0.24000,0.49717,0.31570
0.33000,0.24000,0.49279,0.31883
0.34000,0.24000,0.48650,0.32307
0.35000,0.24000,0.47834,0.32811
0.36000,0.24000,0.46832,0.33369
0.37000,0.24000,0.45653,0.33956
0.38000,0.24000,0.44305,0.34554
0.39000,0.24000,0.42808,0.35154
0.40000,0.24000,0.41191,0.35751
0.41000,0.24000,0.39493,0.36343
0.42000,0.24000,0.37767,0.36928
0.43000,0.24000,0.36070,0.37502
0.44000,0.24000,0.34460,0.38056
0.45000,0.24000,0.32989,0.38578
0.46000,0.24000,0.31697,0.39053
0.47000,0.24000,0.30608,0.39466
0.48000,0.24000,0.29730,0.39805
0.49000,0.24000,0.29057,0.40060
0.50000,0.24000,0.28574,0.40229
0.51000,0.24000,0.28258,0.40311
0.52000,0.24000,0.28088,0.40311
0.53000,0.24000,0.28039,0.40237
0.54000,0.24000,0.28089,0.40098
0.55000,0.24000,0.28219,0.39904
0.56000,0.24000,0.28411,0.39667
0.57000,0.24000,0.28650,0.39398
0.58000,0.24000,0.28923,0.39105
0.59000,0.24000,0.29218,0.38799
0.60000,0.24000,0.29527,0.38488
0.61000,0.24000,0.29841,0.38176
0.62000,0.24000,0.30155,0.37871
0.63000,0.24000,0.30463,0.37575
0.64000,0.24000,0.30760,0.37293
0.65000,0.24000,0.31045,0.37027
0.66000,0.24000,0.31315,0.36778
0.67000,0.24000,0.31567,0.36547
0.68000,0.24000,0.31802,0.36334
0.69000,0.24000,0.32019,0.36140
0.70000,0.24000,0.32217,0.35965
0.71000,0.24000,0.32398,0.35807
0.72000,0.24000,0.32560,0.35666
0.73000,0.24000,0.32706,0.35541
0.74000,0.24000,0.32836,0.35431
0.75000,0.24000,0.32951,0.35334
0.76000,0.24000,0.33053,0.35251
0.77000,0.24000,0.33142,0.35178
0.78000,0.24000,0.33219,0.35117
0.79000,0.24000,0.33286,0.35064
0.80000,0.24000,0.33344,0.35020
0.81000,0.24000,0.33394,0.34983
0.82000,0.24000,0.33437,0.34952
0.83000,0.24000,0.33473,0.34926
0.84000,0.24000,0.33505,0.34906
0.85000,0.24000,0.33531,0.34889
0.86000,0.24000,0.33553,0.34876
0.87000,0.24000,0.33572,0.34867
0.88000,0.24000,0.33586,0.34860
0.89000,0.24000,0.33597,0.34856
0.90000,0.24000,0.33604,0.34855
0.91000,0.24000,0.33607,0.34856
0.92000,0.24000,0.33603,0.34861
0.93000,0.24000,0.33592,0.34869
0.94000,0.24000,0.33569,0.34884
0.95000,0.24000,0.33531,0.34907
0.96000,0.24000,0.33469,0.34944
0.97000,0.24000,0.33374,0.35002
0.98000,0.24000,0.33232,0.35097
0.99000,0.24000,0.33023,0.35246
1.0000,0.24000,0.32720,0.35480
0.0000,0.25000,0.32765,0.35417
0.010000,0.25000,0.32366,0.35732
0.020000,0.25000,0.31857,0.36159
0.030000,0.25000,0.31283,0.36660
0.040000,0.25000,0.30678,0.37206
0.050000,0.25000,0.30076,0.37777
0.060000,0.25000,0.29509,0.38350
0.070000,0.25000,0.29009,0.38902
0.080000,0.25000,0.28611,0.39412
0.090000,0.25000,0.28349,0.39854
0.10000,0.25000,0.28259,0.40209
0.11000,0.25000,0.28377,0.40457
0.12000,0.25000,0.28736,0.40583
0.13000,0.25000,0.29362,0.40577
0.14000,0.25000,0.30272,0.40435
0.15000,0.25000,0.31468,0.40160
0.16000,0.25000,0.32930,0.39757
0.17000,0.25000,0.34620,0.39237
0.18000,0.25000,0.36480,0.38610
0.19000,0.25000,0.38441,0.37887
0.20000,0.25000,0.40428,0.37078
0.21000,0.25000,0.42372,0.36194
0.22000,0.25000,0.44213,0.35249
0.23000,0.25000,0.45908,0.34262
0.24000,0.25000,0.47425,0.33262
0.25000,0.25000,0.48742,0.32287
0.26000,0.25000,0.49847,0.31382
0.27000,0.25000,0.50732,0.30595
0.28000,0.25000,0.51387,0.29973
0.29000,0.25000,0.51809,0.29555
0.30000,0.25000,0.51992,0.29368
0.31000,0.25000,0.51934,0.29420
0.32000,0.25000,0.51635,0.29705
0.33000,0.25000,0.51097,0.30198
0.34000,0.25000,0.50324,0.30865
0.35000,0.25000,0.49322,0.31661
0.36000,0.25000,0.48099,0.32542
0.37000,0.25000,0.46666,0.33465
0.38000,0.25000,0.45042,0.34396
0.39000,0.25000,0.43253,0.35309
0.40000,0.25000,0.41341,0.36189
0.41000,0.25000,0.39359,0.37023
0.42000,0.25000,0.37370,0.37805
0.43000,0.25000,0.35446,0.38527
0.44000,0.25000,0.33653,0.39182
0.45000,0.25000,0.32049,0.39759
0.46000,0.25000,0.30675,0.40248
0.47000,0.25000,0.29551,0.40641
0.48000,0.25000,0.28678,0.40930
0.49000,0.25000,0.28043,0.41115
0.50000,0.25000,0.27620,0.41197
0.51000,0.25000,0.27382,0.41184
0.52000,0.25000,0.27297,0.41084
0.53000,0.25000,0.27338,0.40910
0.54000,0.25000,0.27476,0.40675
0.55000,0.25000,0.27691,0.40391
0.56000,0.25000,0.27962,0.40072
0.57000,0.25000,0.28273,0.39729
0.58000,0.25000,0.28610,0.39372
0.59000,0.25000,0.28962,0.39009
0.60000,0.25000,0.29320,0.38650
0.61000,0.25000,0.29677,0.38298
0.62000,0.25000,0.30026,0.37959
0.63000,0.25000,0.30364,0.37637
0.64000,0.25000,0.30687,0.37332
0.65000,0.25000,0.30993,0.37048
0.66000,0.25000,0.31279,0.36785
0.67000,0.25000,0.31546,0.36543
0.68000,0.25000,0.31792,0.36321
0.69000,0.25000,0.32018,0.36120
0.70000,0.25000,0.32224,0.35939
0.71000,0.25000,0.32411,0.35777
0.72000,0.25000,0.32579,0.35632
0.73000,0.25000,0.32730,0.35504
0.74000,0.25000,0.32864,0.35391
0.75000,0.25000,0.32983,0.35293
0.76000,0.25000,0.33087,0.35207
0.77000,0.25000,0.33179,0.35134
0.78000,0.25000,0.33259,0.35071
0.79000,0.25000,0.33328,0.35017
0.80000,0.25000,0.33387,0.34972
0.81000,0.25000,0.33438,0.34935
0.82000,0.25000,0.33481,0.34904
0.83000,0.25000,0.33518,0.34879
0.84000,0.25000,0.33548,0.34860
0.85000,0.25000,0.33574,0.34845
0.86000,0.25000,0.33594,0.34834
0.87000,0.25000,0.33610,0.34827
0.88000,0.25000,0.33622,0.34824
0.89000,0.25000,0.33630,0.34823
0.90000,0.25000,0.33634,0.34826
0.91000,0.25000,0.33633,0.34831
0.92000,0.25000,0.33625,0.34839
0.93000,0.25000,0.33610,0.34852
0.94000,0.25000,0.33584,0.34869
0.95000,0.25000,0.33542,0.34894
0.96000,0.25000,0.33478,0.34933
0.97000,0.25000,0.33383,0.34991
0.98000,0.25000,0.33243,0.35080
0.99000,0.25000,0.33043,0.35215
1.0000,0.25000,0.32765,0.35417
0.0000,0.26000,0.32807,0.35359
0.010000,0.26000,0.32427,0.35648
0.020000,0.26000,0.31908,0.36076
0.030000,0.26000,0.31298,0.36602
0.040000,0.26000,0.30636,0.37197
0.050000,0.26000,0.29956,0.37838
0.060000,0.26000,0.29294,0.38501
0.070000,0.26000,0.28686,0.39161
0.080000,0.26000,0.28172,0.39792
0.090000,0.26000,0.27791,0.40366
0.10000,0.26000,0.27587,0.40858
0.11000,0.26000,0.27601,0.41240
0.12000,0.26000,0.27875,0.41491
0.13000,0.26000,0.28443,0.41591
0.14000,0.26000,0.29332,0.41530
0.15000,0.26000,0.30548,0.41299
0.16000,0.26000,0.32080,0.40898
0.17000,0.26000,0.33889,0.40330
0.18000,0.26000,0.35915,0.39602
0.19000,0.26000,0.38083,0.38723
0.20000,0.26000,0.40307,0.37705
0.21000,0.26000,0.42507,0.36563
0.22000,0.26000,0.44610,0.35321
0.23000,0.26000,0.46559,0.34012
0.24000,0.26000,0.48315,0.32680
0.25000,0.26000,0.49847,0.31382
0.26000,0.26000,0.51138,0.30180
0.27000,0.26000,0.52175,0.29140
0.28000,0.26000,0.52946,0.28322
0.29000,0.26000,0.53445,0.27776
0.30000,0.26000,0.53666,0.27534
0.31000,0.26000,0.53605,0.27608
0.32000,0.26000,0.53264,0.27988
0.33000,0.26000,0.52643,0.28644
0.34000,0.26000,0.51750,0.29531
0.35000,0.26000,0.50592,0.30593
0.36000,0.26000,0.49179,0.31769
0.37000,0.26000,0.47527,0.33001
0.38000,0.26000,0.45661,0.34239
0.39000,0.26000,0.43618,0.35442
0.40000,0.26000,0.41447,0.36582
0.41000,0.26000,0.39215,0.37638
0.42000,0.26000,0.36999,0.38598
0.43000,0.26000,0.34879,0.39453
0.44000,0.26000,0.32931,0.40194
0.45000,0.26000,0.31217,0.40817
0.46000,0.26000,0.29778,0.41314
0.47000,0.26000,0.28629,0.41682
0.48000,0.26000,0.27767,0.41922
0.49000,0.26000,0.27168,0.42039
0.50000,0.26000,0.26802,0.42041
0.51000,0.26000,0.26633,0.41941
0.52000,0.26000,0.26624,0.41751
0.53000,0.26000,0.26741,0.41489
0.54000,0.26000,0.26956,0.41169
0.55000,0.26000,0.27243,0.40807
0.56000,0.26000,0.27581,0.40417
0.57000,0.26000,0.27953,0.40011
0.58000,0.26000,0.28344,0.39598
0.59000,0.26000,0.28744,0.39189
0.60000,0.26000,0.29143,0.38789
0.61000,0.26000,0.29535,0.38404
0.62000,0.26000,0.29914,0.38038
0.63000,0.26000,0.30276,0.37693
0.64000,0.26000,0.30620,0.37370
0.65000,0.26000,0.30943,0.37071
0.66000,0.26000,0.31243,0.36796
0.67000,0.26000,0.31522,0.36545
0.68000,0.26000,0.31778,0.36316
0.69000,0.26000,0.32012,0.36109
0.70000,0.26000,0.32225,0.35923
0.71000,0.26000,0.32417,0.35756
0.72000,0.26000,0.32591,0.35608
0.73000,0.26000,0.32746,0.35477
0.74000,0.26000,0.32884,0.35361
0.75000,0.26000,0.33006,0.35260
0.76000,0.26000,0.33114,0.35172
0.77000,0.26000,0.33209,0.35097
0.78000,0.26000,0.33291,0.35032
0.79000,0.26000,0.33363,0.34977
0.80000,0.26000,0.33424,0.34931
0.81000,0.26000,0.33476,0.34893
0.82000,0.26000,0.33521,0.34862
0.83000,0.26000,0.33558,0.34837
0.84000,0.26000,0.33588,0.34819
0.85000,0.26000,0.33613,0.34805
0.86000,0.26000,0.33632,0.34796
0.87000,0.26000,0.33646,0.34792
0.88000,0.26000,0.33656,0.34791
0.89000,0.26000,0.33661,0.34793
0.90000,0.26000,0.33661,0.34799
0.91000,0.26000,0.33657,0.34807
0.92000,0.26000,0.33646,0.34819
0.93000,0.26000,0.33628,0.34835
0.94000,0.26000,0.33598,0.34855
0.95000,0.26000,0.33554,0.34883
0.96000,0.26000,0.33488,0.34922
0.97000,0.26000,0.33391,0.34979
0.98000,0.26000,0.33254,0.35064
0.99000,0.26000,0.33063,0.35187
1.0000,0.26000,0.32807,0.35359
0.0000,0.27000,0.32845,0.35311
0.010000,0.27000,0.32481,0.35577
0.020000,0.27000,0.31954,0.36005
0.030000,0.27000,0.31316,0.36552
0.040000,0.27000,0.30606,0.37186
0.050000,0.27000,0.29862,0.37883
0.060000,0.27000,0.29122,0.38620
0.070000,0.27000,0.28426,0.39369
0.080000,0.27000,0.27815,0.40102
0.090000,0.27000,0.27337,0.40787
0.10000,0.27000,0.27037,0.41394
0.11000,0.27000,0.26964,0.41891
0.12000,0.27000,0.27165,0.42249
0.13000,0.27000,0.27683,0.42443
0.14000,0.27000,0.28549,0.42453
0.15000,0.27000,0.29778,0.42264
0.16000,0.27000,0.31361,0.41869
0.17000,0.27000,0.33263,0.41264
0.18000,0.27000,0.35423,0.40452
0.19000,0.27000,0.37759,0.39440
0.20000,0.27000,0.40178,0.38241
0.21000,0.27000,0.42589,0.36876
0.22000,0.27000,0.44908,0.35377
0.23000,0.27000,0.47069,0.33789
0.24000,0.27000,0.49022,0.32171
0.25000,0.27000,0.50732,0.30595
0.26000,0.27000,0.52175,0.29140
0.27000,0.27000,0.53336,0.27885
0.28000,0.27000,0.54202,0.26902
0.29000,0.27000,0.54764,0.26248
0.30000,0.27000,0.55017,0.25961
0.31000,0.27000,0.54957,0.26052
0.32000,0.27000,0.54583,0.26511
0.33000,0.27000,0.53900,0.27302
0.34000,0.27000,0.52913,0.28374
0.35000,0.27000,0.51629,0.29660
0.36000,0.27000,0.50063,0.31087
0.37000,0.27000,0.48233,0.32583
0.38000,0.27000,0.46168,0.34084
0.39000,0.27000,0.43914,0.35536
0.40000,0.27000,0.41529,0.36899
0.41000,0.27000,0.39091,0.38146
0.42000,0.27000,0.36686,0.39259
0.43000,0.27000,0.34406,0.40226
0.44000,0.27000,0.32333,0.41040
0.45000,0.27000,0.30531,0.41699
0.46000,0.27000,0.29041,0.42200
0.47000,0.27000,0.27875,0.42546
0.48000,0.27000,0.27024,0.42744
0.49000,0.27000,0.26457,0.42803
0.50000,0.27000,0.26138,0.42737
0.51000,0.27000,0.26026,0.42563
0.52000,0.27000,0.26078,0.42299
0.53000,0.27000,0.26258,0.41964
0.54000,0.27000,0.26534,0.41576
0.55000,0.27000,0.26878,0.41150
0.56000,0.27000,0.27270,0.40703
0.57000,0.27000,0.27689,0.40246
0.58000,0.27000,0.28123,0.39789
0.59000,0.27000,0.28560,0.39342
0.60000,0.27000,0.28992,0.38911
0.61000,0.27000,0.29411,0.38499
0.62000,0.27000,0.29813,0.38111
0.63000,0.27000,0.30195,0.37748
0.64000,0.27000,0.30555,0.37411
0.65000,0.27000,0.30891,0.37100
0.66000,0.27000,0.31203,0.36815
0.67000,0.27000,0.31491,0.36556
0.68000,0.27000,0.31755,0.36321
0.69000,0.27000,0.31997,0.36108
0.70000,0.27000,0.32216,0.35917
0.71000,0.27000,0.32414,0.35747
0.72000,0.27000,0.32592,0.35595
0.73000,0.27000,0.32752,0.35460
0.74000,0.27000,0.32894,0.35341
0.75000,0.27000,0.33021,0.35237
0.76000,0.27000,0.33132,0.35147
0.77000,0.27000,0.33230,0.35069
0.78000,0.27000,0.33316,0.35002
0.79000,0.27000,0.33390,0.34945
0.80000,0.27000,0.33454,0.34897
0.81000,0.27000,0.33508,0.34858
0.82000,0.27000,0.33554,0.34826
0.83000,0.27000,0.33592,0.34801
0.84000,0.27000,0.33623,0.34783
0.85000,0.27000,0.33647,0.34770
0.86000,0.27000,0.33665,0.34762
0.87000,0.27000,0.33678,0.34759
0.88000,0.27000,0.33686,0.34761
0.89000,0.27000,0.33689,0.34766
0.90000,0.27000,0.33687,0.34774
0.91000,0.27000,0.33679,0.34786
0.92000,0.27000,0.33666,0.34800
0.93000,0.27000,0.33644,0.34819
0.94000,0.27000,0.33612,0.34842
0.95000,0.27000,0.33565,0.34872
0.96000,0.27000,0.33497,0.34912
0.97000,0.27000,0.33400,0.34969
0.98000,0.27000,0.33264,0.35050
0.99000,0.27000,0.33080,0.35163
1.0000,0.27000,0.32845,0.35311
0.0000,0.28000,0.32875,0.35273
0.010000,0.28000,0.32524,0.35521
0.020000,0.28000,0.31991,0.35950
0.030000,0.28000,0.31330,0.36513
0.040000,0.28000,0.30584,0.37177
0.050000,0.28000,0.29791,0.37919
0.060000,0.28000,0.28991,0.38712
0.070000,0.28000,0.28228,0.39529
0.080000,0.28000,0.27545,0.40340
0.090000,0.28000,0.26992,0.41111
0.10000,0.28000,0.26619,0.41807
0.11000,0.28000,0.26480,0.42392
0.12000,0.28000,0.26625,0.42834
0.13000,0.28000,0.27103,0.43101
0.14000,0.28000,0.27950,0.43167
0.15000,0.28000,0.29186,0.43012
0.16000,0.28000,0.30805,0.42622
0.17000,0.28000,0.32775,0.41990
0.18000,0.28000,0.35033,0.41113
0.19000,0.28000,0.37495,0.39997
0.20000,0.28000,0.40062,0.38656
0.21000,0.28000,0.42633,0.37116
0.22000,0.28000,0.45117,0.35414
0.23000,0.28000,0.47439,0.33607
0.24000,0.28000,0.49543,0.31765
0.25000,0.28000,0.51387,0.29973
0.26000,0.28000,0.52946,0.28322
0.27000,0.28000,0.54202,0.26902
0.28000,0.28000,0.55139,0.25793
0.29000,0.28000,0.55751,0.25057
0.30000,0.28000,0.56030,0.24734
0.31000,0.28000,0.55973,0.24837
0.32000,0.28000,0.55580,0.25353
0.33000,0.28000,0.54853,0.26245
0.34000,0.28000,0.53798,0.27455
0.35000,0.28000,0.52424,0.28910
0.36000,0.28000,0.50744,0.30529
0.37000,0.28000,0.48780,0.32228
0.38000,0.28000,0.46566,0.33932
0.39000,0.28000,0.44151,0.35578
0.40000,0.28000,0.41604,0.37117
0.41000,0.28000,0.39008,0.38513
0.42000,0.28000,0.36461,0.39745
0.43000,0.28000,0.34059,0.40801
0.44000,0.28000,0.31891,0.41673
0.45000,0.28000,0.30023,0.42361
0.46000,0.28000,0.28494,0.42867
0.47000,0.28000,0.27315,0.43198
0.48000,0.28000,0.26471,0.43364
0.49000,0.28000,0.25928,0.43380
0.50000,0.28000,0.25643,0.43264
0.51000,0.28000,0.25571,0.43036
0.52000,0.28000,0.25667,0.42718
0.53000,0.28000,0.25892,0.42330
0.54000,0.28000,0.26211,0.41891
0.55000,0.28000,0.26597,0.41419
0.56000,0.28000,0.27027,0.40929
0.57000,0.28000,0.27481,0.40435
0.58000,0.28000,0.27945,0.39947
0.59000,0.28000,0.28409,0.39472
0.60000,0.28000,0.28863,0.39018
0.61000,0.28000,0.29302,0.38586
0.62000,0.28000,0.29721,0.38182
0.63000,0.28000,0.30118,0.37805
0.64000,0.28000,0.30490,0.37457
0.65000,0.28000,0.30836,0.37138
0.66000,0.28000,0.31157,0.36845
0.67000,0.28000,0.31453,0.36579
0.68000,0.28000,0.31724,0.36338
0.69000,0.28000,0.31971,0.36121
0.70000,0.28000,0.32196,0.35925
0.71000,0.28000,0.32399,0.35750
0.72000,0.28000,0.32582,0.35594
0.73000,0.28000,0.32746,0.35456
0.74000,0.28000,0.32893,0.35334
0.75000,0.28000,0.33024,0.35226
0.76000,0.28000,0.33140,0.35132
0.77000,0.28000,0.33242,0.35051
0.78000,0.28000,0.33331,0.34981
0.79000,0.28000,0.33409,0.34921
0.80000,0.28000,0.33476,0.34871
0.81000,0.28000,0.33533,0.34830
0.82000,0.28000,0.33580,0.34797
0.83000,0.28000,0.33620,0.34771
0.84000,0.28000,0.33651,0.34752
0.85000,0.28000,0.33676,0.34740
0.86000,0.28000,0.33694,0.34733
0.87000,0.28000,0.33706,0.34731
0.88000,0.28000,0.33712,0.34734
0.89000,0.28000,0.33714,0.34741
0.90000,0.28000,0.33710,0.34752
0.91000,0.28000,0.33700,0.34766
0.92000,0.28000,0.33684,0.34783
0.93000,0.28000,0.33660,0.34804
0.94000,0.28000,0.33625,0.34829
0.95000,0.28000,0.33576,0.34861
0.96000,0.28000,0.33506,0.34903
0.97000,0.28000,0.33407,0.34960
0.98000,0.28000,0.33273,0.35039
0.99000,0.28000,0.33095,0.35144
1.0000,0.28000,0.32875,0.35273
0.0000,0.29000,0.32896,0.35246
0.010000,0.29000,0.32553,0.35484
0.020000,0.29000,0.32015,0.35915
0.030000,0.29000,0.31338,0.36490
0.040000,0.29000,0.30566,0.37176
0.050000,0.29000,0.29740,0.37949
0.060000,0.29000,0.28900,0.38781
0.070000,0.29000,0.28092,0.39644
0.080000,0.29000,0.27361,0.40506
0.090000,0.29000,0.26760,0.41334
0.10000,0.29000,0.26340,0.42088
0.11000,0.29000,0.26158,0.42732
0.12000,0.29000,0.26268,0.43228
0.13000,0.29000,0.26720,0.43542
0.14000,0.29000,0.27554,0.43645
0.15000,0.29000,0.28793,0.43512
0.16000,0.29000,0.30435,0.43124
0.17000,0.29000,0.32447,0.42471
0.18000,0.29000,0.34769,0.41550
0.19000,0.29000,0.37312,0.40364
0.20000,0.29000,0.39974,0.38927
0.21000,0.29000,0.42650,0.37269
0.22000,0.29000,0.45243,0.35432
0.23000,0.29000,0.47672,0.33480
0.24000,0.29000,0.49875,0.31490
0.25000,0.29000,0.51809,0.29555
0.26000,0.29000,0.53445,0.27776
0.27000,0.29000,0.54764,0.26248
0.28000,0.29000,0.55751,0.25057
0.29000,0.29000,0.56397,0.24267
0.30000,0.29000,0.56697,0.23919
0.31000,0.29000,0.56645,0.24027
0.32000,0.29000,0.56243,0.24576
0.33000,0.29000,0.55492,0.25529
0.34000,0.29000,0.54396,0.26824
0.35000,0.29000,0.52966,0.28385
0.36000,0.29000,0.51215,0.30124
0.37000,0.29000,0.49167,0.31952
0.38000,0.29000,0.46857,0.33788
0.39000,0.29000,0.44338,0.35561
0.40000,0.29000,0.41684,0.37215
0.41000,0.29000,0.38985,0.38712
0.42000,0.29000,0.36343,0.40026
0.43000,0.29000,0.33860,0.41143
0.44000,0.29000,0.31628,0.42058
0.45000,0.29000,0.29714,0.42769
0.46000,0.29000,0.28158,0.43283
0.47000,0.29000,0.26967,0.43608
0.48000,0.29000,0.26124,0.43759
0.49000,0.29000,0.25592,0.43752
0.50000,0.29000,0.25325,0.43608
0.51000,0.29000,0.25275,0.43350
0.52000,0.29000,0.25396,0.43000
0.53000,0.29000,0.25647,0.42580
0.54000,0.29000,0.25991,0.42112
0.55000,0.29000,0.26401,0.41612
0.56000,0.29000,0.26852,0.41098
0.57000,0.29000,0.27326,0.40582
0.58000,0.29000,0.27808,0.40074
0.59000,0.29000,0.28287,0.39582
0.60000,0.29000,0.28756,0.39113
0.61000,0.29000,0.29207,0.38669
0.62000,0.29000,0.29636,0.38254
0.63000,0.29000,0.30042,0.37868
0.64000,0.29000,0.30422,0.37512
0.65000,0.29000,0.30776,0.37186
0.66000,0.29000,0.31103,0.36887
0.67000,0.29000,0.31405,0.36616
0.68000,0.29000,0.31681,0.36370
0.69000,0.29000,0.31934,0.36147
0.70000,0.29000,0.32163,0.35947
0.71000,0.29000,0.32372,0.35768
0.72000,0.29000,0.32560,0.35608
0.73000,0.29000,0.32729,0.35465
0.74000,0.29000,0.32881,0.35338
0.75000,0.29000,0.33017,0.35227
0.76000,0.29000,0.33137,0.35129
0.77000,0.29000,0.33244,0.35043
0.78000,0.29000,0.33337,0.34970
0.79000,0.29000,0.33419,0.34907
0.80000,0.29000,0.33489,0.34854
0.81000,0.29000,0.33549,0.34810
0.82000,0.29000,0.33599,0.34775
0.83000,0.29000,0.33641,0.34748
0.84000,0.29000,0.33674,0.34728
0.85000,0.29000,0.33699,0.34715
0.86000,0.29000,0.33718,0.34708
0.87000,0.29000,0.33730,0.34707
0.88000,0.29000,0.33736,0.34711
0.89000,0.29000,0.33736,0.34719
0.90000,0.29000,0.33730,0.34732
0.91000,0.29000,0.33719,0.34748
0.92000,0.29000,0.33701,0.34767
0.93000,0.29000,0.33675,0.34790
0.94000,0.29000,0.33638,0.34817
0.95000,0.29000,0.33586,0.34851
0.96000,0.29000,0.33514,0.34895
0.97000,0.29000,0.33414,0.34953
0.98000,0.29000,0.33280,0.35030
0.99000,0.29000,0.33105,0.35131
1.0000,0.29000,0.32896,0.35246
0.0000,0.30000,0.32907,0.35233
0.010000,0.30000,0.32567,0.35466
0.020000,0.30000,0.32024,0.35900
0.030000,0.30000,0.31336,0.36485
0.040000,0.30000,0.30550,0.37185
0.050000,0.30000,0.29706,0.37975
0.060000,0.30000,0.28847,0.38827
0.070000,0.30000,0.28018,0.39713
0.080000,0.30000,0.27266,0.40600
0.090000,0.30000,0.26643,0.41453
0.10000,0.30000,0.26204,0.42233
0.11000,0.30000,0.26004,0.42901
0.12000,0.30000,0.26100,0.43420
0.13000,0.30000,0.26542,0.43753
0.14000,0.30000,0.27371,0.43869
0.15000,0.30000,0.28612,0.43741
0.16000,0.30000,0.30264,0.43351
0.17000,0.30000,0.32295,0.42686
0.18000,0.30000,0.34643,0.41741
0.19000,0.30000,0.37221,0.40521
0.20000,0.30000,0.39925,0.39040
0.21000,0.30000,0.42647,0.37329
0.22000,0.30000,0.45289,0.35432
0.23000,0.30000,0.47766,0.33416
0.24000,0.30000,0.50015,0.31362
0.25000,0.30000,0.51992,0.29368
0.26000,0.30000,0.53666,0.27534
0.27000,0.30000,0.55017,0.25961
0.28000,0.30000,0.56030,0.24734
0.29000,0.30000,0.56697,0.23919
0.30000,0.30000,0.57010,0.23557
0.31000,0.30000,0.56966,0.23662
0.32000,0.30000,0.56565,0.24219
0.33000,0.30000,0.55808,0.25190
0.34000,0.30000,0.54700,0.26513
0.35000,0.30000,0.53250,0.28110
0.36000,0.30000,0.51472,0.29893
0.37000,0.30000,0.49390,0.31770
0.38000,0.30000,0.47040,0.33658
0.39000,0.30000,0.44478,0.35482
0.40000,0.30000,0.41778,0.37186
0.41000,0.30000,0.39033,0.38728
0.42000,0.30000,0.36347,0.40082
0.43000,0.30000,0.33825,0.41231
0.44000,0.30000,0.31560,0.42172
0.45000,0.30000,0.29621,0.42902
0.46000,0.30000,0.28046,0.43429
0.47000,0.30000,0.26843,0.43761
0.48000,0.30000,0.25993,0.43914
0.49000,0.30000,0.25458,0.43907
0.50000,0.30000,0.25192,0.43759
0.51000,0.30000,0.25145,0.43496
0.52000,0.30000,0.25270,0.43139
0.53000,0.30000,0.25525,0.42712
0.54000,0.30000,0.25874,0.42236
0.55000,0.30000,0.26289,0.41729
0.56000,0.30000,0.26746,0.41207
0.57000,0.30000,0.27225,0.40684
0.58000,0.30000,0.27712,0.40170
0.59000,0.30000,0.28196,0.39672
0.60000,0.30000,0.28668,0.39197
0.61000,0.30000,0.29123,0.38748
0.62000,0.30000,0.29557,0.38328
0.63000,0.30000,0.29967,0.37938
0.64000,0.30000,0.30351,0.37577
0.65000,0.30000,0.30709,0.37246
0.66000,0.30000,0.31040,0.36943
0.67000,0.30000,0.31346,0.36667
0.68000,0.30000,0.31627,0.36416
0.69000,0.30000,0.31884,0.36189
0.70000,0.30000,0.32118,0.35984
0.71000,0.30000,0.32332,0.35800
0.72000,0.30000,0.32525,0.35635
0.73000,0.30000,0.32699,0.35488
0.74000,0.30000,0.32856,0.35356
0.75000,0.30000,0.32997,0.35240
0.76000,0.30000,0.33123,0.35137
0.77000,0.30000,0.33234,0.35048
0.78000,0.30000,0.33332,0.34970
0.79000,0.30000,0.33418,0.34903
0.80000,0.30000,0.33493,0.34847
0.81000,0.30000,0.33556,0.34800
0.82000,0.30000,0.33610,0.34762
0.83000,0.30000,0.33654,0.34732
0.84000,0.30000,0.33690,0.34711
0.85000,0.30000,0.33717,0.34697
0.86000,0.30000,0.33736,0.34689
0.87000,0.30000,0.33749,0.34687
0.88000,0.30000,0.33755,0.34692
0.89000,0.30000,0.33754,0.34701
0.90000,0.30000,0.33748,0.34714
0.91000,0.30000,0.33735,0.34731
0.92000,0.30000,0.33716,0.34752
0.93000,0.30000,0.33688,0.34777
0.94000,0.30000,0.33649,0.34806
0.95000,0.30000,0.33596,0.34842
0.96000,0.30000,0.33522,0.34888
0.97000,0.30000,0.33420,0.34947
0.98000,0.30000,0.33285,0.35025
0.99000,0.30000,0.33111,0.35124
1.0000,0.30000,0.32907,0.35233
0.0000,0.31000,0.32908,0.35233
0.010000,0.31000,0.32566,0.35468
0.020000,0.31000,0.32018,0.35908
0.030000,0.31000,0.31325,0.36499
0.040000,0.31000,0.30535,0.37204
0.050000,0.31000,0.29690,0.37997
0.060000,0.31000,0.28832,0.38851
0.070000,0.31000,0.28006,0.39736
0.080000,0.31000,0.27259,0.40620
0.090000,0.31000,0.26643,0.41467
0.10000,0.31000,0.26212,0.42239
0.11000,0.31000,0.26021,0.42898
0.12000,0.31000,0.26124,0.43405
0.13000,0.31000,0.26572,0.43726
0.14000,0.31000,0.27406,0.43830
0.15000,0.31000,0.28648,0.43692
0.16000,0.31000,0.30297,0.43293
0.17000,0.31000,0.32323,0.42623
0.18000,0.31000,0.34662,0.41677
0.19000,0.31000,0.37228,0.40461
0.20000,0.31000,0.39919,0.38989
0.21000,0.31000,0.42628,0.37292
0.22000,0.31000,0.45256,0.35414
0.23000,0.31000,0.47722,0.33420
0.24000,0.31000,0.49963,0.31391
0.25000,0.31000,0.51934,0.29420
0.26000,0.31000,0.53605,0.27608
0.27000,0.31000,0.54957,0.26052
0.28000,0.31000,0.55973,0.24837
0.29000,0.31000,0.56645,0.24027
0.30000,0.31000,0.56966,0.23662
0.31000,0.31000,0.56932,0.23756
0.32000,0.31000,0.56542,0.24295
0.33000,0.31000,0.55798,0.25241
0.34000,0.31000,0.54705,0.26534
0.35000,0.31000,0.53271,0.28097
0.36000,0.31000,0.51510,0.29844
0.37000,0.31000,0.49446,0.31687
0.38000,0.31000,0.47115,0.33543
0.39000,0.31000,0.44571,0.35342
0.40000,0.31000,0.41886,0.37026
0.41000,0.31000,0.39154,0.38556
0.42000,0.31000,0.36477,0.39905
0.43000,0.31000,0.33959,0.41058
0.44000,0.31000,0.31693,0.42007
0.45000,0.31000,0.29748,0.42752
0.46000,0.31000,0.28163,0.43296
0.47000,0.31000,0.26947,0.43649
0.48000,0.31000,0.26081,0.43824
0.49000,0.31000,0.25530,0.43838
0.50000,0.31000,0.25246,0.43713
0.51000,0.31000,0.25181,0.43470
0.52000,0.31000,0.25289,0.43132
0.53000,0.31000,0.25528,0.42723
0.54000,0.31000,0.25863,0.42262
0.55000,0.31000,0.26264,0.41768
0.56000,0.31000,0.26709,0.41257
0.57000,0.31000,0.27178,0.40742
0.58000,0.31000,0.27656,0.40235
0.59000,0.31000,0.28134,0.39742
0.60000,0.31000,0.28601,0.39270
0.61000,0.31000,0.29052,0.38823
0.62000,0.31000,0.29484,0.38404
0.63000,0.31000,0.29892,0.38013
0.64000,0.31000,0.30276,0.37651
0.65000,0.31000,0.30635,0.37317
0.66000,0.31000,0.30968,0.37011
0.67000,0.31000,0.31277,0.36732
0.68000,0.31000,0.31561,0.36477
0.69000,0.31000,0.31822,0.36246
0.70000,0.31000,0.32061,0.36037
0.71000,0.31000,0.32279,0.35847
0.72000,0.31000,0.32477,0.35677
0.73000,0.31000,0.32657,0.35524
0.74000,0.31000,0.32819,0.35388
0.75000,0.31000,0.32965,0.35266
0.76000,0.31000,0.33096,0.35158
0.77000,0.31000,0.33213,0.35063
0.78000,0.31000,0.33317,0.34981
0.79000,0.31000,0.33408,0.34909
0.80000,0.31000,0.33487,0.34849
0.81000,0.31000,0.33555,0.34798
0.82000,0.31000,0.33612,0.34757
0.83000,0.31000,0.33660,0.34725
0.84000,0.31000,0.33698,0.34701
0.85000,0.31000,0.33728,0.34684
0.86000,0.31000,0.33749,0.34675
0.87000,0.31000,0.33763,0.34673
0.88000,0.31000,0.33769,0.34676
0.89000,0.31000,0.33769,0.34685
0.90000,0.31000,0.33763,0.34699
0.91000,0.31000,0.33750,0.34717
0.92000,0.31000,0.33730,0.34739
0.93000,0.31000,0.33700,0.34765
0.94000,0.31000,0.33660,0.34796
0.95000,0.31000,0.33605,0.34834
0.96000,0.31000,0.33529,0.34881
0.97000,0.31000,0.33425,0.34943
0.98000,0.31000,0.33288,0.35023
0.99000,0.31000,0.33113,0.35123
1.0000,0.31000,0.32908,0.35233
0.0000,0.32000,0.32899,0.35246
0.010000,0.32000,0.32550,0.35490
0.020000,0.32000,0.31997,0.35937
0.030000,0.32000,0.31306,0.36530
0.040000,0.32000,0.30523,0.37233
0.050000,0.32000,0.29692,0.38016
0.060000,0.32000,0.28856,0.38852
0.070000,0.32000,0.28056,0.39712
0.080000,0.32000,0.27342,0.40565
0.090000,0.32000,0.26760,0.41375
0.10000,0.32000,0.26364,0.42106
0.11000,0.32000,0.26206,0.42720
0.12000,0.32000,0.26339,0.43184
0.13000,0.32000,0.26809,0.43464
0.14000,0.32000,0.27655,0.43532
0.15000,0.32000,0.28897,0.43368
0.16000,0.32000,0.30532,0.42956
0.17000,0.32000,0.32527,0.42288
0.18000,0.32000,0.34822,0.41363
0.19000,0.32000,0.37330,0.40188
0.20000,0.32000,0.39953,0.38778
0.21000,0.32000,0.42588,0.37161
0.22000,0.32000,0.45143,0.35379
0.23000,0.32000,0.47539,0.33490
0.24000,0.32000,0.49717,0.31570
0.25000,0.32000,0.51635,0.29705
0.26000,0.32000,0.53264,0.27988
0.27000,0.32000,0.54583,0.26511
0.28000,0.32000,0.55580,0.25353
0.29000,0.32000,0.56243,0.24576
0.30000,0.32000,0.56565,0.24219
0.31000,0.32000,0.56542,0.24295
0.32000,0.32000,0.56173,0.24791
0.33000,0.32000,0.55461,0.25670
0.34000,0.32000,0.54409,0.26876
0.35000,0.32000,0.53027,0.28337
0.36000,0.32000,0.51328,0.29973
0.37000,0.32000,0.49333,0.31701
0.38000,0.32000,0.47078,0.33446
0.39000,0.32000,0.44612,0.35143
0.40000,0.32000,0.42005,0.36741
0.41000,0.32000,0.39344,0.38203
0.42000,0.32000,0.36728,0.39504
0.43000,0.32000,0.34257,0.40629
0.44000,0.32000,0.32022,0.41570
0.45000,0.32000,0.30092,0.42323
0.46000,0.32000,0.28507,0.42889
0.47000,0.32000,0.27277,0.43274
0.48000,0.32000,0.26388,0.43489
0.49000,0.32000,0.25806,0.43548
0.50000,0.32000,0.25486,0.43468
0.51000,0.32000,0.25384,0.43271
0.52000,0.32000,0.25454,0.42978
0.53000,0.32000,0.25657,0.42610
0.54000,0.32000,0.25957,0.42186
0.55000,0.32000,0.26327,0.41726
0.56000,0.32000,0.26743,0.41244
0.57000,0.32000,0.27187,0.40754
0.58000,0.32000,0.27644,0.40266
0.59000,0.32000,0.28103,0.39790
0.60000,0.32000,0.28556,0.39330
0.61000,0.32000,0.28996,0.38893
0.62000,0.32000,0.29418,0.38480
0.63000,0.32000,0.29820,0.38093
0.64000,0.32000,0.30200,0.37733
0.65000,0.32000,0.30556,0.37400
0.66000,0.32000,0.30889,0.37093
0.67000,0.32000,0.31198,0.36811
0.68000,0.32000,0.31484,0.36553
0.69000,0.32000,0.31748,0.36318
0.70000,0.32000,0.31990,0.36104
0.71000,0.32000,0.32213,0.35909
0.72000,0.32000,0.32416,0.35734
0.73000,0.32000,0.32601,0.35575
0.74000,0.32000,0.32769,0.35433
0.75000,0.32000,0.32921,0.35305
0.76000,0.32000,0.33058,0.35192
0.77000,0.32000,0.33181,0.35091
0.78000,0.32000,0.33290,0.35003
0.79000,0.32000,0.33386,0.34927
0.80000,0.32000,0.33471,0.34861
0.81000,0.32000,0.33544,0.34806
0.82000,0.32000,0.33605,0.34761
0.83000,0.32000,0.33657,0.34725
0.84000,0.32000,0.33699,0.34698
0.85000,0.32000,0.33731,0.34679
0.86000,0.32000,0.33755,0.34668
0.87000,0.32000,0.33771,0.34663
0.88000,0.32000,0.33780,0.34666
0.89000,0.32000,0.33781,0.34674
0.90000,0.32000,0.33775,0.34687
0.91000,0.32000,0.33762,0.34705
0.92000,0.32000,0.33741,0.34727
0.93000,0.32000,0.33711,0.34754
0.94000,0.32000,0.33670,0.34787
0.95000,0.32000,0.33613,0.34826
0.96000,0.32000,0.33535,0.34876
0.97000,0.32000,0.33429,0.34940
0.98000,0.32000,0.33289,0.35024
0.99000,0.32000,0.33109,0.35129
1.0000,0.32000,0.32899,0.35246
0.0000,0.33000,0.32881,0.35271
0.010000,0.33000,0.32520,0.35530
0.020000,0.33000,0.31964,0.35986
0.030000,0.33000,0.31280,0.36577
0.040000,0.33000,0.30517,0.37267
0.050000,0.33000,0.29716,0.38026
0.060000,0.33000,0.28921,0.38826
0.070000,0.33000,0.28172,0.39639
0.080000,0.33000,0.27514,0.40433
0.090000,0.33000,0.26993,0.41176
0.10000,0.33000,0.26657,0.41835
0.11000,0.33000,0.26556,0.42374
0.12000,0.33000,0.26738,0.42763
0.13000,0.33000,0.27244,0.42975
0.14000,0.33000,0.28109,0.42988
0.15000,0.33000,0.29348,0.42785
0.16000,0.33000,0.30955,0.42356
0.17000,0.33000,0.32896,0.41699
0.18000,0.33000,0.35110,0.40817
0.19000,0.33000,0.37515,0.39718
0.20000,0.33000,0.40017,0.38418
0.21000,0.33000,0.42523,0.36942
0.22000,0.33000,0.44946,0.35325
0.23000,0.33000,0.47216,0.33617
0.24000,0.33000,0.49279,0.31883
0.25000,0.33000,0.51097,0.30198
0.26000,0.33000,0.52643,0.28644
0.27000,0.33000,0.53900,0.27302
0.28000,0.33000,0.54853,0.26245
0.29000,0.33000,0.55492,0.25529
0.30000,0.33000,0.55808,0.25190
0.31000,0.33000,0.55798,0.25241
0.32000,0.33000,0.55461,0.25670
0.33000,0.33000,0.54798,0.26445
0.34000,0.33000,0.53815,0.27513
0.35000,0.33000,0.52519,0.28810
0.36000,0.33000,0.50924,0.30265
0.37000,0.33000,0.49049,0.31806
0.38000,0.33000,0.46925,0.33367
0.39000,0.33000,0.44596,0.34895
0.40000,0.33000,0.42125,0.36345
0.41000,0.33000,0.39592,0.37687
0.42000,0.33000,0.37088,0.38899
0.43000,0.33000,0.34707,0.39967
0.44000,0.33000,0.32536,0.40880
0.45000,0.33000,0.30642,0.41634
0.46000,0.33000,0.29067,0.42223
0.47000,0.33000,0.27826,0.42650
0.48000,0.33000,0.26907,0.42919
0.49000,0.33000,0.26282,0.43042
0.50000,0.33000,0.25911,0.43030
0.51000,0.33000,0.25753,0.42903
0.52000,0.33000,0.25766,0.42677
0.53000,0.33000,0.25912,0.42373
0.54000,0.33000,0.26159,0.42008
0.55000,0.33000,0.26480,0.41600
0.56000,0.33000,0.26851,0.41164
0.57000,0.33000,0.27256,0.40714
0.58000,0.33000,0.27678,0.40260
0.59000,0.33000,0.28108,0.39811
0.60000,0.33000,0.28536,0.39374
0.61000,0.33000,0.28956,0.38953
0.62000,0.33000,0.29363,0.38553
0.63000,0.33000,0.29753,0.38175
0.64000,0.33000,0.30124,0.37821
0.65000,0.33000,0.30474,0.37491
0.66000,0.33000,0.30803,0.37185
0.67000,0.33000,0.31111,0.36902
0.68000,0.33000,0.31397,0.36642
0.69000,0.33000,0.31663,0.36403
0.70000,0.33000,0.31909,0.36185
0.71000,0.33000,0.32135,0.35985
0.72000,0.33000,0.32343,0.35804
0.73000,0.33000,0.32533,0.35640
0.74000,0.33000,0.32707,0.35491
0.75000,0.33000,0.32865,0.35358
0.76000,0.33000,0.33008,0.35238
0.77000,0.33000,0.33137,0.35131
0.78000,0.33000,0.33252,0.35037
0.79000,0.33000,0.33354,0.34955
0.80000,0.33000,0.33444,0.34884
0.81000,0.33000,0.33522,0.34824
0.82000,0.33000,0.33589,0.34774
0.83000,0.33000,0.33646,0.34734
0.84000,0.33000,0.33692,0.34703
0.85000,0.33000,0.33728,0.34680
0.86000,0.33000,0.33755,0.34666
0.87000,0.33000,0.33774,0.34659
0.88000,0.33000,0.33785,0.34659
0.89000,0.33000,0.33788,0.34666
0.90000,0.33000,0.33783,0.34678
0.91000,0.33000,0.33771,0.34696
0.92000,0.33000,0.33751,0.34718
0.93000,0.33000,0.33721,0.34745
0.94000,0.33000,0.33679,0.34779
0.95000,0.33000,0.33620,0.34820
0.96000,0.33000,0.33541,0.34871
0.97000,0.33000,0.33432,0.34939
0.98000,0.33000,0.33288,0.35027
0.99000,0.33000,0.33102,0.35140
1.0000,0.33000,0.32881,0.35271
0.0000,0.34000,0.32855,0.35307
0.010000,0.34000,0.32479,0.35587
0.020000,0.34000,0.31922,0.36050
0.030000,0.34000,0.31253,0.36635
0.040000,0.34000,0.30520,0.37303
0.050000,0.34000,0.29766,0.38023
0.060000,0.34000,0.29031,0.38769
0.070000,0.34000,0.28354,0.39512
0.080000,0.34000,0.27775,0.40224
0.090000,0.34000,0.27339,0.40873
0.10000,0.34000,0.27087,0.41431
0.11000,0.34000,0.27063,0.41867
0.12000,0.34000,0.27310,0.42157
0.13000,0.34000,0.27864,0.42280
0.14000,0.34000,0.28751,0.42221
0.15000,0.34000,0.29982,0.41969
0.16000,0.34000,0.31546,0.41525
0.17000,0.34000,0.33407,0.40889
0.18000,0.34000,0.35505,0.40071
0.19000,0.34000,0.37764,0.39080
0.20000,0.34000,0.40098,0.37931
0.21000,0.34000,0.42422,0.36646
0.22000,0.34000,0.44660,0.35253
0.23000,0.34000,0.46751,0.33790
0.24000,0.34000,0.48650,0.32307
0.25000,0.34000,0.50324,0.30865
0.26000,0.34000,0.51750,0.29531
0.27000,0.34000,0.52913,0.28374
0.28000,0.34000,0.53798,0.27455
0.29000,0.34000,0.54396,0.26824
0.30000,0.34000,0.54700,0.26513
0.31000,0.34000,0.54705,0.26534
0.32000,0.34000,0.54409,0.26876
0.33000,0.34000,0.53815,0.27513
0.34000,0.34000,0.52927,0.28399
0.35000,0.34000,0.51752,0.29479
0.36000,0.34000,0.50302,0.30695
0.37000,0.34000,0.48593,0.31988
0.38000,0.34000,0.46650,0.33306
0.39000,0.34000,0.44511,0.34606
0.40000,0.34000,0.42231,0.35857
0.41000,0.34000,0.39879,0.37034
0.42000,0.34000,0.37535,0.38121
0.43000,0.34000,0.35285,0.39104
0.44000,0.34000,0.33211,0.39972
0.45000,0.34000,0.31377,0.40715
0.46000,0.34000,0.29827,0.41326
0.47000,0.34000,0.28578,0.41799
0.48000,0.34000,0.27626,0.42134
0.49000,0.34000,0.26949,0.42334
0.50000,0.34000,0.26514,0.42408
0.51000,0.34000,0.26284,0.42369
0.52000,0.34000,0.26222,0.42232
0.53000,0.34000,0.26294,0.42011
0.54000,0.34000,0.26471,0.41725
0.55000,0.34000,0.26725,0.41388
0.56000,0.34000,0.27036,0.41015
0.57000,0.34000,0.27387,0.40619
0.58000,0.34000,0.27763,0.40212
0.59000,0.34000,0.28152,0.39801
0.60000,0.34000,0.28547,0.39395
0.61000,0.34000,0.28938,0.39000
0.62000,0.34000,0.29322,0.38619
0.63000,0.34000,0.29695,0.38255
0.64000,0.34000,0.30052,0.37911
0.65000,0.34000,0.30393,0.37587
0.66000,0.34000,0.30715,0.37284
0.67000,0.34000,0.31019,0.37003
0.68000,0.34000,0.31304,0.36742
0.69000,0.34000,0.31570,0.36500
0.70000,0.34000,0.31817,0.36278
0.71000,0.34000,0.32047,0.36074
0.72000,0.34000,0.32259,0.35888
0.73000,0.34000,0.32454,0.35717
0.74000,0.34000,0.32633,0.35563
0.75000,0.34000,0.32797,0.35423
0.76000,0.34000,0.32946,0.35296
0.77000,0.34000,0.33081,0.35183
0.78000,0.34000,0.33203,0.35083
0.79000,0.34000,0.33311,0.34995
0.80000,0.34000,0.33407,0.34918
0.81000,0.34000,0.33491,0.34852
0.82000,0.34000,0.33564,0.34797
0.83000,0.34000,0.33625,0.34751
0.84000,0.34000,0.33676,0.34716
0.85000,0.34000,0.33717,0.34689
0.86000,0.34000,0.33749,0.34671
0.87000,0.34000,0.33771,0.34661
0.88000,0.34000,0.33785,0.34658
0.89000,0.34000,0.33790,0.34662
0.90000,0.34000,0.33788,0.34673
0.91000,0.34000,0.33777,0.34689
0.92000,0.34000,0.33758,0.34711
0.93000,0.34000,0.33728,0.34738
0.94000,0.34000,0.33686,0.34772
0.95000,0.34000,0.33627,0.34814
0.96000,0.34000,0.33546,0.34868
0.97000,0.34000,0.33435,0.34939
0.98000,0.34000,0.33286,0.35034
0.99000,0.34000,0.33092,0.35157
1.0000,0.34000,0.32855,0.35307
0.0000,0.35000,0.32823,0.35352
0.010000,0.35000,0.32430,0.35656
0.020000,0.35000,0.31875,0.36126
0.030000,0.35000,0.31228,0.36698
0.040000,0.35000,0.30538,0.37333
0.050000,0.35000,0.29846,0.38001
0.060000,0.35000,0.29189,0.38675
0.070000,0.35000,0.28603,0.39329
0.080000,0.35000,0.28126,0.39935
0.090000,0.35000,0.27794,0.40468
0.10000,0.35000,0.27645,0.40902
0.11000,0.35000,0.27716,0.41214
0.12000,0.35000,0.28040,0.41386
0.13000,0.35000,0.28649,0.41404
0.14000,0.35000,0.29558,0.41263
0.15000,0.35000,0.30773,0.40961
0.16000,0.35000,0.32277,0.40504
0.17000,0.35000,0.34033,0.39901
0.18000,0.35000,0.35982,0.39165
0.19000,0.35000,0.38056,0.38309
0.20000,0.35000,0.40177,0.37346
0.21000,0.35000,0.42272,0.36292
0.22000,0.35000,0.44277,0.35166
0.23000,0.35000,0.46144,0.33994
0.24000,0.35000,0.47834,0.32811
0.25000,0.35000,0.49322,0.31661
0.26000,0.35000,0.50592,0.30593
0.27000,0.35000,0.51629,0.29660
0.28000,0.35000,0.52424,0.28910
0.29000,0.35000,0.52966,0.28385
0.30000,0.35000,0.53250,0.28110
0.31000,0.35000,0.53271,0.28097
0.32000,0.35000,0.53027,0.28337
0.33000,0.35000,0.52519,0.28810
0.34000,0.35000,0.51752,0.29479
0.35000,0.35000,0.50731,0.30303
0.36000,0.35000,0.49463,0.31235
0.37000,0.35000,0.47962,0.32234
0.38000,0.35000,0.46246,0.33263
0.39000,0.35000,0.44346,0.34293
0.40000,0.35000,0.42305,0.35304
0.41000,0.35000,0.40181,0.36281
0.42000,0.35000,0.38042,0.37211
0.43000,0.35000,0.35963,0.38085
0.44000,0.35000,0.34018,0.38889
0.45000,0.35000,0.32269,0.39610
0.46000,0.35000,0.30759,0.40235
0.47000,0.35000,0.29511,0.40754
0.48000,0.35000,0.28527,0.41158
0.49000,0.35000,0.27793,0.41445
0.50000,0.35000,0.27284,0.41618
0.51000,0.35000,0.26970,0.41682
0.52000,0.35000,0.26819,0.41648
0.53000,0.35000,0.26801,0.41528
0.54000,0.35000,0.26891,0.41336
0.55000,0.35000,0.27064,0.41086
0.56000,0.35000,0.27301,0.40791
0.57000,0.35000,0.27585,0.40463
0.58000,0.35000,0.27902,0.40114
0.59000,0.35000,0.28241,0.39753
0.60000,0.35000,0.28592,0.39389
0.61000,0.35000,0.28947,0.39026
0.62000,0.35000,0.29302,0.38671
0.63000,0.35000,0.29650,0.38327
0.64000,0.35000,0.29989,0.37998
0.65000,0.35000,0.30315,0.37684
0.66000,0.35000,0.30628,0.37388
0.67000,0.35000,0.30925,0.37110
0.68000,0.35000,0.31206,0.36850
0.69000,0.35000,0.31470,0.36607
0.70000,0.35000,0.31718,0.36382
0.71000,0.35000,0.31950,0.36174
0.72000,0.35000,0.32165,0.35983
0.73000,0.35000,0.32365,0.35807
0.74000,0.35000,0.32549,0.35646
0.75000,0.35000,0.32718,0.35500
0.76000,0.35000,0.32874,0.35367
0.77000,0.35000,0.33015,0.35247
0.78000,0.35000,0.33143,0.35140
0.79000,0.35000,0.33258,0.35045
0.80000,0.35000,0.33360,0.34962
0.81000,0.35000,0.33450,0.34890
0.82000,0.35000,0.33529,0.34829
0.83000,0.35000,0.33596,0.34778
0.84000,0.35000,0.33653,0.34737
0.85000,0.35000,0.33699,0.34705
0.86000,0.35000,0.33735,0.34683
0.87000,0.35000,0.33762,0.34669
0.88000,0.35000,0.33779,0.34663
0.89000,0.35000,0.33788,0.34664
0.90000,0.35000,0.33789,0.34672
0.91000,0.35000,0.33780,0.34686
0.92000,0.35000,0.33762,0.34706
0.93000,0.35000,0.33734,0.34733
0.94000,0.35000,0.33692,0.34767
0.95000,0.35000,0.33632,0.34810
0.96000,0.35000,0.33550,0.34866
0.97000,0.35000,0.33436,0.34941
0.98000,0.35000,0.33283,0.35042
0.99000,0.35000,0.33080,0.35178
1.0000,0.35000,0.32823,0.35352
0.0000,0.36000,0.32788,0.35403
0.010000,0.36000,0.32377,0.35734
0.020000,0.36000,0.31829,0.36207
0.030000,0.36000,0.31213,0.36760
0.040000,0.36000,0.30577,0.37352
0.050000,0.36000,0.29961,0.37953
0.060000,0.36000,0.29398,0.38540
0.070000,0.36000,0.28922,0.39086
0.080000,0.36000,0.28563,0.39569
0.090000,0.36000,0.28352,0.39966
0.10000,0.36000,0.28321,0.40259
0.11000,0.36000,0.28498,0.40432
0.12000,0.36000,0.28908,0.40474
0.13000,0.36000,0.29573,0.40381
0.14000,0.36000,0.30501,0.40155
0.15000,0.36000,0.31688,0.39805
0.16000,0.36000,0.33113,0.39344
0.17000,0.36000,0.34738,0.38787
0.18000,0.36000,0.36508,0.38151
0.19000,0.36000,0.38361,0.37450
0.20000,0.36000,0.40230,0.36697
0.21000,0.36000,0.42057,0.35900
0.22000,0.36000,0.43789,0.35070
0.23000,0.36000,0.45390,0.34220
0.24000,0.36000,0.46832,0.33369
0.25000,0.36000,0.48099,0.32542
0.26000,0.36000,0.49179,0.31769
0.27000,0.36000,0.50063,0.31087
0.28000,0.36000,0.50744,0.30529
0.29000,0.36000,0.51215,0.30124
0.30000,0.36000,0.51472,0.29893
0.31000,0.36000,0.51510,0.29844
0.32000,0.36000,0.51328,0.29973
0.33000,0.36000,0.50924,0.30265
0.34000,0.36000,0.50302,0.30695
0.35000,0.36000,0.49463,0.31235
0.36000,0.36000,0.48412,0.31856
0.37000,0.36000,0.47156,0.32532
0.38000,0.36000,0.45707,0.33243
0.39000,0.36000,0.44086,0.33975
0.40000,0.36000,0.42325,0.34720
0.41000,0.36000,0.40470,0.35470
0.42000,0.36000,0.38575,0.36221
0.43000,0.36000,0.36704,0.36964
0.44000,0.36000,0.34920,0.37685
0.45000,0.36000,0.33281,0.38369
0.46000,0.36000,0.31831,0.38998
0.47000,0.36000,0.30596,0.39556
0.48000,0.36000,0.29586,0.40028
0.49000,0.36000,0.28795,0.40404
0.50000,0.36000,0.28207,0.40679
0.51000,0.36000,0.27799,0.40855
0.52000,0.36000,0.27548,0.40935
0.53000,0.36000,0.27429,0.40927
0.54000,0.36000,0.27420,0.40843
0.55000,0.36000,0.27499,0.40692
0.56000,0.36000,0.27649,0.40488
0.57000,0.36000,0.27854,0.40241
0.58000,0.36000,0.28101,0.39962
0.59000,0.36000,0.28379,0.39661
0.60000,0.36000,0.28677,0.39347
0.61000,0.36000,0.28989,0.39026
0.62000,0.36000,0.29306,0.38704
0.63000,0.36000,0.29625,0.38386
0.64000,0.36000,0.29939,0.38077
0.65000,0.36000,0.30247,0.37778
0.66000,0.36000,0.30546,0.37492
0.67000,0.36000,0.30833,0.37220
0.68000,0.36000,0.31107,0.36963
0.69000,0.36000,0.31368,0.36721
0.70000,0.36000,0.31615,0.36495
0.71000,0.36000,0.31847,0.36284
0.72000,0.36000,0.32064,0.36088
0.73000,0.36000,0.32267,0.35907
0.74000,0.36000,0.32456,0.35740
0.75000,0.36000,0.32630,0.35588
0.76000,0.36000,0.32791,0.35448
0.77000,0.36000,0.32938,0.35322
0.78000,0.36000,0.33073,0.35208
0.79000,0.36000,0.33194,0.35106
0.80000,0.36000,0.33303,0.35017
0.81000,0.36000,0.33400,0.34938
0.82000,0.36000,0.33485,0.34870
0.83000,0.36000,0.33558,0.34813
0.84000,0.36000,0.33621,0.34767
0.85000,0.36000,0.33672,0.34730
0.86000,0.36000,0.33714,0.34702
0.87000,0.36000,0.33746,0.34683
0.88000,0.36000,0.33768,0.34673
0.89000,0.36000,0.33781,0.34670
0.90000,0.36000,0.33785,0.34674
0.91000,0.36000,0.33779,0.34686
0.92000,0.36000,0.33764,0.34704
0.93000,0.36000,0.33737,0.34730
0.94000,0.36000,0.33696,0.34763
0.95000,0.36000,0.33636,0.34807
0.96000,0.36000,0.33553,0.34865
0.97000,0.36000,0.33438,0.34944
0.98000,0.36000,0.33279,0.35052
0.99000,0.36000,0.33066,0.35202
1.0000,0.36000,0.32788,0.35403
0.0000,0.37000,0.32753,0.35458
0.010000,0.37000,0.32324,0.35817
0.020000,0.37000,0.31788,0.36289
0.030000,0.37000,0.31213,0.36813
0.040000,0.37000,0.30643,0.37350
0.050000,0.37000,0.30116,0.37873
0.060000,0.37000,0.29662,0.38357
0.070000,0.37000,0.29309,0.38781
0.080000,0.37000,0.29081,0.39126
0.090000,0.37000,0.29004,0.39376
0.10000,0.37000,0.29100,0.39518
0.11000,0.37000,0.29389,0.39544
0.12000,0.37000,0.29888,0.39454
0.13000,0.37000,0.30606,0.39250
0.14000,0.37000,0.31543,0.38945
0.15000,0.37000,0.32688,0.38556
0.16000,0.37000,0.34015,0.38102
0.17000,0.37000,0.35485,0.37605
0.18000,0.37000,0.37048,0.37084
0.19000,0.37000,0.38650,0.36553
0.20000,0.37000,0.40236,0.36023
0.21000,0.37000,0.41761,0.35498
0.22000,0.37000,0.43188,0.34977
0.23000,0.37000,0.44490,0.34462
0.24000,0.37000,0.45653,0.33956
0.25000,0.37000,0.46666,0.33465
0.26000,0.37000,0.47527,0.33001
0.27000,0.37000,0.48233,0.32583
0.28000,0.37000,0.48780,0.32228
0.29000,0.37000,0.49167,0.31952
0.30000,0.37000,0.49390,0.31770
0.31000,0.37000,0.49446,0.31687
0.32000,0.37000,0.49333,0.31701
0.33000,0.37000,0.49049,0.31806
0.34000,0.37000,0.48593,0.31988
0.35000,0.37000,0.47962,0.32234
0.36000,0.37000,0.47156,0.32532
0.37000,0.37000,0.46175,0.32873
0.38000,0.37000,0.45025,0.33254
0.39000,0.37000,0.43716,0.33675
0.40000,0.37000,0.42270,0.34139
0.41000,0.37000,0.40716,0.34649
0.42000,0.37000,0.39099,0.35204
0.43000,0.37000,0.37466,0.35798
0.44000,0.37000,0.35874,0.36419
0.45000,0.37000,0.34371,0.37050
0.46000,0.37000,0.33003,0.37669
0.47000,0.37000,0.31797,0.38253
0.48000,0.37000,0.30772,0.38784
0.49000,0.37000,0.29928,0.39243
0.50000,0.37000,0.29262,0.39620
0.51000,0.37000,0.28758,0.39908
0.52000,0.37000,0.28401,0.40106
0.53000,0.37000,0.28172,0.40218
0.54000,0.37000,0.28054,0.40249
0.55000,0.37000,0.28029,0.40208
0.56000,0.37000,0.28082,0.40104
0.57000,0.37000,0.28198,0.39948
0.58000,0.37000,0.28366,0.39749
0.59000,0.37000,0.28573,0.39518
0.60000,0.37000,0.28810,0.39263
0.61000,0.37000,0.29069,0.38991
0.62000,0.37000,0.29342,0.38710
0.63000,0.37000,0.29624,0.38425
0.64000,0.37000,0.29909,0.38141
0.65000,0.37000,0.30194,0.37862
0.66000,0.37000,0.30474,0.37590
0.67000,0.37000,0.30747,0.37327
0.68000,0.37000,0.31012,0.37076
0.69000,0.37000,0.31266,0.36838
0.70000,0.37000,0.31509,0.36612
0.71000,0.37000,0.31740,0.36400
0.72000,0.37000,0.31958,0.36201
0.73000,0.37000,0.32163,0.36016
0.74000,0.37000,0.32355,0.35844
0.75000,0.37000,0.32534,0.35686
0.76000,0.37000,0.32700,0.35540
0.77000,0.37000,0.32853,0.35407
0.78000,0.37000,0.32993,0.35287
0.79000,0.37000,0.33121,0.35178
0.80000,0.37000,0.33236,0.35081
0.81000,0.37000,0.33340,0.34996
0.82000,0.37000,0.33431,0.34921
0.83000,0.37000,0.33511,0.34858
0.84000,0.37000,0.33580,0.34805
0.85000,0.37000,0.33638,0.34762
0.86000,0.37000,0.33685,0.34728
0.87000,0.37000,0.33723,0.34704
0.88000,0.37000,0.33750,0.34688
0.89000,0.37000,0.33768,0.34681
0.90000,0.37000,0.33776,0.34682
0.91000,0.37000,0.33774,0.34690
0.92000,0.37000,0.33761,0.34706
0.93000,0.37000,0.33737,0.34730
0.94000,0.37000,0.33697,0.34762
0.95000,0.37000,0.33639,0.34806
0.96000,0.37000,0.33556,0.34865
0.97000,0.37000,0.33439,0.34947
0.98000,0.37000,0.33277,0.35063
0.99000,0.37000,0.33053,0.35227
1.0000,0.37000,0.32753,0.35458
0.0000,0.38000,0.32720,0.35515
0.010000,0.38000,0.32276,0.35899
0.020000,0.38000,0.31760,0.36364
0.030000,0.38000,0.31234,0.36850
0.040000,0.38000,0.30742,0.37322
0.050000,0.38000,0.30316,0.37754
0.060000,0.38000,0.29982,0.38124
0.070000,0.38000,0.29761,0.38415
0.080000,0.38000,0.29674,0.38614
0.090000,0.38000,0.29737,0.38710
0.10000,0.38000,0.29964,0.38698
0.11000,0.38000,0.30366,0.38580
0.12000,0.38000,0.30949,0.38361
0.13000,0.38000,0.31712,0.38056
0.14000,0.38000,0.32646,0.37684
0.15000,0.38000,0.33732,0.37269
0.16000,0.38000,0.34940,0.36838
0.17000,0.38000,0.36233,0.36414
0.18000,0.38000,0.37565,0.36020
0.19000,0.38000,0.38891,0.35669
0.20000,0.38000,0.40171,0.35368
0.21000,0.38000,0.41371,0.35116
0.22000,0.38000,0.42468,0.34904
0.23000,0.38000,0.43447,0.34720
0.24000,0.38000,0.44305,0.34554
0.25000,0.38000,0.45042,0.34396
0.26000,0.38000,0.45661,0.34239
0.27000,0.38000,0.46168,0.34084
0.28000,0.38000,0.46566,0.33932
0.29000,0.38000,0.46857,0.33788
0.30000,0.38000,0.47040,0.33658
0.31000,0.38000,0.47115,0.33543
0.32000,0.38000,0.47078,0.33446
0.33000,0.38000,0.46925,0.33367
0.34000,0.38000,0.46650,0.33306
0.35000,0.38000,0.46246,0.33263
0.36000,0.38000,0.45707,0.33243
0.37000,0.38000,0.45025,0.33254
0.38000,0.38000,0.44197,0.33309
0.39000,0.38000,0.43225,0.33420
0.40000,0.38000,0.42116,0.33602
0.41000,0.38000,0.40890,0.33865
0.42000,0.38000,0.39575,0.34215
0.43000,0.38000,0.38208,0.34648
0.44000,0.38000,0.36833,0.35153
0.45000,0.38000,0.35493,0.35713
0.46000,0.38000,0.34228,0.36303
0.47000,0.38000,0.33072,0.36898
0.48000,0.38000,0.32046,0.37471
0.49000,0.38000,0.31162,0.38002
0.50000,0.38000,0.30424,0.38471
0.51000,0.38000,0.29827,0.38866
0.52000,0.38000,0.29363,0.39180
0.53000,0.38000,0.29021,0.39412
0.54000,0.38000,0.28788,0.39562
0.55000,0.38000,0.28652,0.39635
0.56000,0.38000,0.28600,0.39638
0.57000,0.38000,0.28619,0.39580
0.58000,0.38000,0.28698,0.39470
0.59000,0.38000,0.28827,0.39317
0.60000,0.38000,0.28995,0.39129
0.61000,0.38000,0.29194,0.38915
0.62000,0.38000,0.29417,0.38682
0.63000,0.38000,0.29656,0.38436
0.64000,0.38000,0.29905,0.38184
0.65000,0.38000,0.30161,0.37929
0.66000,0.38000,0.30418,0.37676
0.67000,0.38000,0.30673,0.37428
0.68000,0.38000,0.30924,0.37186
0.69000,0.38000,0.31169,0.36954
0.70000,0.38000,0.31405,0.36731
0.71000,0.38000,0.31632,0.36519
0.72000,0.38000,0.31849,0.36319
0.73000,0.38000,0.32055,0.36131
0.74000,0.38000,0.32249,0.35955
0.75000,0.38000,0.32431,0.35792
0.76000,0.38000,0.32601,0.35641
0.77000,0.38000,0.32759,0.35502
0.78000,0.38000,0.32905,0.35374
0.79000,0.38000,0.33039,0.35259
0.80000,0.38000,0.33160,0.35155
0.81000,0.38000,0.33270,0.35063
0.82000,0.38000,0.33369,0.34982
0.83000,0.38000,0.33455,0.34911
0.84000,0.38000,0.33531,0.34851
0.85000,0.38000,0.33595,0.34802
0.86000,0.38000,0.33649,0.34762
0.87000,0.38000,0.33693,0.34732
0.88000,0.38000,0.33726,0.34711
0.89000,0.38000,0.33749,0.34699
0.90000,0.38000,0.33762,0.34695
0.91000,0.38000,0.33764,0.34699
0.92000,0.38000,0.33755,0.34711
0.93000,0.38000,0.33734,0.34733
0.94000,0.38000,0.33697,0.34763
0.95000,0.38000,0.33641,0.34806
0.96000,0.38000,0.33558,0.34866
0.97000,0.38000,0.33441,0.34951
0.98000,0.38000,0.33275,0.35074
0.99000,0.38000,0.33042,0.35253
1.0000,0.38000,0.32720,0.35515
0.0000,0.39000,0.32691,0.35569
0.010000,0.39000,0.32238,0.35976
0.020000,0.39000,0.31749,0.36425
0.030000,0.39000,0.31283,0.36865
0.040000,0.39000,0.30878,0.37261
0.050000,0.39000,0.30563,0.37591
0.060000,0.39000,0.30356,0.37839
0.070000,0.39000,0.30276,0.37991
0.080000,0.39000,0.30333,0.38040
0.090000,0.39000,0.30537,0.37983
0.10000,0.39000,0.30892,0.37823
0.11000,0.39000,0.31401,0.37568
0.12000,0.39000,0.32057,0.37235
0.13000,0.39000,0.32851,0.36845
0.14000,0.39000,0.33765,0.36424
0.15000,0.39000,0.34774,0.36001
0.16000,0.39000,0.35845,0.35609
0.17000,0.39000,0.36941,0.35272
0.18000,0.39000,0.38024,0.35014
0.19000,0.39000,0.39058,0.34846
0.20000,0.39000,0.40016,0.34772
0.21000,0.39000,0.40875,0.34784
0.22000,0.39000,0.41627,0.34867
0.23000,0.39000,0.42269,0.34998
0.24000,0.39000,0.42808,0.35154
0.25000,0.39000,0.43253,0.35309
0.26000,0.39000,0.43618,0.35442
0.27000,0.39000,0.43914,0.35536
0.28000,0.39000,0.44151,0.35578
0.29000,0.39000,0.44338,0.35561
0.30000,0.39000,0.44478,0.35482
0.31000,0.39000,0.44571,0.35342
0.32000,0.39000,0.44612,0.35143
0.33000,0.39000,0.44596,0.34895
0.34000,0.39000,0.44511,0.34606
0.35000,0.39000,0.44346,0.34293
0.36000,0.39000,0.44086,0.33975
0.37000,0.39000,0.43716,0.33675
0.38000,0.39000,0.43225,0.33420
0.39000,0.39000,0.42602,0.33234
0.40000,0.39000,0.41846,0.33143
0.41000,0.39000,0.40963,0.33163
0.42000,0.39000,0.39969,0.33304
0.43000,0.39000,0.38887,0.33568
0.44000,0.39000,0.37750,0.33945
0.45000,0.39000,0.36595,0.34416
0.46000,0.39000,0.35459,0.34958
0.47000,0.39000,0.34374,0.35542
0.48000,0.39000,0.33368,0.36139
0.49000,0.39000,0.32460,0.36722
0.50000,0.39000,0.31663,0.37267
0.51000,0.39000,0.30981,0.37757
0.52000,0.39000,0.30415,0.38179
0.53000,0.39000,0.29962,0.38524
0.54000,0.39000,0.29614,0.38790
0.55000,0.39000,0.29364,0.38978
0.56000,0.39000,0.29202,0.39092
0.57000,0.39000,0.29118,0.39137
0.58000,0.39000,0.29103,0.39121
0.59000,0.39000,0.29146,0.39052
0.60000,0.39000,0.29238,0.38939
0.61000,0.39000,0.29370,0.38790
0.62000,0.39000,0.29535,0.38612
0.63000,0.39000,0.29725,0.38412
0.64000,0.39000,0.29933,0.38198
0.65000,0.39000,0.30154,0.37974
0.66000,0.39000,0.30383,0.37745
0.67000,0.39000,0.30616,0.37515
0.68000,0.39000,0.30849,0.37287
0.69000,0.39000,0.31081,0.37064
0.70000,0.39000,0.31308,0.36847
0.71000,0.39000,0.31528,0.36639
0.72000,0.39000,0.31741,0.36440
0.73000,0.39000,0.31945,0.36251
0.74000,0.39000,0.32139,0.36072
0.75000,0.39000,0.32323,0.35905
0.76000,0.39000,0.32497,0.35749
0.77000,0.39000,0.32659,0.35604
0.78000,0.39000,0.32810,0.35471
0.79000,0.39000,0.32949,0.35349
0.80000,0.39000,0.33077,0.35238
0.81000,0.39000,0.33193,0.35139
0.82000,0.39000,0.33298,0.35051
0.83000,0.39000,0.33391,0.34973
0.84000,0.39000,0.33474,0.34906
0.85000,0.39000,0.33545,0.34850
0.86000,0.39000,0.33606,0.34803
0.87000,0.39000,0.33655,0.34767
0.88000,0.39000,0.33695,0.34740
0.89000,0.39000,0.33723,0.34722
0.90000,0.39000,0.33742,0.34713
0.91000,0.39000,0.33749,0.34712
0.92000,0.39000,0.33745,0.34721
0.93000,0.39000,0.33727,0.34739
0.94000,0.39000,0.33694,0.34767
0.95000,0.39000,0.33640,0.34809
0.96000,0.39000,0.33560,0.34869
0.97000,0.39000,0.33443,0.34956
0.98000,0.39000,0.33275,0.35084
0.99000,0.39000,0.33035,0.35277
1.0000,0.39000,0.32691,0.35569
0.0000,0.40000,0.32671,0.35618
0.010000,0.40000,0.32213,0.36042
0.020000,0.40000,0.31760,0.36468
0.030000,0.40000,0.31363,0.36850
0.040000,0.40000,0.31055,0.37161
0.050000,0.40000,0.30857,0.37382
0.060000,0.40000,0.30783,0.37502
0.070000,0.40000,0.30844,0.37514
0.080000,0.40000,0.31044,0.37416
0.090000,0.40000,0.31384,0.37214
0.10000,0.40000,0.31859,0.36917
0.11000,0.40000,0.32461,0.36543
0.12000,0.40000,0.33176,0.36115
0.13000,0.40000,0.33984,0.35661
0.14000,0.40000,0.34859,0.35213
0.15000,0.40000,0.35771,0.34804
0.16000,0.40000,0.36686,0.34467
0.17000,0.40000,0.37570,0.34230
0.18000,0.40000,0.38392,0.34113
0.19000,0.40000,0.39126,0.34127
0.20000,0.40000,0.39755,0.34270
0.21000,0.40000,0.40270,0.34530
0.22000,0.40000,0.40673,0.34885
0.23000,0.40000,0.40975,0.35304
0.24000,0.40000,0.41191,0.35751
0.25000,0.40000,0.41341,0.36189
0.26000,0.40000,0.41447,0.36582
0.27000,0.40000,0.41529,0.36899
0.28000,0.40000,0.41604,0.37117
0.29000,0.40000,0.41684,0.37215
0.30000,0.40000,0.41778,0.37186
0.31000,0.40000,0.41886,0.37026
0.32000,0.40000,0.42005,0.36741
0.33000,0.40000,0.42125,0.36345
0.34000,0.40000,0.42231,0.35857
0.35000,0.40000,0.42305,0.35304
0.36000,0.40000,0.42325,0.34720
0.37000,0.40000,0.42270,0.34139
0.38000,0.40000,0.42116,0.33602
0.39000,0.40000,0.41846,0.33143
0.40000,0.40000,0.41447,0.32794
0.41000,0.40000,0.40913,0.32581
0.42000,0.40000,0.40247,0.32518
0.43000,0.40000,0.39463,0.32608
0.44000,0.40000,0.38581,0.32846
0.45000,0.40000,0.37631,0.33213
0.46000,0.40000,0.36645,0.33687
0.47000,0.40000,0.35655,0.34237
0.48000,0.40000,0.34692,0.34834
0.49000,0.40000,0.33782,0.35446
0.50000,0.40000,0.32944,0.36047
0.51000,0.40000,0.32192,0.36613
0.52000,0.40000,0.31535,0.37127
0.53000,0.40000,0.30978,0.37575
0.54000,0.40000,0.30519,0.37950
0.55000,0.40000,0.30156,0.38248
0.56000,0.40000,0.29884,0.38471
0.57000,0.40000,0.29694,0.38620
0.58000,0.40000,0.29580,0.38701
0.59000,0.40000,0.29533,0.38721
0.60000,0.40000,0.29543,0.38688
0.61000,0.40000,0.29602,0.38610
0.62000,0.40000,0.29703,0.38494
0.63000,0.40000,0.29837,0.38347
0.64000,0.40000,0.29998,0.38177
0.65000,0.40000,0.30179,0.37989
0.66000,0.40000,0.30374,0.37790
0.67000,0.40000,0.30580,0.37584
0.68000,0.40000,0.30792,0.37374
0.69000,0.40000,0.31006,0.37164
0.70000,0.40000,0.31220,0.36957
0.71000,0.40000,0.31431,0.36755
0.72000,0.40000,0.31637,0.36559
0.73000,0.40000,0.31837,0.36371
0.74000,0.40000,0.32030,0.36191
0.75000,0.40000,0.32214,0.36022
0.76000,0.40000,0.32389,0.35862
0.77000,0.40000,0.32554,0.35713
0.78000,0.40000,0.32709,0.35574
0.79000,0.40000,0.32853,0.35446
0.80000,0.40000,0.32986,0.35329
0.81000,0.40000,0.33108,0.35223
0.82000,0.40000,0.33220,0.35128
0.83000,0.40000,0.33320,0.35043
0.84000,0.40000,0.33409,0.34969
0.85000,0.40000,0.33487,0.34906
0.86000,0.40000,0.33554,0.34852
0.87000,0.40000,0.33611,0.34809
0.88000,0.40000,0.33657,0.34775
0.89000,0.40000,0.33692,0.34751
0.90000,0.40000,0.33716,0.34736
0.91000,0.40000,0.33729,0.34731
0.92000,0.40000,0.33730,0.34735
0.93000,0.40000,0.33717,0.34749
0.94000,0.40000,0.33688,0.34774
0.95000,0.40000,0.33638,0.34813
0.96000,0.40000,0.33561,0.34872
0.97000,0.40000,0.33446,0.34960
0.98000,0.40000,0.33278,0.35093
0.99000,0.40000,0.33032,0.35298
1.0000,0.40000,0.32671,0.35618
0.0000,0.41000,0.32661,0.35659
0.010000,0.41000,0.32205,0.36093
0.020000,0.41000,0.31798,0.36486
0.030000,0.41000,0.31479,0.36801
0.040000,0.41000,0.31274,0.37019
0.050000,0.41000,0.31198,0.37126
0.060000,0.41000,0.31258,0.37117
0.070000,0.41000,0.31457,0.36992
0.080000,0.41000,0.31793,0.36757
0.090000,0.41000,0.32257,0.36423
0.10000,0.41000,0.32837,0.36008
0.11000,0.41000,0.33516,0.35537
0.12000,0.41000,0.34269,0.35038
0.13000,0.41000,0.35069,0.34546
0.14000,0.41000,0.35884,0.34095
0.15000,0.41000,0.36681,0.33721
0.16000,0.41000,0.37426,0.33457
0.17000,0.41000,0.38089,0.33329
0.18000,0.41000,0.38645,0.33356
0.19000,0.41000,0.39078,0.33545
0.20000,0.41000,0.39381,0.33891
0.21000,0.41000,0.39557,0.34377
0.22000,0.41000,0.39620,0.34974
0.23000,0.41000,0.39590,0.35644
0.24000,0.41000,0.39493,0.36343
0.25000,0.41000,0.39359,0.37023
0.26000,0.41000,0.39215,0.37638
0.27000,0.41000,0.39091,0.38146
0.28000,0.41000,0.39008,0.38513
0.29000,0.41000,0.38985,0.38712
0.30000,0.41000,0.39033,0.38728
0.31000,0.41000,0.39154,0.38556
0.32000,0.41000,0.39344,0.38203
0.33000,0.41000,0.39592,0.37687
0.34000,0.41000,0.39879,0.37034
0.35000,0.41000,0.40181,0.36281
0.36000,0.41000,0.40470,0.35470
0.37000,0.41000,0.40716,0.34649
0.38000,0.41000,0.40890,0.33865
0.39000,0.41000,0.40963,0.33163
0.40000,0.41000,0.40913,0.32581
0.41000,0.41000,0.40723,0.32151
0.42000,0.41000,0.40385,0.31890
0.43000,0.41000,0.39902,0.31807
0.44000,0.41000,0.39285,0.31898
0.45000,0.41000,0.38555,0.32148
0.46000,0.41000,0.37739,0.32534
0.47000,0.41000,0.36868,0.33029
0.48000,0.41000,0.35973,0.33600
0.49000,0.41000,0.35084,0.34216
0.50000,0.41000,0.34229,0.34847
0.51000,0.41000,0.33427,0.35467
0.52000,0.41000,0.32697,0.36052
0.53000,0.41000,0.32048,0.36586
0.54000,0.41000,0.31488,0.37057
0.55000,0.41000,0.31018,0.37457
0.56000,0.41000,0.30638,0.37782
0.57000,0.41000,0.30343,0.38033
0.58000,0.41000,0.30129,0.38211
0.59000,0.41000,0.29988,0.38323
0.60000,0.41000,0.29912,0.38374
0.61000,0.41000,0.29894,0.38371
0.62000,0.41000,0.29925,0.38322
0.63000,0.41000,0.29998,0.38234
0.64000,0.41000,0.30106,0.38114
0.65000,0.41000,0.30241,0.37969
0.66000,0.41000,0.30398,0.37805
0.67000,0.41000,0.30572,0.37627
0.68000,0.41000,0.30757,0.37441
0.69000,0.41000,0.30950,0.37249
0.70000,0.41000,0.31147,0.37055
0.71000,0.41000,0.31345,0.36862
0.72000,0.41000,0.31542,0.36673
0.73000,0.41000,0.31735,0.36488
0.74000,0.41000,0.31923,0.36310
0.75000,0.41000,0.32106,0.36140
0.76000,0.41000,0.32280,0.35978
0.77000,0.41000,0.32447,0.35826
0.78000,0.41000,0.32604,0.35683
0.79000,0.41000,0.32752,0.35550
0.80000,0.41000,0.32890,0.35427
0.81000,0.41000,0.33017,0.35315
0.82000,0.41000,0.33134,0.35213
0.83000,0.41000,0.33241,0.35121
0.84000,0.41000,0.33337,0.35040
0.85000,0.41000,0.33422,0.34969
0.86000,0.41000,0.33496,0.34909
0.87000,0.41000,0.33559,0.34858
0.88000,0.41000,0.33612,0.34818
0.89000,0.41000,0.33654,0.34787
0.90000,0.41000,0.33685,0.34766
0.91000,0.41000,0.33704,0.34755
0.92000,0.41000,0.33710,0.34754
0.93000,0.41000,0.33703,0.34763
0.94000,0.41000,0.33678,0.34784
0.95000,0.41000,0.33633,0.34820
0.96000,0.41000,0.33560,0.34877
0.97000,0.41000,0.33450,0.34965
0.98000,0.41000,0.33284,0.35101
0.99000,0.41000,0.33036,0.35315
1.0000,0.41000,0.32661,0.35659
0.0000,0.42000,0.32663,0.35689
0.010000,0.42000,0.32219,0.36124
0.020000,0.42000,0.31865,0.36474
0.030000,0.42000,0.31632,0.36715
0.040000,0.42000,0.31535,0.36833
0.050000,0.42000,0.31581,0.36825
0.060000,0.42000,0.31771,0.36691
0.070000,0.42000,0.32102,0.36438
0.080000,0.42000,0.32561,0.36079
0.090000,0.42000,0.33134,0.35632
0.10000,0.42000,0.33800,0.35122
0.11000,0.42000,0.34532,0.34580
0.12000,0.42000,0.35299,0.34039
0.13000,0.42000,0.36069,0.33535
0.14000,0.42000,0.36804,0.33106
0.15000,0.42000,0.37469,0.32787
0.16000,0.42000,0.38033,0.32610
0.17000,0.42000,0.38470,0.32599
0.18000,0.42000,0.38763,0.32768
0.19000,0.42000,0.38903,0.33123
0.20000,0.42000,0.38893,0.33653
0.21000,0.42000,0.38749,0.34337
0.22000,0.42000,0.38493,0.35142
0.23000,0.42000,0.38154,0.36022
0.24000,0.42000,0.37767,0.36928
0.25000,0.42000,0.37370,0.37805
0.26000,0.42000,0.36999,0.38598
0.27000,0.42000,0.36686,0.39259
0.28000,0.42000,0.36461,0.39745
0.29000,0.42000,0.36343,0.40026
0.30000,0.42000,0.36347,0.40082
0.31000,0.42000,0.36477,0.39905
0.32000,0.42000,0.36728,0.39504
0.33000,0.42000,0.37088,0.38899
0.34000,0.42000,0.37535,0.38121
0.35000,0.42000,0.38042,0.37211
0.36000,0.42000,0.38575,0.36221
0.37000,0.42000,0.39099,0.35204
0.38000,0.42000,0.39575,0.34215
0.39000,0.42000,0.39969,0.33304
0.40000,0.42000,0.40247,0.32518
0.41000,0.42000,0.40385,0.31890
0.42000,0.42000,0.40364,0.31445
0.43000,0.42000,0.40178,0.31193
0.44000,0.42000,0.39828,0.31134
0.45000,0.42000,0.39328,0.31255
0.46000,0.42000,0.38698,0.31537
0.47000,0.42000,0.37967,0.31954
0.48000,0.42000,0.37166,0.32475
0.49000,0.42000,0.36326,0.33069
0.50000,0.42000,0.35480,0.33703
0.51000,0.42000,0.34653,0.34350
0.52000,0.42000,0.33871,0.34984
0.53000,0.42000,0.33149,0.35584
0.54000,0.42000,0.32501,0.36133
0.55000,0.42000,0.31935,0.36621
0.56000,0.42000,0.31454,0.37039
0.57000,0.42000,0.31058,0.37384
0.58000,0.42000,0.30745,0.37657
0.59000,0.42000,0.30510,0.37859
0.60000,0.42000,0.30346,0.37995
0.61000,0.42000,0.30247,0.38070
0.62000,0.42000,0.30205,0.38093
0.63000,0.42000,0.30212,0.38068
0.64000,0.42000,0.30262,0.38004
0.65000,0.42000,0.30346,0.37907
0.66000,0.42000,0.30460,0.37784
0.67000,0.42000,0.30596,0.37641
0.68000,0.42000,0.30750,0.37482
0.69000,0.42000,0.30917,0.37313
0.70000,0.42000,0.31092,0.37137
0.71000,0.42000,0.31274,0.36957
0.72000,0.42000,0.31458,0.36778
0.73000,0.42000,0.31641,0.36600
0.74000,0.42000,0.31823,0.36426
0.75000,0.42000,0.32001,0.36258
0.76000,0.42000,0.32173,0.36096
0.77000,0.42000,0.32339,0.35941
0.78000,0.42000,0.32498,0.35795
0.79000,0.42000,0.32648,0.35658
0.80000,0.42000,0.32789,0.35530
0.81000,0.42000,0.32921,0.35412
0.82000,0.42000,0.33044,0.35304
0.83000,0.42000,0.33156,0.35206
0.84000,0.42000,0.33258,0.35118
0.85000,0.42000,0.33349,0.35040
0.86000,0.42000,0.33431,0.34972
0.87000,0.42000,0.33501,0.34915
0.88000,0.42000,0.33561,0.34867
0.89000,0.42000,0.33609,0.34830
0.90000,0.42000,0.33647,0.34802
0.91000,0.42000,0.33673,0.34784
0.92000,0.42000,0.33685,0.34777
0.93000,0.42000,0.33684,0.34781
0.94000,0.42000,0.33666,0.34798
0.95000,0.42000,0.33626,0.34830
0.96000,0.42000,0.33560,0.34883
0.97000,0.42000,0.33454,0.34969
0.98000,0.42000,0.33293,0.35106
0.99000,0.42000,0.33046,0.35326
1.0000,0.42000,0.32663,0.35689
0.0000,0.43000,0.32680,0.35706
0.010000,0.43000,0.32255,0.36133
0.020000,0.43000,0.31964,0.36431
0.030000,0.43000,0.31822,0.36590
0.040000,0.43000,0.31834,0.36606
0.050000,0.43000,0.32001,0.36485
0.060000,0.43000,0.32315,0.36233
0.070000,0.43000,0.32764,0.35864
0.080000,0.43000,0.33331,0.35399
0.090000,0.43000,0.33992,0.34863
0.10000,0.43000,0.34719,0.34285
0.11000,0.43000,0.35479,0.33700
0.12000,0.43000,0.36236,0.33144
0.13000,0.43000,0.36951,0.32656
0.14000,0.43000,0.37586,0.32272
0.15000,0.43000,0.38107,0.32027
0.16000,0.43000,0.38484,0.31948
0.17000,0.43000,0.38697,0.32056
0.18000,0.43000,0.38736,0.32364
0.19000,0.43000,0.38600,0.32870
0.20000,0.43000,0.38303,0.33563
0.21000,0.43000,0.37866,0.34415
0.22000,0.43000,0.37323,0.35389
0.23000,0.43000,0.36710,0.36436
0.24000,0.43000,0.36070,0.37502
0.25000,0.43000,0.35446,0.38527
0.26000,0.43000,0.34879,0.39453
0.27000,0.43000,0.34406,0.40226
0.28000,0.43000,0.34059,0.40801
0.29000,0.43000,0.33860,0.41143
0.30000,0.43000,0.33825,0.41231
0.31000,0.43000,0.33959,0.41058
0.32000,0.43000,0.34257,0.40629
0.33000,0.43000,0.34707,0.39967
0.34000,0.43000,0.35285,0.39104
0.35000,0.43000,0.35963,0.38085
0.36000,0.43000,0.36704,0.36964
0.37000,0.43000,0.37466,0.35798
0.38000,0.43000,0.38208,0.34648
0.39000,0.43000,0.38887,0.33568
0.40000,0.43000,0.39463,0.32608
0.41000,0.43000,0.39902,0.31807
0.42000,0.43000,0.40178,0.31193
0.43000,0.43000,0.40275,0.30780
0.44000,0.43000,0.40187,0.30570
0.45000,0.43000,0.39920,0.30556
0.46000,0.43000,0.39488,0.30722
0.47000,0.43000,0.38916,0.31043
0.48000,0.43000,0.38231,0.31491
0.49000,0.43000,0.37468,0.32036
0.50000,0.43000,0.36658,0.32647
0.51000,0.43000,0.35835,0.33295
0.52000,0.43000,0.35025,0.33951
0.53000,0.43000,0.34253,0.34593
0.54000,0.43000,0.33536,0.35200
0.55000,0.43000,0.32889,0.35758
0.56000,0.43000,0.32318,0.36256
0.57000,0.43000,0.31829,0.36686
0.58000,0.43000,0.31422,0.37045
0.59000,0.43000,0.31095,0.37334
0.60000,0.43000,0.30844,0.37553
0.61000,0.43000,0.30662,0.37708
0.62000,0.43000,0.30544,0.37804
0.63000,0.43000,0.30481,0.37846
0.64000,0.43000,0.30469,0.37843
0.65000,0.43000,0.30498,0.37799
0.66000,0.43000,0.30563,0.37722
0.67000,0.43000,0.30657,0.37618
0.68000,0.43000,0.30775,0.37492
0.69000,0.43000,0.30911,0.37351
0.70000,0.43000,0.31062,0.37197
0.71000,0.43000,0.31222,0.37035
0.72000,0.43000,0.31389,0.36869
0.73000,0.43000,0.31560,0.36702
0.74000,0.43000,0.31732,0.36535
0.75000,0.43000,0.31902,0.36371
0.76000,0.43000,0.32070,0.36211
0.77000,0.43000,0.32234,0.36057
0.78000,0.43000,0.32391,0.35909
0.79000,0.43000,0.32543,0.35769
0.80000,0.43000,0.32686,0.35638
0.81000,0.43000,0.32822,0.35515
0.82000,0.43000,0.32948,0.35401
0.83000,0.43000,0.33066,0.35297
0.84000,0.43000,0.33173,0.35202
0.85000,0.43000,0.33271,0.35117
0.86000,0.43000,0.33359,0.35043
0.87000,0.43000,0.33436,0.34978
0.88000,0.43000,0.33503,0.34923
0.89000,0.43000,0.33559,0.34878
0.90000,0.43000,0.33603,0.34844
0.91000,0.43000,0.33636,0.34820
0.92000,0.43000,0.33655,0.34806
0.93000,0.43000,0.33661,0.34804
0.94000,0.43000,0.33649,0.34815
0.95000,0.43000,0.33617,0.34842
0.96000,0.43000,0.33558,0.34891
0.97000,0.43000,0.33460,0.34973
0.98000,0.43000,0.33305,0.35108
0.99000,0.43000,0.33064,0.35331
1.0000,0.43000,0.32680,0.35706
0.0000,0.44000,0.32711,0.35709
0.010000,0.44000,0.32316,0.36117
0.020000,0.44000,0.32094,0.36354
0.030000,0.44000,0.32047,0.36426
0.040000,0.44000,0.32169,0.36341
0.050000,0.44000,0.32450,0.36111
0.060000,0.44000,0.32876,0.35753
0.070000,0.44000,0.33428,0.35286
0.080000,0.44000,0.34082,0.34737
0.090000,0.44000,0.34807,0.34136
0.10000,0.44000,0.35569,0.33518
0.11000,0.44000,0.36330,0.32918
0.12000,0.44000,0.37051,0.32376
0.13000,0.44000,0.37689,0.31928
0.14000,0.44000,0.38208,0.31609
0.15000,0.44000,0.38575,0.31451
0.16000,0.44000,0.38764,0.31478
0.17000,0.44000,0.38762,0.31707
0.18000,0.44000,0.38563,0.32144
0.19000,0.44000,0.38178,0.32786
0.20000,0.44000,0.37625,0.33616
0.21000,0.44000,0.36936,0.34603
0.22000,0.44000,0.36148,0.35708
0.23000,0.44000,0.35307,0.36878
0.24000,0.44000,0.34460,0.38056
0.25000,0.44000,0.33653,0.39182
0.26000,0.44000,0.32931,0.40194
0.27000,0.44000,0.32333,0.41040
0.28000,0.44000,0.31891,0.41673
0.29000,0.44000,0.31628,0.42058
0.30000,0.44000,0.31560,0.42172
0.31000,0.44000,0.31693,0.42007
0.32000,0.44000,0.32022,0.41570
0.33000,0.44000,0.32536,0.40880
0.34000,0.44000,0.33211,0.39972
0.35000,0.44000,0.34018,0.38889
0.36000,0.44000,0.34920,0.37685
0.37000,0.44000,0.35874,0.36419
0.38000,0.44000,0.36833,0.35153
0.39000,0.44000,0.37750,0.33945
0.40000,0.44000,0.38581,0.32846
0.41000,0.44000,0.39285,0.31898
0.42000,0.44000,0.39828,0.31134
0.43000,0.44000,0.40187,0.30570
0.44000,0.44000,0.40349,0.30214
0.45000,0.44000,0.40311,0.30063
0.46000,0.44000,0.40083,0.30102
0.47000,0.44000,0.39683,0.30312
0.48000,0.44000,0.39136,0.30669
0.49000,0.44000,0.38474,0.31143
0.50000,0.44000,0.37730,0.31705
0.51000,0.44000,0.36939,0.32327
0.52000,0.44000,0.36130,0.32980
0.53000,0.44000,0.35333,0.33638
0.54000,0.44000,0.34570,0.34281
0.55000,0.44000,0.33859,0.34889
0.56000,0.44000,0.33215,0.35449
0.57000,0.44000,0.32644,0.35951
0.58000,0.44000,0.32151,0.36387
0.59000,0.44000,0.31737,0.36755
0.60000,0.44000,0.31400,0.37054
0.61000,0.44000,0.31136,0.37287
0.62000,0.44000,0.30941,0.37456
0.63000,0.44000,0.30807,0.37568
0.64000,0.44000,0.30729,0.37627
0.65000,0.44000,0.30699,0.37641
0.66000,0.44000,0.30711,0.37614
0.67000,0.44000,0.30759,0.37555
0.68000,0.44000,0.30836,0.37467
0.69000,0.44000,0.30938,0.37358
0.70000,0.44000,0.31058,0.37231
0.71000,0.44000,0.31194,0.37092
0.72000,0.44000,0.31341,0.36943
0.73000,0.44000,0.31495,0.36789
0.74000,0.44000,0.31653,0.36633
0.75000,0.44000,0.31814,0.36476
0.76000,0.44000,0.31975,0.36321
0.77000,0.44000,0.32133,0.36169
0.78000,0.44000,0.32288,0.36022
0.79000,0.44000,0.32438,0.35881
0.80000,0.44000,0.32583,0.35747
0.81000,0.44000,0.32720,0.35621
0.82000,0.44000,0.32850,0.35502
0.83000,0.44000,0.32971,0.35393
0.84000,0.44000,0.33084,0.35292
0.85000,0.44000,0.33188,0.35201
0.86000,0.44000,0.33281,0.35119
0.87000,0.44000,0.33365,0.35048
0.88000,0.44000,0.33439,0.34986
0.89000,0.44000,0.33502,0.34934
0.90000,0.44000,0.33553,0.34892
0.91000,0.44000,0.33593,0.34861
0.92000,0.44000,0.33620,0.34840
0.93000,0.44000,0.33633,0.34832
0.94000,0.44000,0.33629,0.34836
0.95000,0.44000,0.33605,0.34857
0.96000,0.44000,0.33554,0.34900
0.97000,0.44000,0.33466,0.34977
0.98000,0.44000,0.33322,0.35108
0.99000,0.44000,0.33089,0.35329
1.0000,0.44000,0.32711,0.35709
0.0000,0.45000,0.32758,0.35695
0.010000,0.45000,0.32401,0.36075
0.020000,0.45000,0.32255,0.36245
0.030000,0.45000,0.32304,0.36228
0.040000,0.45000,0.32531,0.36044
0.050000,0.45000,0.32918,0.35715
0.060000,0.45000,0.33442,0.35264
0.070000,0.45000,0.34078,0.34719
0.080000,0.45000,0.34795,0.34109
0.090000,0.45000,0.35558,0.33471
0.10000,0.45000,0.36328,0.32839
0.11000,0.45000,0.37064,0.32252
0.12000,0.45000,0.37723,0.31747
0.13000,0.45000,0.38265,0.31361
0.14000,0.45000,0.38655,0.31123
0.15000,0.45000,0.38863,0.31062
0.16000,0.45000,0.38870,0.31198
0.17000,0.45000,0.38666,0.31543
0.18000,0.45000,0.38255,0.32099
0.19000,0.45000,0.37653,0.32858
0.20000,0.45000,0.36885,0.33798
0.21000,0.45000,0.35989,0.34888
0.22000,0.45000,0.35008,0.36083
0.23000,0.45000,0.33991,0.37333
0.24000,0.45000,0.32989,0.38578
0.25000,0.45000,0.32049,0.39759
0.26000,0.45000,0.31217,0.40817
0.27000,0.45000,0.30531,0.41699
0.28000,0.45000,0.30023,0.42361
0.29000,0.45000,0.29714,0.42769
0.30000,0.45000,0.29621,0.42902
0.31000,0.45000,0.29748,0.42752
0.32000,0.45000,0.30092,0.42323
0.33000,0.45000,0.30642,0.41634
0.34000,0.45000,0.31377,0.40715
0.35000,0.45000,0.32269,0.39610
0.36000,0.45000,0.33281,0.38369
0.37000,0.45000,0.34371,0.37050
0.38000,0.45000,0.35493,0.35713
0.39000,0.45000,0.36595,0.34416
0.40000,0.45000,0.37631,0.33213
0.41000,0.45000,0.38555,0.32148
0.42000,0.45000,0.39328,0.31255
0.43000,0.45000,0.39920,0.30556
0.44000,0.45000,0.40311,0.30063
0.45000,0.45000,0.40493,0.29774
0.46000,0.45000,0.40468,0.29683
0.47000,0.45000,0.40249,0.29772
0.48000,0.45000,0.39856,0.30022
0.49000,0.45000,0.39317,0.30406
0.50000,0.45000,0.38665,0.30898
0.51000,0.45000,0.37933,0.31469
0.52000,0.45000,0.37155,0.32094
0.53000,0.45000,0.36360,0.32744
0.54000,0.45000,0.35576,0.33399
0.55000,0.45000,0.34825,0.34036
0.56000,0.45000,0.34124,0.34639
0.57000,0.45000,0.33485,0.35196
0.58000,0.45000,0.32918,0.35696
0.59000,0.45000,0.32425,0.36133
0.60000,0.45000,0.32009,0.36505
0.61000,0.45000,0.31666,0.36811
0.62000,0.45000,0.31394,0.37053
0.63000,0.45000,0.31189,0.37234
0.64000,0.45000,0.31043,0.37358
0.65000,0.45000,0.30951,0.37431
0.66000,0.45000,0.30907,0.37459
0.67000,0.45000,0.30904,0.37448
0.68000,0.45000,0.30937,0.37403
0.69000,0.45000,0.31000,0.37330
0.70000,0.45000,0.31086,0.37235
0.71000,0.45000,0.31193,0.37122
0.72000,0.45000,0.31315,0.36996
0.73000,0.45000,0.31449,0.36859
0.74000,0.45000,0.31591,0.36716
0.75000,0.45000,0.31739,0.36570
0.76000,0.45000,0.31889,0.36423
0.77000,0.45000,0.32040,0.36276
0.78000,0.45000,0.32190,0.36132
0.79000,0.45000,0.32338,0.35992
0.80000,0.45000,0.32481,0.35857
0.81000,0.45000,0.32619,0.35728
0.82000,0.45000,0.32750,0.35607
0.83000,0.45000,0.32875,0.35493
0.84000,0.45000,0.32991,0.35387
0.85000,0.45000,0.33100,0.35290
0.86000,0.45000,0.33199,0.35202
0.87000,0.45000,0.33289,0.35123
0.88000,0.45000,0.33369,0.35054
0.89000,0.45000,0.33439,0.34995
0.90000,0.45000,0.33498,0.34946
0.91000,0.45000,0.33545,0.34907
0.92000,0.45000,0.33580,0.34880
0.93000,0.45000,0.33601,0.34864
0.94000,0.45000,0.33605,0.34861
0.95000,0.45000,0.33590,0.34875
0.96000,0.45000,0.33549,0.34911
0.97000,0.45000,0.33472,0.34981
0.98000,0.45000,0.33341,0.35104
0.99000,0.45000,0.33123,0.35319
1.0000,0.45000,0.32758,0.35695
0.0000,0.46000,0.32820,0.35665
0.010000,0.46000,0.32509,0.36007
0.020000,0.46000,0.32443,0.36104
0.030000,0.46000,0.32587,0.35998
0.040000,0.46000,0.32913,0.35722
0.050000,0.46000,0.33393,0.35306
0.060000,0.46000,0.33999,0.34780
0.070000,0.46000,0.34698,0.34177
0.080000,0.46000,0.35454,0.33532
0.090000,0.46000,0.36228,0.32881
0.10000,0.46000,0.36978,0.32262
0.11000,0.46000,0.37663,0.31712
0.12000,0.46000,0.38239,0.31266
0.13000,0.46000,0.38670,0.30957
0.14000,0.46000,0.38923,0.30812
0.15000,0.46000,0.38973,0.30854
0.16000,0.46000,0.38807,0.31098
0.17000,0.46000,0.38422,0.31551
0.18000,0.46000,0.37828,0.32211
0.19000,0.46000,0.37046,0.33064
0.20000,0.46000,0.36109,0.34088
0.21000,0.46000,0.35057,0.35246
0.22000,0.46000,0.33937,0.36495
0.23000,0.46000,0.32800,0.37783
0.24000,0.46000,0.31697,0.39053
0.25000,0.46000,0.30675,0.40248
0.26000,0.46000,0.29778,0.41314
0.27000,0.46000,0.29041,0.42200
0.28000,0.46000,0.28494,0.42867
0.29000,0.46000,0.28158,0.43283
0.30000,0.46000,0.28046,0.43429
0.31000,0.46000,0.28163,0.43296
0.32000,0.46000,0.28507,0.42889
0.33000,0.46000,0.29067,0.42223
0.34000,0.46000,0.29827,0.41326
0.35000,0.46000,0.30759,0.40235
0.36000,0.46000,0.31831,0.38998
0.37000,0.46000,0.33003,0.37669
0.38000,0.46000,0.34228,0.36303
0.39000,0.46000,0.35459,0.34958
0.40000,0.46000,0.36645,0.33687
0.41000,0.46000,0.37739,0.32534
0.42000,0.46000,0.38698,0.31537
0.43000,0.46000,0.39488,0.30722
0.44000,0.46000,0.40083,0.30102
0.45000,0.46000,0.40468,0.29683
0.46000,0.46000,0.40639,0.29461
0.47000,0.46000,0.40603,0.29424
0.48000,0.46000,0.40374,0.29556
0.49000,0.46000,0.39977,0.29835
0.50000,0.46000,0.39439,0.30238
0.51000,0.46000,0.38793,0.30739
0.52000,0.46000,0.38072,0.31312
0.53000,0.46000,0.37308,0.31932
0.54000,0.46000,0.36529,0.32574
0.55000,0.46000,0.35761,0.33218
0.56000,0.46000,0.35025,0.33845
0.57000,0.46000,0.34337,0.34439
0.58000,0.46000,0.33709,0.34988
0.59000,0.46000,0.33149,0.35482
0.60000,0.46000,0.32660,0.35918
0.61000,0.46000,0.32244,0.36290
0.62000,0.46000,0.31900,0.36599
0.63000,0.46000,0.31623,0.36847
0.64000,0.46000,0.31409,0.37035
0.65000,0.46000,0.31254,0.37169
0.66000,0.46000,0.31152,0.37254
0.67000,0.46000,0.31096,0.37294
0.68000,0.46000,0.31080,0.37296
0.69000,0.46000,0.31100,0.37264
0.70000,0.46000,0.31149,0.37205
0.71000,0.46000,0.31223,0.37122
0.72000,0.46000,0.31317,0.37022
0.73000,0.46000,0.31427,0.36907
0.74000,0.46000,0.31549,0.36782
0.75000,0.46000,0.31680,0.36650
0.76000,0.46000,0.31817,0.36513
0.77000,0.46000,0.31958,0.36374
0.78000,0.46000,0.32101,0.36235
0.79000,0.46000,0.32243,0.36098
0.80000,0.46000,0.32382,0.35964
0.81000,0.46000,0.32519,0.35835
0.82000,0.46000,0.32651,0.35712
0.83000,0.46000,0.32777,0.35595
0.84000,0.46000,0.32896,0.35485
0.85000,0.46000,0.33009,0.35383
0.86000,0.46000,0.33113,0.35289
0.87000,0.46000,0.33208,0.35204
0.88000,0.46000,0.33294,0.35128
0.89000,0.46000,0.33371,0.35062
0.90000,0.46000,0.33437,0.35006
0.91000,0.46000,0.33492,0.34960
0.92000,0.46000,0.33534,0.34924
0.93000,0.46000,0.33564,0.34901
0.94000,0.46000,0.33578,0.34890
0.95000,0.46000,0.33573,0.34896
0.96000,0.46000,0.33543,0.34924
0.97000,0.46000,0.33479,0.34985
0.98000,0.46000,0.33363,0.35098
0.99000,0.46000,0.33163,0.35302
1.0000,0.46000,0.32820,0.35665
0.0000,0.47000,0.32896,0.35620
0.010000,0.47000,0.32640,0.35914
0.020000,0.47000,0.32655,0.35935
0.030000,0.47000,0.32891,0.35744
0.040000,0.47000,0.33306,0.35385
0.050000,0.47000,0.33865,0.34896
0.060000,0.47000,0.34532,0.34314
0.070000,0.47000,0.35271,0.33676
0.080000,0.47000,0.36041,0.33018
0.090000,0.47000,0.36800,0.32379
0.10000,0.47000,0.37506,0.31796
0.11000,0.47000,0.38117,0.31303
0.12000,0.47000,0.38594,0.30932
0.13000,0.47000,0.38902,0.30713
0.14000,0.47000,0.39015,0.30667
0.15000,0.47000,0.38913,0.30813
0.16000,0.47000,0.38590,0.31159
0.17000,0.47000,0.38048,0.31709
0.18000,0.47000,0.37305,0.32454
0.19000,0.47000,0.36385,0.33380
0.20000,0.47000,0.35325,0.34457
0.21000,0.47000,0.34169,0.35652
0.22000,0.47000,0.32964,0.36919
0.23000,0.47000,0.31761,0.38208
0.24000,0.47000,0.30608,0.39466
0.25000,0.47000,0.29551,0.40641
0.26000,0.47000,0.28629,0.41682
0.27000,0.47000,0.27875,0.42546
0.28000,0.47000,0.27315,0.43198
0.29000,0.47000,0.26967,0.43608
0.30000,0.47000,0.26843,0.43761
0.31000,0.47000,0.26947,0.43649
0.32000,0.47000,0.27277,0.43274
0.33000,0.47000,0.27826,0.42650
0.34000,0.47000,0.28578,0.41799
0.35000,0.47000,0.29511,0.40754
0.36000,0.47000,0.30596,0.39556
0.37000,0.47000,0.31797,0.38253
0.38000,0.47000,0.33072,0.36898
0.39000,0.47000,0.34374,0.35542
0.40000,0.47000,0.35655,0.34237
0.41000,0.47000,0.36868,0.33029
0.42000,0.47000,0.37967,0.31954
0.43000,0.47000,0.38916,0.31043
0.44000,0.47000,0.39683,0.30312
0.45000,0.47000,0.40249,0.29772
0.46000,0.47000,0.40603,0.29424
0.47000,0.47000,0.40745,0.29261
0.48000,0.47000,0.40685,0.29270
0.49000,0.47000,0.40441,0.29435
0.50000,0.47000,0.40035,0.29735
0.51000,0.47000,0.39498,0.30148
0.52000,0.47000,0.38860,0.30650
0.53000,0.47000,0.38152,0.31218
0.54000,0.47000,0.37404,0.31827
0.55000,0.47000,0.36644,0.32456
0.56000,0.47000,0.35896,0.33086
0.57000,0.47000,0.35178,0.33698
0.58000,0.47000,0.34507,0.34279
0.59000,0.47000,0.33893,0.34816
0.60000,0.47000,0.33344,0.35303
0.61000,0.47000,0.32862,0.35733
0.62000,0.47000,0.32449,0.36103
0.63000,0.47000,0.32105,0.36413
0.64000,0.47000,0.31825,0.36664
0.65000,0.47000,0.31607,0.36858
0.66000,0.47000,0.31445,0.37000
0.67000,0.47000,0.31333,0.37094
0.68000,0.47000,0.31267,0.37144
0.69000,0.47000,0.31241,0.37157
0.70000,0.47000,0.31249,0.37137
0.71000,0.47000,0.31286,0.37090
0.72000,0.47000,0.31348,0.37019
0.73000,0.47000,0.31431,0.36930
0.74000,0.47000,0.31529,0.36826
0.75000,0.47000,0.31641,0.36711
0.76000,0.47000,0.31762,0.36588
0.77000,0.47000,0.31890,0.36460
0.78000,0.47000,0.32022,0.36329
0.79000,0.47000,0.32156,0.36198
0.80000,0.47000,0.32290,0.36068
0.81000,0.47000,0.32423,0.35940
0.82000,0.47000,0.32554,0.35816
0.83000,0.47000,0.32680,0.35697
0.84000,0.47000,0.32801,0.35584
0.85000,0.47000,0.32916,0.35478
0.86000,0.47000,0.33024,0.35380
0.87000,0.47000,0.33124,0.35289
0.88000,0.47000,0.33216,0.35207
0.89000,0.47000,0.33298,0.35134
0.90000,0.47000,0.33371,0.35071
0.91000,0.47000,0.33433,0.35017
0.92000,0.47000,0.33484,0.34974
0.93000,0.47000,0.33522,0.34942
0.94000,0.47000,0.33546,0.34924
0.95000,0.47000,0.33552,0.34921
0.96000,0.47000,0.33535,0.34939
0.97000,0.47000,0.33485,0.34990
0.98000,0.47000,0.33388,0.35090
0.99000,0.47000,0.33211,0.35277
1.0000,0.47000,0.32896,0.35620
0.0000,0.48000,0.32985,0.35559
0.010000,0.48000,0.32789,0.35799
0.020000,0.48000,0.32886,0.35744
0.030000,0.48000,0.33206,0.35474
0.040000,0.48000,0.33699,0.35043
0.050000,0.48000,0.34321,0.34497
0.060000,0.48000,0.35030,0.33878
0.070000,0.48000,0.35785,0.33226
0.080000,0.48000,0.36544,0.32579
0.090000,0.48000,0.37264,0.31973
0.10000,0.48000,0.37904,0.31444
0.11000,0.48000,0.38424,0.31024
0.12000,0.48000,0.38789,0.30741
0.13000,0.48000,0.38969,0.30617
0.14000,0.48000,0.38944,0.30672
0.15000,0.48000,0.38701,0.30917
0.16000,0.48000,0.38240,0.31357
0.17000,0.48000,0.37570,0.31989
0.18000,0.48000,0.36712,0.32801
0.19000,0.48000,0.35696,0.33774
0.20000,0.48000,0.34560,0.34878
0.21000,0.48000,0.33349,0.36078
0.22000,0.48000,0.32108,0.37331
0.23000,0.48000,0.30887,0.38589
0.24000,0.48000,0.29730,0.39805
0.25000,0.48000,0.28678,0.40930
0.26000,0.48000,0.27767,0.41922
0.27000,0.48000,0.27024,0.42744
0.28000,0.48000,0.26471,0.43364
0.29000,0.48000,0.26124,0.43759
0.30000,0.48000,0.25993,0.43914
0.31000,0.48000,0.26081,0.43824
0.32000,0.48000,0.26388,0.43489
0.33000,0.48000,0.26907,0.42919
0.34000,0.48000,0.27626,0.42134
0.35000,0.48000,0.28527,0.41158
0.36000,0.48000,0.29586,0.40028
0.37000,0.48000,0.30772,0.38784
0.38000,0.48000,0.32046,0.37471
0.39000,0.48000,0.33368,0.36139
0.40000,0.48000,0.34692,0.34834
0.41000,0.48000,0.35973,0.33600
0.42000,0.48000,0.37166,0.32475
0.43000,0.48000,0.38231,0.31491
0.44000,0.48000,0.39136,0.30669
0.45000,0.48000,0.39856,0.30022
0.46000,0.48000,0.40374,0.29556
0.47000,0.48000,0.40685,0.29270
0.48000,0.48000,0.40792,0.29156
0.49000,0.48000,0.40706,0.29201
0.50000,0.48000,0.40445,0.29390
0.51000,0.48000,0.40034,0.29702
0.52000,0.48000,0.39500,0.30119
0.53000,0.48000,0.38872,0.30616
0.54000,0.48000,0.38181,0.31173
0.55000,0.48000,0.37453,0.31768
0.56000,0.48000,0.36716,0.32380
0.57000,0.48000,0.35990,0.32991
0.58000,0.48000,0.35294,0.33586
0.59000,0.48000,0.34642,0.34151
0.60000,0.48000,0.34044,0.34676
0.61000,0.48000,0.33507,0.35152
0.62000,0.48000,0.33035,0.35574
0.63000,0.48000,0.32628,0.35940
0.64000,0.48000,0.32286,0.36248
0.65000,0.48000,0.32006,0.36501
0.66000,0.48000,0.31784,0.36699
0.67000,0.48000,0.31616,0.36847
0.68000,0.48000,0.31498,0.36948
0.69000,0.48000,0.31423,0.37008
0.70000,0.48000,0.31387,0.37030
0.71000,0.48000,0.31385,0.37021
0.72000,0.48000,0.31412,0.36984
0.73000,0.48000,0.31464,0.36924
0.74000,0.48000,0.31535,0.36845
0.75000,0.48000,0.31624,0.36751
0.76000,0.48000,0.31725,0.36646
0.77000,0.48000,0.31837,0.36532
0.78000,0.48000,0.31956,0.36412
0.79000,0.48000,0.32080,0.36288
0.80000,0.48000,0.32207,0.36164
0.81000,0.48000,0.32334,0.36040
0.82000,0.48000,0.32461,0.35917
0.83000,0.48000,0.32585,0.35799
0.84000,0.48000,0.32706,0.35684
0.85000,0.48000,0.32823,0.35575
0.86000,0.48000,0.32933,0.35473
0.87000,0.48000,0.33037,0.35377
0.88000,0.48000,0.33134,0.35290
0.89000,0.48000,0.33222,0.35210
0.90000,0.48000,0.33301,0.35140
0.91000,0.48000,0.33371,0.35079
0.92000,0.48000,0.33430,0.35028
0.93000,0.48000,0.33477,0.34988
0.94000,0.48000,0.33511,0.34961
0.95000,0.48000,0.33528,0.34949
0.96000,0.48000,0.33524,0.34957
0.97000,0.48000,0.33491,0.34995
0.98000,0.48000,0.33414,0.35080
0.99000,0.48000,0.33263,0.35247
1.0000,0.48000,0.32985,0.35559
0.0000,0.49000,0.33084,0.35487
0.010000,0.49000,0.32954,0.35665
0.020000,0.49000,0.33130,0.35536
0.030000,0.49000,0.33527,0.35194
0.040000,0.49000,0.34083,0.34705
0.050000,0.49000,0.34749,0.34120
0.060000,0.49000,0.35478,0.33484
0.070000,0.49000,0.36227,0.32838
0.080000,0.49000,0.36953,0.32221
0.090000,0.49000,0.37614,0.31666
0.10000,0.49000,0.38170,0.31207
0.11000,0.49000,0.38586,0.30871
0.12000,0.49000,0.38832,0.30681
0.13000,0.49000,0.38884,0.30656
0.14000,0.49000,0.38728,0.30809
0.15000,0.49000,0.38360,0.31146
0.16000,0.49000,0.37784,0.31667
0.17000,0.49000,0.37015,0.32363
0.18000,0.49000,0.36079,0.33221
0.19000,0.49000,0.35006,0.34218
0.20000,0.49000,0.33837,0.35323
0.21000,0.49000,0.32613,0.36501
0.22000,0.49000,0.31380,0.37712
0.23000,0.49000,0.30181,0.38912
0.24000,0.49000,0.29057,0.40060
0.25000,0.49000,0.28043,0.41115
0.26000,0.49000,0.27168,0.42039
0.27000,0.49000,0.26457,0.42803
0.28000,0.49000,0.25928,0.43380
0.29000,0.49000,0.25592,0.43752
0.30000,0.49000,0.25458,0.43907
0.31000,0.49000,0.25530,0.43838
0.32000,0.49000,0.25806,0.43548
0.33000,0.49000,0.26282,0.43042
0.34000,0.49000,0.26949,0.42334
0.35000,0.49000,0.27793,0.41445
0.36000,0.49000,0.28795,0.40404
0.37000,0.49000,0.29928,0.39243
0.38000,0.49000,0.31162,0.38002
0.39000,0.49000,0.32460,0.36722
0.40000,0.49000,0.33782,0.35446
0.41000,0.49000,0.35084,0.34216
0.42000,0.49000,0.36326,0.33069
0.43000,0.49000,0.37468,0.32036
0.44000,0.49000,0.38474,0.31143
0.45000,0.49000,0.39317,0.30406
0.46000,0.49000,0.39977,0.29835
0.47000,0.49000,0.40441,0.29435
0.48000,0.49000,0.40706,0.29201
0.49000,0.49000,0.40777,0.29126
0.50000,0.49000,0.40666,0.29199
0.51000,0.49000,0.40393,0.29403
0.52000,0.49000,0.39979,0.29722
0.53000,0.49000,0.39452,0.30135
0.54000,0.49000,0.38839,0.30624
0.55000,0.49000,0.38168,0.31166
0.56000,0.49000,0.37464,0.31743
0.57000,0.49000,0.36752,0.32336
0.58000,0.49000,0.36051,0.32927
0.59000,0.49000,0.35379,0.33503
0.60000,0.49000,0.34748,0.34051
0.61000,0.49000,0.34168,0.34560
0.62000,0.49000,0.33645,0.35024
0.63000,0.49000,0.33183,0.35438
0.64000,0.49000,0.32784,0.35798
0.65000,0.49000,0.32446,0.36103
0.66000,0.49000,0.32166,0.36356
0.67000,0.49000,0.31943,0.36556
0.68000,0.49000,0.31771,0.36709
0.69000,0.49000,0.31647,0.36816
0.70000,0.49000,0.31565,0.36883
0.71000,0.49000,0.31521,0.36915
0.72000,0.49000,0.31510,0.36914
0.73000,0.49000,0.31528,0.36887
0.74000,0.49000,0.31570,0.36836
0.75000,0.49000,0.31632,0.36767
0.76000,0.49000,0.31711,0.36682
0.77000,0.49000,0.31803,0.36585
0.78000,0.49000,0.31907,0.36479
0.79000,0.49000,0.32017,0.36367
0.80000,0.49000,0.32134,0.36251
0.81000,0.49000,0.32254,0.36132
0.82000,0.49000,0.32375,0.36014
0.83000,0.49000,0.32496,0.35897
0.84000,0.49000,0.32615,0.35782
0.85000,0.49000,0.32731,0.35672
0.86000,0.49000,0.32843,0.35567
0.87000,0.49000,0.32949,0.35468
0.88000,0.49000,0.33050,0.35375
0.89000,0.49000,0.33143,0.35290
0.90000,0.49000,0.33228,0.35213
0.91000,0.49000,0.33305,0.35145
0.92000,0.49000,0.33372,0.35086
0.93000,0.49000,0.33428,0.35038
0.94000,0.49000,0.33471,0.35002
0.95000,0.49000,0.33500,0.34980
0.96000,0.49000,0.33511,0.34977
0.97000,0.49000,0.33495,0.35001
0.98000,0.49000,0.33441,0.35069
0.99000,0.49000,0.33320,0.35211
1.0000,0.49000,0.33084,0.35487
0.0000,0.50000,0.33192,0.35403
0.010000,0.50000,0.33130,0.35516
0.020000,0.50000,0.33380,0.35317
0.030000,0.50000,0.33842,0.34915
0.040000,0.50000,0.34447,0.34381
0.050000,0.50000,0.35139,0.33774
0.060000,0.50000,0.35868,0.33140
0.070000,0.50000,0.36591,0.32519
0.080000,0.50000,0.37264,0.31948
0.090000,0.50000,0.37848,0.31458
0.10000,0.50000,0.38307,0.31079
0.11000,0.50000,0.38611,0.30834
0.12000,0.50000,0.38736,0.30740
0.13000,0.50000,0.38666,0.30812
0.14000,0.50000,0.38392,0.31056
0.15000,0.50000,0.37917,0.31473
0.16000,0.50000,0.37251,0.32059
0.17000,0.50000,0.36413,0.32803
0.18000,0.50000,0.35431,0.33685
0.19000,0.50000,0.34338,0.34682
0.20000,0.50000,0.33172,0.35765
0.21000,0.50000,0.31973,0.36897
0.22000,0.50000,0.30782,0.38044
0.23000,0.50000,0.29637,0.39167
0.24000,0.50000,0.28574,0.40229
0.25000,0.50000,0.27620,0.41197
0.26000,0.50000,0.26802,0.42041
0.27000,0.50000,0.26138,0.42737
0.28000,0.50000,0.25643,0.43264
0.29000,0.50000,0.25325,0.43608
0.30000,0.50000,0.25192,0.43759
0.31000,0.50000,0.25246,0.43713
0.32000,0.50000,0.25486,0.43468
0.33000,0.50000,0.25911,0.43030
0.34000,0.50000,0.26514,0.42408
0.35000,0.50000,0.27284,0.41618
0.36000,0.50000,0.28207,0.40679
0.37000,0.50000,0.29262,0.39620
0.38000,0.50000,0.30424,0.38471
0.39000,0.50000,0.31663,0.37267
0.40000,0.50000,0.32944,0.36047
0.41000,0.50000,0.34229,0.34847
0.42000,0.50000,0.35480,0.33703
0.43000,0.50000,0.36658,0.32647
0.44000,0.50000,0.37730,0.31705
0.45000,0.50000,0.38665,0.30898
0.46000,0.50000,0.39439,0.30238
0.47000,0.50000,0.40035,0.29735
0.48000,0.50000,0.40445,0.29390
0.49000,0.50000,0.40666,0.29199
0.50000,0.50000,0.40706,0.29155
0.51000,0.50000,0.40576,0.29247
0.52000,0.50000,0.40294,0.29461
0.53000,0.50000,0.39883,0.29781
0.54000,0.50000,0.39367,0.30187
0.55000,0.50000,0.38772,0.30663
0.56000,0.50000,0.38123,0.31188
0.57000,0.50000,0.37445,0.31745
0.58000,0.50000,0.36760,0.32317
0.59000,0.50000,0.36085,0.32888
0.60000,0.50000,0.35437,0.33444
0.61000,0.50000,0.34828,0.33973
0.62000,0.50000,0.34267,0.34466
0.63000,0.50000,0.33760,0.34917
0.64000,0.50000,0.33311,0.35321
0.65000,0.50000,0.32919,0.35674
0.66000,0.50000,0.32586,0.35975
0.67000,0.50000,0.32309,0.36226
0.68000,0.50000,0.32085,0.36428
0.69000,0.50000,0.31911,0.36584
0.70000,0.50000,0.31782,0.36697
0.71000,0.50000,0.31694,0.36770
0.72000,0.50000,0.31643,0.36809
0.73000,0.50000,0.31624,0.36816
0.74000,0.50000,0.31634,0.36797
0.75000,0.50000,0.31667,0.36755
0.76000,0.50000,0.31721,0.36695
0.77000,0.50000,0.31791,0.36618
0.78000,0.50000,0.31876,0.36529
0.79000,0.50000,0.31971,0.36431
0.80000,0.50000,0.32074,0.36325
0.81000,0.50000,0.32184,0.36215
0.82000,0.50000,0.32297,0.36103
0.83000,0.50000,0.32412,0.35990
0.84000,0.50000,0.32528,0.35877
0.85000,0.50000,0.32642,0.35767
0.86000,0.50000,0.32754,0.35661
0.87000,0.50000,0.32862,0.35559
0.88000,0.50000,0.32965,0.35462
0.89000,0.50000,0.33063,0.35372
0.90000,0.50000,0.33153,0.35289
0.91000,0.50000,0.33236,0.35214
0.92000,0.50000,0.33310,0.35148
0.93000,0.50000,0.33375,0.35092
0.94000,0.50000,0.33429,0.35046
0.95000,0.50000,0.33470,0.35014
0.96000,0.50000,0.33495,0.34999
0.97000,0.50000,0.33498,0.35009
0.98000,0.50000,0.33467,0.35057
0.99000,0.50000,0.33380,0.35171
1.0000,0.50000,0.33192,0.35403
0.0000,0.51000,0.33304,0.35312
0.010000,0.51000,0.33312,0.35358
0.020000,0.51000,0.33630,0.35095
0.030000,0.51000,0.34146,0.34643
0.040000,0.51000,0.34783,0.34081
0.050000,0.51000,0.35481,0.33469
0.060000,0.51000,0.36192,0.32853
0.070000,0.51000,0.36869,0.32272
0.080000,0.51000,0.37473,0.31761
0.090000,0.51000,0.37968,0.31347
0.10000,0.51000,0.38323,0.31055
0.11000,0.51000,0.38513,0.30902
0.12000,0.51000,0.38521,0.30903
0.13000,0.51000,0.38338,0.31064
0.14000,0.51000,0.37962,0.31389
0.15000,0.51000,0.37401,0.31873
0.16000,0.51000,0.36670,0.32509
0.17000,0.51000,0.35791,0.33280
0.18000,0.51000,0.34794,0.34167
0.19000,0.51000,0.33712,0.35144
0.20000,0.51000,0.32579,0.36182
0.21000,0.51000,0.31434,0.37251
0.22000,0.51000,0.30311,0.38316
0.23000,0.51000,0.29243,0.39346
0.24000,0.51000,0.28258,0.40311
0.25000,0.51000,0.27382,0.41184
0.26000,0.51000,0.26633,0.41941
0.27000,0.51000,0.26026,0.42563
0.28000,0.51000,0.25571,0.43036
0.29000,0.51000,0.25275,0.43350
0.30000,0.51000,0.25145,0.43496
0.31000,0.51000,0.25181,0.43470
0.32000,0.51000,0.25384,0.43271
0.33000,0.51000,0.25753,0.42903
0.34000,0.51000,0.26284,0.42369
0.35000,0.51000,0.26970,0.41682
0.36000,0.51000,0.27799,0.40855
0.37000,0.51000,0.28758,0.39908
0.38000,0.51000,0.29827,0.38866
0.39000,0.51000,0.30981,0.37757
0.40000,0.51000,0.32192,0.36613
0.41000,0.51000,0.33427,0.35467
0.42000,0.51000,0.34653,0.34350
0.43000,0.51000,0.35835,0.33295
0.44000,0.51000,0.36939,0.32327
0.45000,0.51000,0.37933,0.31469
0.46000,0.51000,0.38793,0.30739
0.47000,0.51000,0.39498,0.30148
0.48000,0.51000,0.40034,0.29702
0.49000,0.51000,0.40393,0.29403
0.50000,0.51000,0.40576,0.29247
0.51000,0.51000,0.40588,0.29228
0.52000,0.51000,0.40444,0.29334
0.53000,0.51000,0.40158,0.29552
0.54000,0.51000,0.39753,0.29868
0.55000,0.51000,0.39251,0.30265
0.56000,0.51000,0.38677,0.30726
0.57000,0.51000,0.38053,0.31233
0.58000,0.51000,0.37402,0.31769
0.59000,0.51000,0.36744,0.32319
0.60000,0.51000,0.36097,0.32868
0.61000,0.51000,0.35474,0.33403
0.62000,0.51000,0.34888,0.33914
0.63000,0.51000,0.34347,0.34391
0.64000,0.51000,0.33856,0.34828
0.65000,0.51000,0.33419,0.35221
0.66000,0.51000,0.33037,0.35566
0.67000,0.51000,0.32710,0.35863
0.68000,0.51000,0.32436,0.36112
0.69000,0.51000,0.32213,0.36314
0.70000,0.51000,0.32037,0.36472
0.71000,0.51000,0.31904,0.36588
0.72000,0.51000,0.31812,0.36667
0.73000,0.51000,0.31754,0.36712
0.74000,0.51000,0.31729,0.36727
0.75000,0.51000,0.31731,0.36715
0.76000,0.51000,0.31756,0.36681
0.77000,0.51000,0.31802,0.36628
0.78000,0.51000,0.31865,0.36559
0.79000,0.51000,0.31942,0.36477
0.80000,0.51000,0.32030,0.36386
0.81000,0.51000,0.32127,0.36287
0.82000,0.51000,0.32230,0.36183
0.83000,0.51000,0.32338,0.36075
0.84000,0.51000,0.32448,0.35967
0.85000,0.51000,0.32559,0.35859
0.86000,0.51000,0.32669,0.35752
0.87000,0.51000,0.32777,0.35649
0.88000,0.51000,0.32881,0.35550
0.89000,0.51000,0.32982,0.35456
0.90000,0.51000,0.33077,0.35367
0.91000,0.51000,0.33165,0.35286
0.92000,0.51000,0.33247,0.35213
0.93000,0.51000,0.33320,0.35148
0.94000,0.51000,0.33384,0.35094
0.95000,0.51000,0.33437,0.35051
0.96000,0.51000,0.33477,0.35024
0.97000,0.51000,0.33498,0.35018
0.98000,0.51000,0.33492,0.35046
0.99000,0.51000,0.33440,0.35129
1.0000,0.51000,0.33304,0.35312
0.0000,0.52000,0.33420,0.35216
0.010000,0.52000,0.33497,0.35195
0.020000,0.52000,0.33873,0.34876
0.030000,0.52000,0.34429,0.34387
0.040000,0.52000,0.35081,0.33812
0.050000,0.52000,0.35770,0.33210
0.060000,0.52000,0.36444,0.32627
0.070000,0.52000,0.37062,0.32099
0.080000,0.52000,0.37584,0.31657
0.090000,0.52000,0.37982,0.31325
0.10000,0.52000,0.38229,0.31122
0.11000,0.52000,0.38308,0.31061
0.12000,0.52000,0.38207,0.31150
0.13000,0.52000,0.37924,0.31392
0.14000,0.52000,0.37464,0.31785
0.15000,0.52000,0.36839,0.32322
0.16000,0.52000,0.36068,0.32989
0.17000,0.52000,0.35175,0.33770
0.18000,0.52000,0.34189,0.34642
0.19000,0.52000,0.33142,0.35581
0.20000,0.52000,0.32067,0.36560
0.21000,0.52000,0.30995,0.37549
0.22000,0.52000,0.29958,0.38522
0.23000,0.52000,0.28981,0.39450
0.24000,0.52000,0.28088,0.40311
0.25000,0.52000,0.27297,0.41084
0.26000,0.52000,0.26624,0.41751
0.27000,0.52000,0.26078,0.42299
0.28000,0.52000,0.25667,0.42718
0.29000,0.52000,0.25396,0.43000
0.30000,0.52000,0.25270,0.43139
0.31000,0.52000,0.25289,0.43132
0.32000,0.52000,0.25454,0.42978
0.33000,0.52000,0.25766,0.42677
0.34000,0.52000,0.26222,0.42232
0.35000,0.52000,0.26819,0.41648
0.36000,0.52000,0.27548,0.40935
0.37000,0.52000,0.28401,0.40106
0.38000,0.52000,0.29363,0.39180
0.39000,0.52000,0.30415,0.38179
0.40000,0.52000,0.31535,0.37127
0.41000,0.52000,0.32697,0.36052
0.42000,0.52000,0.33871,0.34984
0.43000,0.52000,0.35025,0.33951
0.44000,0.52000,0.36130,0.32980
0.45000,0.52000,0.37155,0.32094
0.46000,0.52000,0.38072,0.31312
0.47000,0.52000,0.38860,0.30650
0.48000,0.52000,0.39500,0.30119
0.49000,0.52000,0.39979,0.29722
0.50000,0.52000,0.40294,0.29461
0.51000,0.52000,0.40444,0.29334
0.52000,0.52000,0.40435,0.29332
0.53000,0.52000,0.40280,0.29448
0.54000,0.52000,0.39995,0.29667
0.55000,0.52000,0.39599,0.29978
0.56000,0.52000,0.39114,0.30363
0.57000,0.52000,0.38561,0.30807
0.58000,0.52000,0.37963,0.31295
0.59000,0.52000,0.37340,0.31810
0.60000,0.52000,0.36710,0.32338
0.61000,0.52000,0.36091,0.32865
0.62000,0.52000,0.35494,0.33379
0.63000,0.52000,0.34931,0.33871
0.64000,0.52000,0.34409,0.34331
0.65000,0.52000,0.33935,0.34754
0.66000,0.52000,0.33511,0.35136
0.67000,0.52000,0.33139,0.35473
0.68000,0.52000,0.32818,0.35764
0.69000,0.52000,0.32548,0.36010
0.70000,0.52000,0.32326,0.36212
0.71000,0.52000,0.32149,0.36371
0.72000,0.52000,0.32015,0.36491
0.73000,0.52000,0.31918,0.36574
0.74000,0.52000,0.31856,0.36624
0.75000,0.52000,0.31824,0.36645
0.76000,0.52000,0.31819,0.36640
0.77000,0.52000,0.31838,0.36613
0.78000,0.52000,0.31877,0.36567
0.79000,0.52000,0.31933,0.36504
0.80000,0.52000,0.32004,0.36429
0.81000,0.52000,0.32085,0.36344
0.82000,0.52000,0.32176,0.36250
0.83000,0.52000,0.32274,0.36151
0.84000,0.52000,0.32376,0.36049
0.85000,0.52000,0.32482,0.35944
0.86000,0.52000,0.32588,0.35840
0.87000,0.52000,0.32695,0.35737
0.88000,0.52000,0.32800,0.35636
0.89000,0.52000,0.32902,0.35539
0.90000,0.52000,0.33000,0.35446
0.91000,0.52000,0.33094,0.35360
0.92000,0.52000,0.33181,0.35280
0.93000,0.52000,0.33262,0.35208
0.94000,0.52000,0.33336,0.35144
0.95000,0.52000,0.33401,0.35091
0.96000,0.52000,0.33455,0.35052
0.97000,0.52000,0.33496,0.35030
0.98000,0.52000,0.33516,0.35035
0.99000,0.52000,0.33500,0.35086
1.0000,0.52000,0.33420,0.35216
0.0000,0.53000,0.33534,0.35118
0.010000,0.53000,0.33678,0.35031
0.020000,0.53000,0.34104,0.34666
0.030000,0.53000,0.34685,0.34154
0.040000,0.53000,0.35337,0.33579
0.050000,0.53000,0.36000,0.33002
0.060000,0.53000,0.36623,0.32464
0.070000,0.53000,0.37169,0.31999
0.080000,0.53000,0.37603,0.31632
0.090000,0.53000,0.37900,0.31385
0.10000,0.53000,0.38041,0.31269
0.11000,0.53000,0.38015,0.31294
0.12000,0.53000,0.37817,0.31464
0.13000,0.53000,0.37451,0.31775
0.14000,0.53000,0.36926,0.32223
0.15000,0.53000,0.36258,0.32796
0.16000,0.53000,0.35469,0.33478
0.17000,0.53000,0.34584,0.34251
0.18000,0.53000,0.33631,0.35092
0.19000,0.53000,0.32640,0.35979
0.20000,0.53000,0.31638,0.36884
0.21000,0.53000,0.30654,0.37785
0.22000,0.53000,0.29713,0.38658
0.23000,0.53000,0.28835,0.39481
0.24000,0.53000,0.28039,0.40237
0.25000,0.53000,0.27338,0.40910
0.26000,0.53000,0.26741,0.41489
0.27000,0.53000,0.26258,0.41964
0.28000,0.53000,0.25892,0.42330
0.29000,0.53000,0.25647,0.42580
0.30000,0.53000,0.25525,0.42712
0.31000,0.53000,0.25528,0.42723
0.32000,0.53000,0.25657,0.42610
0.33000,0.53000,0.25912,0.42373
0.34000,0.53000,0.26294,0.42011
0.35000,0.53000,0.26801,0.41528
0.36000,0.53000,0.27429,0.40927
0.37000,0.53000,0.28172,0.40218
0.38000,0.53000,0.29021,0.39412
0.39000,0.53000,0.29962,0.38524
0.40000,0.53000,0.30978,0.37575
0.41000,0.53000,0.32048,0.36586
0.42000,0.53000,0.33149,0.35584
0.43000,0.53000,0.34253,0.34593
0.44000,0.53000,0.35333,0.33638
0.45000,0.53000,0.36360,0.32744
0.46000,0.53000,0.37308,0.31932
0.47000,0.53000,0.38152,0.31218
0.48000,0.53000,0.38872,0.30616
0.49000,0.53000,0.39452,0.30135
0.50000,0.53000,0.39883,0.29781
0.51000,0.53000,0.40158,0.29552
0.52000,0.53000,0.40280,0.29448
0.53000,0.53000,0.40255,0.29460
0.54000,0.53000,0.40094,0.29582
0.55000,0.53000,0.39812,0.29800
0.56000,0.53000,0.39428,0.30102
0.57000,0.53000,0.38961,0.30475
0.58000,0.53000,0.38431,0.30902
0.59000,0.53000,0.37859,0.31370
0.60000,0.53000,0.37263,0.31864
0.61000,0.53000,0.36662,0.32370
0.62000,0.53000,0.36069,0.32875
0.63000,0.53000,0.35498,0.33369
0.64000,0.53000,0.34957,0.33842
0.65000,0.53000,0.34456,0.34286
0.66000,0.53000,0.33998,0.34695
0.67000,0.53000,0.33587,0.35065
0.68000,0.53000,0.33225,0.35393
0.69000,0.53000,0.32912,0.35679
0.70000,0.53000,0.32647,0.35921
0.71000,0.53000,0.32427,0.36121
0.72000,0.53000,0.32250,0.36281
0.73000,0.53000,0.32113,0.36403
0.74000,0.53000,0.32014,0.36490
0.75000,0.53000,0.31947,0.36545
0.76000,0.53000,0.31911,0.36571
0.77000,0.53000,0.31900,0.36572
0.78000,0.53000,0.31913,0.36550
0.79000,0.53000,0.31946,0.36510
0.80000,0.53000,0.31996,0.36454
0.81000,0.53000,0.32061,0.36384
0.82000,0.53000,0.32137,0.36304
0.83000,0.53000,0.32222,0.36216
0.84000,0.53000,0.32315,0.36121
0.85000,0.53000,0.32413,0.36023
0.86000,0.53000,0.32515,0.35922
0.87000,0.53000,0.32618,0.35820
0.88000,0.53000,0.32722,0.35719
0.89000,0.53000,0.32824,0.35621
0.90000,0.53000,0.32925,0.35525
0.91000,0.53000,0.33022,0.35434
0.92000,0.53000,0.33115,0.35348
0.93000,0.53000,0.33203,0.35269
0.94000,0.53000,0.33286,0.35197
0.95000,0.53000,0.33362,0.35134
0.96000,0.53000,0.33431,0.35082
0.97000,0.53000,0.33490,0.35044
0.98000,0.53000,0.33536,0.35027
0.99000,0.53000,0.33557,0.35044
1.0000,0.53000,0.33534,0.35118
0.0000,0.54000,0.33645,0.35021
0.010000,0.54000,0.33851,0.34873
0.020000,0.54000,0.34315,0.34471
0.030000,0.54000,0.34909,0.33948
0.040000,0.54000,0.35546,0.33388
0.050000,0.54000,0.36168,0.32846
0.060000,0.54000,0.36730,0.32363
0.070000,0.54000,0.37195,0.31967
0.080000,0.54000,0.37536,0.31679
0.090000,0.54000,0.37733,0.31515
0.10000,0.54000,0.37775,0.31483
0.11000,0.54000,0.37654,0.31587
0.12000,0.54000,0.37374,0.31826
0.13000,0.54000,0.36942,0.32194
0.14000,0.54000,0.36371,0.32681
0.15000,0.54000,0.35681,0.33274
0.16000,0.54000,0.34895,0.33956
0.17000,0.54000,0.34037,0.34706
0.18000,0.54000,0.33133,0.35503
0.19000,0.54000,0.32211,0.36325
0.20000,0.54000,0.31294,0.37150
0.21000,0.54000,0.30405,0.37957
0.22000,0.54000,0.29565,0.38727
0.23000,0.54000,0.28789,0.39445
0.24000,0.54000,0.28089,0.40098
0.25000,0.54000,0.27476,0.40675
0.26000,0.54000,0.26956,0.41169
0.27000,0.54000,0.26534,0.41576
0.28000,0.54000,0.26211,0.41891
0.29000,0.54000,0.25991,0.42112
0.30000,0.54000,0.25874,0.42236
0.31000,0.54000,0.25863,0.42262
0.32000,0.54000,0.25957,0.42186
0.33000,0.54000,0.26159,0.42008
0.34000,0.54000,0.26471,0.41725
0.35000,0.54000,0.26891,0.41336
0.36000,0.54000,0.27420,0.40843
0.37000,0.54000,0.28054,0.40249
0.38000,0.54000,0.28788,0.39562
0.39000,0.54000,0.29614,0.38790
0.40000,0.54000,0.30519,0.37950
0.41000,0.54000,0.31488,0.37057
0.42000,0.54000,0.32501,0.36133
0.43000,0.54000,0.33536,0.35200
0.44000,0.54000,0.34570,0.34281
0.45000,0.54000,0.35576,0.33399
0.46000,0.54000,0.36529,0.32574
0.47000,0.54000,0.37404,0.31827
0.48000,0.54000,0.38181,0.31173
0.49000,0.54000,0.38839,0.30624
0.50000,0.54000,0.39367,0.30187
0.51000,0.54000,0.39753,0.29868
0.52000,0.54000,0.39995,0.29667
0.53000,0.54000,0.40094,0.29582
0.54000,0.54000,0.40056,0.29605
0.55000,0.54000,0.39892,0.29730
0.56000,0.54000,0.39616,0.29945
0.57000,0.54000,0.39244,0.30239
0.58000,0.54000,0.38796,0.30598
0.59000,0.54000,0.38289,0.31008
0.60000,0.54000,0.37743,0.31457
0.61000,0.54000,0.37175,0.31929
0.62000,0.54000,0.36601,0.32413
0.63000,0.54000,0.36035,0.32898
0.64000,0.54000,0.35488,0.33371
0.65000,0.54000,0.34970,0.33825
0.66000,0.54000,0.34488,0.34253
0.67000,0.54000,0.34047,0.34648
0.68000,0.54000,0.33650,0.35007
0.69000,0.54000,0.33299,0.35326
0.70000,0.54000,0.32993,0.35605
0.71000,0.54000,0.32733,0.35843
0.72000,0.54000,0.32515,0.36041
0.73000,0.54000,0.32340,0.36201
0.74000,0.54000,0.32202,0.36324
0.75000,0.54000,0.32100,0.36414
0.76000,0.54000,0.32030,0.36472
0.77000,0.54000,0.31989,0.36503
0.78000,0.54000,0.31974,0.36509
0.79000,0.54000,0.31982,0.36493
0.80000,0.54000,0.32010,0.36457
0.81000,0.54000,0.32055,0.36406
0.82000,0.54000,0.32114,0.36342
0.83000,0.54000,0.32185,0.36266
0.84000,0.54000,0.32266,0.36182
0.85000,0.54000,0.32355,0.36091
0.86000,0.54000,0.32450,0.35996
0.87000,0.54000,0.32548,0.35898
0.88000,0.54000,0.32649,0.35799
0.89000,0.54000,0.32750,0.35700
0.90000,0.54000,0.32852,0.35602
0.91000,0.54000,0.32952,0.35508
0.92000,0.54000,0.33049,0.35417
0.93000,0.54000,0.33144,0.35331
0.94000,0.54000,0.33234,0.35251
0.95000,0.54000,0.33321,0.35179
0.96000,0.54000,0.33404,0.35114
0.97000,0.54000,0.33481,0.35061
0.98000,0.54000,0.33552,0.35021
0.99000,0.54000,0.33611,0.35003
1.0000,0.54000,0.33645,0.35021
0.0000,0.55000,0.33750,0.34928
0.010000,0.55000,0.34013,0.34723
0.020000,0.55000,0.34504,0.34295
0.030000,0.55000,0.35096,0.33773
0.040000,0.55000,0.35705,0.33239
0.050000,0.55000,0.36276,0.32743
0.060000,0.55000,0.36767,0.32322
0.070000,0.55000,0.37147,0.31998
0.080000,0.55000,0.37395,0.31789
0.090000,0.55000,0.37498,0.31705
0.10000,0.55000,0.37448,0.31750
0.11000,0.55000,0.37246,0.31923
0.12000,0.55000,0.36899,0.32219
0.13000,0.55000,0.36418,0.32630
0.14000,0.55000,0.35820,0.33142
0.15000,0.55000,0.35127,0.33740
0.16000,0.55000,0.34360,0.34407
0.17000,0.55000,0.33544,0.35121
0.18000,0.55000,0.32702,0.35863
0.19000,0.55000,0.31857,0.36613
0.20000,0.55000,0.31031,0.37352
0.21000,0.55000,0.30241,0.38064
0.22000,0.55000,0.29501,0.38733
0.23000,0.55000,0.28825,0.39349
0.24000,0.55000,0.28219,0.39904
0.25000,0.55000,0.27691,0.40391
0.26000,0.55000,0.27243,0.40807
0.27000,0.55000,0.26878,0.41150
0.28000,0.55000,0.26597,0.41419
0.29000,0.55000,0.26401,0.41612
0.30000,0.55000,0.26289,0.41729
0.31000,0.55000,0.26264,0.41768
0.32000,0.55000,0.26327,0.41726
0.33000,0.55000,0.26480,0.41600
0.34000,0.55000,0.26725,0.41388
0.35000,0.55000,0.27064,0.41086
0.36000,0.55000,0.27499,0.40692
0.37000,0.55000,0.28029,0.40208
0.38000,0.55000,0.28652,0.39635
0.39000,0.55000,0.29364,0.38978
0.40000,0.55000,0.30156,0.38248
0.41000,0.55000,0.31018,0.37457
0.42000,0.55000,0.31935,0.36621
0.43000,0.55000,0.32889,0.35758
0.44000,0.55000,0.33859,0.34889
0.45000,0.55000,0.34825,0.34036
0.46000,0.55000,0.35761,0.33218
0.47000,0.55000,0.36644,0.32456
0.48000,0.55000,0.37453,0.31768
0.49000,0.55000,0.38168,0.31166
0.50000,0.55000,0.38772,0.30663
0.51000,0.55000,0.39251,0.30265
0.52000,0.55000,0.39599,0.29978
0.53000,0.55000,0.39812,0.29800
0.54000,0.55000,0.39892,0.29730
0.55000,0.55000,0.39844,0.29762
0.56000,0.55000,0.39679,0.29888
0.57000,0.55000,0.39409,0.30099
0.58000,0.55000,0.39052,0.30383
0.59000,0.55000,0.38622,0.30728
0.60000,0.55000,0.38139,0.31122
0.61000,0.55000,0.37618,0.31551
0.62000,0.55000,0.37077,0.32003
0.63000,0.55000,0.36530,0.32466
0.64000,0.55000,0.35990,0.32930
0.65000,0.55000,0.35467,0.33384
0.66000,0.55000,0.34971,0.33820
0.67000,0.55000,0.34509,0.34231
0.68000,0.55000,0.34084,0.34613
0.69000,0.55000,0.33700,0.34960
0.70000,0.55000,0.33359,0.35270
0.71000,0.55000,0.33062,0.35542
0.72000,0.55000,0.32807,0.35776
0.73000,0.55000,0.32593,0.35971
0.74000,0.55000,0.32418,0.36130
0.75000,0.55000,0.32281,0.36254
0.76000,0.55000,0.32177,0.36346
0.77000,0.55000,0.32105,0.36407
0.78000,0.55000,0.32060,0.36441
0.79000,0.55000,0.32042,0.36451
0.80000,0.55000,0.32045,0.36439
0.81000,0.55000,0.32069,0.36409
0.82000,0.55000,0.32109,0.36362
0.83000,0.55000,0.32164,0.36301
0.84000,0.55000,0.32232,0.36229
0.85000,0.55000,0.32309,0.36149
0.86000,0.55000,0.32395,0.36061
0.87000,0.55000,0.32486,0.35968
0.88000,0.55000,0.32583,0.35872
0.89000,0.55000,0.32682,0.35774
0.90000,0.55000,0.32783,0.35676
0.91000,0.55000,0.32884,0.35579
0.92000,0.55000,0.32985,0.35485
0.93000,0.55000,0.33084,0.35394
0.94000,0.55000,0.33182,0.35307
0.95000,0.55000,0.33279,0.35225
0.96000,0.55000,0.33374,0.35150
0.97000,0.55000,0.33469,0.35081
0.98000,0.55000,0.33564,0.35019
0.99000,0.55000,0.33658,0.34967
1.0000,0.55000,0.33750,0.34928
0.0000,0.56000,0.33846,0.34842
0.010000,0.56000,0.34160,0.34586
0.020000,0.56000,0.34667,0.34142
0.030000,0.56000,0.35244,0.33633
0.040000,0.56000,0.35814,0.33134
0.050000,0.56000,0.36324,0.32692
0.060000,0.56000,0.36739,0.32336
0.070000,0.56000,0.37034,0.32086
0.080000,0.56000,0.37193,0.31953
0.090000,0.56000,0.37208,0.31942
0.10000,0.56000,0.37078,0.32055
0.11000,0.56000,0.36809,0.32286
0.12000,0.56000,0.36411,0.32627
0.13000,0.56000,0.35899,0.33066
0.14000,0.56000,0.35291,0.33590
0.15000,0.56000,0.34610,0.34180
0.16000,0.56000,0.33876,0.34819
0.17000,0.56000,0.33113,0.35487
0.18000,0.56000,0.32341,0.36167
0.19000,0.56000,0.31579,0.36841
0.20000,0.56000,0.30845,0.37493
0.21000,0.56000,0.30151,0.38110
0.22000,0.56000,0.29510,0.38683
0.23000,0.56000,0.28928,0.39203
0.24000,0.56000,0.28411,0.39667
0.25000,0.56000,0.27962,0.40072
0.26000,0.56000,0.27581,0.40417
0.27000,0.56000,0.27270,0.40703
0.28000,0.56000,0.27027,0.40929
0.29000,0.56000,0.26852,0.41098
0.30000,0.56000,0.26746,0.41207
0.31000,0.56000,0.26709,0.41257
0.32000,0.56000,0.26743,0.41244
0.33000,0.56000,0.26851,0.41164
0.34000,0.56000,0.27036,0.41015
0.35000,0.56000,0.27301,0.40791
0.36000,0.56000,0.27649,0.40488
0.37000,0.56000,0.28082,0.40104
0.38000,0.56000,0.28600,0.39638
0.39000,0.56000,0.29202,0.39092
0.40000,0.56000,0.29884,0.38471
0.41000,0.56000,0.30638,0.37782
0.42000,0.56000,0.31454,0.37039
0.43000,0.56000,0.32318,0.36256
0.44000,0.56000,0.33215,0.35449
0.45000,0.56000,0.34124,0.34639
0.46000,0.56000,0.35025,0.33845
0.47000,0.56000,0.35896,0.33086
0.48000,0.56000,0.36716,0.32380
0.49000,0.56000,0.37464,0.31743
0.50000,0.56000,0.38123,0.31188
0.51000,0.56000,0.38677,0.30726
0.52000,0.56000,0.39114,0.30363
0.53000,0.56000,0.39428,0.30102
0.54000,0.56000,0.39616,0.29945
0.55000,0.56000,0.39679,0.29888
0.56000,0.56000,0.39623,0.29927
0.57000,0.56000,0.39459,0.30053
0.58000,0.56000,0.39197,0.30259
0.59000,0.56000,0.38854,0.30534
0.60000,0.56000,0.38443,0.30865
0.61000,0.56000,0.37983,0.31242
0.62000,0.56000,0.37487,0.31653
0.63000,0.56000,0.36972,0.32085
0.64000,0.56000,0.36451,0.32528
0.65000,0.56000,0.35936,0.32971
0.66000,0.56000,0.35436,0.33406
0.67000,0.56000,0.34962,0.33824
0.68000,0.56000,0.34518,0.34220
0.69000,0.56000,0.34109,0.34588
0.70000,0.56000,0.33739,0.34923
0.71000,0.56000,0.33409,0.35224
0.72000,0.56000,0.33119,0.35490
0.73000,0.56000,0.32870,0.35718
0.74000,0.56000,0.32660,0.35911
0.75000,0.56000,0.32488,0.36068
0.76000,0.56000,0.32350,0.36192
0.77000,0.56000,0.32246,0.36285
0.78000,0.56000,0.32172,0.36348
0.79000,0.56000,0.32125,0.36385
0.80000,0.56000,0.32103,0.36398
0.81000,0.56000,0.32104,0.36390
0.82000,0.56000,0.32124,0.36363
0.83000,0.56000,0.32161,0.36319
0.84000,0.56000,0.32212,0.36262
0.85000,0.56000,0.32277,0.36193
0.86000,0.56000,0.32351,0.36115
0.87000,0.56000,0.32435,0.36029
0.88000,0.56000,0.32525,0.35938
0.89000,0.56000,0.32620,0.35843
0.90000,0.56000,0.32718,0.35746
0.91000,0.56000,0.32820,0.35648
0.92000,0.56000,0.32922,0.35551
0.93000,0.56000,0.33026,0.35455
0.94000,0.56000,0.33130,0.35363
0.95000,0.56000,0.33235,0.35273
0.96000,0.56000,0.33342,0.35187
0.97000,0.56000,0.33453,0.35103
0.98000,0.56000,0.33571,0.35020
0.99000,0.56000,0.33700,0.34935
1.0000,0.56000,0.33846,0.34842
0.0000,0.57000,0.33931,0.34764
0.010000,0.57000,0.34288,0.34464
0.020000,0.57000,0.34800,0.34014
0.030000,0.57000,0.35352,0.33528
0.040000,0.57000,0.35874,0.33072
0.050000,0.57000,0.36318,0.32688
0.060000,0.57000,0.36655,0.32399
0.070000,0.57000,0.36866,0.32221
0.080000,0.57000,0.36942,0.32159
0.090000,0.57000,0.36879,0.32215
0.10000,0.57000,0.36682,0.32385
0.11000,0.57000,0.36360,0.32663
0.12000,0.57000,0.35927,0.33036
0.13000,0.57000,0.35399,0.33491
0.14000,0.57000,0.34797,0.34012
0.15000,0.57000,0.34141,0.34583
0.16000,0.57000,0.33451,0.35184
0.17000,0.57000,0.32748,0.35800
0.18000,0.57000,0.32050,0.36413
0.19000,0.57000,0.31372,0.37008
0.20000,0.57000,0.30728,0.37574
0.21000,0.57000,0.30128,0.38102
0.22000,0.57000,0.29579,0.38583
0.23000,0.57000,0.29086,0.39016
0.24000,0.57000,0.28650,0.39398
0.25000,0.57000,0.28273,0.39729
0.26000,0.57000,0.27953,0.40011
0.27000,0.57000,0.27689,0.40246
0.28000,0.57000,0.27481,0.40435
0.29000,0.57000,0.27326,0.40582
0.30000,0.57000,0.27225,0.40684
0.31000,0.57000,0.27178,0.40742
0.32000,0.57000,0.27187,0.40754
0.33000,0.57000,0.27256,0.40714
0.34000,0.57000,0.27387,0.40619
0.35000,0.57000,0.27585,0.40463
0.36000,0.57000,0.27854,0.40241
0.37000,0.57000,0.28198,0.39948
0.38000,0.57000,0.28619,0.39580
0.39000,0.57000,0.29118,0.39137
0.40000,0.57000,0.29694,0.38620
0.41000,0.57000,0.30343,0.38033
0.42000,0.57000,0.31058,0.37384
0.43000,0.57000,0.31829,0.36686
0.44000,0.57000,0.32644,0.35951
0.45000,0.57000,0.33485,0.35196
0.46000,0.57000,0.34337,0.34439
0.47000,0.57000,0.35178,0.33698
0.48000,0.57000,0.35990,0.32991
0.49000,0.57000,0.36752,0.32336
0.50000,0.57000,0.37445,0.31745
0.51000,0.57000,0.38053,0.31233
0.52000,0.57000,0.38561,0.30807
0.53000,0.57000,0.38961,0.30475
0.54000,0.57000,0.39244,0.30239
0.55000,0.57000,0.39409,0.30099
0.56000,0.57000,0.39459,0.30053
0.57000,0.57000,0.39398,0.30097
0.58000,0.57000,0.39235,0.30223
0.59000,0.57000,0.38982,0.30424
0.60000,0.57000,0.38653,0.30688
0.61000,0.57000,0.38261,0.31006
0.62000,0.57000,0.37822,0.31367
0.63000,0.57000,0.37350,0.31760
0.64000,0.57000,0.36860,0.32173
0.65000,0.57000,0.36364,0.32596
0.66000,0.57000,0.35873,0.33020
0.67000,0.57000,0.35397,0.33436
0.68000,0.57000,0.34942,0.33838
0.69000,0.57000,0.34517,0.34218
0.70000,0.57000,0.34124,0.34572
0.71000,0.57000,0.33767,0.34896
0.72000,0.57000,0.33448,0.35188
0.73000,0.57000,0.33167,0.35446
0.74000,0.57000,0.32924,0.35670
0.75000,0.57000,0.32718,0.35859
0.76000,0.57000,0.32548,0.36014
0.77000,0.57000,0.32412,0.36137
0.78000,0.57000,0.32308,0.36230
0.79000,0.57000,0.32232,0.36295
0.80000,0.57000,0.32184,0.36334
0.81000,0.57000,0.32160,0.36349
0.82000,0.57000,0.32158,0.36343
0.83000,0.57000,0.32175,0.36319
0.84000,0.57000,0.32210,0.36278
0.85000,0.57000,0.32259,0.36223
0.86000,0.57000,0.32321,0.36156
0.87000,0.57000,0.32394,0.36079
0.88000,0.57000,0.32476,0.35995
0.89000,0.57000,0.32566,0.35905
0.90000,0.57000,0.32661,0.35810
0.91000,0.57000,0.32760,0.35713
0.92000,0.57000,0.32863,0.35614
0.93000,0.57000,0.32969,0.35516
0.94000,0.57000,0.33078,0.35418
0.95000,0.57000,0.33190,0.35321
0.96000,0.57000,0.33308,0.35226
0.97000,0.57000,0.33433,0.35128
0.98000,0.57000,0.33572,0.35025
0.99000,0.57000,0.33734,0.34909
1.0000,0.57000,0.33931,0.34764
0.0000,0.58000,0.34004,0.34696
0.010000,0.58000,0.34396,0.34360
0.020000,0.58000,0.34904,0.33913
0.030000,0.58000,0.35422,0.33457
0.040000,0.58000,0.35887,0.33051
0.050000,0.58000,0.36262,0.32727
0.060000,0.58000,0.36522,0.32506
0.070000,0.58000,0.36654,0.32395
0.080000,0.58000,0.36654,0.32398
0.090000,0.58000,0.36525,0.32511
0.10000,0.58000,0.36274,0.32729
0.11000,0.58000,0.35914,0.33040
0.12000,0.58000,0.35460,0.33433
0.13000,0.58000,0.34932,0.33892
0.14000,0.58000,0.34347,0.34400
0.15000,0.58000,0.33726,0.34941
0.16000,0.58000,0.33088,0.35498
0.17000,0.58000,0.32449,0.36056
0.18000,0.58000,0.31827,0.36599
0.19000,0.58000,0.31232,0.37118
0.20000,0.58000,0.30674,0.37602
0.21000,0.58000,0.30162,0.38045
0.22000,0.58000,0.29698,0.38444
0.23000,0.58000,0.29285,0.38797
0.24000,0.58000,0.28923,0.39105
0.25000,0.58000,0.28610,0.39372
0.26000,0.58000,0.28344,0.39598
0.27000,0.58000,0.28123,0.39789
0.28000,0.58000,0.27945,0.39947
0.29000,0.58000,0.27808,0.40074
0.30000,0.58000,0.27712,0.40170
0.31000,0.58000,0.27656,0.40235
0.32000,0.58000,0.27644,0.40266
0.33000,0.58000,0.27678,0.40260
0.34000,0.58000,0.27763,0.40212
0.35000,0.58000,0.27902,0.40114
0.36000,0.58000,0.28101,0.39962
0.37000,0.58000,0.28366,0.39749
0.38000,0.58000,0.28698,0.39470
0.39000,0.58000,0.29103,0.39121
0.40000,0.58000,0.29580,0.38701
0.41000,0.58000,0.30129,0.38211
0.42000,0.58000,0.30745,0.37657
0.43000,0.58000,0.31422,0.37045
0.44000,0.58000,0.32151,0.36387
0.45000,0.58000,0.32918,0.35696
0.46000,0.58000,0.33709,0.34988
0.47000,0.58000,0.34507,0.34279
0.48000,0.58000,0.35294,0.33586
0.49000,0.58000,0.36051,0.32927
0.50000,0.58000,0.36760,0.32317
0.51000,0.58000,0.37402,0.31769
0.52000,0.58000,0.37963,0.31295
0.53000,0.58000,0.38431,0.30902
0.54000,0.58000,0.38796,0.30598
0.55000,0.58000,0.39052,0.30383
0.56000,0.58000,0.39197,0.30259
0.57000,0.58000,0.39235,0.30223
0.58000,0.58000,0.39169,0.30271
0.59000,0.58000,0.39009,0.30397
0.60000,0.58000,0.38765,0.30591
0.61000,0.58000,0.38450,0.30846
0.62000,0.58000,0.38076,0.31151
0.63000,0.58000,0.37658,0.31496
0.64000,0.58000,0.37210,0.31871
0.65000,0.58000,0.36744,0.32266
0.66000,0.58000,0.36271,0.32670
0.67000,0.58000,0.35803,0.33076
0.68000,0.58000,0.35349,0.33474
0.69000,0.58000,0.34915,0.33859
0.70000,0.58000,0.34507,0.34225
0.71000,0.58000,0.34129,0.34566
0.72000,0.58000,0.33786,0.34879
0.73000,0.58000,0.33477,0.35161
0.74000,0.58000,0.33205,0.35411
0.75000,0.58000,0.32968,0.35629
0.76000,0.58000,0.32767,0.35814
0.77000,0.58000,0.32601,0.35967
0.78000,0.58000,0.32466,0.36089
0.79000,0.58000,0.32362,0.36182
0.80000,0.58000,0.32287,0.36247
0.81000,0.58000,0.32238,0.36287
0.82000,0.58000,0.32213,0.36303
0.83000,0.58000,0.32209,0.36299
0.84000,0.58000,0.32225,0.36276
0.85000,0.58000,0.32258,0.36237
0.86000,0.58000,0.32306,0.36183
0.87000,0.58000,0.32367,0.36118
0.88000,0.58000,0.32439,0.36042
0.89000,0.58000,0.32521,0.35958
0.90000,0.58000,0.32611,0.35867
0.91000,0.58000,0.32707,0.35772
0.92000,0.58000,0.32809,0.35674
0.93000,0.58000,0.32916,0.35574
0.94000,0.58000,0.33028,0.35472
0.95000,0.58000,0.33146,0.35370
0.96000,0.58000,0.33272,0.35266
0.97000,0.58000,0.33411,0.35156
0.98000,0.58000,0.33569,0.35035
0.99000,0.58000,0.33759,0.34889
1.0000,0.58000,0.34004,0.34696
0.0000,0.59000,0.34063,0.34640
0.010000,0.59000,0.34483,0.34275
0.020000,0.59000,0.34977,0.33839
0.030000,0.59000,0.35453,0.33420
0.040000,0.59000,0.35859,0.33066
0.050000,0.59000,0.36163,0.32804
0.060000,0.59000,0.36349,0.32647
0.070000,0.59000,0.36409,0.32599
0.080000,0.59000,0.36343,0.32659
0.090000,0.59000,0.36159,0.32820
0.10000,0.59000,0.35868,0.33074
0.11000,0.59000,0.35483,0.33409
0.12000,0.59000,0.35022,0.33810
0.13000,0.59000,0.34504,0.34261
0.14000,0.59000,0.33946,0.34747
0.15000,0.59000,0.33368,0.35251
0.16000,0.59000,0.32786,0.35759
0.17000,0.59000,0.32215,0.36256
0.18000,0.59000,0.31666,0.36731
0.19000,0.59000,0.31151,0.37175
0.20000,0.59000,0.30675,0.37582
0.21000,0.59000,0.30243,0.37948
0.22000,0.59000,0.29856,0.38272
0.23000,0.59000,0.29515,0.38555
0.24000,0.59000,0.29218,0.38799
0.25000,0.59000,0.28962,0.39009
0.26000,0.59000,0.28744,0.39189
0.27000,0.59000,0.28560,0.39342
0.28000,0.59000,0.28409,0.39472
0.29000,0.59000,0.28287,0.39582
0.30000,0.59000,0.28196,0.39672
0.31000,0.59000,0.28134,0.39742
0.32000,0.59000,0.28103,0.39790
0.33000,0.59000,0.28108,0.39811
0.34000,0.59000,0.28152,0.39801
0.35000,0.59000,0.28241,0.39753
0.36000,0.59000,0.28379,0.39661
0.37000,0.59000,0.28573,0.39518
0.38000,0.59000,0.28827,0.39317
0.39000,0.59000,0.29146,0.39052
0.40000,0.59000,0.29533,0.38721
0.41000,0.59000,0.29988,0.38323
0.42000,0.59000,0.30510,0.37859
0.43000,0.59000,0.31095,0.37334
0.44000,0.59000,0.31737,0.36755
0.45000,0.59000,0.32425,0.36133
0.46000,0.59000,0.33149,0.35482
0.47000,0.59000,0.33893,0.34816
0.48000,0.59000,0.34642,0.34151
0.49000,0.59000,0.35379,0.33503
0.50000,0.59000,0.36085,0.32888
0.51000,0.59000,0.36744,0.32319
0.52000,0.59000,0.37340,0.31810
0.53000,0.59000,0.37859,0.31370
0.54000,0.59000,0.38289,0.31008
0.55000,0.59000,0.38622,0.30728
0.56000,0.59000,0.38854,0.30534
0.57000,0.59000,0.38982,0.30424
0.58000,0.59000,0.39009,0.30397
0.59000,0.59000,0.38940,0.30448
0.60000,0.59000,0.38783,0.30572
0.61000,0.59000,0.38548,0.30760
0.62000,0.59000,0.38246,0.31005
0.63000,0.59000,0.37890,0.31298
0.64000,0.59000,0.37493,0.31628
0.65000,0.59000,0.37066,0.31986
0.66000,0.59000,0.36623,0.32363
0.67000,0.59000,0.36174,0.32750
0.68000,0.59000,0.35728,0.33137
0.69000,0.59000,0.35294,0.33519
0.70000,0.59000,0.34879,0.33888
0.71000,0.59000,0.34489,0.34239
0.72000,0.59000,0.34126,0.34567
0.73000,0.59000,0.33795,0.34869
0.74000,0.59000,0.33498,0.35142
0.75000,0.59000,0.33234,0.35384
0.76000,0.59000,0.33005,0.35596
0.77000,0.59000,0.32809,0.35777
0.78000,0.59000,0.32646,0.35926
0.79000,0.59000,0.32514,0.36046
0.80000,0.59000,0.32412,0.36138
0.81000,0.59000,0.32337,0.36203
0.82000,0.59000,0.32288,0.36243
0.83000,0.59000,0.32262,0.36260
0.84000,0.59000,0.32258,0.36256
0.85000,0.59000,0.32273,0.36234
0.86000,0.59000,0.32305,0.36195
0.87000,0.59000,0.32353,0.36142
0.88000,0.59000,0.32414,0.36077
0.89000,0.59000,0.32486,0.36001
0.90000,0.59000,0.32569,0.35916
0.91000,0.59000,0.32660,0.35825
0.92000,0.59000,0.32760,0.35729
0.93000,0.59000,0.32866,0.35628
0.94000,0.59000,0.32980,0.35525
0.95000,0.59000,0.33102,0.35418
0.96000,0.59000,0.33235,0.35306
0.97000,0.59000,0.33385,0.35186
0.98000,0.59000,0.33560,0.35048
0.99000,0.59000,0.33776,0.34876
1.0000,0.59000,0.34063,0.34640
0.0000,0.60000,0.34109,0.34596
0.010000,0.60000,0.34548,0.34209
0.020000,0.60000,0.35021,0.33791
0.030000,0.60000,0.35450,0.33413
0.040000,0.60000,0.35794,0.33115
0.050000,0.60000,0.36029,0.32913
0.060000,0.60000,0.36145,0.32816
0.070000,0.60000,0.36141,0.32824
0.080000,0.60000,0.36020,0.32933
0.090000,0.60000,0.35793,0.33132
0.10000,0.60000,0.35473,0.33412
0.11000,0.60000,0.35076,0.33759
0.12000,0.60000,0.34619,0.34158
0.13000,0.60000,0.34121,0.34593
0.14000,0.60000,0.33599,0.35049
0.15000,0.60000,0.33068,0.35512
0.16000,0.60000,0.32545,0.35967
0.17000,0.60000,0.32040,0.36403
0.18000,0.60000,0.31563,0.36812
0.19000,0.60000,0.31122,0.37186
0.20000,0.60000,0.30721,0.37522
0.21000,0.60000,0.30362,0.37818
0.22000,0.60000,0.30044,0.38076
0.23000,0.60000,0.29767,0.38298
0.24000,0.60000,0.29527,0.38488
0.25000,0.60000,0.29320,0.38650
0.26000,0.60000,0.29143,0.38789
0.27000,0.60000,0.28992,0.38911
0.28000,0.60000,0.28863,0.39018
0.29000,0.60000,0.28756,0.39113
0.30000,0.60000,0.28668,0.39197
0.31000,0.60000,0.28601,0.39270
0.32000,0.60000,0.28556,0.39330
0.33000,0.60000,0.28536,0.39374
0.34000,0.60000,0.28547,0.39395
0.35000,0.60000,0.28592,0.39389
0.36000,0.60000,0.28677,0.39347
0.37000,0.60000,0.28810,0.39263
0.38000,0.60000,0.28995,0.39129
0.39000,0.60000,0.29238,0.38939
0.40000,0.60000,0.29543,0.38688
0.41000,0.60000,0.29912,0.38374
0.42000,0.60000,0.30346,0.37995
0.43000,0.60000,0.30844,0.37553
0.44000,0.60000,0.31400,0.37054
0.45000,0.60000,0.32009,0.36505
0.46000,0.60000,0.32660,0.35918
0.47000,0.60000,0.33344,0.35303
0.48000,0.60000,0.34044,0.34676
0.49000,0.60000,0.34748,0.34051
0.50000,0.60000,0.35437,0.33444
0.51000,0.60000,0.36097,0.32868
0.52000,0.60000,0.36710,0.32338
0.53000,0.60000,0.37263,0.31864
0.54000,0.60000,0.37743,0.31457
0.55000,0.60000,0.38139,0.31122
0.56000,0.60000,0.38443,0.30865
0.57000,0.60000,0.38653,0.30688
0.58000,0.60000,0.38765,0.30591
0.59000,0.60000,0.38783,0.30572
0.60000,0.60000,0.38712,0.30626
0.61000,0.60000,0.38558,0.30748
0.62000,0.60000,0.38332,0.30930
0.63000,0.60000,0.38043,0.31166
0.64000,0.60000,0.37704,0.31446
0.65000,0.60000,0.37326,0.31762
0.66000,0.60000,0.36920,0.32104
0.67000,0.60000,0.36499,0.32464
0.68000,0.60000,0.36071,0.32834
0.69000,0.60000,0.35647,0.33204
0.70000,0.60000,0.35233,0.33570
0.71000,0.60000,0.34837,0.33923
0.72000,0.60000,0.34463,0.34260
0.73000,0.60000,0.34116,0.34575
0.74000,0.60000,0.33798,0.34866
0.75000,0.60000,0.33511,0.35129
0.76000,0.60000,0.33256,0.35364
0.77000,0.60000,0.33034,0.35569
0.78000,0.60000,0.32844,0.35745
0.79000,0.60000,0.32685,0.35891
0.80000,0.60000,0.32556,0.36008
0.81000,0.60000,0.32456,0.36098
0.82000,0.60000,0.32383,0.36161
0.83000,0.60000,0.32334,0.36201
0.84000,0.60000,0.32309,0.36217
0.85000,0.60000,0.32305,0.36214
0.86000,0.60000,0.32320,0.36191
0.87000,0.60000,0.32353,0.36152
0.88000,0.60000,0.32401,0.36099
0.89000,0.60000,0.32463,0.36033
0.90000,0.60000,0.32537,0.35956
0.91000,0.60000,0.32622,0.35870
0.92000,0.60000,0.32717,0.35777
0.93000,0.60000,0.32821,0.35678
0.94000,0.60000,0.32935,0.35574
0.95000,0.60000,0.33059,0.35465
0.96000,0.60000,0.33198,0.35347
0.97000,0.60000,0.33357,0.35218
0.98000,0.60000,0.33546,0.35066
0.99000,0.60000,0.33785,0.34870
1.0000,0.60000,0.34109,0.34596
0.0000,0.61000,0.34140,0.34564
0.010000,0.61000,0.34592,0.34162
0.020000,0.61000,0.35037,0.33767
0.030000,0.61000,0.35416,0.33435
0.040000,0.61000,0.35698,0.33191
0.050000,0.61000,0.35868,0.33047
0.060000,0.61000,0.35921,0.33006
0.070000,0.61000,0.35860,0.33063
0.080000,0.61000,0.35695,0.33211
0.090000,0.61000,0.35436,0.33440
0.10000,0.61000,0.35099,0.33736
0.11000,0.61000,0.34700,0.34085
0.12000,0.61000,0.34257,0.34473
0.13000,0.61000,0.33786,0.34885
0.14000,0.61000,0.33304,0.35306
0.15000,0.61000,0.32824,0.35723
0.16000,0.61000,0.32359,0.36125
0.17000,0.61000,0.31919,0.36501
0.18000,0.61000,0.31510,0.36847
0.19000,0.61000,0.31138,0.37157
0.20000,0.61000,0.30805,0.37429
0.21000,0.61000,0.30511,0.37664
0.22000,0.61000,0.30254,0.37864
0.23000,0.61000,0.30032,0.38033
0.24000,0.61000,0.29841,0.38176
0.25000,0.61000,0.29677,0.38298
0.26000,0.61000,0.29535,0.38404
0.27000,0.61000,0.29411,0.38499
0.28000,0.61000,0.29302,0.38586
0.29000,0.61000,0.29207,0.38669
0.30000,0.61000,0.29123,0.38748
0.31000,0.61000,0.29052,0.38823
0.32000,0.61000,0.28996,0.38893
0.33000,0.61000,0.28956,0.38953
0.34000,0.61000,0.28938,0.39000
0.35000,0.61000,0.28947,0.39026
0.36000,0.61000,0.28989,0.39026
0.37000,0.61000,0.29069,0.38991
0.38000,0.61000,0.29194,0.38915
0.39000,0.61000,0.29370,0.38790
0.40000,0.61000,0.29602,0.38610
0.41000,0.61000,0.29894,0.38371
0.42000,0.61000,0.30247,0.38070
0.43000,0.61000,0.30662,0.37708
0.44000,0.61000,0.31136,0.37287
0.45000,0.61000,0.31666,0.36811
0.46000,0.61000,0.32244,0.36290
0.47000,0.61000,0.32862,0.35733
0.48000,0.61000,0.33507,0.35152
0.49000,0.61000,0.34168,0.34560
0.50000,0.61000,0.34828,0.33973
0.51000,0.61000,0.35474,0.33403
0.52000,0.61000,0.36091,0.32865
0.53000,0.61000,0.36662,0.32370
0.54000,0.61000,0.37175,0.31929
0.55000,0.61000,0.37618,0.31551
0.56000,0.61000,0.37983,0.31242
0.57000,0.61000,0.38261,0.31006
0.58000,0.61000,0.38450,0.30846
0.59000,0.61000,0.38548,0.30760
0.60000,0.61000,0.38558,0.30748
0.61000,0.61000,0.38485,0.30804
0.62000,0.61000,0.38335,0.30924
0.63000,0.61000,0.38117,0.31101
0.64000,0.61000,0.37841,0.31328
0.65000,0.61000,0.37518,0.31596
0.66000,0.61000,0.37158,0.31898
0.67000,0.61000,0.36773,0.32225
0.68000,0.61000,0.36372,0.32569
0.69000,0.61000,0.35966,0.32921
0.70000,0.61000,0.35562,0.33276
0.71000,0.61000,0.35167,0.33625
0.72000,0.61000,0.34789,0.33964
0.73000,0.61000,0.34431,0.34286
0.74000,0.61000,0.34098,0.34589
0.75000,0.61000,0.33793,0.34869
0.76000,0.61000,0.33517,0.35123
0.77000,0.61000,0.33271,0.35350
0.78000,0.61000,0.33057,0.35548
0.79000,0.61000,0.32873,0.35718
0.80000,0.61000,0.32719,0.35860
0.81000,0.61000,0.32594,0.35974
0.82000,0.61000,0.32496,0.36061
0.83000,0.61000,0.32425,0.36122
0.84000,0.61000,0.32379,0.36160
0.85000,0.61000,0.32355,0.36176
0.86000,0.61000,0.32352,0.36171
0.87000,0.61000,0.32369,0.36147
0.88000,0.61000,0.32403,0.36107
0.89000,0.61000,0.32452,0.36053
0.90000,0.61000,0.32516,0.35985
0.91000,0.61000,0.32593,0.35907
0.92000,0.61000,0.32682,0.35819
0.93000,0.61000,0.32782,0.35723
0.94000,0.61000,0.32894,0.35620
0.95000,0.61000,0.33019,0.35509
0.96000,0.61000,0.33161,0.35388
0.97000,0.61000,0.33326,0.35251
0.98000,0.61000,0.33527,0.35087
0.99000,0.61000,0.33785,0.34871
1.0000,0.61000,0.34140,0.34564
0.0000,0.62000,0.34158,0.34544
0.010000,0.62000,0.34615,0.34134
0.020000,0.62000,0.35028,0.33767
0.030000,0.62000,0.35355,0.33481
0.040000,0.62000,0.35577,0.33290
0.050000,0.62000,0.35686,0.33200
0.060000,0.62000,0.35683,0.33208
0.070000,0.62000,0.35576,0.33307
0.080000,0.62000,0.35375,0.33486
0.090000,0.62000,0.35095,0.33735
0.10000,0.62000,0.34751,0.34038
0.11000,0.62000,0.34360,0.34382
0.12000,0.62000,0.33938,0.34753
0.13000,0.62000,0.33500,0.35135
0.14000,0.62000,0.33061,0.35518
0.15000,0.62000,0.32633,0.35888
0.16000,0.62000,0.32225,0.36236
0.17000,0.62000,0.31846,0.36557
0.18000,0.62000,0.31500,0.36843
0.19000,0.62000,0.31191,0.37095
0.20000,0.62000,0.30918,0.37310
0.21000,0.62000,0.30682,0.37491
0.22000,0.62000,0.30478,0.37642
0.23000,0.62000,0.30304,0.37767
0.24000,0.62000,0.30155,0.37871
0.25000,0.62000,0.30026,0.37959
0.26000,0.62000,0.29914,0.38038
0.27000,0.62000,0.29813,0.38111
0.28000,0.62000,0.29721,0.38182
0.29000,0.62000,0.29636,0.38254
0.30000,0.62000,0.29557,0.38328
0.31000,0.62000,0.29484,0.38404
0.32000,0.62000,0.29418,0.38480
0.33000,0.62000,0.29363,0.38553
0.34000,0.62000,0.29322,0.38619
0.35000,0.62000,0.29302,0.38671
0.36000,0.62000,0.29306,0.38704
0.37000,0.62000,0.29342,0.38710
0.38000,0.62000,0.29417,0.38682
0.39000,0.62000,0.29535,0.38612
0.40000,0.62000,0.29703,0.38494
0.41000,0.62000,0.29925,0.38322
0.42000,0.62000,0.30205,0.38093
0.43000,0.62000,0.30544,0.37804
0.44000,0.62000,0.30941,0.37456
0.45000,0.62000,0.31394,0.37053
0.46000,0.62000,0.31900,0.36599
0.47000,0.62000,0.32449,0.36103
0.48000,0.62000,0.33035,0.35574
0.49000,0.62000,0.33645,0.35024
0.50000,0.62000,0.34267,0.34466
0.51000,0.62000,0.34888,0.33914
0.52000,0.62000,0.35494,0.33379
0.53000,0.62000,0.36069,0.32875
0.54000,0.62000,0.36601,0.32413
0.55000,0.62000,0.37077,0.32003
0.56000,0.62000,0.37487,0.31653
0.57000,0.62000,0.37822,0.31367
0.58000,0.62000,0.38076,0.31151
0.59000,0.62000,0.38246,0.31005
0.60000,0.62000,0.38332,0.30930
0.61000,0.62000,0.38335,0.30924
0.62000,0.62000,0.38260,0.30982
0.63000,0.62000,0.38114,0.31099
0.64000,0.62000,0.37905,0.31271
0.65000,0.62000,0.37641,0.31489
0.66000,0.62000,0.37333,0.31746
0.67000,0.62000,0.36991,0.32035
0.68000,0.62000,0.36625,0.32347
0.69000,0.62000,0.36244,0.32676
0.70000,0.62000,0.35857,0.33012
0.71000,0.62000,0.35473,0.33351
0.72000,0.62000,0.35097,0.33685
0.73000,0.62000,0.34736,0.34009
0.74000,0.62000,0.34394,0.34318
0.75000,0.62000,0.34075,0.34609
0.76000,0.62000,0.33783,0.34877
0.77000,0.62000,0.33517,0.35122
0.78000,0.62000,0.33281,0.35340
0.79000,0.62000,0.33074,0.35532
0.80000,0.62000,0.32897,0.35696
0.81000,0.62000,0.32748,0.35832
0.82000,0.62000,0.32628,0.35942
0.83000,0.62000,0.32534,0.36026
0.84000,0.62000,0.32466,0.36085
0.85000,0.62000,0.32422,0.36120
0.86000,0.62000,0.32400,0.36134
0.87000,0.62000,0.32400,0.36127
0.88000,0.62000,0.32418,0.36102
0.89000,0.62000,0.32454,0.36060
0.90000,0.62000,0.32506,0.36003
0.91000,0.62000,0.32573,0.35934
0.92000,0.62000,0.32654,0.35853
0.93000,0.62000,0.32749,0.35762
0.94000,0.62000,0.32857,0.35661
0.95000,0.62000,0.32981,0.35551
0.96000,0.62000,0.33125,0.35427
0.97000,0.62000,0.33295,0.35285
0.98000,0.62000,0.33505,0.35111
0.99000,0.62000,0.33778,0.34879
1.0000,0.62000,0.34158,0.34544
0.0000,0.63000,0.34163,0.34535
0.010000,0.63000,0.34619,0.34123
0.020000,0.63000,0.34997,0.33787
0.030000,0.63000,0.35272,0.33547
0.040000,0.63000,0.35437,0.33407
0.050000,0.63000,0.35491,0.33366
0.060000,0.63000,0.35440,0.33417
0.070000,0.63000,0.35295,0.33550
0.080000,0.63000,0.35068,0.33752
0.090000,0.63000,0.34776,0.34012
0.10000,0.63000,0.34434,0.34315
0.11000,0.63000,0.34057,0.34647
0.12000,0.63000,0.33661,0.34994
0.13000,0.63000,0.33260,0.35345
0.14000,0.63000,0.32866,0.35686
0.15000,0.63000,0.32489,0.36010
0.16000,0.63000,0.32136,0.36307
0.17000,0.63000,0.31814,0.36574
0.18000,0.63000,0.31526,0.36808
0.19000,0.63000,0.31273,0.37006
0.20000,0.63000,0.31054,0.37172
0.21000,0.63000,0.30868,0.37307
0.22000,0.63000,0.30710,0.37416
0.23000,0.63000,0.30576,0.37504
0.24000,0.63000,0.30463,0.37575
0.25000,0.63000,0.30364,0.37637
0.26000,0.63000,0.30276,0.37693
0.27000,0.63000,0.30195,0.37748
0.28000,0.63000,0.30118,0.37805
0.29000,0.63000,0.30042,0.37868
0.30000,0.63000,0.29967,0.37938
0.31000,0.63000,0.29892,0.38013
0.32000,0.63000,0.29820,0.38093
0.33000,0.63000,0.29753,0.38175
0.34000,0.63000,0.29695,0.38255
0.35000,0.63000,0.29650,0.38327
0.36000,0.63000,0.29625,0.38386
0.37000,0.63000,0.29624,0.38425
0.38000,0.63000,0.29656,0.38436
0.39000,0.63000,0.29725,0.38412
0.40000,0.63000,0.29837,0.38347
0.41000,0.63000,0.29998,0.38234
0.42000,0.63000,0.30212,0.38068
0.43000,0.63000,0.30481,0.37846
0.44000,0.63000,0.30807,0.37568
0.45000,0.63000,0.31189,0.37234
0.46000,0.63000,0.31623,0.36847
0.47000,0.63000,0.32105,0.36413
0.48000,0.63000,0.32628,0.35940
0.49000,0.63000,0.33183,0.35438
0.50000,0.63000,0.33760,0.34917
0.51000,0.63000,0.34347,0.34391
0.52000,0.63000,0.34931,0.33871
0.53000,0.63000,0.35498,0.33369
0.54000,0.63000,0.36035,0.32898
0.55000,0.63000,0.36530,0.32466
0.56000,0.63000,0.36972,0.32085
0.57000,0.63000,0.37350,0.31760
0.58000,0.63000,0.37658,0.31496
0.59000,0.63000,0.37890,0.31298
0.60000,0.63000,0.38043,0.31166
0.61000,0.63000,0.38117,0.31101
0.62000,0.63000,0.38114,0.31099
0.63000,0.63000,0.38039,0.31159
0.64000,0.63000,0.37896,0.31274
0.65000,0.63000,0.37695,0.31440
0.66000,0.63000,0.37443,0.31650
0.67000,0.63000,0.37150,0.31896
0.68000,0.63000,0.36824,0.32172
0.69000,0.63000,0.36476,0.32471
0.70000,0.63000,0.36114,0.32784
0.71000,0.63000,0.35747,0.33106
0.72000,0.63000,0.35381,0.33429
0.73000,0.63000,0.35023,0.33748
0.74000,0.63000,0.34679,0.34058
0.75000,0.63000,0.34352,0.34354
0.76000,0.63000,0.34048,0.34633
0.77000,0.63000,0.33767,0.34890
0.78000,0.63000,0.33513,0.35125
0.79000,0.63000,0.33287,0.35335
0.80000,0.63000,0.33088,0.35519
0.81000,0.63000,0.32917,0.35676
0.82000,0.63000,0.32775,0.35807
0.83000,0.63000,0.32659,0.35912
0.84000,0.63000,0.32570,0.35992
0.85000,0.63000,0.32505,0.36048
0.86000,0.63000,0.32464,0.36080
0.87000,0.63000,0.32446,0.36091
0.88000,0.63000,0.32448,0.36081
0.89000,0.63000,0.32469,0.36054
0.90000,0.63000,0.32508,0.36009
0.91000,0.63000,0.32564,0.35950
0.92000,0.63000,0.32636,0.35878
0.93000,0.63000,0.32723,0.35793
0.94000,0.63000,0.32826,0.35697
0.95000,0.63000,0.32948,0.35589
0.96000,0.63000,0.33090,0.35465
0.97000,0.63000,0.33263,0.35319
0.98000,0.63000,0.33479,0.35138
0.99000,0.63000,0.33763,0.34893
1.0000,0.63000,0.34163,0.34535
0.0000,0.64000,0.34156,0.34537
0.010000,0.64000,0.34606,0.34128
0.020000,0.64000,0.34947,0.33824
0.030000,0.64000,0.35172,0.33629
0.040000,0.64000,0.35284,0.33537
0.050000,0.64000,0.35289,0.33539
0.060000,0.64000,0.35198,0.33626
0.070000,0.64000,0.35023,0.33786
0.080000,0.64000,0.34780,0.34004
0.090000,0.64000,0.34484,0.34268
0.10000,0.64000,0.34150,0.34564
0.11000,0.64000,0.33793,0.34879
0.12000,0.64000,0.33427,0.35199
0.13000,0.64000,0.33064,0.35515
0.14000,0.64000,0.32715,0.35815
0.15000,0.64000,0.32387,0.36093
0.16000,0.64000,0.32087,0.36343
0.17000,0.64000,0.31817,0.36561
0.18000,0.64000,0.31581,0.36746
0.19000,0.64000,0.31378,0.36899
0.20000,0.64000,0.31206,0.37021
0.21000,0.64000,0.31062,0.37117
0.22000,0.64000,0.30943,0.37191
0.23000,0.64000,0.30844,0.37248
0.24000,0.64000,0.30760,0.37293
0.25000,0.64000,0.30687,0.37332
0.26000,0.64000,0.30620,0.37370
0.27000,0.64000,0.30555,0.37411
0.28000,0.64000,0.30490,0.37457
0.29000,0.64000,0.30422,0.37512
0.30000,0.64000,0.30351,0.37577
0.31000,0.64000,0.30276,0.37651
0.32000,0.64000,0.30200,0.37733
0.33000,0.64000,0.30124,0.37821
0.34000,0.64000,0.30052,0.37911
0.35000,0.64000,0.29989,0.37998
0.36000,0.64000,0.29939,0.38077
0.37000,0.64000,0.29909,0.38141
0.38000,0.64000,0.29905,0.38184
0.39000,0.64000,0.29933,0.38198
0.40000,0.64000,0.29998,0.38177
0.41000,0.64000,0.30106,0.38114
0.42000,0.64000,0.30262,0.38004
0.43000,0.64000,0.30469,0.37843
0.44000,0.64000,0.30729,0.37627
0.45000,0.64000,0.31043,0.37358
0.46000,0.64000,0.31409,0.37035
0.47000,0.64000,0.31825,0.36664
0.48000,0.64000,0.32286,0.36248
0.49000,0.64000,0.32784,0.35798
0.50000,0.64000,0.33311,0.35321
0.51000,0.64000,0.33856,0.34828
0.52000,0.64000,0.34409,0.34331
0.53000,0.64000,0.34957,0.33842
0.54000,0.64000,0.35488,0.33371
0.55000,0.64000,0.35990,0.32930
0.56000,0.64000,0.36451,0.32528
0.57000,0.64000,0.36860,0.32173
0.58000,0.64000,0.37210,0.31871
0.59000,0.64000,0.37493,0.31628
0.60000,0.64000,0.37704,0.31446
0.61000,0.64000,0.37841,0.31328
0.62000,0.64000,0.37905,0.31271
0.63000,0.64000,0.37896,0.31274
0.64000,0.64000,0.37820,0.31335
0.65000,0.64000,0.37682,0.31448
0.66000,0.64000,0.37488,0.31608
0.67000,0.64000,0.37248,0.31810
0.68000,0.64000,0.36968,0.32046
0.69000,0.64000,0.36659,0.32310
0.70000,0.64000,0.36328,0.32595
0.71000,0.64000,0.35985,0.32894
0.72000,0.64000,0.35635,0.33201
0.73000,0.64000,0.35287,0.33510
0.74000,0.64000,0.34946,0.33814
0.75000,0.64000,0.34618,0.34111
0.76000,0.64000,0.34307,0.34394
0.77000,0.64000,0.34016,0.34660
0.78000,0.64000,0.33748,0.34907
0.79000,0.64000,0.33505,0.35131
0.80000,0.64000,0.33288,0.35332
0.81000,0.64000,0.33098,0.35508
0.82000,0.64000,0.32935,0.35659
0.83000,0.64000,0.32799,0.35784
0.84000,0.64000,0.32689,0.35884
0.85000,0.64000,0.32604,0.35959
0.86000,0.64000,0.32544,0.36010
0.87000,0.64000,0.32507,0.36039
0.88000,0.64000,0.32492,0.36047
0.89000,0.64000,0.32498,0.36034
0.90000,0.64000,0.32523,0.36003
0.91000,0.64000,0.32566,0.35956
0.92000,0.64000,0.32627,0.35893
0.93000,0.64000,0.32706,0.35817
0.94000,0.64000,0.32802,0.35727
0.95000,0.64000,0.32918,0.35622
0.96000,0.64000,0.33058,0.35500
0.97000,0.64000,0.33231,0.35353
0.98000,0.64000,0.33450,0.35166
0.99000,0.64000,0.33743,0.34912
1.0000,0.64000,0.34156,0.34537
0.0000,0.65000,0.34139,0.34549
0.010000,0.65000,0.34579,0.34147
0.020000,0.65000,0.34882,0.33876
0.030000,0.65000,0.35060,0.33724
0.040000,0.65000,0.35124,0.33674
0.050000,0.65000,0.35086,0.33715
0.060000,0.65000,0.34962,0.33832
0.070000,0.65000,0.34766,0.34011
0.080000,0.65000,0.34514,0.34238
0.090000,0.65000,0.34220,0.34500
0.10000,0.65000,0.33900,0.34784
0.11000,0.65000,0.33567,0.35078
0.12000,0.65000,0.33233,0.35369
0.13000,0.65000,0.32909,0.35649
0.14000,0.65000,0.32603,0.35909
0.15000,0.65000,0.32322,0.36143
0.16000,0.65000,0.32070,0.36349
0.17000,0.65000,0.31848,0.36523
0.18000,0.65000,0.31659,0.36665
0.19000,0.65000,0.31499,0.36777
0.20000,0.65000,0.31368,0.36863
0.21000,0.65000,0.31261,0.36926
0.22000,0.65000,0.31175,0.36971
0.23000,0.65000,0.31104,0.37003
0.24000,0.65000,0.31045,0.37027
0.25000,0.65000,0.30993,0.37048
0.26000,0.65000,0.30943,0.37071
0.27000,0.65000,0.30891,0.37100
0.28000,0.65000,0.30836,0.37138
0.29000,0.65000,0.30776,0.37186
0.30000,0.65000,0.30709,0.37246
0.31000,0.65000,0.30635,0.37317
0.32000,0.65000,0.30556,0.37400
0.33000,0.65000,0.30474,0.37491
0.34000,0.65000,0.30393,0.37587
0.35000,0.65000,0.30315,0.37684
0.36000,0.65000,0.30247,0.37778
0.37000,0.65000,0.30194,0.37862
0.38000,0.65000,0.30161,0.37929
0.39000,0.65000,0.30154,0.37974
0.40000,0.65000,0.30179,0.37989
0.41000,0.65000,0.30241,0.37969
0.42000,0.65000,0.30346,0.37907
0.43000,0.65000,0.30498,0.37799
0.44000,0.65000,0.30699,0.37641
0.45000,0.65000,0.30951,0.37431
0.46000,0.65000,0.31254,0.37169
0.47000,0.65000,0.31607,0.36858
0.48000,0.65000,0.32006,0.36501
0.49000,0.65000,0.32446,0.36103
0.50000,0.65000,0.32919,0.35674
0.51000,0.65000,0.33419,0.35221
0.52000,0.65000,0.33935,0.34754
0.53000,0.65000,0.34456,0.34286
0.54000,0.65000,0.34970,0.33825
0.55000,0.65000,0.35467,0.33384
0.56000,0.65000,0.35936,0.32971
0.57000,0.65000,0.36364,0.32596
0.58000,0.65000,0.36744,0.32266
0.59000,0.65000,0.37066,0.31986
0.60000,0.65000,0.37326,0.31762
0.61000,0.65000,0.37518,0.31596
0.62000,0.65000,0.37641,0.31489
0.63000,0.65000,0.37695,0.31440
0.64000,0.65000,0.37682,0.31448
0.65000,0.65000,0.37605,0.31509
0.66000,0.65000,0.37471,0.31620
0.67000,0.65000,0.37285,0.31775
0.68000,0.65000,0.37055,0.31969
0.69000,0.65000,0.36790,0.32195
0.70000,0.65000,0.36496,0.32447
0.71000,0.65000,0.36181,0.32719
0.72000,0.65000,0.35855,0.33004
0.73000,0.65000,0.35523,0.33297
0.74000,0.65000,0.35192,0.33591
0.75000,0.65000,0.34868,0.33882
0.76000,0.65000,0.34556,0.34165
0.77000,0.65000,0.34260,0.34435
0.78000,0.65000,0.33982,0.34690
0.79000,0.65000,0.33727,0.34925
0.80000,0.65000,0.33495,0.35140
0.81000,0.65000,0.33288,0.35332
0.82000,0.65000,0.33106,0.35500
0.83000,0.65000,0.32951,0.35643
0.84000,0.65000,0.32821,0.35762
0.85000,0.65000,0.32717,0.35856
0.86000,0.65000,0.32638,0.35926
0.87000,0.65000,0.32583,0.35973
0.88000,0.65000,0.32550,0.35997
0.89000,0.65000,0.32539,0.36001
0.90000,0.65000,0.32549,0.35985
0.91000,0.65000,0.32579,0.35950
0.92000,0.65000,0.32628,0.35899
0.93000,0.65000,0.32696,0.35832
0.94000,0.65000,0.32784,0.35750
0.95000,0.65000,0.32894,0.35651
0.96000,0.65000,0.33030,0.35532
0.97000,0.65000,0.33200,0.35385
0.98000,0.65000,0.33420,0.35196
0.99000,0.65000,0.33716,0.34935
1.0000,0.65000,0.34139,0.34549
0.0000,0.66000,0.34112,0.34570
0.010000,0.66000,0.34538,0.34177
0.020000,0.66000,0.34805,0.33940
0.030000,0.66000,0.34938,0.33827
0.040000,0.66000,0.34960,0.33816
0.050000,0.66000,0.34887,0.33889
0.060000,0.66000,0.34738,0.34029
0.070000,0.66000,0.34527,0.34221
0.080000,0.66000,0.34271,0.34452
0.090000,0.66000,0.33985,0.34707
0.10000,0.66000,0.33683,0.34975
0.11000,0.66000,0.33376,0.35244
0.12000,0.66000,0.33076,0.35505
0.13000,0.66000,0.32790,0.35749
0.14000,0.66000,0.32526,0.35971
0.15000,0.66000,0.32289,0.36165
0.16000,0.66000,0.32080,0.36330
0.17000,0.66000,0.31902,0.36464
0.18000,0.66000,0.31753,0.36570
0.19000,0.66000,0.31631,0.36648
0.20000,0.66000,0.31535,0.36702
0.21000,0.66000,0.31459,0.36738
0.22000,0.66000,0.31400,0.36759
0.23000,0.66000,0.31354,0.36771
0.24000,0.66000,0.31315,0.36778
0.25000,0.66000,0.31279,0.36785
0.26000,0.66000,0.31243,0.36796
0.27000,0.66000,0.31203,0.36815
0.28000,0.66000,0.31157,0.36845
0.29000,0.66000,0.31103,0.36887
0.30000,0.66000,0.31040,0.36943
0.31000,0.66000,0.30968,0.37011
0.32000,0.66000,0.30889,0.37093
0.33000,0.66000,0.30803,0.37185
0.34000,0.66000,0.30715,0.37284
0.35000,0.66000,0.30628,0.37388
0.36000,0.66000,0.30546,0.37492
0.37000,0.66000,0.30474,0.37590
0.38000,0.66000,0.30418,0.37676
0.39000,0.66000,0.30383,0.37745
0.40000,0.66000,0.30374,0.37790
0.41000,0.66000,0.30398,0.37805
0.42000,0.66000,0.30460,0.37784
0.43000,0.66000,0.30563,0.37722
0.44000,0.66000,0.30711,0.37614
0.45000,0.66000,0.30907,0.37459
0.46000,0.66000,0.31152,0.37254
0.47000,0.66000,0.31445,0.37000
0.48000,0.66000,0.31784,0.36699
0.49000,0.66000,0.32166,0.36356
0.50000,0.66000,0.32586,0.35975
0.51000,0.66000,0.33037,0.35566
0.52000,0.66000,0.33511,0.35136
0.53000,0.66000,0.33998,0.34695
0.54000,0.66000,0.34488,0.34253
0.55000,0.66000,0.34971,0.33820
0.56000,0.66000,0.35436,0.33406
0.57000,0.66000,0.35873,0.33020
0.58000,0.66000,0.36271,0.32670
0.59000,0.66000,0.36623,0.32363
0.60000,0.66000,0.36920,0.32104
0.61000,0.66000,0.37158,0.31898
0.62000,0.66000,0.37333,0.31746
0.63000,0.66000,0.37443,0.31650
0.64000,0.66000,0.37488,0.31608
0.65000,0.66000,0.37471,0.31620
0.66000,0.66000,0.37395,0.31682
0.67000,0.66000,0.37264,0.31790
0.68000,0.66000,0.37086,0.31940
0.69000,0.66000,0.36867,0.32125
0.70000,0.66000,0.36614,0.32342
0.71000,0.66000,0.36334,0.32583
0.72000,0.66000,0.36036,0.32842
0.73000,0.66000,0.35726,0.33114
0.74000,0.66000,0.35411,0.33393
0.75000,0.66000,0.35097,0.33674
0.76000,0.66000,0.34789,0.33951
0.77000,0.66000,0.34493,0.34220
0.78000,0.66000,0.34211,0.34478
0.79000,0.66000,0.33947,0.34721
0.80000,0.66000,0.33703,0.34945
0.81000,0.66000,0.33482,0.35150
0.82000,0.66000,0.33285,0.35333
0.83000,0.66000,0.33113,0.35492
0.84000,0.66000,0.32965,0.35628
0.85000,0.66000,0.32843,0.35740
0.86000,0.66000,0.32745,0.35828
0.87000,0.66000,0.32672,0.35893
0.88000,0.66000,0.32621,0.35935
0.89000,0.66000,0.32594,0.35955
0.90000,0.66000,0.32588,0.35954
0.91000,0.66000,0.32603,0.35934
0.92000,0.66000,0.32639,0.35895
0.93000,0.66000,0.32696,0.35839
0.94000,0.66000,0.32773,0.35765
0.95000,0.66000,0.32875,0.35673
0.96000,0.66000,0.33005,0.35560
0.97000,0.66000,0.33171,0.35416
0.98000,0.66000,0.33389,0.35227
0.99000,0.66000,0.33686,0.34962
1.0000,0.66000,0.34112,0.34570
0.0000,0.67000,0.34078,0.34597
0.010000,0.67000,0.34487,0.34218
0.020000,0.67000,0.34718,0.34012
0.030000,0.67000,0.34812,0.33935
0.040000,0.67000,0.34797,0.33958
0.050000,0.67000,0.34696,0.34057
0.060000,0.67000,0.34527,0.34214
0.070000,0.67000,0.34308,0.34414
0.080000,0.67000,0.34055,0.34643
0.090000,0.67000,0.33781,0.34888
0.10000,0.67000,0.33499,0.35137
0.11000,0.67000,0.33220,0.35381
0.12000,0.67000,0.32952,0.35611
0.13000,0.67000,0.32704,0.35821
0.14000,0.67000,0.32479,0.36007
0.15000,0.67000,0.32281,0.36164
0.16000,0.67000,0.32112,0.36292
0.17000,0.67000,0.31971,0.36392
0.18000,0.67000,0.31858,0.36465
0.19000,0.67000,0.31769,0.36514
0.20000,0.67000,0.31702,0.36543
0.21000,0.67000,0.31653,0.36556
0.22000,0.67000,0.31617,0.36558
0.23000,0.67000,0.31590,0.36553
0.24000,0.67000,0.31567,0.36547
0.25000,0.67000,0.31546,0.36543
0.26000,0.67000,0.31522,0.36545
0.27000,0.67000,0.31491,0.36556
0.28000,0.67000,0.31453,0.36579
0.29000,0.67000,0.31405,0.36616
0.30000,0.67000,0.31346,0.36667
0.31000,0.67000,0.31277,0.36732
0.32000,0.67000,0.31198,0.36811
0.33000,0.67000,0.31111,0.36902
0.34000,0.67000,0.31019,0.37003
0.35000,0.67000,0.30925,0.37110
0.36000,0.67000,0.30833,0.37220
0.37000,0.67000,0.30747,0.37327
0.38000,0.67000,0.30673,0.37428
0.39000,0.67000,0.30616,0.37515
0.40000,0.67000,0.30580,0.37584
0.41000,0.67000,0.30572,0.37627
0.42000,0.67000,0.30596,0.37641
0.43000,0.67000,0.30657,0.37618
0.44000,0.67000,0.30759,0.37555
0.45000,0.67000,0.30904,0.37448
0.46000,0.67000,0.31096,0.37294
0.47000,0.67000,0.31333,0.37094
0.48000,0.67000,0.31616,0.36847
0.49000,0.67000,0.31943,0.36556
0.50000,0.67000,0.32309,0.36226
0.51000,0.67000,0.32710,0.35863
0.52000,0.67000,0.33139,0.35473
0.53000,0.67000,0.33587,0.35065
0.54000,0.67000,0.34047,0.34648
0.55000,0.67000,0.34509,0.34231
0.56000,0.67000,0.34962,0.33824
0.57000,0.67000,0.35397,0.33436
0.58000,0.67000,0.35803,0.33076
0.59000,0.67000,0.36174,0.32750
0.60000,0.67000,0.36499,0.32464
0.61000,0.67000,0.36773,0.32225
0.62000,0.67000,0.36991,0.32035
0.63000,0.67000,0.37150,0.31896
0.64000,0.67000,0.37248,0.31810
0.65000,0.67000,0.37285,0.31775
0.66000,0.67000,0.37264,0.31790
0.67000,0.67000,0.37188,0.31852
0.68000,0.67000,0.37062,0.31957
0.69000,0.67000,0.36891,0.32102
0.70000,0.67000,0.36682,0.32280
0.71000,0.67000,0.36442,0.32487
0.72000,0.67000,0.36176,0.32717
0.73000,0.67000,0.35893,0.32964
0.74000,0.67000,0.35599,0.33223
0.75000,0.67000,0.35301,0.33489
0.76000,0.67000,0.35003,0.33756
0.77000,0.67000,0.34711,0.34020
0.78000,0.67000,0.34429,0.34276
0.79000,0.67000,0.34161,0.34522
0.80000,0.67000,0.33910,0.34753
0.81000,0.67000,0.33679,0.34966
0.82000,0.67000,0.33469,0.35161
0.83000,0.67000,0.33282,0.35334
0.84000,0.67000,0.33118,0.35485
0.85000,0.67000,0.32979,0.35614
0.86000,0.67000,0.32864,0.35719
0.87000,0.67000,0.32773,0.35800
0.88000,0.67000,0.32705,0.35859
0.89000,0.67000,0.32661,0.35896
0.90000,0.67000,0.32639,0.35911
0.91000,0.67000,0.32639,0.35905
0.92000,0.67000,0.32661,0.35880
0.93000,0.67000,0.32704,0.35836
0.94000,0.67000,0.32771,0.35773
0.95000,0.67000,0.32862,0.35690
0.96000,0.67000,0.32984,0.35583
0.97000,0.67000,0.33144,0.35444
0.98000,0.67000,0.33358,0.35257
0.99000,0.67000,0.33653,0.34992
1.0000,0.67000,0.34078,0.34597
0.0000,0.68000,0.34038,0.34630
0.010000,0.68000,0.34429,0.34266
0.020000,0.68000,0.34626,0.34090
0.030000,0.68000,0.34685,0.34046
0.040000,0.68000,0.34639,0.34096
0.050000,0.68000,0.34515,0.34216
0.060000,0.68000,0.34333,0.34386
0.070000,0.68000,0.34111,0.34589
0.080000,0.68000,0.33864,0.34812
0.090000,0.68000,0.33605,0.35043
0.10000,0.68000,0.33345,0.35272
0.11000,0.68000,0.33094,0.35490
0.12000,0.68000,0.32859,0.35690
0.13000,0.68000,0.32645,0.35868
0.14000,0.68000,0.32456,0.36020
0.15000,0.68000,0.32294,0.36144
0.16000,0.68000,0.32160,0.36240
0.17000,0.68000,0.32052,0.36310
0.18000,0.68000,0.31970,0.36356
0.19000,0.68000,0.31909,0.36380
0.20000,0.68000,0.31867,0.36388
0.21000,0.68000,0.31839,0.36382
0.22000,0.68000,0.31822,0.36369
0.23000,0.68000,0.31811,0.36351
0.24000,0.68000,0.31802,0.36334
0.25000,0.68000,0.31792,0.36321
0.26000,0.68000,0.31778,0.36316
0.27000,0.68000,0.31755,0.36321
0.28000,0.68000,0.31724,0.36338
0.29000,0.68000,0.31681,0.36370
0.30000,0.68000,0.31627,0.36416
0.31000,0.68000,0.31561,0.36477
0.32000,0.68000,0.31484,0.36553
0.33000,0.68000,0.31397,0.36642
0.34000,0.68000,0.31304,0.36742
0.35000,0.68000,0.31206,0.36850
0.36000,0.68000,0.31107,0.36963
0.37000,0.68000,0.31012,0.37076
0.38000,0.68000,0.30924,0.37186
0.39000,0.68000,0.30849,0.37287
0.40000,0.68000,0.30792,0.37374
0.41000,0.68000,0.30757,0.37441
0.42000,0.68000,0.30750,0.37482
0.43000,0.68000,0.30775,0.37492
0.44000,0.68000,0.30836,0.37467
0.45000,0.68000,0.30937,0.37403
0.46000,0.68000,0.31080,0.37296
0.47000,0.68000,0.31267,0.37144
0.48000,0.68000,0.31498,0.36948
0.49000,0.68000,0.31771,0.36709
0.50000,0.68000,0.32085,0.36428
0.51000,0.68000,0.32436,0.36112
0.52000,0.68000,0.32818,0.35764
0.53000,0.68000,0.33225,0.35393
0.54000,0.68000,0.33650,0.35007
0.55000,0.68000,0.34084,0.34613
0.56000,0.68000,0.34518,0.34220
0.57000,0.68000,0.34942,0.33838
0.58000,0.68000,0.35349,0.33474
0.59000,0.68000,0.35728,0.33137
0.60000,0.68000,0.36071,0.32834
0.61000,0.68000,0.36372,0.32569
0.62000,0.68000,0.36625,0.32347
0.63000,0.68000,0.36824,0.32172
0.64000,0.68000,0.36968,0.32046
0.65000,0.68000,0.37055,0.31969
0.66000,0.68000,0.37086,0.31940
0.67000,0.68000,0.37062,0.31957
0.68000,0.68000,0.36987,0.32019
0.69000,0.68000,0.36865,0.32122
0.70000,0.68000,0.36702,0.32261
0.71000,0.68000,0.36502,0.32432
0.72000,0.68000,0.36274,0.32629
0.73000,0.68000,0.36022,0.32848
0.74000,0.68000,0.35754,0.33084
0.75000,0.68000,0.35475,0.33331
0.76000,0.68000,0.35192,0.33583
0.77000,0.68000,0.34910,0.33837
0.78000,0.68000,0.34633,0.34088
0.79000,0.68000,0.34365,0.34332
0.80000,0.68000,0.34111,0.34565
0.81000,0.68000,0.33873,0.34784
0.82000,0.68000,0.33654,0.34987
0.83000,0.68000,0.33455,0.35172
0.84000,0.68000,0.33278,0.35336
0.85000,0.68000,0.33123,0.35479
0.86000,0.68000,0.32992,0.35599
0.87000,0.68000,0.32884,0.35697
0.88000,0.68000,0.32800,0.35772
0.89000,0.68000,0.32739,0.35825
0.90000,0.68000,0.32701,0.35856
0.91000,0.68000,0.32685,0.35866
0.92000,0.68000,0.32692,0.35855
0.93000,0.68000,0.32722,0.35824
0.94000,0.68000,0.32776,0.35773
0.95000,0.68000,0.32857,0.35700
0.96000,0.68000,0.32969,0.35601
0.97000,0.68000,0.33121,0.35468
0.98000,0.68000,0.33328,0.35286
0.99000,0.68000,0.33618,0.35024
1.0000,0.68000,0.34038,0.34630
0.0000,0.69000,0.33994,0.34668
0.010000,0.69000,0.34364,0.34320
0.020000,0.69000,0.34531,0.34172
0.030000,0.69000,0.34559,0.34156
0.040000,0.69000,0.34488,0.34230
0.050000,0.69000,0.34347,0.34365
0.060000,0.69000,0.34157,0.34542
0.070000,0.69000,0.33936,0.34745
0.080000,0.69000,0.33698,0.34959
0.090000,0.69000,0.33456,0.35174
0.10000,0.69000,0.33219,0.35382
0.11000,0.69000,0.32996,0.35574
0.12000,0.69000,0.32791,0.35746
0.13000,0.69000,0.32609,0.35894
0.14000,0.69000,0.32453,0.36015
0.15000,0.69000,0.32323,0.36110
0.16000,0.69000,0.32220,0.36178
0.17000,0.69000,0.32141,0.36222
0.18000,0.69000,0.32085,0.36245
0.19000,0.69000,0.32047,0.36249
0.20000,0.69000,0.32026,0.36239
0.21000,0.69000,0.32016,0.36219
0.22000,0.69000,0.32014,0.36194
0.23000,0.69000,0.32017,0.36166
0.24000,0.69000,0.32019,0.36140
0.25000,0.69000,0.32018,0.36120
0.26000,0.69000,0.32012,0.36109
0.27000,0.69000,0.31997,0.36108
0.28000,0.69000,0.31971,0.36121
0.29000,0.69000,0.31934,0.36147
0.30000,0.69000,0.31884,0.36189
0.31000,0.69000,0.31822,0.36246
0.32000,0.69000,0.31748,0.36318
0.33000,0.69000,0.31663,0.36403
0.34000,0.69000,0.31570,0.36500
0.35000,0.69000,0.31470,0.36607
0.36000,0.69000,0.31368,0.36721
0.37000,0.69000,0.31266,0.36838
0.38000,0.69000,0.31169,0.36954
0.39000,0.69000,0.31081,0.37064
0.40000,0.69000,0.31006,0.37164
0.41000,0.69000,0.30950,0.37249
0.42000,0.69000,0.30917,0.37313
0.43000,0.69000,0.30911,0.37351
0.44000,0.69000,0.30938,0.37358
0.45000,0.69000,0.31000,0.37330
0.46000,0.69000,0.31100,0.37264
0.47000,0.69000,0.31241,0.37157
0.48000,0.69000,0.31423,0.37008
0.49000,0.69000,0.31647,0.36816
0.50000,0.69000,0.31911,0.36584
0.51000,0.69000,0.32213,0.36314
0.52000,0.69000,0.32548,0.36010
0.53000,0.69000,0.32912,0.35679
0.54000,0.69000,0.33299,0.35326
0.55000,0.69000,0.33700,0.34960
0.56000,0.69000,0.34109,0.34588
0.57000,0.69000,0.34517,0.34218
0.58000,0.69000,0.34915,0.33859
0.59000,0.69000,0.35294,0.33519
0.60000,0.69000,0.35647,0.33204
0.61000,0.69000,0.35966,0.32921
0.62000,0.69000,0.36244,0.32676
0.63000,0.69000,0.36476,0.32471
0.64000,0.69000,0.36659,0.32310
0.65000,0.69000,0.36790,0.32195
0.66000,0.69000,0.36867,0.32125
0.67000,0.69000,0.36891,0.32102
0.68000,0.69000,0.36865,0.32122
0.69000,0.69000,0.36791,0.32183
0.70000,0.69000,0.36674,0.32283
0.71000,0.69000,0.36517,0.32416
0.72000,0.69000,0.36328,0.32580
0.73000,0.69000,0.36110,0.32768
0.74000,0.69000,0.35872,0.32977
0.75000,0.69000,0.35618,0.33201
0.76000,0.69000,0.35354,0.33436
0.77000,0.69000,0.35086,0.33676
0.78000,0.69000,0.34819,0.33917
0.79000,0.69000,0.34556,0.34155
0.80000,0.69000,0.34303,0.34387
0.81000,0.69000,0.34062,0.34608
0.82000,0.69000,0.33837,0.34816
0.83000,0.69000,0.33629,0.35008
0.84000,0.69000,0.33441,0.35183
0.85000,0.69000,0.33273,0.35337
0.86000,0.69000,0.33128,0.35472
0.87000,0.69000,0.33005,0.35585
0.88000,0.69000,0.32905,0.35675
0.89000,0.69000,0.32827,0.35744
0.90000,0.69000,0.32773,0.35791
0.91000,0.69000,0.32742,0.35816
0.92000,0.69000,0.32733,0.35820
0.93000,0.69000,0.32749,0.35803
0.94000,0.69000,0.32789,0.35764
0.95000,0.69000,0.32858,0.35702
0.96000,0.69000,0.32959,0.35613
0.97000,0.69000,0.33101,0.35489
0.98000,0.69000,0.33300,0.35313
0.99000,0.69000,0.33581,0.35056
1.0000,0.69000,0.33994,0.34668
0.0000,0.70000,0.33947,0.34708
0.010000,0.70000,0.34296,0.34379
0.020000,0.70000,0.34436,0.34256
0.030000,0.70000,0.34437,0.34263
0.040000,0.70000,0.34346,0.34355
0.050000,0.70000,0.34193,0.34502
0.060000,0.70000,0.33999,0.34683
0.070000,0.70000,0.33783,0.34880
0.080000,0.70000,0.33557,0.35084
0.090000,0.70000,0.33333,0.35282
0.10000,0.70000,0.33119,0.35468
0.11000,0.70000,0.32921,0.35636
0.12000,0.70000,0.32745,0.35781
0.13000,0.70000,0.32593,0.35902
0.14000,0.70000,0.32466,0.35996
0.15000,0.70000,0.32365,0.36065
0.16000,0.70000,0.32288,0.36109
0.17000,0.70000,0.32234,0.36132
0.18000,0.70000,0.32199,0.36135
0.19000,0.70000,0.32182,0.36123
0.20000,0.70000,0.32177,0.36099
0.21000,0.70000,0.32182,0.36068
0.22000,0.70000,0.32193,0.36032
0.23000,0.70000,0.32206,0.35997
0.24000,0.70000,0.32217,0.35965
0.25000,0.70000,0.32224,0.35939
0.26000,0.70000,0.32225,0.35923
0.27000,0.70000,0.32216,0.35917
0.28000,0.70000,0.32196,0.35925
0.29000,0.70000,0.32163,0.35947
0.30000,0.70000,0.32118,0.35984
0.31000,0.70000,0.32061,0.36037
0.32000,0.70000,0.31990,0.36104
0.33000,0.70000,0.31909,0.36185
0.34000,0.70000,0.31817,0.36278
0.35000,0.70000,0.31718,0.36382
0.36000,0.70000,0.31615,0.36495
0.37000,0.70000,0.31509,0.36612
0.38000,0.70000,0.31405,0.36731
0.39000,0.70000,0.31308,0.36847
0.40000,0.70000,0.31220,0.36957
0.41000,0.70000,0.31147,0.37055
0.42000,0.70000,0.31092,0.37137
0.43000,0.70000,0.31062,0.37197
0.44000,0.70000,0.31058,0.37231
0.45000,0.70000,0.31086,0.37235
0.46000,0.70000,0.31149,0.37205
0.47000,0.70000,0.31249,0.37137
0.48000,0.70000,0.31387,0.37030
0.49000,0.70000,0.31565,0.36883
0.50000,0.70000,0.31782,0.36697
0.51000,0.70000,0.32037,0.36472
0.52000,0.70000,0.32326,0.36212
0.53000,0.70000,0.32647,0.35921
0.54000,0.70000,0.32993,0.35605
0.55000,0.70000,0.33359,0.35270
0.56000,0.70000,0.33739,0.34923
0.57000,0.70000,0.34124,0.34572
0.58000,0.70000,0.34507,0.34225
0.59000,0.70000,0.34879,0.33888
0.60000,0.70000,0.35233,0.33570
0.61000,0.70000,0.35562,0.33276
0.62000,0.70000,0.35857,0.33012
0.63000,0.70000,0.36114,0.32784
0.64000,0.70000,0.36328,0.32595
0.65000,0.70000,0.36496,0.32447
0.66000,0.70000,0.36614,0.32342
0.67000,0.70000,0.36682,0.32280
0.68000,0.70000,0.36702,0.32261
0.69000,0.70000,0.36674,0.32283
0.70000,0.70000,0.36601,0.32343
0.71000,0.70000,0.36488,0.32440
0.72000,0.70000,0.36339,0.32568
0.73000,0.70000,0.36158,0.32724
0.74000,0.70000,0.35953,0.32904
0.75000,0.70000,0.35727,0.33102
0.76000,0.70000,0.35486,0.33315
0.77000,0.70000,0.35237,0.33538
0.78000,0.70000,0.34983,0.33766
0.79000,0.70000,0.34730,0.33994
0.80000,0.70000,0.34482,0.34220
0.81000,0.70000,0.34242,0.34440
0.82000,0.70000,0.34015,0.34650
0.83000,0.70000,0.33801,0.34846
0.84000,0.70000,0.33605,0.35028
0.85000,0.70000,0.33427,0.35193
0.86000,0.70000,0.33269,0.35339
0.87000,0.70000,0.33132,0.35465
0.88000,0.70000,0.33017,0.35570
0.89000,0.70000,0.32925,0.35654
0.90000,0.70000,0.32855,0.35716
0.91000,0.70000,0.32808,0.35757
0.92000,0.70000,0.32784,0.35776
0.93000,0.70000,0.32785,0.35773
0.94000,0.70000,0.32811,0.35747
0.95000,0.70000,0.32866,0.35698
0.96000,0.70000,0.32955,0.35620
0.97000,0.70000,0.33086,0.35505
0.98000,0.70000,0.33274,0.35337
0.99000,0.70000,0.33545,0.35089
1.0000,0.70000,0.33947,0.34708
0.0000,0.71000,0.33898,0.34750
0.010000,0.71000,0.34227,0.34439
0.020000,0.71000,0.34341,0.34338
0.030000,0.71000,0.34321,0.34366
0.040000,0.71000,0.34214,0.34472
0.050000,0.71000,0.34053,0.34626
0.060000,0.71000,0.33860,0.34806
0.070000,0.71000,0.33651,0.34997
0.080000,0.71000,0.33439,0.35188
0.090000,0.71000,0.33233,0.35369
0.10000,0.71000,0.33041,0.35534
0.11000,0.71000,0.32869,0.35679
0.12000,0.71000,0.32718,0.35800
0.13000,0.71000,0.32592,0.35896
0.14000,0.71000,0.32491,0.35967
0.15000,0.71000,0.32415,0.36013
0.16000,0.71000,0.32361,0.36037
0.17000,0.71000,0.32327,0.36042
0.18000,0.71000,0.32311,0.36029
0.19000,0.71000,0.32310,0.36004
0.20000,0.71000,0.32319,0.35969
0.21000,0.71000,0.32336,0.35928
0.22000,0.71000,0.32357,0.35886
0.23000,0.71000,0.32379,0.35844
0.24000,0.71000,0.32398,0.35807
0.25000,0.71000,0.32411,0.35777
0.26000,0.71000,0.32417,0.35756
0.27000,0.71000,0.32414,0.35747
0.28000,0.71000,0.32399,0.35750
0.29000,0.71000,0.32372,0.35768
0.30000,0.71000,0.32332,0.35800
0.31000,0.71000,0.32279,0.35847
0.32000,0.71000,0.32213,0.35909
0.33000,0.71000,0.32135,0.35985
0.34000,0.71000,0.32047,0.36074
0.35000,0.71000,0.31950,0.36174
0.36000,0.71000,0.31847,0.36284
0.37000,0.71000,0.31740,0.36400
0.38000,0.71000,0.31632,0.36519
0.39000,0.71000,0.31528,0.36639
0.40000,0.71000,0.31431,0.36755
0.41000,0.71000,0.31345,0.36862
0.42000,0.71000,0.31274,0.36957
0.43000,0.71000,0.31222,0.37035
0.44000,0.71000,0.31194,0.37092
0.45000,0.71000,0.31193,0.37122
0.46000,0.71000,0.31223,0.37122
0.47000,0.71000,0.31286,0.37090
0.48000,0.71000,0.31385,0.37021
0.49000,0.71000,0.31521,0.36915
0.50000,0.71000,0.31694,0.36770
0.51000,0.71000,0.31904,0.36588
0.52000,0.71000,0.32149,0.36371
0.53000,0.71000,0.32427,0.36121
0.54000,0.71000,0.32733,0.35843
0.55000,0.71000,0.33062,0.35542
0.56000,0.71000,0.33409,0.35224
0.57000,0.71000,0.33767,0.34896
0.58000,0.71000,0.34129,0.34566
0.59000,0.71000,0.34489,0.34239
0.60000,0.71000,0.34837,0.33923
0.61000,0.71000,0.35167,0.33625
0.62000,0.71000,0.35473,0.33351
0.63000,0.71000,0.35747,0.33106
0.64000,0.71000,0.35985,0.32894
0.65000,0.71000,0.36181,0.32719
0.66000,0.71000,0.36334,0.32583
0.67000,0.71000,0.36442,0.32487
0.68000,0.71000,0.36502,0.32432
0.69000,0.71000,0.36517,0.32416
0.70000,0.71000,0.36488,0.32440
0.71000,0.71000,0.36417,0.32499
0.72000,0.71000,0.36309,0.32592
0.73000,0.71000,0.36167,0.32715
0.74000,0.71000,0.35996,0.32863
0.75000,0.71000,0.35801,0.33034
0.76000,0.71000,0.35587,0.33223
0.77000,0.71000,0.35360,0.33425
0.78000,0.71000,0.35124,0.33636
0.79000,0.71000,0.34884,0.33852
0.80000,0.71000,0.34645,0.34069
0.81000,0.71000,0.34410,0.34283
0.82000,0.71000,0.34184,0.34491
0.83000,0.71000,0.33968,0.34690
0.84000,0.71000,0.33766,0.34876
0.85000,0.71000,0.33581,0.35048
0.86000,0.71000,0.33413,0.35203
0.87000,0.71000,0.33264,0.35340
0.88000,0.71000,0.33136,0.35458
0.89000,0.71000,0.33029,0.35556
0.90000,0.71000,0.32945,0.35633
0.91000,0.71000,0.32882,0.35688
0.92000,0.71000,0.32843,0.35722
0.93000,0.71000,0.32829,0.35734
0.94000,0.71000,0.32840,0.35722
0.95000,0.71000,0.32882,0.35686
0.96000,0.71000,0.32957,0.35620
0.97000,0.71000,0.33075,0.35516
0.98000,0.71000,0.33251,0.35359
0.99000,0.71000,0.33511,0.35120
1.0000,0.71000,0.33898,0.34750
0.0000,0.72000,0.33850,0.34793
0.010000,0.72000,0.34157,0.34500
0.020000,0.72000,0.34249,0.34419
0.030000,0.72000,0.34212,0.34463
0.040000,0.72000,0.34094,0.34579
0.050000,0.72000,0.33929,0.34737
0.060000,0.72000,0.33739,0.34914
0.070000,0.72000,0.33539,0.35096
0.080000,0.72000,0.33342,0.35273
0.090000,0.72000,0.33154,0.35436
0.10000,0.72000,0.32984,0.35582
0.11000,0.72000,0.32834,0.35705
0.12000,0.72000,0.32707,0.35804
0.13000,0.72000,0.32604,0.35879
0.14000,0.72000,0.32526,0.35929
0.15000,0.72000,0.32470,0.35957
0.16000,0.72000,0.32436,0.35964
0.17000,0.72000,0.32420,0.35953
0.18000,0.72000,0.32419,0.35929
0.19000,0.72000,0.32431,0.35893
0.20000,0.72000,0.32451,0.35849
0.21000,0.72000,0.32478,0.35802
0.22000,0.72000,0.32507,0.35753
0.23000,0.72000,0.32535,0.35707
0.24000,0.72000,0.32560,0.35666
0.25000,0.72000,0.32579,0.35632
0.26000,0.72000,0.32591,0.35608
0.27000,0.72000,0.32592,0.35595
0.28000,0.72000,0.32582,0.35594
0.29000,0.72000,0.32560,0.35608
0.30000,0.72000,0.32525,0.35635
0.31000,0.72000,0.32477,0.35677
0.32000,0.72000,0.32416,0.35734
0.33000,0.72000,0.32343,0.35804
0.34000,0.72000,0.32259,0.35888
0.35000,0.72000,0.32165,0.35983
0.36000,0.72000,0.32064,0.36088
0.37000,0.72000,0.31958,0.36201
0.38000,0.72000,0.31849,0.36319
0.39000,0.72000,0.31741,0.36440
0.40000,0.72000,0.31637,0.36559
0.41000,0.72000,0.31542,0.36673
0.42000,0.72000,0.31458,0.36778
0.43000,0.72000,0.31389,0.36869
0.44000,0.72000,0.31341,0.36943
0.45000,0.72000,0.31315,0.36996
0.46000,0.72000,0.31317,0.37022
0.47000,0.72000,0.31348,0.37019
0.48000,0.72000,0.31412,0.36984
0.49000,0.72000,0.31510,0.36914
0.50000,0.72000,0.31643,0.36809
0.51000,0.72000,0.31812,0.36667
0.52000,0.72000,0.32015,0.36491
0.53000,0.72000,0.32250,0.36281
0.54000,0.72000,0.32515,0.36041
0.55000,0.72000,0.32807,0.35776
0.56000,0.72000,0.33119,0.35490
0.57000,0.72000,0.33448,0.35188
0.58000,0.72000,0.33786,0.34879
0.59000,0.72000,0.34126,0.34567
0.60000,0.72000,0.34463,0.34260
0.61000,0.72000,0.34789,0.33964
0.62000,0.72000,0.35097,0.33685
0.63000,0.72000,0.35381,0.33429
0.64000,0.72000,0.35635,0.33201
0.65000,0.72000,0.35855,0.33004
0.66000,0.72000,0.36036,0.32842
0.67000,0.72000,0.36176,0.32717
0.68000,0.72000,0.36274,0.32629
0.69000,0.72000,0.36328,0.32580
0.70000,0.72000,0.36339,0.32568
0.71000,0.72000,0.36309,0.32592
0.72000,0.72000,0.36240,0.32650
0.73000,0.72000,0.36136,0.32739
0.74000,0.72000,0.36001,0.32856
0.75000,0.72000,0.35839,0.32998
0.76000,0.72000,0.35655,0.33160
0.77000,0.72000,0.35453,0.33339
0.78000,0.72000,0.35238,0.33531
0.79000,0.72000,0.35016,0.33731
0.80000,0.72000,0.34789,0.33936
0.81000,0.72000,0.34563,0.34141
0.82000,0.72000,0.34341,0.34344
0.83000,0.72000,0.34127,0.34541
0.84000,0.72000,0.33923,0.34729
0.85000,0.72000,0.33733,0.34905
0.86000,0.72000,0.33557,0.35067
0.87000,0.72000,0.33399,0.35213
0.88000,0.72000,0.33260,0.35342
0.89000,0.72000,0.33140,0.35452
0.90000,0.72000,0.33041,0.35542
0.91000,0.72000,0.32964,0.35612
0.92000,0.72000,0.32910,0.35660
0.93000,0.72000,0.32881,0.35687
0.94000,0.72000,0.32878,0.35690
0.95000,0.72000,0.32904,0.35667
0.96000,0.72000,0.32965,0.35614
0.97000,0.72000,0.33070,0.35522
0.98000,0.72000,0.33232,0.35377
0.99000,0.72000,0.33478,0.35149
1.0000,0.72000,0.33850,0.34793
0.0000,0.73000,0.33802,0.34835
0.010000,0.73000,0.34088,0.34560
0.020000,0.73000,0.34162,0.34497
0.030000,0.73000,0.34110,0.34553
0.040000,0.73000,0.33986,0.34676
0.050000,0.73000,0.33820,0.34834
0.060000,0.73000,0.33635,0.35006
0.070000,0.73000,0.33446,0.35178
0.080000,0.73000,0.33263,0.35340
0.090000,0.73000,0.33094,0.35487
0.10000,0.73000,0.32943,0.35614
0.11000,0.73000,0.32814,0.35718
0.12000,0.73000,0.32708,0.35797
0.13000,0.73000,0.32626,0.35853
0.14000,0.73000,0.32567,0.35886
0.15000,0.73000,0.32529,0.35898
0.16000,0.73000,0.32511,0.35891
0.17000,0.73000,0.32509,0.35869
0.18000,0.73000,0.32521,0.35834
0.19000,0.73000,0.32543,0.35790
0.20000,0.73000,0.32573,0.35740
0.21000,0.73000,0.32607,0.35688
0.22000,0.73000,0.32642,0.35635
0.23000,0.73000,0.32676,0.35585
0.24000,0.73000,0.32706,0.35541
0.25000,0.73000,0.32730,0.35504
0.26000,0.73000,0.32746,0.35477
0.27000,0.73000,0.32752,0.35460
0.28000,0.73000,0.32746,0.35456
0.29000,0.73000,0.32729,0.35465
0.30000,0.73000,0.32699,0.35488
0.31000,0.73000,0.32657,0.35524
0.32000,0.73000,0.32601,0.35575
0.33000,0.73000,0.32533,0.35640
0.34000,0.73000,0.32454,0.35717
0.35000,0.73000,0.32365,0.35807
0.36000,0.73000,0.32267,0.35907
0.37000,0.73000,0.32163,0.36016
0.38000,0.73000,0.32055,0.36131
0.39000,0.73000,0.31945,0.36251
0.40000,0.73000,0.31837,0.36371
0.41000,0.73000,0.31735,0.36488
0.42000,0.73000,0.31641,0.36600
0.43000,0.73000,0.31560,0.36702
0.44000,0.73000,0.31495,0.36789
0.45000,0.73000,0.31449,0.36859
0.46000,0.73000,0.31427,0.36907
0.47000,0.73000,0.31431,0.36930
0.48000,0.73000,0.31464,0.36924
0.49000,0.73000,0.31528,0.36887
0.50000,0.73000,0.31624,0.36816
0.51000,0.73000,0.31754,0.36712
0.52000,0.73000,0.31918,0.36574
0.53000,0.73000,0.32113,0.36403
0.54000,0.73000,0.32340,0.36201
0.55000,0.73000,0.32593,0.35971
0.56000,0.73000,0.32870,0.35718
0.57000,0.73000,0.33167,0.35446
0.58000,0.73000,0.33477,0.35161
0.59000,0.73000,0.33795,0.34869
0.60000,0.73000,0.34116,0.34575
0.61000,0.73000,0.34431,0.34286
0.62000,0.73000,0.34736,0.34009
0.63000,0.73000,0.35023,0.33748
0.64000,0.73000,0.35287,0.33510
0.65000,0.73000,0.35523,0.33297
0.66000,0.73000,0.35726,0.33114
0.67000,0.73000,0.35893,0.32964
0.68000,0.73000,0.36022,0.32848
0.69000,0.73000,0.36110,0.32768
0.70000,0.73000,0.36158,0.32724
0.71000,0.73000,0.36167,0.32715
0.72000,0.73000,0.36136,0.32739
0.73000,0.73000,0.36070,0.32795
0.74000,0.73000,0.35971,0.32881
0.75000,0.73000,0.35843,0.32992
0.76000,0.73000,0.35690,0.33127
0.77000,0.73000,0.35516,0.33281
0.78000,0.73000,0.35325,0.33451
0.79000,0.73000,0.35122,0.33632
0.80000,0.73000,0.34912,0.33822
0.81000,0.73000,0.34698,0.34016
0.82000,0.73000,0.34484,0.34210
0.83000,0.73000,0.34275,0.34402
0.84000,0.73000,0.34072,0.34589
0.85000,0.73000,0.33879,0.34766
0.86000,0.73000,0.33699,0.34933
0.87000,0.73000,0.33534,0.35086
0.88000,0.73000,0.33385,0.35223
0.89000,0.73000,0.33254,0.35344
0.90000,0.73000,0.33143,0.35446
0.91000,0.73000,0.33053,0.35529
0.92000,0.73000,0.32985,0.35591
0.93000,0.73000,0.32940,0.35632
0.94000,0.73000,0.32922,0.35649
0.95000,0.73000,0.32934,0.35641
0.96000,0.73000,0.32980,0.35601
0.97000,0.73000,0.33070,0.35523
0.98000,0.73000,0.33218,0.35390
0.99000,0.73000,0.33448,0.35176
1.0000,0.73000,0.33802,0.34835
0.0000,0.74000,0.33756,0.34876
0.010000,0.74000,0.34022,0.34619
0.020000,0.74000,0.34080,0.34571
0.030000,0.74000,0.34018,0.34636
0.040000,0.74000,0.33889,0.34762
0.050000,0.74000,0.33725,0.34918
0.060000,0.74000,0.33548,0.35083
0.070000,0.74000,0.33370,0.35244
0.080000,0.74000,0.33202,0.35392
0.090000,0.74000,0.33049,0.35523
0.10000,0.74000,0.32917,0.35633
0.11000,0.74000,0.32807,0.35719
0.12000,0.74000,0.32719,0.35782
0.13000,0.74000,0.32655,0.35821
0.14000,0.74000,0.32612,0.35840
0.15000,0.74000,0.32589,0.35839
0.16000,0.74000,0.32584,0.35821
0.17000,0.74000,0.32594,0.35790
0.18000,0.74000,0.32615,0.35747
0.19000,0.74000,0.32646,0.35697
0.20000,0.74000,0.32683,0.35642
0.21000,0.74000,0.32723,0.35586
0.22000,0.74000,0.32764,0.35530
0.23000,0.74000,0.32802,0.35478
0.24000,0.74000,0.32836,0.35431
0.25000,0.74000,0.32864,0.35391
0.26000,0.74000,0.32884,0.35361
0.27000,0.74000,0.32894,0.35341
0.28000,0.74000,0.32893,0.35334
0.29000,0.74000,0.32881,0.35338
0.30000,0.74000,0.32856,0.35356
0.31000,0.74000,0.32819,0.35388
0.32000,0.74000,0.32769,0.35433
0.33000,0.74000,0.32707,0.35491
0.34000,0.74000,0.32633,0.35563
0.35000,0.74000,0.32549,0.35646
0.36000,0.74000,0.32456,0.35740
0.37000,0.74000,0.32355,0.35844
0.38000,0.74000,0.32249,0.35955
0.39000,0.74000,0.32139,0.36072
0.40000,0.74000,0.32030,0.36191
0.41000,0.74000,0.31923,0.36310
0.42000,0.74000,0.31823,0.36426
0.43000,0.74000,0.31732,0.36535
0.44000,0.74000,0.31653,0.36633
0.45000,0.74000,0.31591,0.36716
0.46000,0.74000,0.31549,0.36782
0.47000,0.74000,0.31529,0.36826
0.48000,0.74000,0.31535,0.36845
0.49000,0.74000,0.31570,0.36836
0.50000,0.74000,0.31634,0.36797
0.51000,0.74000,0.31729,0.36727
0.52000,0.74000,0.31856,0.36624
0.53000,0.74000,0.32014,0.36490
0.54000,0.74000,0.32202,0.36324
0.55000,0.74000,0.32418,0.36130
0.56000,0.74000,0.32660,0.35911
0.57000,0.74000,0.32924,0.35670
0.58000,0.74000,0.33205,0.35411
0.59000,0.74000,0.33498,0.35142
0.60000,0.74000,0.33798,0.34866
0.61000,0.74000,0.34098,0.34589
0.62000,0.74000,0.34394,0.34318
0.63000,0.74000,0.34679,0.34058
0.64000,0.74000,0.34946,0.33814
0.65000,0.74000,0.35192,0.33591
0.66000,0.74000,0.35411,0.33393
0.67000,0.74000,0.35599,0.33223
0.68000,0.74000,0.35754,0.33084
0.69000,0.74000,0.35872,0.32977
0.70000,0.74000,0.35953,0.32904
0.71000,0.74000,0.35996,0.32863
0.72000,0.74000,0.36001,0.32856
0.73000,0.74000,0.35971,0.32881
0.74000,0.74000,0.35908,0.32935
0.75000,0.74000,0.35814,0.33016
0.76000,0.74000,0.35692,0.33123
0.77000,0.74000,0.35547,0.33251
0.78000,0.74000,0.35383,0.33397
0.79000,0.74000,0.35203,0.33557
0.80000,0.74000,0.35012,0.33729
0.81000,0.74000,0.34813,0.33909
0.82000,0.74000,0.34611,0.34092
0.83000,0.74000,0.34409,0.34276
0.84000,0.74000,0.34211,0.34458
0.85000,0.74000,0.34019,0.34635
0.86000,0.74000,0.33837,0.34803
0.87000,0.74000,0.33667,0.34960
0.88000,0.74000,0.33511,0.35104
0.89000,0.74000,0.33371,0.35234
0.90000,0.74000,0.33249,0.35347
0.91000,0.74000,0.33146,0.35441
0.92000,0.74000,0.33064,0.35517
0.93000,0.74000,0.33006,0.35571
0.94000,0.74000,0.32973,0.35602
0.95000,0.74000,0.32970,0.35608
0.96000,0.74000,0.33001,0.35583
0.97000,0.74000,0.33076,0.35518
0.98000,0.74000,0.33208,0.35400
0.99000,0.74000,0.33421,0.35200
1.0000,0.74000,0.33756,0.34876
0.0000,0.75000,0.33712,0.34915
0.010000,0.75000,0.33959,0.34676
0.020000,0.75000,0.34003,0.34639
0.030000,0.75000,0.33934,0.34711
0.040000,0.75000,0.33804,0.34838
0.050000,0.75000,0.33644,0.34990
0.060000,0.75000,0.33475,0.35146
0.070000,0.75000,0.33310,0.35296
0.080000,0.75000,0.33156,0.35431
0.090000,0.75000,0.33019,0.35546
0.10000,0.75000,0.32903,0.35640
0.11000,0.75000,0.32809,0.35711
0.12000,0.75000,0.32738,0.35759
0.13000,0.75000,0.32689,0.35785
0.14000,0.75000,0.32660,0.35792
0.15000,0.75000,0.32649,0.35781
0.16000,0.75000,0.32655,0.35754
0.17000,0.75000,0.32674,0.35716
0.18000,0.75000,0.32703,0.35668
0.19000,0.75000,0.32740,0.35613
0.20000,0.75000,0.32782,0.35555
0.21000,0.75000,0.32827,0.35496
0.22000,0.75000,0.32872,0.35438
0.23000,0.75000,0.32914,0.35383
0.24000,0.75000,0.32951,0.35334
0.25000,0.75000,0.32983,0.35293
0.26000,0.75000,0.33006,0.35260
0.27000,0.75000,0.33021,0.35237
0.28000,0.75000,0.33024,0.35226
0.29000,0.75000,0.33017,0.35227
0.30000,0.75000,0.32997,0.35240
0.31000,0.75000,0.32965,0.35266
0.32000,0.75000,0.32921,0.35305
0.33000,0.75000,0.32865,0.35358
0.34000,0.75000,0.32797,0.35423
0.35000,0.75000,0.32718,0.35500
0.36000,0.75000,0.32630,0.35588
0.37000,0.75000,0.32534,0.35686
0.38000,0.75000,0.32431,0.35792
0.39000,0.75000,0.32323,0.35905
0.40000,0.75000,0.32214,0.36022
0.41000,0.75000,0.32106,0.36140
0.42000,0.75000,0.32001,0.36258
0.43000,0.75000,0.31902,0.36371
0.44000,0.75000,0.31814,0.36476
0.45000,0.75000,0.31739,0.36570
0.46000,0.75000,0.31680,0.36650
0.47000,0.75000,0.31641,0.36711
0.48000,0.75000,0.31624,0.36751
0.49000,0.75000,0.31632,0.36767
0.50000,0.75000,0.31667,0.36755
0.51000,0.75000,0.31731,0.36715
0.52000,0.75000,0.31824,0.36645
0.53000,0.75000,0.31947,0.36545
0.54000,0.75000,0.32100,0.36414
0.55000,0.75000,0.32281,0.36254
0.56000,0.75000,0.32488,0.36068
0.57000,0.75000,0.32718,0.35859
0.58000,0.75000,0.32968,0.35629
0.59000,0.75000,0.33234,0.35384
0.60000,0.75000,0.33511,0.35129
0.61000,0.75000,0.33793,0.34869
0.62000,0.75000,0.34075,0.34609
0.63000,0.75000,0.34352,0.34354
0.64000,0.75000,0.34618,0.34111
0.65000,0.75000,0.34868,0.33882
0.66000,0.75000,0.35097,0.33674
0.67000,0.75000,0.35301,0.33489
0.68000,0.75000,0.35475,0.33331
0.69000,0.75000,0.35618,0.33201
0.70000,0.75000,0.35727,0.33102
0.71000,0.75000,0.35801,0.33034
0.72000,0.75000,0.35839,0.32998
0.73000,0.75000,0.35843,0.32992
0.74000,0.75000,0.35814,0.33016
0.75000,0.75000,0.35753,0.33068
0.76000,0.75000,0.35664,0.33146
0.77000,0.75000,0.35549,0.33247
0.78000,0.75000,0.35412,0.33368
0.79000,0.75000,0.35257,0.33506
0.80000,0.75000,0.35087,0.33659
0.81000,0.75000,0.34906,0.33821
0.82000,0.75000,0.34718,0.33991
0.83000,0.75000,0.34527,0.34165
0.84000,0.75000,0.34336,0.34340
0.85000,0.75000,0.34149,0.34512
0.86000,0.75000,0.33968,0.34679
0.87000,0.75000,0.33795,0.34838
0.88000,0.75000,0.33635,0.34987
0.89000,0.75000,0.33487,0.35123
0.90000,0.75000,0.33356,0.35245
0.91000,0.75000,0.33243,0.35350
0.92000,0.75000,0.33149,0.35437
0.93000,0.75000,0.33077,0.35504
0.94000,0.75000,0.33030,0.35549
0.95000,0.75000,0.33012,0.35569
0.96000,0.75000,0.33028,0.35558
0.97000,0.75000,0.33087,0.35508
0.98000,0.75000,0.33202,0.35404
0.99000,0.75000,0.33398,0.35221
1.0000,0.75000,0.33712,0.34915
0.0000,0.76000,0.33672,0.34950
0.010000,0.76000,0.33900,0.34729
0.020000,0.76000,0.33933,0.34703
0.030000,0.76000,0.33859,0.34779
0.040000,0.76000,0.33730,0.34905
0.050000,0.76000,0.33576,0.35050
0.060000,0.76000,0.33416,0.35197
0.070000,0.76000,0.33262,0.35335
0.080000,0.76000,0.33122,0.35457
0.090000,0.76000,0.33001,0.35559
0.10000,0.76000,0.32900,0.35638
0.11000,0.76000,0.32821,0.35696
0.12000,0.76000,0.32763,0.35732
0.13000,0.76000,0.32726,0.35747
0.14000,0.76000,0.32709,0.35744
0.15000,0.76000,0.32708,0.35724
0.16000,0.76000,0.32722,0.35691
0.17000,0.76000,0.32748,0.35647
0.18000,0.76000,0.32783,0.35595
0.19000,0.76000,0.32825,0.35538
0.20000,0.76000,0.32871,0.35477
0.21000,0.76000,0.32920,0.35416
0.22000,0.76000,0.32967,0.35357
0.23000,0.76000,0.33012,0.35301
0.24000,0.76000,0.33053,0.35251
0.25000,0.76000,0.33087,0.35207
0.26000,0.76000,0.33114,0.35172
0.27000,0.76000,0.33132,0.35147
0.28000,0.76000,0.33140,0.35132
0.29000,0.76000,0.33137,0.35129
0.30000,0.76000,0.33123,0.35137
0.31000,0.76000,0.33096,0.35158
0.32000,0.76000,0.33058,0.35192
0.33000,0.76000,0.33008,0.35238
0.34000,0.76000,0.32946,0.35296
0.35000,0.76000,0.32874,0.35367
0.36000,0.76000,0.32791,0.35448
0.37000,0.76000,0.32700,0.35540
0.38000,0.76000,0.32601,0.35641
0.39000,0.76000,0.32497,0.35749
0.40000,0.76000,0.32389,0.35862
0.41000,0.76000,0.32280,0.35978
0.42000,0.76000,0.32173,0.36096
0.43000,0.76000,0.32070,0.36211
0.44000,0.76000,0.31975,0.36321
0.45000,0.76000,0.31889,0.36423
0.46000,0.76000,0.31817,0.36513
0.47000,0.76000,0.31762,0.36588
0.48000,0.76000,0.31725,0.36646
0.49000,0.76000,0.31711,0.36682
0.50000,0.76000,0.31721,0.36695
0.51000,0.76000,0.31756,0.36681
0.52000,0.76000,0.31819,0.36640
0.53000,0.76000,0.31911,0.36571
0.54000,0.76000,0.32030,0.36472
0.55000,0.76000,0.32177,0.36346
0.56000,0.76000,0.32350,0.36192
0.57000,0.76000,0.32548,0.36014
0.58000,0.76000,0.32767,0.35814
0.59000,0.76000,0.33005,0.35596
0.60000,0.76000,0.33256,0.35364
0.61000,0.76000,0.33517,0.35123
0.62000,0.76000,0.33783,0.34877
0.63000,0.76000,0.34048,0.34633
0.64000,0.76000,0.34307,0.34394
0.65000,0.76000,0.34556,0.34165
0.66000,0.76000,0.34789,0.33951
0.67000,0.76000,0.35003,0.33756
0.68000,0.76000,0.35192,0.33583
0.69000,0.76000,0.35354,0.33436
0.70000,0.76000,0.35486,0.33315
0.71000,0.76000,0.35587,0.33223
0.72000,0.76000,0.35655,0.33160
0.73000,0.76000,0.35690,0.33127
0.74000,0.76000,0.35692,0.33123
0.75000,0.76000,0.35664,0.33146
0.76000,0.76000,0.35606,0.33196
0.77000,0.76000,0.35522,0.33270
0.78000,0.76000,0.35413,0.33365
0.79000,0.76000,0.35284,0.33480
0.80000,0.76000,0.35137,0.33611
0.81000,0.76000,0.34977,0.33755
0.82000,0.76000,0.34806,0.33909
0.83000,0.76000,0.34628,0.34071
0.84000,0.76000,0.34448,0.34235
0.85000,0.76000,0.34267,0.34401
0.86000,0.76000,0.34089,0.34564
0.87000,0.76000,0.33917,0.34723
0.88000,0.76000,0.33754,0.34873
0.89000,0.76000,0.33602,0.35014
0.90000,0.76000,0.33464,0.35142
0.91000,0.76000,0.33341,0.35256
0.92000,0.76000,0.33237,0.35354
0.93000,0.76000,0.33153,0.35433
0.94000,0.76000,0.33092,0.35491
0.95000,0.76000,0.33060,0.35524
0.96000,0.76000,0.33060,0.35528
0.97000,0.76000,0.33103,0.35492
0.98000,0.76000,0.33201,0.35404
0.99000,0.76000,0.33378,0.35238
1.0000,0.76000,0.33672,0.34950
0.0000,0.77000,0.33636,0.34983
0.010000,0.77000,0.33846,0.34778
0.020000,0.77000,0.33869,0.34760
0.030000,0.77000,0.33792,0.34838
0.040000,0.77000,0.33666,0.34961
0.050000,0.77000,0.33519,0.35100
0.060000,0.77000,0.33369,0.35237
0.070000,0.77000,0.33227,0.35364
0.080000,0.77000,0.33100,0.35473
0.090000,0.77000,0.32992,0.35562
0.10000,0.77000,0.32904,0.35629
0.11000,0.77000,0.32838,0.35675
0.12000,0.77000,0.32792,0.35701
0.13000,0.77000,0.32766,0.35707
0.14000,0.77000,0.32757,0.35696
0.15000,0.77000,0.32765,0.35670
0.16000,0.77000,0.32785,0.35633
0.17000,0.77000,0.32816,0.35585
0.18000,0.77000,0.32856,0.35531
0.19000,0.77000,0.32901,0.35471
0.20000,0.77000,0.32951,0.35409
0.21000,0.77000,0.33001,0.35347
0.22000,0.77000,0.33051,0.35287
0.23000,0.77000,0.33099,0.35230
0.24000,0.77000,0.33142,0.35178
0.25000,0.77000,0.33179,0.35134
0.26000,0.77000,0.33209,0.35097
0.27000,0.77000,0.33230,0.35069
0.28000,0.77000,0.33242,0.35051
0.29000,0.77000,0.33244,0.35043
0.30000,0.77000,0.33234,0.35048
0.31000,0.77000,0.33213,0.35063
0.32000,0.77000,0.33181,0.35091
0.33000,0.77000,0.33137,0.35131
0.34000,0.77000,0.33081,0.35183
0.35000,0.77000,0.33015,0.35247
0.36000,0.77000,0.32938,0.35322
0.37000,0.77000,0.32853,0.35407
0.38000,0.77000,0.32759,0.35502
0.39000,0.77000,0.32659,0.35604
0.40000,0.77000,0.32554,0.35713
0.41000,0.77000,0.32447,0.35826
0.42000,0.77000,0.32339,0.35941
0.43000,0.77000,0.32234,0.36057
0.44000,0.77000,0.32133,0.36169
0.45000,0.77000,0.32040,0.36276
0.46000,0.77000,0.31958,0.36374
0.47000,0.77000,0.31890,0.36460
0.48000,0.77000,0.31837,0.36532
0.49000,0.77000,0.31803,0.36585
0.50000,0.77000,0.31791,0.36618
0.51000,0.77000,0.31802,0.36628
0.52000,0.77000,0.31838,0.36613
0.53000,0.77000,0.31900,0.36572
0.54000,0.77000,0.31989,0.36503
0.55000,0.77000,0.32105,0.36407
0.56000,0.77000,0.32246,0.36285
0.57000,0.77000,0.32412,0.36137
0.58000,0.77000,0.32601,0.35967
0.59000,0.77000,0.32809,0.35777
0.60000,0.77000,0.33034,0.35569
0.61000,0.77000,0.33271,0.35350
0.62000,0.77000,0.33517,0.35122
0.63000,0.77000,0.33767,0.34890
0.64000,0.77000,0.34016,0.34660
0.65000,0.77000,0.34260,0.34435
0.66000,0.77000,0.34493,0.34220
0.67000,0.77000,0.34711,0.34020
0.68000,0.77000,0.34910,0.33837
0.69000,0.77000,0.35086,0.33676
0.70000,0.77000,0.35237,0.33538
0.71000,0.77000,0.35360,0.33425
0.72000,0.77000,0.35453,0.33339
0.73000,0.77000,0.35516,0.33281
0.74000,0.77000,0.35547,0.33251
0.75000,0.77000,0.35549,0.33247
0.76000,0.77000,0.35522,0.33270
0.77000,0.77000,0.35467,0.33317
0.78000,0.77000,0.35387,0.33387
0.79000,0.77000,0.35284,0.33478
0.80000,0.77000,0.35162,0.33586
0.81000,0.77000,0.35024,0.33710
0.82000,0.77000,0.34872,0.33847
0.83000,0.77000,0.34710,0.33993
0.84000,0.77000,0.34542,0.34146
0.85000,0.77000,0.34371,0.34303
0.86000,0.77000,0.34199,0.34460
0.87000,0.77000,0.34031,0.34615
0.88000,0.77000,0.33868,0.34766
0.89000,0.77000,0.33713,0.34908
0.90000,0.77000,0.33570,0.35042
0.91000,0.77000,0.33440,0.35162
0.92000,0.77000,0.33326,0.35269
0.93000,0.77000,0.33231,0.35358
0.94000,0.77000,0.33158,0.35428
0.95000,0.77000,0.33112,0.35474
0.96000,0.77000,0.33098,0.35492
0.97000,0.77000,0.33124,0.35472
0.98000,0.77000,0.33206,0.35399
0.99000,0.77000,0.33364,0.35250
1.0000,0.77000,0.33636,0.34983
0.0000,0.78000,0.33604,0.35012
0.010000,0.78000,0.33796,0.34823
0.020000,0.78000,0.33811,0.34812
0.030000,0.78000,0.33733,0.34891
0.040000,0.78000,0.33611,0.35009
0.050000,0.78000,0.33472,0.35140
0.060000,0.78000,0.33333,0.35268
0.070000,0.78000,0.33202,0.35383
0.080000,0.78000,0.33088,0.35480
0.090000,0.78000,0.32992,0.35558
0.10000,0.78000,0.32916,0.35614
0.11000,0.78000,0.32860,0.35650
0.12000,0.78000,0.32824,0.35667
0.13000,0.78000,0.32806,0.35666
0.14000,0.78000,0.32805,0.35650
0.15000,0.78000,0.32818,0.35620
0.16000,0.78000,0.32844,0.35578
0.17000,0.78000,0.32879,0.35529
0.18000,0.78000,0.32921,0.35472
0.19000,0.78000,0.32970,0.35412
0.20000,0.78000,0.33021,0.35350
0.21000,0.78000,0.33073,0.35287
0.22000,0.78000,0.33125,0.35226
0.23000,0.78000,0.33174,0.35169
0.24000,0.78000,0.33219,0.35117
0.25000,0.78000,0.33259,0.35071
0.26000,0.78000,0.33291,0.35032
0.27000,0.78000,0.33316,0.35002
0.28000,0.78000,0.33331,0.34981
0.29000,0.78000,0.33337,0.34970
0.30000,0.78000,0.33332,0.34970
0.31000,0.78000,0.33317,0.34981
0.32000,0.78000,0.33290,0.35003
0.33000,0.78000,0.33252,0.35037
0.34000,0.78000,0.33203,0.35083
0.35000,0.78000,0.33143,0.35140
0.36000,0.78000,0.33073,0.35208
0.37000,0.78000,0.32993,0.35287
0.38000,0.78000,0.32905,0.35374
0.39000,0.78000,0.32810,0.35471
0.40000,0.78000,0.32709,0.35574
0.41000,0.78000,0.32604,0.35683
0.42000,0.78000,0.32498,0.35795
0.43000,0.78000,0.32391,0.35909
0.44000,0.78000,0.32288,0.36022
0.45000,0.78000,0.32190,0.36132
0.46000,0.78000,0.32101,0.36235
0.47000,0.78000,0.32022,0.36329
0.48000,0.78000,0.31956,0.36412
0.49000,0.78000,0.31907,0.36479
0.50000,0.78000,0.31876,0.36529
0.51000,0.78000,0.31865,0.36559
0.52000,0.78000,0.31877,0.36567
0.53000,0.78000,0.31913,0.36550
0.54000,0.78000,0.31974,0.36509
0.55000,0.78000,0.32060,0.36441
0.56000,0.78000,0.32172,0.36348
0.57000,0.78000,0.32308,0.36230
0.58000,0.78000,0.32466,0.36089
0.59000,0.78000,0.32646,0.35926
0.60000,0.78000,0.32844,0.35745
0.61000,0.78000,0.33057,0.35548
0.62000,0.78000,0.33281,0.35340
0.63000,0.78000,0.33513,0.35125
0.64000,0.78000,0.33748,0.34907
0.65000,0.78000,0.33982,0.34690
0.66000,0.78000,0.34211,0.34478
0.67000,0.78000,0.34429,0.34276
0.68000,0.78000,0.34633,0.34088
0.69000,0.78000,0.34819,0.33917
0.70000,0.78000,0.34983,0.33766
0.71000,0.78000,0.35124,0.33636
0.72000,0.78000,0.35238,0.33531
0.73000,0.78000,0.35325,0.33451
0.74000,0.78000,0.35383,0.33397
0.75000,0.78000,0.35412,0.33368
0.76000,0.78000,0.35413,0.33365
0.77000,0.78000,0.35387,0.33387
0.78000,0.78000,0.35335,0.33432
0.79000,0.78000,0.35259,0.33498
0.80000,0.78000,0.35162,0.33584
0.81000,0.78000,0.35047,0.33687
0.82000,0.78000,0.34916,0.33805
0.83000,0.78000,0.34772,0.33935
0.84000,0.78000,0.34619,0.34074
0.85000,0.78000,0.34459,0.34219
0.86000,0.78000,0.34297,0.34368
0.87000,0.78000,0.34134,0.34517
0.88000,0.78000,0.33973,0.34665
0.89000,0.78000,0.33819,0.34808
0.90000,0.78000,0.33672,0.34944
0.91000,0.78000,0.33537,0.35070
0.92000,0.78000,0.33416,0.35183
0.93000,0.78000,0.33311,0.35282
0.94000,0.78000,0.33227,0.35362
0.95000,0.78000,0.33168,0.35421
0.96000,0.78000,0.33140,0.35452
0.97000,0.78000,0.33151,0.35446
0.98000,0.78000,0.33215,0.35390
0.99000,0.78000,0.33354,0.35259
1.0000,0.78000,0.33604,0.35012
0.0000,0.79000,0.33576,0.35037
0.010000,0.79000,0.33751,0.34864
0.020000,0.79000,0.33760,0.34859
0.030000,0.79000,0.33683,0.34936
0.040000,0.79000,0.33566,0.35049
0.050000,0.79000,0.33435,0.35172
0.060000,0.79000,0.33305,0.35289
0.070000,0.79000,0.33186,0.35393
0.080000,0.79000,0.33083,0.35480
0.090000,0.79000,0.32998,0.35547
0.10000,0.79000,0.32932,0.35595
0.11000,0.79000,0.32886,0.35623
0.12000,0.79000,0.32858,0.35632
0.13000,0.79000,0.32847,0.35626
0.14000,0.79000,0.32852,0.35605
0.15000,0.79000,0.32869,0.35572
0.16000,0.79000,0.32898,0.35529
0.17000,0.79000,0.32936,0.35477
0.18000,0.79000,0.32981,0.35421
0.19000,0.79000,0.33030,0.35360
0.20000,0.79000,0.33083,0.35298
0.21000,0.79000,0.33136,0.35235
0.22000,0.79000,0.33189,0.35175
0.23000,0.79000,0.33240,0.35117
0.24000,0.79000,0.33286,0.35064
0.25000,0.79000,0.33328,0.35017
0.26000,0.79000,0.33363,0.34977
0.27000,0.79000,0.33390,0.34945
0.28000,0.79000,0.33409,0.34921
0.29000,0.79000,0.33419,0.34907
0.30000,0.79000,0.33418,0.34903
0.31000,0.79000,0.33408,0.34909
0.32000,0.79000,0.33386,0.34927
0.33000,0.79000,0.33354,0.34955
0.34000,0.79000,0.33311,0.34995
0.35000,0.79000,0.33258,0.35045
0.36000,0.79000,0.33194,0.35106
0.37000,0.79000,0.33121,0.35178
0.38000,0.79000,0.33039,0.35259
0.39000,0.79000,0.32949,0.35349
0.40000,0.79000,0.32853,0.35446
0.41000,0.79000,0.32752,0.35550
0.42000,0.79000,0.32648,0.35658
0.43000,0.79000,0.32543,0.35769
0.44000,0.79000,0.32438,0.35881
0.45000,0.79000,0.32338,0.35992
0.46000,0.79000,0.32243,0.36098
0.47000,0.79000,0.32156,0.36198
0.48000,0.79000,0.32080,0.36288
0.49000,0.79000,0.32017,0.36367
0.50000,0.79000,0.31971,0.36431
0.51000,0.79000,0.31942,0.36477
0.52000,0.79000,0.31933,0.36504
0.53000,0.79000,0.31946,0.36510
0.54000,0.79000,0.31982,0.36493
0.55000,0.79000,0.32042,0.36451
0.56000,0.79000,0.32125,0.36385
0.57000,0.79000,0.32232,0.36295
0.58000,0.79000,0.32362,0.36182
0.59000,0.79000,0.32514,0.36046
0.60000,0.79000,0.32685,0.35891
0.61000,0.79000,0.32873,0.35718
0.62000,0.79000,0.33074,0.35532
0.63000,0.79000,0.33287,0.35335
0.64000,0.79000,0.33505,0.35131
0.65000,0.79000,0.33727,0.34925
0.66000,0.79000,0.33947,0.34721
0.67000,0.79000,0.34161,0.34522
0.68000,0.79000,0.34365,0.34332
0.69000,0.79000,0.34556,0.34155
0.70000,0.79000,0.34730,0.33994
0.71000,0.79000,0.34884,0.33852
0.72000,0.79000,0.35016,0.33731
0.73000,0.79000,0.35122,0.33632
0.74000,0.79000,0.35203,0.33557
0.75000,0.79000,0.35257,0.33506
0.76000,0.79000,0.35284,0.33480
0.77000,0.79000,0.35284,0.33478
0.78000,0.79000,0.35259,0.33498
0.79000,0.79000,0.35210,0.33541
0.80000,0.79000,0.35138,0.33604
0.81000,0.79000,0.35047,0.33685
0.82000,0.79000,0.34937,0.33783
0.83000,0.79000,0.34813,0.33895
0.84000,0.79000,0.34677,0.34018
0.85000,0.79000,0.34531,0.34151
0.86000,0.79000,0.34379,0.34289
0.87000,0.79000,0.34224,0.34431
0.88000,0.79000,0.34069,0.34574
0.89000,0.79000,0.33917,0.34714
0.90000,0.79000,0.33770,0.34851
0.91000,0.79000,0.33632,0.34979
0.92000,0.79000,0.33505,0.35098
0.93000,0.79000,0.33392,0.35204
0.94000,0.79000,0.33298,0.35294
0.95000,0.79000,0.33227,0.35364
0.96000,0.79000,0.33185,0.35408
0.97000,0.79000,0.33181,0.35416
0.98000,0.79000,0.33228,0.35376
0.99000,0.79000,0.33348,0.35263
1.0000,0.79000,0.33576,0.35037
0.0000,0.80000,0.33552,0.35058
0.010000,0.80000,0.33711,0.34901
0.020000,0.80000,0.33714,0.34900
0.030000,0.80000,0.33639,0.34975
0.040000,0.80000,0.33528,0.35082
0.050000,0.80000,0.33406,0.35196
0.060000,0.80000,0.33286,0.35303
0.070000,0.80000,0.33178,0.35398
0.080000,0.80000,0.33085,0.35475
0.090000,0.80000,0.33009,0.35533
0.10000,0.80000,0.32953,0.35572
0.11000,0.80000,0.32914,0.35593
0.12000,0.80000,0.32893,0.35597
0.13000,0.80000,0.32887,0.35586
0.14000,0.80000,0.32896,0.35562
0.15000,0.80000,0.32917,0.35527
0.16000,0.80000,0.32948,0.35483
0.17000,0.80000,0.32988,0.35431
0.18000,0.80000,0.33034,0.35374
0.19000,0.80000,0.33084,0.35314
0.20000,0.80000,0.33138,0.35252
0.21000,0.80000,0.33192,0.35191
0.22000,0.80000,0.33245,0.35130
0.23000,0.80000,0.33297,0.35073
0.24000,0.80000,0.33344,0.35020
0.25000,0.80000,0.33387,0.34972
0.26000,0.80000,0.33424,0.34931
0.27000,0.80000,0.33454,0.34897
0.28000,0.80000,0.33476,0.34871
0.29000,0.80000,0.33489,0.34854
0.30000,0.80000,0.33493,0.34847
0.31000,0.80000,0.33487,0.34849
0.32000,0.80000,0.33471,0.34861
0.33000,0.80000,0.33444,0.34884
0.34000,0.80000,0.33407,0.34918
0.35000,0.80000,0.33360,0.34962
0.36000,0.80000,0.33303,0.35017
0.37000,0.80000,0.33236,0.35081
0.38000,0.80000,0.33160,0.35155
0.39000,0.80000,0.33077,0.35238
0.40000,0.80000,0.32986,0.35329
0.41000,0.80000,0.32890,0.35427
0.42000,0.80000,0.32789,0.35530
0.43000,0.80000,0.32686,0.35638
0.44000,0.80000,0.32583,0.35747
0.45000,0.80000,0.32481,0.35857
0.46000,0.80000,0.32382,0.35964
0.47000,0.80000,0.32290,0.36068
0.48000,0.80000,0.32207,0.36164
0.49000,0.80000,0.32134,0.36251
0.50000,0.80000,0.32074,0.36325
0.51000,0.80000,0.32030,0.36386
0.52000,0.80000,0.32004,0.36429
0.53000,0.80000,0.31996,0.36454
0.54000,0.80000,0.32010,0.36457
0.55000,0.80000,0.32045,0.36439
0.56000,0.80000,0.32103,0.36398
0.57000,0.80000,0.32184,0.36334
0.58000,0.80000,0.32287,0.36247
0.59000,0.80000,0.32412,0.36138
0.60000,0.80000,0.32556,0.36008
0.61000,0.80000,0.32719,0.35860
0.62000,0.80000,0.32897,0.35696
0.63000,0.80000,0.33088,0.35519
0.64000,0.80000,0.33288,0.35332
0.65000,0.80000,0.33495,0.35140
0.66000,0.80000,0.33703,0.34945
0.67000,0.80000,0.33910,0.34753
0.68000,0.80000,0.34111,0.34565
0.69000,0.80000,0.34303,0.34387
0.70000,0.80000,0.34482,0.34220
0.71000,0.80000,0.34645,0.34069
0.72000,0.80000,0.34789,0.33936
0.73000,0.80000,0.34912,0.33822
0.74000,0.80000,0.35012,0.33729
0.75000,0.80000,0.35087,0.33659
0.76000,0.80000,0.35137,0.33611
0.77000,0.80000,0.35162,0.33586
0.78000,0.80000,0.35162,0.33584
0.79000,0.80000,0.35138,0.33604
0.80000,0.80000,0.35092,0.33644
0.81000,0.80000,0.35024,0.33704
0.82000,0.80000,0.34937,0.33782
0.83000,0.80000,0.34833,0.33875
0.84000,0.80000,0.34715,0.33981
0.85000,0.80000,0.34585,0.34099
0.86000,0.80000,0.34447,0.34225
0.87000,0.80000,0.34302,0.34357
0.88000,0.80000,0.34154,0.34493
0.89000,0.80000,0.34006,0.34629
0.90000,0.80000,0.33861,0.34764
0.91000,0.80000,0.33721,0.34893
0.92000,0.80000,0.33591,0.35016
0.93000,0.80000,0.33472,0.35127
0.94000,0.80000,0.33370,0.35225
0.95000,0.80000,0.33289,0.35305
0.96000,0.80000,0.33234,0.35360
0.97000,0.80000,0.33215,0.35383
0.98000,0.80000,0.33246,0.35358
0.99000,0.80000,0.33346,0.35263
1.0000,0.80000,0.33552,0.35058
0.0000,0.81000,0.33533,0.35076
0.010000,0.81000,0.33676,0.34933
0.020000,0.81000,0.33675,0.34936
0.030000,0.81000,0.33602,0.35008
0.040000,0.81000,0.33497,0.35108
0.050000,0.81000,0.33383,0.35213
0.060000,0.81000,0.33274,0.35312
0.070000,0.81000,0.33175,0.35396
0.080000,0.81000,0.33091,0.35464
0.090000,0.81000,0.33025,0.35514
0.10000,0.81000,0.32976,0.35547
0.11000,0.81000,0.32944,0.35562
0.12000,0.81000,0.32928,0.35562
0.13000,0.81000,0.32927,0.35548
0.14000,0.81000,0.32939,0.35522
0.15000,0.81000,0.32962,0.35485
0.16000,0.81000,0.32995,0.35440
0.17000,0.81000,0.33035,0.35389
0.18000,0.81000,0.33082,0.35333
0.19000,0.81000,0.33133,0.35274
0.20000,0.81000,0.33186,0.35213
0.21000,0.81000,0.33240,0.35152
0.22000,0.81000,0.33294,0.35092
0.23000,0.81000,0.33346,0.35036
0.24000,0.81000,0.33394,0.34983
0.25000,0.81000,0.33438,0.34935
0.26000,0.81000,0.33476,0.34893
0.27000,0.81000,0.33508,0.34858
0.28000,0.81000,0.33533,0.34830
0.29000,0.81000,0.33549,0.34810
0.30000,0.81000,0.33556,0.34800
0.31000,0.81000,0.33555,0.34798
0.32000,0.81000,0.33544,0.34806
0.33000,0.81000,0.33522,0.34824
0.34000,0.81000,0.33491,0.34852
0.35000,0.81000,0.33450,0.34890
0.36000,0.81000,0.33400,0.34938
0.37000,0.81000,0.33340,0.34996
0.38000,0.81000,0.33270,0.35063
0.39000,0.81000,0.33193,0.35139
0.40000,0.81000,0.33108,0.35223
0.41000,0.81000,0.33017,0.35315
0.42000,0.81000,0.32921,0.35412
0.43000,0.81000,0.32822,0.35515
0.44000,0.81000,0.32720,0.35621
0.45000,0.81000,0.32619,0.35728
0.46000,0.81000,0.32519,0.35835
0.47000,0.81000,0.32423,0.35940
0.48000,0.81000,0.32334,0.36040
0.49000,0.81000,0.32254,0.36132
0.50000,0.81000,0.32184,0.36215
0.51000,0.81000,0.32127,0.36287
0.52000,0.81000,0.32085,0.36344
0.53000,0.81000,0.32061,0.36384
0.54000,0.81000,0.32055,0.36406
0.55000,0.81000,0.32069,0.36409
0.56000,0.81000,0.32104,0.36390
0.57000,0.81000,0.32160,0.36349
0.58000,0.81000,0.32238,0.36287
0.59000,0.81000,0.32337,0.36203
0.60000,0.81000,0.32456,0.36098
0.61000,0.81000,0.32594,0.35974
0.62000,0.81000,0.32748,0.35832
0.63000,0.81000,0.32917,0.35676
0.64000,0.81000,0.33098,0.35508
0.65000,0.81000,0.33288,0.35332
0.66000,0.81000,0.33482,0.35150
0.67000,0.81000,0.33679,0.34966
0.68000,0.81000,0.33873,0.34784
0.69000,0.81000,0.34062,0.34608
0.70000,0.81000,0.34242,0.34440
0.71000,0.81000,0.34410,0.34283
0.72000,0.81000,0.34563,0.34141
0.73000,0.81000,0.34698,0.34016
0.74000,0.81000,0.34813,0.33909
0.75000,0.81000,0.34906,0.33821
0.76000,0.81000,0.34977,0.33755
0.77000,0.81000,0.35024,0.33710
0.78000,0.81000,0.35047,0.33687
0.79000,0.81000,0.35047,0.33685
0.80000,0.81000,0.35024,0.33704
0.81000,0.81000,0.34979,0.33743
0.82000,0.81000,0.34915,0.33800
0.83000,0.81000,0.34832,0.33873
0.84000,0.81000,0.34733,0.33962
0.85000,0.81000,0.34621,0.34064
0.86000,0.81000,0.34497,0.34176
0.87000,0.81000,0.34365,0.34297
0.88000,0.81000,0.34226,0.34424
0.89000,0.81000,0.34085,0.34554
0.90000,0.81000,0.33944,0.34684
0.91000,0.81000,0.33805,0.34813
0.92000,0.81000,0.33673,0.34937
0.93000,0.81000,0.33550,0.35052
0.94000,0.81000,0.33441,0.35156
0.95000,0.81000,0.33351,0.35245
0.96000,0.81000,0.33285,0.35311
0.97000,0.81000,0.33253,0.35346
0.98000,0.81000,0.33267,0.35336
0.99000,0.81000,0.33349,0.35259
1.0000,0.81000,0.33533,0.35076
0.0000,0.82000,0.33518,0.35089
0.010000,0.82000,0.33645,0.34961
0.020000,0.82000,0.33640,0.34967
0.030000,0.82000,0.33570,0.35035
0.040000,0.82000,0.33472,0.35128
0.050000,0.82000,0.33367,0.35225
0.060000,0.82000,0.33266,0.35314
0.070000,0.82000,0.33177,0.35390
0.080000,0.82000,0.33102,0.35450
0.090000,0.82000,0.33043,0.35493
0.10000,0.82000,0.33001,0.35520
0.11000,0.82000,0.32974,0.35531
0.12000,0.82000,0.32963,0.35527
0.13000,0.82000,0.32965,0.35511
0.14000,0.82000,0.32979,0.35483
0.15000,0.82000,0.33004,0.35446
0.16000,0.82000,0.33038,0.35401
0.17000,0.82000,0.33079,0.35351
0.18000,0.82000,0.33126,0.35295
0.19000,0.82000,0.33176,0.35237
0.20000,0.82000,0.33229,0.35178
0.21000,0.82000,0.33283,0.35118
0.22000,0.82000,0.33337,0.35060
0.23000,0.82000,0.33388,0.35004
0.24000,0.82000,0.33437,0.34952
0.25000,0.82000,0.33481,0.34904
0.26000,0.82000,0.33521,0.34862
0.27000,0.82000,0.33554,0.34826
0.28000,0.82000,0.33580,0.34797
0.29000,0.82000,0.33599,0.34775
0.30000,0.82000,0.33610,0.34762
0.31000,0.82000,0.33612,0.34757
0.32000,0.82000,0.33605,0.34761
0.33000,0.82000,0.33589,0.34774
0.34000,0.82000,0.33564,0.34797
0.35000,0.82000,0.33529,0.34829
0.36000,0.82000,0.33485,0.34870
0.37000,0.82000,0.33431,0.34921
0.38000,0.82000,0.33369,0.34982
0.39000,0.82000,0.33298,0.35051
0.40000,0.82000,0.33220,0.35128
0.41000,0.82000,0.33134,0.35213
0.42000,0.82000,0.33044,0.35304
0.43000,0.82000,0.32948,0.35401
0.44000,0.82000,0.32850,0.35502
0.45000,0.82000,0.32750,0.35607
0.46000,0.82000,0.32651,0.35712
0.47000,0.82000,0.32554,0.35816
0.48000,0.82000,0.32461,0.35917
0.49000,0.82000,0.32375,0.36014
0.50000,0.82000,0.32297,0.36103
0.51000,0.82000,0.32230,0.36183
0.52000,0.82000,0.32176,0.36250
0.53000,0.82000,0.32137,0.36304
0.54000,0.82000,0.32114,0.36342
0.55000,0.82000,0.32109,0.36362
0.56000,0.82000,0.32124,0.36363
0.57000,0.82000,0.32158,0.36343
0.58000,0.82000,0.32213,0.36303
0.59000,0.82000,0.32288,0.36243
0.60000,0.82000,0.32383,0.36161
0.61000,0.82000,0.32496,0.36061
0.62000,0.82000,0.32628,0.35942
0.63000,0.82000,0.32775,0.35807
0.64000,0.82000,0.32935,0.35659
0.65000,0.82000,0.33106,0.35500
0.66000,0.82000,0.33285,0.35333
0.67000,0.82000,0.33469,0.35161
0.68000,0.82000,0.33654,0.34987
0.69000,0.82000,0.33837,0.34816
0.70000,0.82000,0.34015,0.34650
0.71000,0.82000,0.34184,0.34491
0.72000,0.82000,0.34341,0.34344
0.73000,0.82000,0.34484,0.34210
0.74000,0.82000,0.34611,0.34092
0.75000,0.82000,0.34718,0.33991
0.76000,0.82000,0.34806,0.33909
0.77000,0.82000,0.34872,0.33847
0.78000,0.82000,0.34916,0.33805
0.79000,0.82000,0.34937,0.33783
0.80000,0.82000,0.34937,0.33782
0.81000,0.82000,0.34915,0.33800
0.82000,0.82000,0.34872,0.33837
0.83000,0.82000,0.34811,0.33891
0.84000,0.82000,0.34732,0.33961
0.85000,0.82000,0.34638,0.34046
0.86000,0.82000,0.34530,0.34143
0.87000,0.82000,0.34412,0.34251
0.88000,0.82000,0.34285,0.34367
0.89000,0.82000,0.34152,0.34489
0.90000,0.82000,0.34017,0.34614
0.91000,0.82000,0.33882,0.34739
0.92000,0.82000,0.33750,0.34862
0.93000,0.82000,0.33625,0.34980
0.94000,0.82000,0.33511,0.35089
0.95000,0.82000,0.33413,0.35184
0.96000,0.82000,0.33338,0.35259
0.97000,0.82000,0.33293,0.35307
0.98000,0.82000,0.33292,0.35311
0.99000,0.82000,0.33356,0.35251
1.0000,0.82000,0.33518,0.35089
0.0000,0.83000,0.33506,0.35099
0.010000,0.83000,0.33619,0.34985
0.020000,0.83000,0.33611,0.34993
0.030000,0.83000,0.33544,0.35058
0.040000,0.83000,0.33453,0.35144
0.050000,0.83000,0.33356,0.35232
0.060000,0.83000,0.33264,0.35313
0.070000,0.83000,0.33183,0.35381
0.080000,0.83000,0.33115,0.35434
0.090000,0.83000,0.33063,0.35471
0.10000,0.83000,0.33027,0.35492
0.11000,0.83000,0.33005,0.35499
0.12000,0.83000,0.32997,0.35493
0.13000,0.83000,0.33002,0.35475
0.14000,0.83000,0.33018,0.35446
0.15000,0.83000,0.33044,0.35409
0.16000,0.83000,0.33079,0.35365
0.17000,0.83000,0.33120,0.35315
0.18000,0.83000,0.33166,0.35261
0.19000,0.83000,0.33216,0.35205
0.20000,0.83000,0.33268,0.35147
0.21000,0.83000,0.33322,0.35089
0.22000,0.83000,0.33374,0.35032
0.23000,0.83000,0.33425,0.34978
0.24000,0.83000,0.33473,0.34926
0.25000,0.83000,0.33518,0.34879
0.26000,0.83000,0.33558,0.34837
0.27000,0.83000,0.33592,0.34801
0.28000,0.83000,0.33620,0.34771
0.29000,0.83000,0.33641,0.34748
0.30000,0.83000,0.33654,0.34732
0.31000,0.83000,0.33660,0.34725
0.32000,0.83000,0.33657,0.34725
0.33000,0.83000,0.33646,0.34734
0.34000,0.83000,0.33625,0.34751
0.35000,0.83000,0.33596,0.34778
0.36000,0.83000,0.33558,0.34813
0.37000,0.83000,0.33511,0.34858
0.38000,0.83000,0.33455,0.34911
0.39000,0.83000,0.33391,0.34973
0.40000,0.83000,0.33320,0.35043
0.41000,0.83000,0.33241,0.35121
0.42000,0.83000,0.33156,0.35206
0.43000,0.83000,0.33066,0.35297
0.44000,0.83000,0.32971,0.35393
0.45000,0.83000,0.32875,0.35493
0.46000,0.83000,0.32777,0.35595
0.47000,0.83000,0.32680,0.35697
0.48000,0.83000,0.32585,0.35799
0.49000,0.83000,0.32496,0.35897
0.50000,0.83000,0.32412,0.35990
0.51000,0.83000,0.32338,0.36075
0.52000,0.83000,0.32274,0.36151
0.53000,0.83000,0.32222,0.36216
0.54000,0.83000,0.32185,0.36266
0.55000,0.83000,0.32164,0.36301
0.56000,0.83000,0.32161,0.36319
0.57000,0.83000,0.32175,0.36319
0.58000,0.83000,0.32209,0.36299
0.59000,0.83000,0.32262,0.36260
0.60000,0.83000,0.32334,0.36201
0.61000,0.83000,0.32425,0.36122
0.62000,0.83000,0.32534,0.36026
0.63000,0.83000,0.32659,0.35912
0.64000,0.83000,0.32799,0.35784
0.65000,0.83000,0.32951,0.35643
0.66000,0.83000,0.33113,0.35492
0.67000,0.83000,0.33282,0.35334
0.68000,0.83000,0.33455,0.35172
0.69000,0.83000,0.33629,0.35008
0.70000,0.83000,0.33801,0.34846
0.71000,0.83000,0.33968,0.34690
0.72000,0.83000,0.34127,0.34541
0.73000,0.83000,0.34275,0.34402
0.74000,0.83000,0.34409,0.34276
0.75000,0.83000,0.34527,0.34165
0.76000,0.83000,0.34628,0.34071
0.77000,0.83000,0.34710,0.33993
0.78000,0.83000,0.34772,0.33935
0.79000,0.83000,0.34813,0.33895
0.80000,0.83000,0.34833,0.33875
0.81000,0.83000,0.34832,0.33873
0.82000,0.83000,0.34811,0.33891
0.83000,0.83000,0.34770,0.33926
0.84000,0.83000,0.34712,0.33978
0.85000,0.83000,0.34636,0.34046
0.86000,0.83000,0.34546,0.34127
0.87000,0.83000,0.34443,0.34220
0.88000,0.83000,0.34329,0.34324
0.89000,0.83000,0.34207,0.34436
0.90000,0.83000,0.34080,0.34553
0.91000,0.83000,0.33950,0.34674
0.92000,0.83000,0.33820,0.34794
0.93000,0.83000,0.33695,0.34912
0.94000,0.83000,0.33578,0.35024
0.95000,0.83000,0.33475,0.35124
0.96000,0.83000,0.33390,0.35208
0.97000,0.83000,0.33334,0.35265
0.98000,0.83000,0.33319,0.35283
0.99000,0.83000,0.33366,0.35240
1.0000,0.83000,0.33506,0.35099
0.0000,0.84000,0.33499,0.35105
0.010000,0.84000,0.33597,0.35005
0.020000,0.84000,0.33586,0.35015
0.030000,0.84000,0.33523,0.35076
0.040000,0.84000,0.33438,0.35155
0.050000,0.84000,0.33349,0.35236
0.060000,0.84000,0.33265,0.35309
0.070000,0.84000,0.33191,0.35369
0.080000,0.84000,0.33131,0.35415
0.090000,0.84000,0.33085,0.35447
0.10000,0.84000,0.33054,0.35464
0.11000,0.84000,0.33036,0.35468
0.12000,0.84000,0.33031,0.35459
0.13000,0.84000,0.33038,0.35440
0.14000,0.84000,0.33056,0.35411
0.15000,0.84000,0.33083,0.35374
0.16000,0.84000,0.33117,0.35330
0.17000,0.84000,0.33158,0.35282
0.18000,0.84000,0.33204,0.35229
0.19000,0.84000,0.33253,0.35175
0.20000,0.84000,0.33304,0.35119
0.21000,0.84000,0.33356,0.35063
0.22000,0.84000,0.33407,0.35008
0.23000,0.84000,0.33457,0.34955
0.24000,0.84000,0.33505,0.34906
0.25000,0.84000,0.33548,0.34860
0.26000,0.84000,0.33588,0.34819
0.27000,0.84000,0.33623,0.34783
0.28000,0.84000,0.33651,0.34752
0.29000,0.84000,0.33674,0.34728
0.30000,0.84000,0.33690,0.34711
0.31000,0.84000,0.33698,0.34701
0.32000,0.84000,0.33699,0.34698
0.33000,0.84000,0.33692,0.34703
0.34000,0.84000,0.33676,0.34716
0.35000,0.84000,0.33653,0.34737
0.36000,0.84000,0.33621,0.34767
0.37000,0.84000,0.33580,0.34805
0.38000,0.84000,0.33531,0.34851
0.39000,0.84000,0.33474,0.34906
0.40000,0.84000,0.33409,0.34969
0.41000,0.84000,0.33337,0.35040
0.42000,0.84000,0.33258,0.35118
0.43000,0.84000,0.33173,0.35202
0.44000,0.84000,0.33084,0.35292
0.45000,0.84000,0.32991,0.35387
0.46000,0.84000,0.32896,0.35485
0.47000,0.84000,0.32801,0.35584
0.48000,0.84000,0.32706,0.35684
0.49000,0.84000,0.32615,0.35782
0.50000,0.84000,0.32528,0.35877
0.51000,0.84000,0.32448,0.35967
0.52000,0.84000,0.32376,0.36049
0.53000,0.84000,0.32315,0.36121
0.54000,0.84000,0.32266,0.36182
0.55000,0.84000,0.32232,0.36229
0.56000,0.84000,0.32212,0.36262
0.57000,0.84000,0.32210,0.36278
0.58000,0.84000,0.32225,0.36276
0.59000,0.84000,0.32258,0.36256
0.60000,0.84000,0.32309,0.36217
0.61000,0.84000,0.32379,0.36160
0.62000,0.84000,0.32466,0.36085
0.63000,0.84000,0.32570,0.35992
0.64000,0.84000,0.32689,0.35884
0.65000,0.84000,0.32821,0.35762
0.66000,0.84000,0.32965,0.35628
0.67000,0.84000,0.33118,0.35485
0.68000,0.84000,0.33278,0.35336
0.69000,0.84000,0.33441,0.35183
0.70000,0.84000,0.33605,0.35028
0.71000,0.84000,0.33766,0.34876
0.72000,0.84000,0.33923,0.34729
0.73000,0.84000,0.34072,0.34589
0.74000,0.84000,0.34211,0.34458
0.75000,0.84000,0.34336,0.34340
0.76000,0.84000,0.34448,0.34235
0.77000,0.84000,0.34542,0.34146
0.78000,0.84000,0.34619,0.34074
0.79000,0.84000,0.34677,0.34018
0.80000,0.84000,0.34715,0.33981
0.81000,0.84000,0.34733,0.33962
0.82000,0.84000,0.34732,0.33961
0.83000,0.84000,0.34712,0.33978
0.84000,0.84000,0.34673,0.34012
0.85000,0.84000,0.34616,0.34062
0.86000,0.84000,0.34544,0.34127
0.87000,0.84000,0.34457,0.34205
0.88000,0.84000,0.34358,0.34295
0.89000,0.84000,0.34248,0.34396
0.90000,0.84000,0.34130,0.34504
0.91000,0.84000,0.34008,0.34617
0.92000,0.84000,0.33883,0.34734
0.93000,0.84000,0.33760,0.34850
0.94000,0.84000,0.33642,0.34962
0.95000,0.84000,0.33534,0.35066
0.96000,0.84000,0.33443,0.35156
0.97000,0.84000,0.33377,0.35223
0.98000,0.84000,0.33349,0.35253
0.99000,0.84000,0.33379,0.35226
1.0000,0.84000,0.33499,0.35105
0.0000,0.85000,0.33494,0.35108
0.010000,0.85000,0.33579,0.35021
0.020000,0.85000,0.33565,0.35033
0.030000,0.85000,0.33506,0.35090
0.040000,0.85000,0.33427,0.35163
0.050000,0.85000,0.33345,0.35236
0.060000,0.85000,0.33269,0.35302
0.070000,0.85000,0.33202,0.35355
0.080000,0.85000,0.33148,0.35396
0.090000,0.85000,0.33108,0.35422
0.10000,0.85000,0.33081,0.35436
0.11000,0.85000,0.33066,0.35437
0.12000,0.85000,0.33064,0.35426
0.13000,0.85000,0.33073,0.35406
0.14000,0.85000,0.33092,0.35377
0.15000,0.85000,0.33119,0.35340
0.16000,0.85000,0.33154,0.35297
0.17000,0.85000,0.33194,0.35250
0.18000,0.85000,0.33239,0.35200
0.19000,0.85000,0.33287,0.35147
0.20000,0.85000,0.33337,0.35093
0.21000,0.85000,0.33387,0.35040
0.22000,0.85000,0.33437,0.34987
0.23000,0.85000,0.33485,0.34937
0.24000,0.85000,0.33531,0.34889
0.25000,0.85000,0.33574,0.34845
0.26000,0.85000,0.33613,0.34805
0.27000,0.85000,0.33647,0.34770
0.28000,0.85000,0.33676,0.34740
0.29000,0.85000,0.33699,0.34715
0.30000,0.85000,0.33717,0.34697
0.31000,0.85000,0.33728,0.34684
0.32000,0.85000,0.33731,0.34679
0.33000,0.85000,0.33728,0.34680
0.34000,0.85000,0.33717,0.34689
0.35000,0.85000,0.33699,0.34705
0.36000,0.85000,0.33672,0.34730
0.37000,0.85000,0.33638,0.34762
0.38000,0.85000,0.33595,0.34802
0.39000,0.85000,0.33545,0.34850
0.40000,0.85000,0.33487,0.34906
0.41000,0.85000,0.33422,0.34969
0.42000,0.85000,0.33349,0.35040
0.43000,0.85000,0.33271,0.35117
0.44000,0.85000,0.33188,0.35201
0.45000,0.85000,0.33100,0.35290
0.46000,0.85000,0.33009,0.35383
0.47000,0.85000,0.32916,0.35478
0.48000,0.85000,0.32823,0.35575
0.49000,0.85000,0.32731,0.35672
0.50000,0.85000,0.32642,0.35767
0.51000,0.85000,0.32559,0.35859
0.52000,0.85000,0.32482,0.35944
0.53000,0.85000,0.32413,0.36023
0.54000,0.85000,0.32355,0.36091
0.55000,0.85000,0.32309,0.36149
0.56000,0.85000,0.32277,0.36193
0.57000,0.85000,0.32259,0.36223
0.58000,0.85000,0.32258,0.36237
0.59000,0.85000,0.32273,0.36234
0.60000,0.85000,0.32305,0.36214
0.61000,0.85000,0.32355,0.36176
0.62000,0.85000,0.32422,0.36120
0.63000,0.85000,0.32505,0.36048
0.64000,0.85000,0.32604,0.35959
0.65000,0.85000,0.32717,0.35856
0.66000,0.85000,0.32843,0.35740
0.67000,0.85000,0.32979,0.35614
0.68000,0.85000,0.33123,0.35479
0.69000,0.85000,0.33273,0.35337
0.70000,0.85000,0.33427,0.35193
0.71000,0.85000,0.33581,0.35048
0.72000,0.85000,0.33733,0.34905
0.73000,0.85000,0.33879,0.34766
0.74000,0.85000,0.34019,0.34635
0.75000,0.85000,0.34149,0.34512
0.76000,0.85000,0.34267,0.34401
0.77000,0.85000,0.34371,0.34303
0.78000,0.85000,0.34459,0.34219
0.79000,0.85000,0.34531,0.34151
0.80000,0.85000,0.34585,0.34099
0.81000,0.85000,0.34621,0.34064
0.82000,0.85000,0.34638,0.34046
0.83000,0.85000,0.34636,0.34046
0.84000,0.85000,0.34616,0.34062
0.85000,0.85000,0.34578,0.34095
0.86000,0.85000,0.34524,0.34143
0.87000,0.85000,0.34454,0.34206
0.88000,0.85000,0.34370,0.34281
0.89000,0.85000,0.34274,0.34369
0.90000,0.85000,0.34168,0.34466
0.91000,0.85000,0.34055,0.34571
0.92000,0.85000,0.33937,0.34681
0.93000,0.85000,0.33817,0.34794
0.94000,0.85000,0.33700,0.34905
0.95000,0.85000,0.33590,0.35011
0.96000,0.85000,0.33494,0.35105
0.97000,0.85000,0.33420,0.35180
0.98000,0.85000,0.33380,0.35221
0.99000,0.85000,0.33394,0.35209
1.0000,0.85000,0.33494,0.35108
0.0000,0.86000,0.33493,0.35108
0.010000,0.86000,0.33564,0.35034
0.020000,0.86000,0.33548,0.35048
0.030000,0.86000,0.33492,0.35101
0.040000,0.86000,0.33419,0.35168
0.050000,0.86000,0.33344,0.35234
0.060000,0.86000,0.33275,0.35293
0.070000,0.86000,0.33215,0.35340
0.080000,0.86000,0.33166,0.35375
0.090000,0.86000,0.33131,0.35398
0.10000,0.86000,0.33107,0.35408
0.11000,0.86000,0.33096,0.35406
0.12000,0.86000,0.33097,0.35394
0.13000,0.86000,0.33108,0.35372
0.14000,0.86000,0.33128,0.35343
0.15000,0.86000,0.33155,0.35307
0.16000,0.86000,0.33190,0.35265
0.17000,0.86000,0.33230,0.35219
0.18000,0.86000,0.33273,0.35171
0.19000,0.86000,0.33319,0.35120
0.20000,0.86000,0.33367,0.35069
0.21000,0.86000,0.33415,0.35019
0.22000,0.86000,0.33463,0.34969
0.23000,0.86000,0.33509,0.34921
0.24000,0.86000,0.33553,0.34876
0.25000,0.86000,0.33594,0.34834
0.26000,0.86000,0.33632,0.34796
0.27000,0.86000,0.33665,0.34762
0.28000,0.86000,0.33694,0.34733
0.29000,0.86000,0.33718,0.34708
0.30000,0.86000,0.33736,0.34689
0.31000,0.86000,0.33749,0.34675
0.32000,0.86000,0.33755,0.34668
0.33000,0.86000,0.33755,0.34666
0.34000,0.86000,0.33749,0.34671
0.35000,0.86000,0.33735,0.34683
0.36000,0.86000,0.33714,0.34702
0.37000,0.86000,0.33685,0.34728
0.38000,0.86000,0.33649,0.34762
0.39000,0.86000,0.33606,0.34803
0.40000,0.86000,0.33554,0.34852
0.41000,0.86000,0.33496,0.34909
0.42000,0.86000,0.33431,0.34972
0.43000,0.86000,0.33359,0.35043
0.44000,0.86000,0.33281,0.35119
0.45000,0.86000,0.33199,0.35202
0.46000,0.86000,0.33113,0.35289
0.47000,0.86000,0.33024,0.35380
0.48000,0.86000,0.32933,0.35473
0.49000,0.86000,0.32843,0.35567
0.50000,0.86000,0.32754,0.35661
0.51000,0.86000,0.32669,0.35752
0.52000,0.86000,0.32588,0.35840
0.53000,0.86000,0.32515,0.35922
0.54000,0.86000,0.32450,0.35996
0.55000,0.86000,0.32395,0.36061
0.56000,0.86000,0.32351,0.36115
0.57000,0.86000,0.32321,0.36156
0.58000,0.86000,0.32306,0.36183
0.59000,0.86000,0.32305,0.36195
0.60000,0.86000,0.32320,0.36191
0.61000,0.86000,0.32352,0.36171
0.62000,0.86000,0.32400,0.36134
0.63000,0.86000,0.32464,0.36080
0.64000,0.86000,0.32544,0.36010
0.65000,0.86000,0.32638,0.35926
0.66000,0.86000,0.32745,0.35828
0.67000,0.86000,0.32864,0.35719
0.68000,0.86000,0.32992,0.35599
0.69000,0.86000,0.33128,0.35472
0.70000,0.86000,0.33269,0.35339
0.71000,0.86000,0.33413,0.35203
0.72000,0.86000,0.33557,0.35067
0.73000,0.86000,0.33699,0.34933
0.74000,0.86000,0.33837,0.34803
0.75000,0.86000,0.33968,0.34679
0.76000,0.86000,0.34089,0.34564
0.77000,0.86000,0.34199,0.34460
0.78000,0.86000,0.34297,0.34368
0.79000,0.86000,0.34379,0.34289
0.80000,0.86000,0.34447,0.34225
0.81000,0.86000,0.34497,0.34176
0.82000,0.86000,0.34530,0.34143
0.83000,0.86000,0.34546,0.34127
0.84000,0.86000,0.34544,0.34127
0.85000,0.86000,0.34524,0.34143
0.86000,0.86000,0.34488,0.34175
0.87000,0.86000,0.34435,0.34221
0.88000,0.86000,0.34367,0.34282
0.89000,0.86000,0.34286,0.34356
0.90000,0.86000,0.34193,0.34441
0.91000,0.86000,0.34090,0.34536
0.92000,0.86000,0.33980,0.34638
0.93000,0.86000,0.33866,0.34745
0.94000,0.86000,0.33752,0.34854
0.95000,0.86000,0.33642,0.34960
0.96000,0.86000,0.33543,0.35057
0.97000,0.86000,0.33462,0.35138
0.98000,0.86000,0.33412,0.35189
0.99000,0.86000,0.33412,0.35190
1.0000,0.86000,0.33493,0.35108
0.0000,0.87000,0.33494,0.35105
0.010000,0.87000,0.33552,0.35044
0.020000,0.87000,0.33534,0.35060
0.030000,0.87000,0.33481,0.35109
0.040000,0.87000,0.33414,0.35170
0.050000,0.87000,0.33345,0.35230
0.060000,0.87000,0.33282,0.35282
0.070000,0.87000,0.33228,0.35324
0.080000,0.87000,0.33185,0.35355
0.090000,0.87000,0.33154,0.35373
0.10000,0.87000,0.33134,0.35379
0.11000,0.87000,0.33126,0.35375
0.12000,0.87000,0.33129,0.35362
0.13000,0.87000,0.33142,0.35339
0.14000,0.87000,0.33163,0.35310
0.15000,0.87000,0.33191,0.35274
0.16000,0.87000,0.33225,0.35234
0.17000,0.87000,0.33264,0.35189
0.18000,0.87000,0.33306,0.35143
0.19000,0.87000,0.33350,0.35095
0.20000,0.87000,0.33396,0.35047
0.21000,0.87000,0.33442,0.34999
0.22000,0.87000,0.33487,0.34953
0.23000,0.87000,0.33530,0.34909
0.24000,0.87000,0.33572,0.34867
0.25000,0.87000,0.33610,0.34827
0.26000,0.87000,0.33646,0.34792
0.27000,0.87000,0.33678,0.34759
0.28000,0.87000,0.33706,0.34731
0.29000,0.87000,0.33730,0.34707
0.30000,0.87000,0.33749,0.34687
0.31000,0.87000,0.33763,0.34673
0.32000,0.87000,0.33771,0.34663
0.33000,0.87000,0.33774,0.34659
0.34000,0.87000,0.33771,0.34661
0.35000,0.87000,0.33762,0.34669
0.36000,0.87000,0.33746,0.34683
0.37000,0.87000,0.33723,0.34704
0.38000,0.87000,0.33693,0.34732
0.39000,0.87000,0.33655,0.34767
0.40000,0.87000,0.33611,0.34809
0.41000,0.87000,0.33559,0.34858
0.42000,0.87000,0.33501,0.34915
0.43000,0.87000,0.33436,0.34978
0.44000,0.87000,0.33365,0.35048
0.45000,0.87000,0.33289,0.35123
0.46000,0.87000,0.33208,0.35204
0.47000,0.87000,0.33124,0.35289
0.48000,0.87000,0.33037,0.35377
0.49000,0.87000,0.32949,0.35468
0.50000,0.87000,0.32862,0.35559
0.51000,0.87000,0.32777,0.35649
0.52000,0.87000,0.32695,0.35737
0.53000,0.87000,0.32618,0.35820
0.54000,0.87000,0.32548,0.35898
0.55000,0.87000,0.32486,0.35968
0.56000,0.87000,0.32435,0.36029
0.57000,0.87000,0.32394,0.36079
0.58000,0.87000,0.32367,0.36118
0.59000,0.87000,0.32353,0.36142
0.60000,0.87000,0.32353,0.36152
0.61000,0.87000,0.32369,0.36147
0.62000,0.87000,0.32400,0.36127
0.63000,0.87000,0.32446,0.36091
0.64000,0.87000,0.32507,0.36039
0.65000,0.87000,0.32583,0.35973
0.66000,0.87000,0.32672,0.35893
0.67000,0.87000,0.32773,0.35800
0.68000,0.87000,0.32884,0.35697
0.69000,0.87000,0.33005,0.35585
0.70000,0.87000,0.33132,0.35465
0.71000,0.87000,0.33264,0.35340
0.72000,0.87000,0.33399,0.35213
0.73000,0.87000,0.33534,0.35086
0.74000,0.87000,0.33667,0.34960
0.75000,0.87000,0.33795,0.34838
0.76000,0.87000,0.33917,0.34723
0.77000,0.87000,0.34031,0.34615
0.78000,0.87000,0.34134,0.34517
0.79000,0.87000,0.34224,0.34431
0.80000,0.87000,0.34302,0.34357
0.81000,0.87000,0.34365,0.34297
0.82000,0.87000,0.34412,0.34251
0.83000,0.87000,0.34443,0.34220
0.84000,0.87000,0.34457,0.34205
0.85000,0.87000,0.34454,0.34206
0.86000,0.87000,0.34435,0.34221
0.87000,0.87000,0.34399,0.34252
0.88000,0.87000,0.34348,0.34298
0.89000,0.87000,0.34282,0.34357
0.90000,0.87000,0.34203,0.34429
0.91000,0.87000,0.34113,0.34513
0.92000,0.87000,0.34013,0.34606
0.93000,0.87000,0.33907,0.34705
0.94000,0.87000,0.33797,0.34809
0.95000,0.87000,0.33689,0.34913
0.96000,0.87000,0.33589,0.35011
0.97000,0.87000,0.33503,0.35096
0.98000,0.87000,0.33445,0.35156
0.99000,0.87000,0.33431,0.35169
1.0000,0.87000,0.33494,0.35105
0.0000,0.88000,0.33497,0.35100
0.010000,0.88000,0.33542,0.35052
0.020000,0.88000,0.33523,0.35069
0.030000,0.88000,0.33472,0.35115
0.040000,0.88000,0.33410,0.35170
0.050000,0.88000,0.33348,0.35224
0.060000,0.88000,0.33290,0.35271
0.070000,0.88000,0.33242,0.35308
0.080000,0.88000,0.33204,0.35333
0.090000,0.88000,0.33177,0.35348
0.10000,0.88000,0.33161,0.35351
0.11000,0.88000,0.33156,0.35345
0.12000,0.88000,0.33162,0.35330
0.13000,0.88000,0.33176,0.35306
0.14000,0.88000,0.33198,0.35276
0.15000,0.88000,0.33226,0.35241
0.16000,0.88000,0.33260,0.35202
0.17000,0.88000,0.33298,0.35160
0.18000,0.88000,0.33338,0.35116
0.19000,0.88000,0.33380,0.35071
0.20000,0.88000,0.33423,0.35026
0.21000,0.88000,0.33466,0.34982
0.22000,0.88000,0.33507,0.34939
0.23000,0.88000,0.33548,0.34899
0.24000,0.88000,0.33586,0.34860
0.25000,0.88000,0.33622,0.34824
0.26000,0.88000,0.33656,0.34791
0.27000,0.88000,0.33686,0.34761
0.28000,0.88000,0.33712,0.34734
0.29000,0.88000,0.33736,0.34711
0.30000,0.88000,0.33755,0.34692
0.31000,0.88000,0.33769,0.34676
0.32000,0.88000,0.33780,0.34666
0.33000,0.88000,0.33785,0.34659
0.34000,0.88000,0.33785,0.34658
0.35000,0.88000,0.33779,0.34663
0.36000,0.88000,0.33768,0.34673
0.37000,0.88000,0.33750,0.34688
0.38000,0.88000,0.33726,0.34711
0.39000,0.88000,0.33695,0.34740
0.40000,0.88000,0.33657,0.34775
0.41000,0.88000,0.33612,0.34818
0.42000,0.88000,0.33561,0.34867
0.43000,0.88000,0.33503,0.34923
0.44000,0.88000,0.33439,0.34986
0.45000,0.88000,0.33369,0.35054
0.46000,0.88000,0.33294,0.35128
0.47000,0.88000,0.33216,0.35207
0.48000,0.88000,0.33134,0.35290
0.49000,0.88000,0.33050,0.35375
0.50000,0.88000,0.32965,0.35462
0.51000,0.88000,0.32881,0.35550
0.52000,0.88000,0.32800,0.35636
0.53000,0.88000,0.32722,0.35719
0.54000,0.88000,0.32649,0.35799
0.55000,0.88000,0.32583,0.35872
0.56000,0.88000,0.32525,0.35938
0.57000,0.88000,0.32476,0.35995
0.58000,0.88000,0.32439,0.36042
0.59000,0.88000,0.32414,0.36077
0.60000,0.88000,0.32401,0.36099
0.61000,0.88000,0.32403,0.36107
0.62000,0.88000,0.32418,0.36102
0.63000,0.88000,0.32448,0.36081
0.64000,0.88000,0.32492,0.36047
0.65000,0.88000,0.32550,0.35997
0.66000,0.88000,0.32621,0.35935
0.67000,0.88000,0.32705,0.35859
0.68000,0.88000,0.32800,0.35772
0.69000,0.88000,0.32905,0.35675
0.70000,0.88000,0.33017,0.35570
0.71000,0.88000,0.33136,0.35458
0.72000,0.88000,0.33260,0.35342
0.73000,0.88000,0.33385,0.35223
0.74000,0.88000,0.33511,0.35104
0.75000,0.88000,0.33635,0.34987
0.76000,0.88000,0.33754,0.34873
0.77000,0.88000,0.33868,0.34766
0.78000,0.88000,0.33973,0.34665
0.79000,0.88000,0.34069,0.34574
0.80000,0.88000,0.34154,0.34493
0.81000,0.88000,0.34226,0.34424
0.82000,0.88000,0.34285,0.34367
0.83000,0.88000,0.34329,0.34324
0.84000,0.88000,0.34358,0.34295
0.85000,0.88000,0.34370,0.34281
0.86000,0.88000,0.34367,0.34282
0.87000,0.88000,0.34348,0.34298
0.88000,0.88000,0.34313,0.34328
0.89000,0.88000,0.34263,0.34373
0.90000,0.88000,0.34199,0.34431
0.91000,0.88000,0.34122,0.34502
0.92000,0.88000,0.34034,0.34584
0.93000,0.88000,0.33937,0.34675
0.94000,0.88000,0.33834,0.34772
0.95000,0.88000,0.33730,0.34872
0.96000,0.88000,0.33630,0.34970
0.97000,0.88000,0.33542,0.35057
0.98000,0.88000,0.33477,0.35123
0.99000,0.88000,0.33452,0.35148
1.0000,0.88000,0.33497,0.35100
0.0000,0.89000,0.33502,0.35094
0.010000,0.89000,0.33535,0.35057
0.020000,0.89000,0.33513,0.35076
0.030000,0.89000,0.33466,0.35119
0.040000,0.89000,0.33409,0.35169
0.050000,0.89000,0.33351,0.35217
0.060000,0.89000,0.33299,0.35259
0.070000,0.89000,0.33256,0.35290
0.080000,0.89000,0.33223,0.35312
0.090000,0.89000,0.33200,0.35322
0.10000,0.89000,0.33188,0.35323
0.11000,0.89000,0.33187,0.35314
0.12000,0.89000,0.33194,0.35297
0.13000,0.89000,0.33210,0.35273
0.14000,0.89000,0.33233,0.35243
0.15000,0.89000,0.33261,0.35208
0.16000,0.89000,0.33294,0.35171
0.17000,0.89000,0.33330,0.35131
0.18000,0.89000,0.33369,0.35089
0.19000,0.89000,0.33408,0.35048
0.20000,0.89000,0.33448,0.35007
0.21000,0.89000,0.33487,0.34966
0.22000,0.89000,0.33525,0.34928
0.23000,0.89000,0.33562,0.34891
0.24000,0.89000,0.33597,0.34856
0.25000,0.89000,0.33630,0.34823
0.26000,0.89000,0.33661,0.34793
0.27000,0.89000,0.33689,0.34766
0.28000,0.89000,0.33714,0.34741
0.29000,0.89000,0.33736,0.34719
0.30000,0.89000,0.33754,0.34701
0.31000,0.89000,0.33769,0.34685
0.32000,0.89000,0.33781,0.34674
0.33000,0.89000,0.33788,0.34666
0.34000,0.89000,0.33790,0.34662
0.35000,0.89000,0.33788,0.34664
0.36000,0.89000,0.33781,0.34670
0.37000,0.89000,0.33768,0.34681
0.38000,0.89000,0.33749,0.34699
0.39000,0.89000,0.33723,0.34722
0.40000,0.89000,0.33692,0.34751
0.41000,0.89000,0.33654,0.34787
0.42000,0.89000,0.33609,0.34830
0.43000,0.89000,0.33559,0.34878
0.44000,0.89000,0.33502,0.34934
0.45000,0.89000,0.33439,0.34995
0.46000,0.89000,0.33371,0.35062
0.47000,0.89000,0.33298,0.35134
0.48000,0.89000,0.33222,0.35210
0.49000,0.89000,0.33143,0.35290
0.50000,0.89000,0.33063,0.35372
0.51000,0.89000,0.32982,0.35456
0.52000,0.89000,0.32902,0.35539
0.53000,0.89000,0.32824,0.35621
0.54000,0.89000,0.32750,0.35700
0.55000,0.89000,0.32682,0.35774
0.56000,0.89000,0.32620,0.35843
0.57000,0.89000,0.32566,0.35905
0.58000,0.89000,0.32521,0.35958
0.59000,0.89000,0.32486,0.36001
0.60000,0.89000,0.32463,0.36033
0.61000,0.89000,0.32452,0.36053
0.62000,0.89000,0.32454,0.36060
0.63000,0.89000,0.32469,0.36054
0.64000,0.89000,0.32498,0.36034
0.65000,0.89000,0.32539,0.36001
0.66000,0.89000,0.32594,0.35955
0.67000,0.89000,0.32661,0.35896
0.68000,0.89000,0.32739,0.35825
0.69000,0.89000,0.32827,0.35744
0.70000,0.89000,0.32925,0.35654
0.71000,0.89000,0.33029,0.35556
0.72000,0.89000,0.33140,0.35452
0.73000,0.89000,0.33254,0.35344
0.74000,0.89000,0.33371,0.35234
0.75000,0.89000,0.33487,0.35123
0.76000,0.89000,0.33602,0.35014
0.77000,0.89000,0.33713,0.34908
0.78000,0.89000,0.33819,0.34808
0.79000,0.89000,0.33917,0.34714
0.80000,0.89000,0.34006,0.34629
0.81000,0.89000,0.34085,0.34554
0.82000,0.89000,0.34152,0.34489
0.83000,0.89000,0.34207,0.34436
0.84000,0.89000,0.34248,0.34396
0.85000,0.89000,0.34274,0.34369
0.86000,0.89000,0.34286,0.34356
0.87000,0.89000,0.34282,0.34357
0.88000,0.89000,0.34263,0.34373
0.89000,0.89000,0.34229,0.34403
0.90000,0.89000,0.34180,0.34447
0.91000,0.89000,0.34117,0.34504
0.92000,0.89000,0.34042,0.34574
0.93000,0.89000,0.33956,0.34655
0.94000,0.89000,0.33862,0.34744
0.95000,0.89000,0.33764,0.34838
0.96000,0.89000,0.33666,0.34933
0.97000,0.89000,0.33577,0.35021
0.98000,0.89000,0.33507,0.35091
0.99000,0.89000,0.33472,0.35126
1.0000,0.89000,0.33502,0.35094
0.0000,0.90000,0.33507,0.35086
0.010000,0.90000,0.33529,0.35061
0.020000,0.90000,0.33506,0.35080
0.030000,0.90000,0.33461,0.35120
0.040000,0.90000,0.33408,0.35166
0.050000,0.90000,0.33356,0.35209
0.060000,0.90000,0.33309,0.35246
0.070000,0.90000,0.33271,0.35273
0.080000,0.90000,0.33243,0.35290
0.090000,0.90000,0.33224,0.35296
0.10000,0.90000,0.33216,0.35294
0.11000,0.90000,0.33218,0.35282
0.12000,0.90000,0.33228,0.35264
0.13000,0.90000,0.33245,0.35239
0.14000,0.90000,0.33268,0.35209
0.15000,0.90000,0.33296,0.35175
0.16000,0.90000,0.33328,0.35139
0.17000,0.90000,0.33362,0.35102
0.18000,0.90000,0.33398,0.35064
0.19000,0.90000,0.33434,0.35026
0.20000,0.90000,0.33470,0.34989
0.21000,0.90000,0.33506,0.34953
0.22000,0.90000,0.33540,0.34918
0.23000,0.90000,0.33573,0.34885
0.24000,0.90000,0.33604,0.34855
0.25000,0.90000,0.33634,0.34826
0.26000,0.90000,0.33661,0.34799
0.27000,0.90000,0.33687,0.34774
0.28000,0.90000,0.33710,0.34752
0.29000,0.90000,0.33730,0.34732
0.30000,0.90000,0.33748,0.34714
0.31000,0.90000,0.33763,0.34699
0.32000,0.90000,0.33775,0.34687
0.33000,0.90000,0.33783,0.34678
0.34000,0.90000,0.33788,0.34673
0.35000,0.90000,0.33789,0.34672
0.36000,0.90000,0.33785,0.34674
0.37000,0.90000,0.33776,0.34682
0.38000,0.90000,0.33762,0.34695
0.39000,0.90000,0.33742,0.34713
0.40000,0.90000,0.33716,0.34736
0.41000,0.90000,0.33685,0.34766
0.42000,0.90000,0.33647,0.34802
0.43000,0.90000,0.33603,0.34844
0.44000,0.90000,0.33553,0.34892
0.45000,0.90000,0.33498,0.34946
0.46000,0.90000,0.33437,0.35006
0.47000,0.90000,0.33371,0.35071
0.48000,0.90000,0.33301,0.35140
0.49000,0.90000,0.33228,0.35213
0.50000,0.90000,0.33153,0.35289
0.51000,0.90000,0.33077,0.35367
0.52000,0.90000,0.33000,0.35446
0.53000,0.90000,0.32925,0.35525
0.54000,0.90000,0.32852,0.35602
0.55000,0.90000,0.32783,0.35676
0.56000,0.90000,0.32718,0.35746
0.57000,0.90000,0.32661,0.35810
0.58000,0.90000,0.32611,0.35867
0.59000,0.90000,0.32569,0.35916
0.60000,0.90000,0.32537,0.35956
0.61000,0.90000,0.32516,0.35985
0.62000,0.90000,0.32506,0.36003
0.63000,0.90000,0.32508,0.36009
0.64000,0.90000,0.32523,0.36003
0.65000,0.90000,0.32549,0.35985
0.66000,0.90000,0.32588,0.35954
0.67000,0.90000,0.32639,0.35911
0.68000,0.90000,0.32701,0.35856
0.69000,0.90000,0.32773,0.35791
0.70000,0.90000,0.32855,0.35716
0.71000,0.90000,0.32945,0.35633
0.72000,0.90000,0.33041,0.35542
0.73000,0.90000,0.33143,0.35446
0.74000,0.90000,0.33249,0.35347
0.75000,0.90000,0.33356,0.35245
0.76000,0.90000,0.33464,0.35142
0.77000,0.90000,0.33570,0.35042
0.78000,0.90000,0.33672,0.34944
0.79000,0.90000,0.33770,0.34851
0.80000,0.90000,0.33861,0.34764
0.81000,0.90000,0.33944,0.34684
0.82000,0.90000,0.34017,0.34614
0.83000,0.90000,0.34080,0.34553
0.84000,0.90000,0.34130,0.34504
0.85000,0.90000,0.34168,0.34466
0.86000,0.90000,0.34193,0.34441
0.87000,0.90000,0.34203,0.34429
0.88000,0.90000,0.34199,0.34431
0.89000,0.90000,0.34180,0.34447
0.90000,0.90000,0.34147,0.34477
0.91000,0.90000,0.34099,0.34520
0.92000,0.90000,0.34037,0.34577
0.93000,0.90000,0.33963,0.34645
0.94000,0.90000,0.33880,0.34725
0.95000,0.90000,0.33789,0.34811
0.96000,0.90000,0.33697,0.34901
0.97000,0.90000,0.33609,0.34988
0.98000,0.90000,0.33535,0.35061
0.99000,0.90000,0.33493,0.35103
1.0000,0.90000,0.33507,0.35086
0.0000,0.91000,0.33513,0.35078
0.010000,0.91000,0.33525,0.35063
0.020000,0.91000,0.33500,0.35084
0.030000,0.91000,0.33457,0.35121
0.040000,0.91000,0.33409,0.35162
0.050000,0.91000,0.33362,0.35200
0.060000,0.91000,0.33320,0.35232
0.070000,0.91000,0.33287,0.35254
0.080000,0.91000,0.33263,0.35266
0.090000,0.91000,0.33249,0.35269
0.10000,0.91000,0.33245,0.35264
0.11000,0.91000,0.33249,0.35250
0.12000,0.91000,0.33261,0.35230
0.13000,0.91000,0.33280,0.35204
0.14000,0.91000,0.33303,0.35175
0.15000,0.91000,0.33330,0.35143
0.16000,0.91000,0.33360,0.35109
0.17000,0.91000,0.33392,0.35075
0.18000,0.91000,0.33424,0.35040
0.19000,0.91000,0.33457,0.35006
0.20000,0.91000,0.33489,0.34973
0.21000,0.91000,0.33520,0.34942
0.22000,0.91000,0.33551,0.34911
0.23000,0.91000,0.33579,0.34883
0.24000,0.91000,0.33607,0.34856
0.25000,0.91000,0.33633,0.34831
0.26000,0.91000,0.33657,0.34807
0.27000,0.91000,0.33679,0.34786
0.28000,0.91000,0.33700,0.34766
0.29000,0.91000,0.33719,0.34748
0.30000,0.91000,0.33735,0.34731
0.31000,0.91000,0.33750,0.34717
0.32000,0.91000,0.33762,0.34705
0.33000,0.91000,0.33771,0.34696
0.34000,0.91000,0.33777,0.34689
0.35000,0.91000,0.33780,0.34686
0.36000,0.91000,0.33779,0.34686
0.37000,0.91000,0.33774,0.34690
0.38000,0.91000,0.33764,0.34699
0.39000,0.91000,0.33749,0.34712
0.40000,0.91000,0.33729,0.34731
0.41000,0.91000,0.33704,0.34755
0.42000,0.91000,0.33673,0.34784
0.43000,0.91000,0.33636,0.34820
0.44000,0.91000,0.33593,0.34861
0.45000,0.91000,0.33545,0.34907
0.46000,0.91000,0.33492,0.34960
0.47000,0.91000,0.33433,0.35017
0.48000,0.91000,0.33371,0.35079
0.49000,0.91000,0.33305,0.35145
0.50000,0.91000,0.33236,0.35214
0.51000,0.91000,0.33165,0.35286
0.52000,0.91000,0.33094,0.35360
0.53000,0.91000,0.33022,0.35434
0.54000,0.91000,0.32952,0.35508
0.55000,0.91000,0.32884,0.35579
0.56000,0.91000,0.32820,0.35648
0.57000,0.91000,0.32760,0.35713
0.58000,0.91000,0.32707,0.35772
0.59000,0.91000,0.32660,0.35825
0.60000,0.91000,0.32622,0.35870
0.61000,0.91000,0.32593,0.35907
0.62000,0.91000,0.32573,0.35934
0.63000,0.91000,0.32564,0.35950
0.64000,0.91000,0.32566,0.35956
0.65000,0.91000,0.32579,0.35950
0.66000,0.91000,0.32603,0.35934
0.67000,0.91000,0.32639,0.35905
0.68000,0.91000,0.32685,0.35866
0.69000,0.91000,0.32742,0.35816
0.70000,0.91000,0.32808,0.35757
0.71000,0.91000,0.32882,0.35688
0.72000,0.91000,0.32964,0.35612
0.73000,0.91000,0.33053,0.35529
0.74000,0.91000,0.33146,0.35441
0.75000,0.91000,0.33243,0.35350
0.76000,0.91000,0.33341,0.35256
0.77000,0.91000,0.33440,0.35162
0.78000,0.91000,0.33537,0.35070
0.79000,0.91000,0.33632,0.34979
0.80000,0.91000,0.33721,0.34893
0.81000,0.91000,0.33805,0.34813
0.82000,0.91000,0.33882,0.34739
0.83000,0.91000,0.33950,0.34674
0.84000,0.91000,0.34008,0.34617
0.85000,0.91000,0.34055,0.34571
0.86000,0.91000,0.34090,0.34536
0.87000,0.91000,0.34113,0.34513
0.88000,0.91000,0.34122,0.34502
0.89000,0.91000,0.34117,0.34504
0.90000,0.91000,0.34099,0.34520
0.91000,0.91000,0.34066,0.34549
0.92000,0.91000,0.34018,0.34592
0.93000,0.91000,0.33958,0.34648
0.94000,0.91000,0.33886,0.34716
0.95000,0.91000,0.33806,0.34794
0.96000,0.91000,0.33720,0.34877
0.97000,0.91000,0.33635,0.34960
0.98000,0.91000,0.33561,0.35034
0.99000,0.91000,0.33512,0.35082
1.0000,0.91000,0.33513,0.35078
0.0000,0.92000,0.33520,0.35070
0.010000,0.92000,0.33522,0.35064
0.020000,0.92000,0.33496,0.35086
0.030000,0.92000,0.33455,0.35120
0.040000,0.92000,0.33411,0.35157
0.050000,0.92000,0.33369,0.35190
0.060000,0.92000,0.33333,0.35216
0.070000,0.92000,0.33305,0.35234
0.080000,0.92000,0.33286,0.35242
0.090000,0.92000,0.33276,0.35241
0.10000,0.92000,0.33275,0.35232
0.11000,0.92000,0.33282,0.35217
0.12000,0.92000,0.33295,0.35196
0.13000,0.92000,0.33314,0.35170
0.14000,0.92000,0.33336,0.35142
0.15000,0.92000,0.33362,0.35112
0.16000,0.92000,0.33389,0.35081
0.17000,0.92000,0.33418,0.35050
0.18000,0.92000,0.33446,0.35019
0.19000,0.92000,0.33475,0.34989
0.20000,0.92000,0.33503,0.34961
0.21000,0.92000,0.33529,0.34934
0.22000,0.92000,0.33555,0.34908
0.23000,0.92000,0.33580,0.34884
0.24000,0.92000,0.33603,0.34861
0.25000,0.92000,0.33625,0.34839
0.26000,0.92000,0.33646,0.34819
0.27000,0.92000,0.33666,0.34800
0.28000,0.92000,0.33684,0.34783
0.29000,0.92000,0.33701,0.34767
0.30000,0.92000,0.33716,0.34752
0.31000,0.92000,0.33730,0.34739
0.32000,0.92000,0.33741,0.34727
0.33000,0.92000,0.33751,0.34718
0.34000,0.92000,0.33758,0.34711
0.35000,0.92000,0.33762,0.34706
0.36000,0.92000,0.33764,0.34704
0.37000,0.92000,0.33761,0.34706
0.38000,0.92000,0.33755,0.34711
0.39000,0.92000,0.33745,0.34721
0.40000,0.92000,0.33730,0.34735
0.41000,0.92000,0.33710,0.34754
0.42000,0.92000,0.33685,0.34777
0.43000,0.92000,0.33655,0.34806
0.44000,0.92000,0.33620,0.34840
0.45000,0.92000,0.33580,0.34880
0.46000,0.92000,0.33534,0.34924
0.47000,0.92000,0.33484,0.34974
0.48000,0.92000,0.33430,0.35028
0.49000,0.92000,0.33372,0.35086
0.50000,0.92000,0.33310,0.35148
0.51000,0.92000,0.33247,0.35213
0.52000,0.92000,0.33181,0.35280
0.53000,0.92000,0.33115,0.35348
0.54000,0.92000,0.33049,0.35417
0.55000,0.92000,0.32985,0.35485
0.56000,0.92000,0.32922,0.35551
0.57000,0.92000,0.32863,0.35614
0.58000,0.92000,0.32809,0.35674
0.59000,0.92000,0.32760,0.35729
0.60000,0.92000,0.32717,0.35777
0.61000,0.92000,0.32682,0.35819
0.62000,0.92000,0.32654,0.35853
0.63000,0.92000,0.32636,0.35878
0.64000,0.92000,0.32627,0.35893
0.65000,0.92000,0.32628,0.35899
0.66000,0.92000,0.32639,0.35895
0.67000,0.92000,0.32661,0.35880
0.68000,0.92000,0.32692,0.35855
0.69000,0.92000,0.32733,0.35820
0.70000,0.92000,0.32784,0.35776
0.71000,0.92000,0.32843,0.35722
0.72000,0.92000,0.32910,0.35660
0.73000,0.92000,0.32985,0.35591
0.74000,0.92000,0.33064,0.35517
0.75000,0.92000,0.33149,0.35437
0.76000,0.92000,0.33237,0.35354
0.77000,0.92000,0.33326,0.35269
0.78000,0.92000,0.33416,0.35183
0.79000,0.92000,0.33505,0.35098
0.80000,0.92000,0.33591,0.35016
0.81000,0.92000,0.33673,0.34937
0.82000,0.92000,0.33750,0.34862
0.83000,0.92000,0.33820,0.34794
0.84000,0.92000,0.33883,0.34734
0.85000,0.92000,0.33937,0.34681
0.86000,0.92000,0.33980,0.34638
0.87000,0.92000,0.34013,0.34606
0.88000,0.92000,0.34034,0.34584
0.89000,0.92000,0.34042,0.34574
0.90000,0.92000,0.34037,0.34577
0.91000,0.92000,0.34018,0.34592
0.92000,0.92000,0.33986,0.34622
0.93000,0.92000,0.33940,0.34664
0.94000,0.92000,0.33881,0.34719
0.95000,0.92000,0.33812,0.34786
0.96000,0.92000,0.33735,0.34860
0.97000,0.92000,0.33656,0.34938
0.98000,0.92000,0.33583,0.35010
0.99000,0.92000,0.33530,0.35062
1.0000,0.92000,0.33520,0.35070
0.0000,0.93000,0.33526,0.35062
0.010000,0.93000,0.33520,0.35064
0.020000,0.93000,0.33492,0.35086
0.030000,0.93000,0.33455,0.35118
0.040000,0.93000,0.33415,0.35151
0.050000,0.93000,0.33378,0.35179
0.060000,0.93000,0.33347,0.35200
0.070000,0.93000,0.33324,0.35212
0.080000,0.93000,0.33310,0.35216
0.090000,0.93000,0.33304,0.35212
0.10000,0.93000,0.33306,0.35200
0.11000,0.93000,0.33314,0.35183
0.12000,0.93000,0.33327,0.35162
0.13000,0.93000,0.33345,0.35138
0.14000,0.93000,0.33366,0.35112
0.15000,0.93000,0.33389,0.35084
0.16000,0.93000,0.33413,0.35056
0.17000,0.93000,0.33437,0.35029
0.18000,0.93000,0.33461,0.35003
0.19000,0.93000,0.33485,0.34977
0.20000,0.93000,0.33508,0.34953
0.21000,0.93000,0.33531,0.34930
0.22000,0.93000,0.33552,0.34909
0.23000,0.93000,0.33572,0.34888
0.24000,0.93000,0.33592,0.34869
0.25000,0.93000,0.33610,0.34852
0.26000,0.93000,0.33628,0.34835
0.27000,0.93000,0.33644,0.34819
0.28000,0.93000,0.33660,0.34804
0.29000,0.93000,0.33675,0.34790
0.30000,0.93000,0.33688,0.34777
0.31000,0.93000,0.33700,0.34765
0.32000,0.93000,0.33711,0.34754
0.33000,0.93000,0.33721,0.34745
0.34000,0.93000,0.33728,0.34738
0.35000,0.93000,0.33734,0.34733
0.36000,0.93000,0.33737,0.34730
0.37000,0.93000,0.33737,0.34730
0.38000,0.93000,0.33734,0.34733
0.39000,0.93000,0.33727,0.34739
0.40000,0.93000,0.33717,0.34749
0.41000,0.93000,0.33703,0.34763
0.42000,0.93000,0.33684,0.34781
0.43000,0.93000,0.33661,0.34804
0.44000,0.93000,0.33633,0.34832
0.45000,0.93000,0.33601,0.34864
0.46000,0.93000,0.33564,0.34901
0.47000,0.93000,0.33522,0.34942
0.48000,0.93000,0.33477,0.34988
0.49000,0.93000,0.33428,0.35038
0.50000,0.93000,0.33375,0.35092
0.51000,0.93000,0.33320,0.35148
0.52000,0.93000,0.33262,0.35208
0.53000,0.93000,0.33203,0.35269
0.54000,0.93000,0.33144,0.35331
0.55000,0.93000,0.33084,0.35394
0.56000,0.93000,0.33026,0.35455
0.57000,0.93000,0.32969,0.35516
0.58000,0.93000,0.32916,0.35574
0.59000,0.93000,0.32866,0.35628
0.60000,0.93000,0.32821,0.35678
0.61000,0.93000,0.32782,0.35723
0.62000,0.93000,0.32749,0.35762
0.63000,0.93000,0.32723,0.35793
0.64000,0.93000,0.32706,0.35817
0.65000,0.93000,0.32696,0.35832
0.66000,0.93000,0.32696,0.35839
0.67000,0.93000,0.32704,0.35836
0.68000,0.93000,0.32722,0.35824
0.69000,0.93000,0.32749,0.35803
0.70000,0.93000,0.32785,0.35773
0.71000,0.93000,0.32829,0.35734
0.72000,0.93000,0.32881,0.35687
0.73000,0.93000,0.32940,0.35632
0.74000,0.93000,0.33006,0.35571
0.75000,0.93000,0.33077,0.35504
0.76000,0.93000,0.33153,0.35433
0.77000,0.93000,0.33231,0.35358
0.78000,0.93000,0.33311,0.35282
0.79000,0.93000,0.33392,0.35204
0.80000,0.93000,0.33472,0.35127
0.81000,0.93000,0.33550,0.35052
0.82000,0.93000,0.33625,0.34980
0.83000,0.93000,0.33695,0.34912
0.84000,0.93000,0.33760,0.34850
0.85000,0.93000,0.33817,0.34794
0.86000,0.93000,0.33866,0.34745
0.87000,0.93000,0.33907,0.34705
0.88000,0.93000,0.33937,0.34675
0.89000,0.93000,0.33956,0.34655
0.90000,0.93000,0.33963,0.34645
0.91000,0.93000,0.33958,0.34648
0.92000,0.93000,0.33940,0.34664
0.93000,0.93000,0.33908,0.34693
0.94000,0.93000,0.33864,0.34734
0.95000,0.93000,0.33807,0.34788
0.96000,0.93000,0.33741,0.34853
0.97000,0.93000,0.33669,0.34923
0.98000,0.93000,0.33600,0.34991
0.99000,0.93000,0.33545,0.35045
1.0000,0.93000,0.33526,0.35062
0.0000,0.94000,0.33531,0.35054
0.010000,0.94000,0.33518,0.35063
0.020000,0.94000,0.33491,0.35086
0.030000,0.94000,0.33456,0.35114
0.040000,0.94000,0.33421,0.35142
0.050000,0.94000,0.33390,0.35165
0.060000,0.94000,0.33365,0.35180
0.070000,0.94000,0.33347,0.35188
0.080000,0.94000,0.33336,0.35188
0.090000,0.94000,0.33333,0.35181
0.10000,0.94000,0.33336,0.35169
0.11000,0.94000,0.33344,0.35152
0.12000,0.94000,0.33357,0.35132
0.13000,0.94000,0.33372,0.35109
0.14000,0.94000,0.33389,0.35086
0.15000,0.94000,0.33408,0.35062
0.16000,0.94000,0.33427,0.35039
0.17000,0.94000,0.33447,0.35016
0.18000,0.94000,0.33466,0.34993
0.19000,0.94000,0.33485,0.34972
0.20000,0.94000,0.33503,0.34952
0.21000,0.94000,0.33521,0.34934
0.22000,0.94000,0.33537,0.34916
0.23000,0.94000,0.33554,0.34899
0.24000,0.94000,0.33569,0.34884
0.25000,0.94000,0.33584,0.34869
0.26000,0.94000,0.33598,0.34855
0.27000,0.94000,0.33612,0.34842
0.28000,0.94000,0.33625,0.34829
0.29000,0.94000,0.33638,0.34817
0.30000,0.94000,0.33649,0.34806
0.31000,0.94000,0.33660,0.34796
0.32000,0.94000,0.33670,0.34787
0.33000,0.94000,0.33679,0.34779
0.34000,0.94000,0.33686,0.34772
0.35000,0.94000,0.33692,0.34767
0.36000,0.94000,0.33696,0.34763
0.37000,0.94000,0.33697,0.34762
0.38000,0.94000,0.33697,0.34763
0.39000,0.94000,0.33694,0.34767
0.40000,0.94000,0.33688,0.34774
0.41000,0.94000,0.33678,0.34784
0.42000,0.94000,0.33666,0.34798
0.43000,0.94000,0.33649,0.34815
0.44000,0.94000,0.33629,0.34836
0.45000,0.94000,0.33605,0.34861
0.46000,0.94000,0.33578,0.34890
0.47000,0.94000,0.33546,0.34924
0.48000,0.94000,0.33511,0.34961
0.49000,0.94000,0.33471,0.35002
0.50000,0.94000,0.33429,0.35046
0.51000,0.94000,0.33384,0.35094
0.52000,0.94000,0.33336,0.35144
0.53000,0.94000,0.33286,0.35197
0.54000,0.94000,0.33234,0.35251
0.55000,0.94000,0.33182,0.35307
0.56000,0.94000,0.33130,0.35363
0.57000,0.94000,0.33078,0.35418
0.58000,0.94000,0.33028,0.35472
0.59000,0.94000,0.32980,0.35525
0.60000,0.94000,0.32935,0.35574
0.61000,0.94000,0.32894,0.35620
0.62000,0.94000,0.32857,0.35661
0.63000,0.94000,0.32826,0.35697
0.64000,0.94000,0.32802,0.35727
0.65000,0.94000,0.32784,0.35750
0.66000,0.94000,0.32773,0.35765
0.67000,0.94000,0.32771,0.35773
0.68000,0.94000,0.32776,0.35773
0.69000,0.94000,0.32789,0.35764
0.70000,0.94000,0.32811,0.35747
0.71000,0.94000,0.32840,0.35722
0.72000,0.94000,0.32878,0.35690
0.73000,0.94000,0.32922,0.35649
0.74000,0.94000,0.32973,0.35602
0.75000,0.94000,0.33030,0.35549
0.76000,0.94000,0.33092,0.35491
0.77000,0.94000,0.33158,0.35428
0.78000,0.94000,0.33227,0.35362
0.79000,0.94000,0.33298,0.35294
0.80000,0.94000,0.33370,0.35225
0.81000,0.94000,0.33441,0.35156
0.82000,0.94000,0.33511,0.35089
0.83000,0.94000,0.33578,0.35024
0.84000,0.94000,0.33642,0.34962
0.85000,0.94000,0.33700,0.34905
0.86000,0.94000,0.33752,0.34854
0.87000,0.94000,0.33797,0.34809
0.88000,0.94000,0.33834,0.34772
0.89000,0.94000,0.33862,0.34744
0.90000,0.94000,0.33880,0.34725
0.91000,0.94000,0.33886,0.34716
0.92000,0.94000,0.33881,0.34719
0.93000,0.94000,0.33864,0.34734
0.94000,0.94000,0.33833,0.34762
0.95000,0.94000,0.33790,0.34803
0.96000,0.94000,0.33736,0.34855
0.97000,0.94000,0.33675,0.34915
0.98000,0.94000,0.33611,0.34977
0.99000,0.94000,0.33557,0.35031
1.0000,0.94000,0.33531,0.35054
0.0000,0.95000,0.33535,0.35049
0.010000,0.95000,0.33517,0.35063
0.020000,0.95000,0.33491,0.35084
0.030000,0.95000,0.33461,0.35109
0.040000,0.95000,0.33432,0.35131
0.050000,0.95000,0.33406,0.35148
0.060000,0.95000,0.33386,0.35159
0.070000,0.95000,0.33372,0.35163
0.080000,0.95000,0.33364,0.35161
0.090000,0.95000,0.33361,0.35153
0.10000,0.95000,0.33364,0.35141
0.11000,0.95000,0.33369,0.35126
0.12000,0.95000,0.33378,0.35108
0.13000,0.95000,0.33389,0.35090
0.14000,0.95000,0.33401,0.35070
0.15000,0.95000,0.33414,0.35051
0.16000,0.95000,0.33427,0.35032
0.17000,0.95000,0.33441,0.35014
0.18000,0.95000,0.33454,0.34996
0.19000,0.95000,0.33468,0.34979
0.20000,0.95000,0.33481,0.34963
0.21000,0.95000,0.33494,0.34948
0.22000,0.95000,0.33506,0.34933
0.23000,0.95000,0.33518,0.34920
0.24000,0.95000,0.33531,0.34907
0.25000,0.95000,0.33542,0.34894
0.26000,0.95000,0.33554,0.34883
0.27000,0.95000,0.33565,0.34872
0.28000,0.95000,0.33576,0.34861
0.29000,0.95000,0.33586,0.34851
0.30000,0.95000,0.33596,0.34842
0.31000,0.95000,0.33605,0.34834
0.32000,0.95000,0.33613,0.34826
0.33000,0.95000,0.33620,0.34820
0.34000,0.95000,0.33627,0.34814
0.35000,0.95000,0.33632,0.34810
0.36000,0.95000,0.33636,0.34807
0.37000,0.95000,0.33639,0.34806
0.38000,0.95000,0.33641,0.34806
0.39000,0.95000,0.33640,0.34809
0.40000,0.95000,0.33638,0.34813
0.41000,0.95000,0.33633,0.34820
0.42000,0.95000,0.33626,0.34830
0.43000,0.95000,0.33617,0.34842
0.44000,0.95000,0.33605,0.34857
0.45000,0.95000,0.33590,0.34875
0.46000,0.95000,0.33573,0.34896
0.47000,0.95000,0.33552,0.34921
0.48000,0.95000,0.33528,0.34949
0.49000,0.95000,0.33500,0.34980
0.50000,0.95000,0.33470,0.35014
0.51000,0.95000,0.33437,0.35051
0.52000,0.95000,0.33401,0.35091
0.53000,0.95000,0.33362,0.35134
0.54000,0.95000,0.33321,0.35179
0.55000,0.95000,0.33279,0.35225
0.56000,0.95000,0.33235,0.35273
0.57000,0.95000,0.33190,0.35321
0.58000,0.95000,0.33146,0.35370
0.59000,0.95000,0.33102,0.35418
0.60000,0.95000,0.33059,0.35465
0.61000,0.95000,0.33019,0.35509
0.62000,0.95000,0.32981,0.35551
0.63000,0.95000,0.32948,0.35589
0.64000,0.95000,0.32918,0.35622
0.65000,0.95000,0.32894,0.35651
0.66000,0.95000,0.32875,0.35673
0.67000,0.95000,0.32862,0.35690
0.68000,0.95000,0.32857,0.35700
0.69000,0.95000,0.32858,0.35702
0.70000,0.95000,0.32866,0.35698
0.71000,0.95000,0.32882,0.35686
0.72000,0.95000,0.32904,0.35667
0.73000,0.95000,0.32934,0.35641
0.74000,0.95000,0.32970,0.35608
0.75000,0.95000,0.33012,0.35569
0.76000,0.95000,0.33060,0.35524
0.77000,0.95000,0.33112,0.35474
0.78000,0.95000,0.33168,0.35421
0.79000,0.95000,0.33227,0.35364
0.80000,0.95000,0.33289,0.35305
0.81000,0.95000,0.33351,0.35245
0.82000,0.95000,0.33413,0.35184
0.83000,0.95000,0.33475,0.35124
0.84000,0.95000,0.33534,0.35066
0.85000,0.95000,0.33590,0.35011
0.86000,0.95000,0.33642,0.34960
0.87000,0.95000,0.33689,0.34913
0.88000,0.95000,0.33730,0.34872
0.89000,0.95000,0.33764,0.34838
0.90000,0.95000,0.33789,0.34811
0.91000,0.95000,0.33806,0.34794
0.92000,0.95000,0.33812,0.34786
0.93000,0.95000,0.33807,0.34788
0.94000,0.95000,0.33790,0.34803
0.95000,0.95000,0.33762,0.34830
0.96000,0.95000,0.33721,0.34868
0.97000,0.95000,0.33671,0.34917
0.98000,0.95000,0.33616,0.34970
0.99000,0.95000,0.33566,0.35020
1.0000,0.95000,0.33535,0.35049
0.0000,0.96000,0.33538,0.35045
0.010000,0.96000,0.33518,0.35061
0.020000,0.96000,0.33495,0.35081
0.030000,0.96000,0.33471,0.35100
0.040000,0.96000,0.33447,0.35117
0.050000,0.96000,0.33427,0.35129
0.060000,0.96000,0.33410,0.35137
0.070000,0.96000,0.33398,0.35139
0.080000,0.96000,0.33390,0.35137
0.090000,0.96000,0.33385,0.35131
0.10000,0.96000,0.33383,0.35122
0.11000,0.96000,0.33384,0.35111
0.12000,0.96000,0.33386,0.35099
0.13000,0.96000,0.33390,0.35086
0.14000,0.96000,0.33394,0.35072
0.15000,0.96000,0.33399,0.35059
0.16000,0.96000,0.33405,0.35045
0.17000,0.96000,0.33411,0.35031
0.18000,0.96000,0.33418,0.35018
0.19000,0.96000,0.33426,0.35005
0.20000,0.96000,0.33433,0.34992
0.21000,0.96000,0.33442,0.34979
0.22000,0.96000,0.33451,0.34967
0.23000,0.96000,0.33460,0.34955
0.24000,0.96000,0.33469,0.34944
0.25000,0.96000,0.33478,0.34933
0.26000,0.96000,0.33488,0.34922
0.27000,0.96000,0.33497,0.34912
0.28000,0.96000,0.33506,0.34903
0.29000,0.96000,0.33514,0.34895
0.30000,0.96000,0.33522,0.34888
0.31000,0.96000,0.33529,0.34881
0.32000,0.96000,0.33535,0.34876
0.33000,0.96000,0.33541,0.34871
0.34000,0.96000,0.33546,0.34868
0.35000,0.96000,0.33550,0.34866
0.36000,0.96000,0.33553,0.34865
0.37000,0.96000,0.33556,0.34865
0.38000,0.96000,0.33558,0.34866
0.39000,0.96000,0.33560,0.34869
0.40000,0.96000,0.33561,0.34872
0.41000,0.96000,0.33560,0.34877
0.42000,0.96000,0.33560,0.34883
0.43000,0.96000,0.33558,0.34891
0.44000,0.96000,0.33554,0.34900
0.45000,0.96000,0.33549,0.34911
0.46000,0.96000,0.33543,0.34924
0.47000,0.96000,0.33535,0.34939
0.48000,0.96000,0.33524,0.34957
0.49000,0.96000,0.33511,0.34977
0.50000,0.96000,0.33495,0.34999
0.51000,0.96000,0.33477,0.35024
0.52000,0.96000,0.33455,0.35052
0.53000,0.96000,0.33431,0.35082
0.54000,0.96000,0.33404,0.35114
0.55000,0.96000,0.33374,0.35150
0.56000,0.96000,0.33342,0.35187
0.57000,0.96000,0.33308,0.35226
0.58000,0.96000,0.33272,0.35266
0.59000,0.96000,0.33235,0.35306
0.60000,0.96000,0.33198,0.35347
0.61000,0.96000,0.33161,0.35388
0.62000,0.96000,0.33125,0.35427
0.63000,0.96000,0.33090,0.35465
0.64000,0.96000,0.33058,0.35500
0.65000,0.96000,0.33030,0.35532
0.66000,0.96000,0.33005,0.35560
0.67000,0.96000,0.32984,0.35583
0.68000,0.96000,0.32969,0.35601
0.69000,0.96000,0.32959,0.35613
0.70000,0.96000,0.32955,0.35620
0.71000,0.96000,0.32957,0.35620
0.72000,0.96000,0.32965,0.35614
0.73000,0.96000,0.32980,0.35601
0.74000,0.96000,0.33001,0.35583
0.75000,0.96000,0.33028,0.35558
0.76000,0.96000,0.33060,0.35528
0.77000,0.96000,0.33098,0.35492
0.78000,0.96000,0.33140,0.35452
0.79000,0.96000,0.33185,0.35408
0.80000,0.96000,0.33234,0.35360
0.81000,0.96000,0.33285,0.35311
0.82000,0.96000,0.33338,0.35259
0.83000,0.96000,0.33390,0.35208
0.84000,0.96000,0.33443,0.35156
0.85000,0.96000,0.33494,0.35105
0.86000,0.96000,0.33543,0.35057
0.87000,0.96000,0.33589,0.35011
0.88000,0.96000,0.33630,0.34970
0.89000,0.96000,0.33666,0.34933
0.90000,0.96000,0.33697,0.34901
0.91000,0.96000,0.33720,0.34877
0.92000,0.96000,0.33735,0.34860
0.93000,0.96000,0.33741,0.34853
0.94000,0.96000,0.33736,0.34855
0.95000,0.96000,0.33721,0.34868
0.96000,0.96000,0.33695,0.34893
0.97000,0.96000,0.33658,0.34928
0.98000,0.96000,0.33614,0.34971
0.99000,0.96000,0.33570,0.35014
1.0000,0.96000,0.33538,0.35045
0.0000,0.97000,0.33541,0.35042
0.010000,0.97000,0.33523,0.35058
0.020000,0.97000,0.33505,0.35073
0.030000,0.97000,0.33487,0.35087
0.040000,0.97000,0.33470,0.35099
0.050000,0.97000,0.33452,0.35109
0.060000,0.97000,0.33437,0.35116
0.070000,0.97000,0.33422,0.35121
0.080000,0.97000,0.33409,0.35123
0.090000,0.97000,0.33398,0.35124
0.10000,0.97000,0.33387,0.35122
0.11000,0.97000,0.33377,0.35120
0.12000,0.97000,0.33369,0.35116
0.13000,0.97000,0.33361,0.35112
0.14000,0.97000,0.33354,0.35106
0.15000,0.97000,0.33349,0.35100
0.16000,0.97000,0.33346,0.35092
0.17000,0.97000,0.33344,0.35083
0.18000,0.97000,0.33343,0.35074
0.19000,0.97000,0.33345,0.35063
0.20000,0.97000,0.33348,0.35052
0.21000,0.97000,0.33353,0.35040
0.22000,0.97000,0.33359,0.35027
0.23000,0.97000,0.33366,0.35015
0.24000,0.97000,0.33374,0.35002
0.25000,0.97000,0.33383,0.34991
0.26000,0.97000,0.33391,0.34979
0.27000,0.97000,0.33400,0.34969
0.28000,0.97000,0.33407,0.34960
0.29000,0.97000,0.33414,0.34953
0.30000,0.97000,0.33420,0.34947
0.31000,0.97000,0.33425,0.34943
0.32000,0.97000,0.33429,0.34940
0.33000,0.97000,0.33432,0.34939
0.34000,0.97000,0.33435,0.34939
0.35000,0.97000,0.33436,0.34941
0.36000,0.97000,0.33438,0.34944
0.37000,0.97000,0.33439,0.34947
0.38000,0.97000,0.33441,0.34951
0.39000,0.97000,0.33443,0.34956
0.40000,0.97000,0.33446,0.34960
0.41000,0.97000,0.33450,0.34965
0.42000,0.97000,0.33454,0.34969
0.43000,0.97000,0.33460,0.34973
0.44000,0.97000,0.33466,0.34977
0.45000,0.97000,0.33472,0.34981
0.46000,0.97000,0.33479,0.34985
0.47000,0.97000,0.33485,0.34990
0.48000,0.97000,0.33491,0.34995
0.49000,0.97000,0.33495,0.35001
0.50000,0.97000,0.33498,0.35009
0.51000,0.97000,0.33498,0.35018
0.52000,0.97000,0.33496,0.35030
0.53000,0.97000,0.33490,0.35044
0.54000,0.97000,0.33481,0.35061
0.55000,0.97000,0.33469,0.35081
0.56000,0.97000,0.33453,0.35103
0.57000,0.97000,0.33433,0.35128
0.58000,0.97000,0.33411,0.35156
0.59000,0.97000,0.33385,0.35186
0.60000,0.97000,0.33357,0.35218
0.61000,0.97000,0.33326,0.35251
0.62000,0.97000,0.33295,0.35285
0.63000,0.97000,0.33263,0.35319
0.64000,0.97000,0.33231,0.35353
0.65000,0.97000,0.33200,0.35385
0.66000,0.97000,0.33171,0.35416
0.67000,0.97000,0.33144,0.35444
0.68000,0.97000,0.33121,0.35468
0.69000,0.97000,0.33101,0.35489
0.70000,0.97000,0.33086,0.35505
0.71000,0.97000,0.33075,0.35516
0.72000,0.97000,0.33070,0.35522
0.73000,0.97000,0.33070,0.35523
0.74000,0.97000,0.33076,0.35518
0.75000,0.97000,0.33087,0.35508
0.76000,0.97000,0.33103,0.35492
0.77000,0.97000,0.33124,0.35472
0.78000,0.97000,0.33151,0.35446
0.79000,0.97000,0.33181,0.35416
0.80000,0.97000,0.33215,0.35383
0.81000,0.97000,0.33253,0.35346
0.82000,0.97000,0.33293,0.35307
0.83000,0.97000,0.33334,0.35265
0.84000,0.97000,0.33377,0.35223
0.85000,0.97000,0.33420,0.35180
0.86000,0.97000,0.33462,0.35138
0.87000,0.97000,0.33503,0.35096
0.88000,0.97000,0.33542,0.35057
0.89000,0.97000,0.33577,0.35021
0.90000,0.97000,0.33609,0.34988
0.91000,0.97000,0.33635,0.34960
0.92000,0.97000,0.33656,0.34938
0.93000,0.97000,0.33669,0.34923
0.94000,0.97000,0.33675,0.34915
0.95000,0.97000,0.33671,0.34917
0.96000,0.97000,0.33658,0.34928
0.97000,0.97000,0.33636,0.34949
0.98000,0.97000,0.33605,0.34979
0.99000,0.97000,0.33570,0.35014
1.0000,0.97000,0.33541,0.35042
0.0000,0.98000,0.33546,0.35039
0.010000,0.98000,0.33534,0.35050
0.020000,0.98000,0.33525,0.35058
0.030000,0.98000,0.33514,0.35067
0.040000,0.98000,0.33499,0.35078
0.050000,0.98000,0.33481,0.35091
0.060000,0.98000,0.33460,0.35105
0.070000,0.98000,0.33436,0.35119
0.080000,0.98000,0.33411,0.35133
0.090000,0.98000,0.33385,0.35148
0.10000,0.98000,0.33358,0.35161
0.11000,0.98000,0.33331,0.35174
0.12000,0.98000,0.33305,0.35184
0.13000,0.98000,0.33281,0.35192
0.14000,0.98000,0.33259,0.35198
0.15000,0.98000,0.33240,0.35201
0.16000,0.98000,0.33225,0.35200
0.17000,0.98000,0.33214,0.35196
0.18000,0.98000,0.33206,0.35188
0.19000,0.98000,0.33203,0.35177
0.20000,0.98000,0.33203,0.35164
0.21000,0.98000,0.33207,0.35149
0.22000,0.98000,0.33213,0.35132
0.23000,0.98000,0.33222,0.35114
0.24000,0.98000,0.33232,0.35097
0.25000,0.98000,0.33243,0.35080
0.26000,0.98000,0.33254,0.35064
0.27000,0.98000,0.33264,0.35050
0.28000,0.98000,0.33273,0.35039
0.29000,0.98000,0.33280,0.35030
0.30000,0.98000,0.33285,0.35025
0.31000,0.98000,0.33288,0.35023
0.32000,0.98000,0.33289,0.35024
0.33000,0.98000,0.33288,0.35027
0.34000,0.98000,0.33286,0.35034
0.35000,0.98000,0.33283,0.35042
0.36000,0.98000,0.33279,0.35052
0.37000,0.98000,0.33277,0.35063
0.38000,0.98000,0.33275,0.35074
0.39000,0.98000,0.33275,0.35084
0.40000,0.98000,0.33278,0.35093
0.41000,0.98000,0.33284,0.35101
0.42000,0.98000,0.33293,0.35106
0.43000,0.98000,0.33305,0.35108
0.44000,0.98000,0.33322,0.35108
0.45000,0.98000,0.33341,0.35104
0.46000,0.98000,0.33363,0.35098
0.47000,0.98000,0.33388,0.35090
0.48000,0.98000,0.33414,0.35080
0.49000,0.98000,0.33441,0.35069
0.50000,0.98000,0.33467,0.35057
0.51000,0.98000,0.33492,0.35046
0.52000,0.98000,0.33516,0.35035
0.53000,0.98000,0.33536,0.35027
0.54000,0.98000,0.33552,0.35021
0.55000,0.98000,0.33564,0.35019
0.56000,0.98000,0.33571,0.35020
0.57000,0.98000,0.33572,0.35025
0.58000,0.98000,0.33569,0.35035
0.59000,0.98000,0.33560,0.35048
0.60000,0.98000,0.33546,0.35066
0.61000,0.98000,0.33527,0.35087
0.62000,0.98000,0.33505,0.35111
0.63000,0.98000,0.33479,0.35138
0.64000,0.98000,0.33450,0.35166
0.65000,0.98000,0.33420,0.35196
0.66000,0.98000,0.33389,0.35227
0.67000,0.98000,0.33358,0.35257
0.68000,0.98000,0.33328,0.35286
0.69000,0.98000,0.33300,0.35313
0.70000,0.98000,0.33274,0.35337
0.71000,0.98000,0.33251,0.35359
0.72000,0.98000,0.33232,0.35377
0.73000,0.98000,0.33218,0.35390
0.74000,0.98000,0.33208,0.35400
0.75000,0.98000,0.33202,0.35404
0.76000,0.98000,0.33201,0.35404
0.77000,0.98000,0.33206,0.35399
0.78000,0.98000,0.33215,0.35390
0.79000,0.98000,0.33228,0.35376
0.80000,0.98000,0.33246,0.35358
0.81000,0.98000,0.33267,0.35336
0.82000,0.98000,0.33292,0.35311
0.83000,0.98000,0.33319,0.35283
0.84000,0.98000,0.33349,0.35253
0.85000,0.98000,0.33380,0.35221
0.86000,0.98000,0.33412,0.35189
0.87000,0.98000,0.33445,0.35156
0.88000,0.98000,0.33477,0.35123
0.89000,0.98000,0.33507,0.35091
0.90000,0.98000,0.33535,0.35061
0.91000,0.98000,0.33561,0.35034
0.92000,0.98000,0.33583,0.35010
0.93000,0.98000,0.33600,0.34991
0.94000,0.98000,0.33611,0.34977
0.95000,0.98000,0.33616,0.34970
0.96000,0.98000,0.33614,0.34971
0.97000,0.98000,0.33605,0.34979
0.98000,0.98000,0.33588,0.34996
0.99000,0.98000,0.33567,0.35018
1.0000,0.98000,0.33546,0.35039
0.0000,0.99000,0.33555,0.35033
0.010000,0.99000,0.33557,0.35033
0.020000,0.99000,0.33559,0.35033
0.030000,0.99000,0.33552,0.35040
0.040000,0.99000,0.33535,0.35056
0.050000,0.99000,0.33507,0.35081
0.060000,0.99000,0.33470,0.35114
0.070000,0.99000,0.33425,0.35151
0.080000,0.99000,0.33374,0.35192
0.090000,0.99000,0.33320,0.35233
0.10000,0.99000,0.33264,0.35274
0.11000,0.99000,0.33209,0.35313
0.12000,0.99000,0.33157,0.35347
0.13000,0.99000,0.33108,0.35375
0.14000,0.99000,0.33065,0.35397
0.15000,0.99000,0.33029,0.35412
0.16000,0.99000,0.33000,0.35418
0.17000,0.99000,0.32979,0.35416
0.18000,0.99000,0.32966,0.35407
0.19000,0.99000,0.32961,0.35390
0.20000,0.99000,0.32964,0.35368
0.21000,0.99000,0.32972,0.35341
0.22000,0.99000,0.32986,0.35310
0.23000,0.99000,0.33003,0.35278
0.24000,0.99000,0.33023,0.35246
0.25000,0.99000,0.33043,0.35215
0.26000,0.99000,0.33063,0.35187
0.27000,0.99000,0.33080,0.35163
0.28000,0.99000,0.33095,0.35144
0.29000,0.99000,0.33105,0.35131
0.30000,0.99000,0.33111,0.35124
0.31000,0.99000,0.33113,0.35123
0.32000,0.99000,0.33109,0.35129
0.33000,0.99000,0.33102,0.35140
0.34000,0.99000,0.33092,0.35157
0.35000,0.99000,0.33080,0.35178
0.36000,0.99000,0.33066,0.35202
0.37000,0.99000,0.33053,0.35227
0.38000,0.99000,0.33042,0.35253
0.39000,0.99000,0.33035,0.35277
0.40000,0.99000,0.33032,0.35298
0.41000,0.99000,0.33036,0.35315
0.42000,0.99000,0.33046,0.35326
0.43000,0.99000,0.33064,0.35331
0.44000,0.99000,0.33089,0.35329
0.45000,0.99000,0.33123,0.35319
0.46000,0.99000,0.33163,0.35302
0.47000,0.99000,0.33211,0.35277
0.48000,0.99000,0.33263,0.35247
0.49000,0.99000,0.33320,0.35211
0.50000,0.99000,0.33380,0.35171
0.51000,0.99000,0.33440,0.35129
0.52000,0.99000,0.33500,0.35086
0.53000,0.99000,0.33557,0.35044
0.54000,0.99000,0.33611,0.35003
0.55000,0.99000,0.33658,0.34967
0.56000,0.99000,0.33700,0.34935
0.57000,0.99000,0.33734,0.34909
0.58000,0.99000,0.33759,0.34889
0.59000,0.99000,0.33776,0.34876
0.60000,0.99000,0.33785,0.34870
0.61000,0.99000,0.33785,0.34871
0.62000,0.99000,0.33778,0.34879
0.63000,0.99000,0.33763,0.34893
0.64000,0.99000,0.33743,0.34912
0.65000,0.99000,0.33716,0.34935
0.66000,0.99000,0.33686,0.34962
0.67000,0.99000,0.33653,0.34992
0.68000,0.99000,0.33618,0.35024
0.69000,0.99000,0.33581,0.35056
0.70000,0.99000,0.33545,0.35089
0.71000,0.99000,0.33511,0.35120
0.72000,0.99000,0.33478,0.35149
0.73000,0.99000,0.33448,0.35176
0.74000,0.99000,0.33421,0.35200
0.75000,0.99000,0.33398,0.35221
0.76000,0.99000,0.33378,0.35238
0.77000,0.99000,0.33364,0.35250
0.78000,0.99000,0.33354,0.35259
0.79000,0.99000,0.33348,0.35263
0.80000,0.99000,0.33346,0.35263
0.81000,0.99000,0.33349,0.35259
0.82000,0.99000,0.33356,0.35251
0.83000,0.99000,0.33366,0.35240
0.84000,0.99000,0.33379,0.35226
0.85000,0.99000,0.33394,0.35209
0.86000,0.99000,0.33412,0.35190
0.87000,0.99000,0.33431,0.35169
0.88000,0.99000,0.33452,0.35148
0.89000,0.99000,0.33472,0.35126
0.90000,0.99000,0.33493,0.35103
0.91000,0.99000,0.33512,0.35082
0.92000,0.99000,0.33530,0.35062
0.93000,0.99000,0.33545,0.35045
0.94000,0.99000,0.33557,0.35031
0.95000,0.99000,0.33566,0.35020
0.96000,0.99000,0.33570,0.35014
0.97000,0.99000,0.33570,0.35014
0.98000,0.99000,0.33567,0.35018
0.99000,0.99000,0.33560,0.35025
1.0000,0.99000,0.33555,0.35033
0.0000,1.0000,0.33572,0.35020
0.010000,1.0000,0.33598,0.34999
0.020000,1.0000,0.33614,0.34989
0.030000,1.0000,0.33608,0.35000
0.040000,1.0000,0.33577,0.35035
0.050000,1.0000,0.33522,0.35092
0.060000,1.0000,0.33448,0.35166
0.070000,1.0000,0.33358,0.35252
0.080000,1.0000,0.33259,0.35344
0.090000,1.0000,0.33154,0.35439
0.10000,1.0000,0.33047,0.35531
0.11000,1.0000,0.32945,0.35616
0.12000,1.0000,0.32849,0.35691
0.13000,1.0000,0.32763,0.35753
0.14000,1.0000,0.32689,0.35800
0.15000,1.0000,0.32630,0.35830
0.16000,1.0000,0.32587,0.35842
0.17000,1.0000,0.32559,0.35837
0.18000,1.0000,0.32548,0.35816
0.19000,1.0000,0.32551,0.35781
0.20000,1.0000,0.32568,0.35733
0.21000,1.0000,0.32595,0.35676
0.22000,1.0000,0.32632,0.35613
0.23000,1.0000,0.32674,0.35546
0.24000,1.0000,0.32720,0.35480
0.25000,1.0000,0.32765,0.35417
0.26000,1.0000,0.32807,0.35359
0.27000,1.0000,0.32845,0.35311
0.28000,1.0000,0.32875,0.35273
0.29000,1.0000,0.32896,0.35246
0.30000,1.0000,0.32907,0.35233
0.31000,1.0000,0.32908,0.35233
0.32000,1.0000,0.32899,0.35246
0.33000,1.0000,0.32881,0.35271
0.34000,1.0000,0.32855,0.35307
0.35000,1.0000,0.32823,0.35352
0.36000,1.0000,0.32788,0.35403
0.37000,1.0000,0.32753,0.35458
0.38000,1.0000,0.32720,0.35515
0.39000,1.0000,0.32691,0.35569
0.40000,1.0000,0.32671,0.35618
0.41000,1.0000,0.32661,0.35659
0.42000,1.0000,0.32663,0.35689
0.43000,1.0000,0.32680,0.35706
0.44000,1.0000,0.32711,0.35709
0.45000,1.0000,0.32758,0.35695
0.46000,1.0000,0.32820,0.35665
0.47000,1.0000,0.32896,0.35620
0.48000,1.0000,0.32985,0.35559
0.49000,1.0000,0.33084,0.35487
0.50000,1.0000,0.33192,0.35403
0.51000,1.0000,0.33304,0.35312
0.52000,1.0000,0.33420,0.35216
0.53000,1.0000,0.33534,0.35118
0.54000,1.0000,0.33645,0.35021
0.55000,1.0000,0.33750,0.34928
0.56000,1.0000,0.33846,0.34842
0.57000,1.0000,0.33931,0.34764
0.58000,1.0000,0.34004,0.34696
0.59000,1.0000,0.34063,0.34640
0.60000,1.0000,0.34109,0.34596
0.61000,1.0000,0.34140,0.34564
0.62000,1.0000,0.34158,0.34544
0.63000,1.0000,0.34163,0.34535
0.64000,1.0000,0.34156,0.34537
0.65000,1.0000,0.34139,0.34549
0.66000,1.0000,0.34112,0.34570
0.67000,1.0000,0.34078,0.34597
0.68000,1.0000,0.34038,0.34630
0.69000,1.0000,0.33994,0.34668
0.70000,1.0000,0.33947,0.34708
0.71000,1.0000,0.33898,0.34750
0.72000,1.0000,0.33850,0.34793
0.73000,1.0000,0.33802,0.34835
0.74000,1.0000,0.33756,0.34876
0.75000,1.0000,0.33712,0.34915
0.76000,1.0000,0.33672,0.34950
0.77000,1.0000,0.33636,0.34983
0.78000,1.0000,0.33604,0.35012
0.79000,1.0000,0.33576,0.35037
0.80000,1.0000,0.33552,0.35058
0.81000,1.0000,0.33533,0.35076
0.82000,1.0000,0.33518,0.35089
0.83000,1.0000,0.33506,0.35099
0.84000,1.0000,0.33499,0.35105
0.85000,1.0000,0.33494,0.35108
0.86000,1.0000,0.33493,0.35108
0.87000,1.0000,0.33494,0.35105
0.88000,1.0000,0.33497,0.35100
0.89000,1.0000,0.33502,0.35094
0.90000,1.0000,0.33507,0.35086
0.91000,1.0000,0.33513,0.35078
0.92000,1.0000,0.33520,0.35070
0.93000,1.0000,0.33526,0.35062
0.94000,1.0000,0.33531,0.35054
0.95000,1.0000,0.33535,0.35049
0.96000,1.0000,0.33538,0.35045
0.97000,1.0000,0.33541,0.35042
0.98000,1.0000,0.33546,0.35039
0.99000,1.0000,0.33555,0.35033
1.0000,1.0000,0.33572,0.35020
